motion_capture_mode requested=0 enabled=0 reason=write_exclusion_unavailable scope=private_rigid_diagnostic temporal_consumer=0
motion_output_mode requested=1 scope=live_same_draw_diagnostic history_requires=object_trace,object_lifetime temporal_consumer=1 taa=1 taa_debug=1 jitter=1 jitter_samples=8 cut_median_px=48.000 cut_missing=0.250 rt_mode=perdraw frame_log=60 sentinel=auto camera_cut_deg=20.00 camera_log=300 state_shadow=1 scene_hook=0 hdr=1 taa_k=-1.00000 mip_bias=0 taa_sharpen=0.000
x3-modern-renderer version=0.4 schema=2 capture_start=1 capture_frames=8 pointer_bits=32
telemetry_start schema=1 qpc_frequency=10000000 qpc=9616805307297 anchor=proxy_initialize cpu_only=1 per_draw=1
mesh_cache requested=0 enabled=0 activation=await_public_mesh_and_buffer_contract adjacency_metric_scope=hook_service restart_on_cleanup_failure=1
mesh_adjacency mode=native scope=hook_service equivalence=exact_position_equality gate=public_systemmem_readonly+declaration_float3 order=cache_lookup,compute,cache_store native_fallback=1
loading_hook name=CreateFileA installed=0
loading_hook name=ReadFile installed=0
loading_hook name=SetFilePointer installed=0
loading_hook name=D3DXCreateEffect installed=0
loading_hook name=D3DXCreateTextureFromFileInMemoryEx installed=0
loading_hook name=D3DXCreateCubeTextureFromFileInMemoryEx installed=0
loading_hook name=D3DXLoadSurfaceFromFileInMemory installed=0
loading_hook name=SetCursor installed=0
loading_hook name=SetCursorPos installed=0
loading_hook name=gzopen installed=0
loading_hook name=gzread installed=0
loading_hook name=gzseek installed=0
loading_hook name=inflate installed=0
loading_hook name=xmlReadMemory installed=0
loading_hook name=D3DXCreateMesh installed=0
loading_hook name=D3DXCleanMesh installed=0
loading_hook name=FindFirstFileA installed=0
loading_hook name=FindNextFileA installed=0
loading_hook name=FindClose installed=0
loading_hook name=gzgetc installed=0
loading_hook name=gztell installed=0
loading_hook name=gzclose installed=0
loading_hook name=gzwrite installed=0
loading_trace coverage_begin=9616805316436 frequency=10000000 hooks=0 module=main inclusive=1 paths=0 qualification=named_pe32_imports light_rows=1 nesting=1 probes=0
application_admission_mode requested=0 enabled=0 live_replay=0 coverage_complete=0
ownership_mode requested=1 depth_copy_requested=0 depth_copy_enabled=0 scope=normal9 fallback=native
telemetry_span name=backend_load qpc_begin=9616805318660 qpc_end=9616805374865 thread=1304 success=1 error=0
backend path=C:\windows\system32\d3d9.dll
object_trace active=0 status=disabled recovery_required=0
camera_state active=0 status=executable_mismatch
scene_hook active=0 status=disabled
object_lifetime active=0 status=disabled recovery_required=0 baseline_complete=0 baseline_entries=0
telemetry_span name=direct3d_create9 qpc_begin=9616805380422 qpc_end=9616814427278 thread=1304 success=1
ownership_factory mode=wrapped native=0011d388 public=00119a50 result=00000000
adapter description=NVIDIA GeForce 8800 GTX driver=nvd3dum.dll vendor=000010de device=00000191
telemetry_presentation phase=create_before device=0 thread=1304 focus_window=0058005e device_window=0058005e width=64 height=64 format=21 count=0 msaa=0 quality=0 swap_effect=1 windowed=1 auto_depth=1 depth_format=77 flags=00000000 refresh=0 interval=2147483648
create_device adapter=0 flags=00000040 width=64 height=64 format=21 windowed=1 msaa=0 interval=2147483648
telemetry_presentation phase=create_after device=0 thread=1304 focus_window=0058005e device_window=0058005e width=64 height=64 format=21 count=1 msaa=0 quality=0 swap_effect=1 windowed=1 auto_depth=1 depth_format=77 flags=00000000 refresh=0 interval=2147483648
create_device_result hr=00000000
capture_caps result=00000000 streams=16 vs_float_count=256 ps_version=ffff0300
device_hooked ptr=0167f1c0 device=1 ex=0
resource identity=1 ptr=016b0758 type=1
resource identity=2 ptr=016b0758 type=1
hdr_device device=1 enabled=1 reason=ok fp16_target=00000000 fp16_blending=00000000 fp16_filter=00000000 fp16_sampling=00000000 stretch_conversion=00000000 main_format=21 mrt_blending=1 self_test_targets=3 self_test=stage=compare result=00000000 draw=00000000 blend=00000000 copy=00000000 restore=00000000 copy_restore=00000000 scene=00000000 stretch=00000000 scene_errors=0 sum_errors=0 motion_errors=0 depth_errors=0 copy_errors=0 stretch_errors=0 targets=3 tonemap=00000000 tonemap_errors=0 meter=00000001 meter_errors=0 meter_value=0.00000 meter_expected=0.00000 route=1 depth=1
hdr_tonemap device=1 enabled=1 requested=agx tonemap=1 tonemap_reason=ok meter=0 meter_reason=off look=none decode=gamma2.2 clamp=0 exposure=manual ev_manual=0.0000 ev_offset=0.0000 key=0.1800 ev_min=-8.00 ev_max=8.00 tau_up=0.400 tau_down=1.200 meter_floor=0.0001 meter_clip=64 fixed_dt_ms=16.000 tonemap_shader=00000000 meter_shader=00000001 r32f_target=00000001 r32f_sampling=00000001
motion_output_device device=1 enabled=1 reason=ok detail=stage=compare result=00000000 draw=00000000 restore=00000000 scene=00000000 color_errors=0 motion_errors=0 depth_errors=0 targets=3 mrt=4 vs_constants=256 misc=002ecff2 vs=fffe0300 ps=ffff0300 rgba32f=00000000 history_available=0 history_capacity=4096 depth=1 depth_reason=ok depth_detail=stage=compare result=00000000 draw=00000000 restore=00000000 scene=00000000 color_errors=0 motion_errors=0 depth_errors=0 targets=3 r32f=00000000 jitter=1 jitter_samples=8 taa=1 taa_reason=ok taa_format=00000000 taa_debug=1 rt_mode=perdraw camera=executable_mismatch sentinel=0 camera_cut_deg=20.00 camera_log=300 state_shadow=1 scene_hook=0 hdr=1 mip_bias=0
ownership_copy_depth phase=create_after device=1 frame=0 result=00000000 status=00000001 requested=0 available=0 source_bound=0 copy_valid=0 generation=0 source_epoch=0 copy_epoch=0 source_width=0 source_height=0 source_format=0 source_type=0 source_usage=0 source_pool=0 source_msaa=0 source_quality=0
shader kind=ps id=98731d5594e36226 bytes=44 dumped=1
shader kind=ps id=3874adb0f396a660 bytes=44 dumped=1
shader kind=ps id=d4e1373f69f51f0f bytes=44 dumped=1
shader kind=ps id=d85fbde1cbde6f6d bytes=44 dumped=1
shader kind=ps id=8d44a07e3f479b00 bytes=20 dumped=1
shader kind=vs id=53a0a641107ed76c bytes=2104 dumped=1
motion_output_variant device=1 kind=vs original=53a0a641107ed76c transform=0 create=00000000 words=556 depth=1
shader kind=ps id=8759c7838bbc86c2 bytes=5040 dumped=1
motion_output_variant device=1 kind=ps original=8759c7838bbc86c2 transform=0 create=00000000 words=1402 depth=1
telemetry_summary device=0 frame=0 reason=interval qpc=9616816011524 since_start_us=1070422.700 interval_us=1070422.700 position_suppressed=0 cursor_changes_suppressed=0
telemetry_metric device=0 name=lock_wait count=54 failures=0 total_us=15.500 min_us=0.100 max_us=1.600 bytes=0 buckets=54,0,0,0,0,0
telemetry_metric device=0 name=create_device count=1 failures=0 total_us=9169.600 min_us=9169.600 max_us=9169.600 bytes=0 buckets=0,0,0,1,0,0
telemetry_metric device=0 name=shader_inspect count=7 failures=0 total_us=3672.000 min_us=349.700 max_us=1155.200 bytes=0 buckets=0,0,6,1,0,0
telemetry_metric device=0 name=shader_getfunction count=7 failures=0 total_us=222.800 min_us=0.400 max_us=194.800 bytes=0 buckets=5,1,1,0,0,0
telemetry_metric device=0 name=shader_hash count=7 failures=0 total_us=15.400 min_us=0.200 max_us=9.800 bytes=7340 buckets=7,0,0,0,0,0
telemetry_metric device=0 name=shader_dump count=7 failures=0 total_us=3312.600 min_us=342.400 max_us=923.300 bytes=7340 buckets=0,0,7,0,0,0
resource identity=3 ptr=02158ab0 type=6
hdr_target device=1 frame=0 width=64 height=64 format=A16B16G16R16F bytes=32768 create=00000000 chain_levels=0 chain_bytes=0 meter=0 meter_reason=off
resource identity=4 ptr=02168208 type=1
resource identity=5 ptr=02168238 type=3
motion_output_target device=1 width=64 height=64 create=00000000 level=00000000 depth=1 depth_create=00000000 depth_level=00000000
resource identity=6 ptr=02158b10 type=6
resource identity=7 ptr=02158d50 type=1
resource identity=8 ptr=02158d20 type=3
motion_output_taa device=1 initialize=00000000 references=1 sharpen=0.000
motion_output_frame device=1 frame=0 latched=1 filled=1 fill_result=00000000 fill_restore=00000000 draws=3 routed=2 matched=0 gate1=0 gate2=1 gate3=0 gate4=0 gate5=0 gate6=2 apply_failures=0 restore_failures=0 history_previous=2 history_current=0 committed=1 selector_state=9 present=00000000 depth=1 depth_routed=2 jitter=1 jitter_index=0 jitter_x=0.000000 jitter_y=-0.166667 jitter_previous_x=0.000000 jitter_previous_y=0.000000 jittered=2 cut=1 cut_median_px=0.0000 cut_missing=1.0000 cut_samples=0 taa=1 taa_attempted=1 taa_resolved=1 taa_history=0 taa_skip=0 taa_result=00000000 taa_restore=00000000 taa_copy=00000001 taa_hdr=1 taa_k=1.00000 taa_sharpen=0 scene_open=0 active_queries=0 taa_references=10 camera_valid=0 camera_background_valid=0 camera_reads=0 camera_policy=1 camera_reason=2 camera_cut=0 camera_rotation_deg=0.0000 rt_mode=perdraw timing=cpu_qpc set_rt=8 lazy_flushes=0 jitter_writes=4 readbacks=0 gate_us=498.4 route_draw_us=278.9 set_rt_us=4.4 lazy_flush_us=0.0 jitter_us=1.8 fill_us=143.6 taa_run_us=1902.7 taa_capture_us=52.5 taa_copy_color_us=140.6 taa_copy_depth_us=7.4 taa_draw_us=538.7 taa_apply_us=394.6 taa_copy_back_us=0.0 readback_us=0.0 state_shadow=1 rs_queries=18 rs_hits=18 rs_gets=14 rs_resyncs=0 sb_resyncs=0 scene_hook=0 scene_end_source=stretchrect scene_end_check=3 hook_signals=0 hook_outside_scene=0 hook_state=0 draws_after_hook=0 bloom_copy_seen=1 mip_bias=0 mip_bias_sets=0 mip_bias_restores=0 mip_bias_draws=0 mip_bias_stages=0000 mip_bias_reads=0 mip_bias_game_writes=0 mip_bias_game_writes_total=0 mip_bias_failures=0 mip_bias_biased_now=0000
camera_state device=1 frame=0 status=executable_mismatch reads=0 valid=0 read_failure=0 failure=0 projection=00000000 view=00000000 p00=0 p11=0 p20=0 p21=0 r00=0 r01=0 r02=0 r10=0 r11=0 r12=0 r20=0 r21=0 r22=0 t=0,0,0 background_valid=0 background_p00=0 background_p11=0 background_rotation_deg=0.0000 history_view_valid=0 history_view_frame=0 rotation_deg=0.0000 policy=1 reason=2 camera_cut=0 mode=0 cut_deg=20.00
hdr_frame device=1 frame=0 hdr=1 redirected=1 end=bloom_copy writebacks=2 flushes=1 writeback_source=shader unwind=0 unwind_reason=none unwind_draw=00000001 unwind_restore=00000001 unwind_stretch=00000001 unwind_bind=00000001 blocked=0 recheck=none suspended=0 resumed=0 dirty_at_present=0 refused_msaa=0 target_create=00000000 latch_bind=00000000 target=64x64 target_bytes=32768 caps=ok stretch_conversion=00000000 timing=cpu_qpc redirect_us=8.3 writeback_us=31997.6 writeback_draw_us=31874.6 writeback_stretch_us=0.0 bind_us=0.0 recheck_us=0.0 tonemap=agx tonemapped=1 look=none decode=gamma2.2 clamp=0 exposure=manual ev=0.00000 ev_adapted=0.00000 ev_target=0.00000 avg_log_l=0.00000 luma_mean=1 dt_ms=0.000 stepped=0 steps=0 meter=00000001 readback=00000001 tonemap_draw=00000000 fallback=0 meter_us=0.0 readback_us=0.0 k=1.00000 chain_bytes=0 sharpen=off sharpened=0 sharpen_fallback=0
telemetry_first_present device=1 frame=0 qpc=9616816886738 since_start_us=1157944.100 capture=0 reset_count=0
telemetry_window_context device=1 frame=0 render_thread=1304 window_thread=1304 gui_ok=1 gui_active=00000000 gui_focus=00000000 gui_capture=00000000 clip_ok=1 clip=-1512,0,5120,1440 monitor_ok=1 monitor=0,0,5120,1440 work=0,31,5120,1440
telemetry_window device=1 frame=0 qpc=9616816891355 window=0058005e foreground=00000000 thread_focus=00000000 iconic=0 visible=0 style=04cf0000 exstyle=00000100 window_rect=0,0,119,96 client_rect=0,0,111,62
telemetry_cursor_poll device=1 frame=0 qpc=9616816891355 flags=1 cursor=00000000 x=2802 y=1010
telemetry_present_window device=1 frame=0 override=00000000 device_window=0058005e result=00000000
frame_end device=1 frame=0 draws=3 capture=0 present=00000000 elapsed_ms=1167 dt_ms=0 qpc=9616816902327
frame_begin device=1 frame=1
capture_event device=1 frame=1 seq=1 after_draw=0 op=clear result=00000000 qpc=9616816904748
clear flags=3 color=ff203040 z=1 stencil=0 rect_count=0 rect_ptr=00000000
surface role=clear_rt0 ptr=02158cc0 identity=1 width=64 height=64 format=21 usage=1 msaa=0 container=0 container_type=0 container_result=80004002
surface role=clear_depth ptr=02158cf0 identity=2 width=64 height=64 format=77 usage=2 msaa=0 container=0 container_type=0 container_result=80004002
clear_viewport result=00000000 x=0 y=0 w=64 h=64 minz=0 maxz=1
capture_event device=1 frame=1 seq=2 after_draw=0 op=draw_begin result=00000000 qpc=9616816915826
draw device=1 frame=1 index=1 kind=primitive topology=4 primitives=1 vs=53a0a641107ed76c ps=98731d5594e36226
geometry source=buffers
stream slot=0 result=00000000 identity=3 offset=0 stride=24 frequency=1 frequency_result=00000000
vertex_buffer identity=3 bytes=72 usage=0 pool=1 fvf=0
buffer_content kind=vertex identity=3 result=00000000 status=00000001 requested=0 known=0 ambiguous=0 revision=0 pending=0 flags=00000000
stream slot=1 result=00000000 identity=0
stream slot=2 result=00000000 identity=0
stream slot=3 result=00000000 identity=0
stream slot=4 result=00000000 identity=0
stream slot=5 result=00000000 identity=0
stream slot=6 result=00000000 identity=0
stream slot=7 result=00000000 identity=0
stream slot=8 result=00000000 identity=0
stream slot=9 result=00000000 identity=0
stream slot=10 result=00000000 identity=0
stream slot=11 result=00000000 identity=0
stream slot=12 result=00000000 identity=0
stream slot=13 result=00000000 identity=0
stream slot=14 result=00000000 identity=0
stream slot=15 result=00000000 identity=0
indices result=00000000 identity=0
surface role=rt0 ptr=02158cc0 identity=1 width=64 height=64 format=21 usage=1 msaa=0 container=0 container_type=0 container_result=80004002
surface role=depth ptr=02158cf0 identity=2 width=64 height=64 format=77 usage=2 msaa=0 container=0 container_type=0 container_result=80004002
state id=7 value=0
state id=14 value=0
state id=23 value=4
state id=15 value=1
state id=24 value=0
state id=25 value=8
state id=27 value=1
state id=19 value=2
state id=20 value=1
state id=171 value=1
state id=22 value=2
state id=168 value=7
state id=194 value=0
state id=206 value=0
state id=52 value=1
state id=56 value=8
state id=57 value=0
state id=58 value=4294967295
state id=59 value=4294967295
state id=53 value=1
state id=54 value=1
state id=55 value=1
state id=185 value=0
state id=189 value=8
state id=186 value=1
state id=187 value=1
state id=188 value=1
viewport x=0 y=0 w=64 h=64 minz=0 maxz=1
resource identity=9 ptr=02158b70 type=3
texture stage=0 ptr=02158b70 type=3 identity=9 levels=1
texture_desc stage=0 w=2 h=2 format=21
sampler stage=0 state=6 value=1
sampler stage=0 state=5 value=1
sampler stage=0 state=7 value=0
sampler stage=0 state=10 value=1
sampler stage=0 state=11 value=0
sampler stage=0 state=8 value=0 bias=0
sampler stage=0 state=9 value=0
resource identity=10 ptr=02158bd0 type=3
texture stage=1 ptr=02158bd0 type=3 identity=10 levels=1
texture_desc stage=1 w=2 h=2 format=21
sampler stage=1 state=6 value=1
sampler stage=1 state=5 value=1
sampler stage=1 state=7 value=0
sampler stage=1 state=10 value=1
sampler stage=1 state=11 value=0
sampler stage=1 state=8 value=0 bias=0
sampler stage=1 state=9 value=0
resource identity=11 ptr=02158c30 type=3
texture stage=2 ptr=02158c30 type=3 identity=11 levels=1
texture_desc stage=2 w=2 h=2 format=21
sampler stage=2 state=6 value=1
sampler stage=2 state=5 value=1
sampler stage=2 state=7 value=0
sampler stage=2 state=10 value=1
sampler stage=2 state=11 value=0
sampler stage=2 state=8 value=0 bias=0
sampler stage=2 state=9 value=0
resource identity=12 ptr=02158c90 type=5
texture stage=3 ptr=02158c90 type=5 identity=12 levels=1
sampler stage=3 state=6 value=1
sampler stage=3 state=5 value=1
sampler stage=3 state=7 value=0
sampler stage=3 state=10 value=1
sampler stage=3 state=11 value=0
sampler stage=3 state=8 value=0 bias=0
sampler stage=3 state=9 value=0
sampler stage=4 state=6 value=1
sampler stage=4 state=5 value=1
sampler stage=4 state=7 value=0
sampler stage=4 state=10 value=1
sampler stage=4 state=11 value=0
sampler stage=4 state=8 value=0 bias=0
sampler stage=4 state=9 value=0
sampler stage=5 state=6 value=1
sampler stage=5 state=5 value=1
sampler stage=5 state=7 value=0
sampler stage=5 state=10 value=1
sampler stage=5 state=11 value=0
sampler stage=5 state=8 value=0 bias=0
sampler stage=5 state=9 value=0
sampler stage=6 state=6 value=1
sampler stage=6 state=5 value=1
sampler stage=6 state=7 value=0
sampler stage=6 state=10 value=1
sampler stage=6 state=11 value=0
sampler stage=6 state=8 value=0 bias=0
sampler stage=6 state=9 value=0
sampler stage=7 state=6 value=1
sampler stage=7 state=5 value=1
sampler stage=7 state=7 value=0
sampler stage=7 state=10 value=1
sampler stage=7 state=11 value=0
sampler stage=7 state=8 value=0 bias=0
sampler stage=7 state=9 value=0
sampler stage=8 state=6 value=1
sampler stage=8 state=5 value=1
sampler stage=8 state=7 value=0
sampler stage=8 state=10 value=1
sampler stage=8 state=11 value=0
sampler stage=8 state=8 value=0 bias=0
sampler stage=8 state=9 value=0
sampler stage=9 state=6 value=1
sampler stage=9 state=5 value=1
sampler stage=9 state=7 value=0
sampler stage=9 state=10 value=1
sampler stage=9 state=11 value=0
sampler stage=9 state=8 value=0 bias=0
sampler stage=9 state=9 value=0
sampler stage=10 state=6 value=1
sampler stage=10 state=5 value=1
sampler stage=10 state=7 value=0
sampler stage=10 state=10 value=1
sampler stage=10 state=11 value=0
sampler stage=10 state=8 value=0 bias=0
sampler stage=10 state=9 value=0
sampler stage=11 state=6 value=1
sampler stage=11 state=5 value=1
sampler stage=11 state=7 value=0
sampler stage=11 state=10 value=1
sampler stage=11 state=11 value=0
sampler stage=11 state=8 value=0 bias=0
sampler stage=11 state=9 value=0
sampler stage=12 state=6 value=1
sampler stage=12 state=5 value=1
sampler stage=12 state=7 value=0
sampler stage=12 state=10 value=1
sampler stage=12 state=11 value=0
sampler stage=12 state=8 value=0 bias=0
sampler stage=12 state=9 value=0
sampler stage=13 state=6 value=1
sampler stage=13 state=5 value=1
sampler stage=13 state=7 value=0
sampler stage=13 state=10 value=1
sampler stage=13 state=11 value=0
sampler stage=13 state=8 value=0 bias=0
sampler stage=13 state=9 value=0
sampler stage=14 state=6 value=1
sampler stage=14 state=5 value=1
sampler stage=14 state=7 value=0
sampler stage=14 state=10 value=1
sampler stage=14 state=11 value=0
sampler stage=14 state=8 value=0 bias=0
sampler stage=14 state=9 value=0
sampler stage=15 state=6 value=1
sampler stage=15 state=5 value=1
sampler stage=15 state=7 value=0
sampler stage=15 state=10 value=1
sampler stage=15 state=11 value=0
sampler stage=15 state=8 value=0 bias=0
sampler stage=15 state=9 value=0
vertex_element stream=0 offset=0 type=16 method=0 usage=0 index=0
vertex_element stream=0 offset=8 type=16 method=0 usage=5 index=0
vertex_element stream=0 offset=16 type=16 method=0 usage=3 index=0
vertex_element stream=255 offset=0 type=17 method=0 usage=0 index=0
transform state=256 row=0 values=1,0,0,0
transform state=256 row=1 values=0,1,0,0
transform state=256 row=2 values=0,0,1,0
transform state=256 row=3 values=0,0,0,1
transform state=2 row=0 values=1,0,0,0
transform state=2 row=1 values=0,1,0,0
transform state=2 row=2 values=0,0,1,0
transform state=2 row=3 values=0,0,0,1
transform state=3 row=0 values=1,0,0,0
transform state=3 row=1 values=0,1,0,0
transform state=3 row=2 values=0,0,1,0
transform state=3 row=3 values=0,0,0,1
constants kind=vs type=f count=256 result=00000000 encoding=sparse_zero
constant kind=vs type=f reg=0 bits=bf800000,3f800000,40400000,00000000
constant kind=vs type=f reg=1 bits=3d23d70a,3ccccccd,3c75c28f,00000000
constant kind=vs type=f reg=2 bits=3f800000,3d4ccccd,00000000,00000000
constant kind=vs type=f reg=3 bits=00000000,3f800000,40400000,00000000
constant kind=vs type=f reg=4 bits=3d23d70a,3ccccccd,3c75c28f,00000000
constant kind=vs type=f reg=5 bits=3f800000,3d4ccccd,00000000,00000000
constant kind=vs type=f reg=6 bits=3f800000,3f800000,40400000,00000000
constant kind=vs type=f reg=7 bits=3d23d70a,3ccccccd,3c75c28f,00000000
constant kind=vs type=f reg=8 bits=3f800000,3d4ccccd,00000000,00000000
constant kind=vs type=f reg=9 bits=bf800000,3f800000,40400000,00000000
constant kind=vs type=f reg=10 bits=3d23d70a,3ccccccd,3c75c28f,00000000
constant kind=vs type=f reg=11 bits=3f800000,3d4ccccd,00000000,00000000
constant kind=vs type=f reg=12 bits=00000000,3f800000,40400000,00000000
constant kind=vs type=f reg=13 bits=3d23d70a,3ccccccd,3c75c28f,00000000
constant kind=vs type=f reg=14 bits=3f800000,3d4ccccd,00000000,00000000
constant kind=vs type=f reg=15 bits=3f800000,3f800000,40400000,00000000
constant kind=vs type=f reg=16 bits=3d23d70a,3ccccccd,3c75c28f,00000000
constant kind=vs type=f reg=17 bits=3f800000,3d4ccccd,00000000,00000000
constant kind=vs type=f reg=18 bits=bf800000,3f800000,40400000,00000000
constant kind=vs type=f reg=19 bits=3d23d70a,3ccccccd,3c75c28f,00000000
constant kind=vs type=f reg=20 bits=3f800000,3d4ccccd,00000000,00000000
constant kind=vs type=f reg=21 bits=00000000,3f800000,40400000,00000000
constant kind=vs type=f reg=22 bits=3d23d70a,3ccccccd,3c75c28f,00000000
constant kind=vs type=f reg=23 bits=3f800000,3d4ccccd,00000000,00000000
constant kind=vs type=f reg=24 bits=3f800000,00000000,00000000,00000000
constant kind=vs type=f reg=25 bits=00000000,3f800000,00000000,00000000
constant kind=vs type=f reg=26 bits=00000000,00000000,3f800000,00000000
constant kind=vs type=f reg=27 bits=00000000,00000000,00000000,3f800000
constant kind=vs type=f reg=28 bits=3f800000,00000000,00000000,00000000
constant kind=vs type=f reg=29 bits=00000000,3f800000,00000000,00000000
constant kind=vs type=f reg=30 bits=00000000,00000000,3f800000,00000000
constant kind=vs type=f reg=31 bits=3f800000,00000000,00000000,00000000
constant kind=vs type=f reg=32 bits=00000000,3f800000,00000000,00000000
constant kind=vs type=f reg=33 bits=00000000,00000000,3f800000,00000000
constant kind=vs type=f reg=34 bits=3f800000,00000000,00000000,00000000
constant kind=vs type=f reg=35 bits=00000000,3f800000,00000000,00000000
constant kind=vs type=f reg=36 bits=00000000,00000000,3f800000,40800000
constant kind=vs type=f reg=37 bits=3f800000,00000000,00000000,00000000
constant kind=vs type=f reg=38 bits=00000000,3f800000,00000000,00000000
constant kind=vs type=f reg=39 bits=3f200000,00000000,00000000,00000000
constant kind=vs type=f reg=40 bits=3e4ccccd,3dcccccd,3d4ccccd,00000000
constant kind=vs type=f reg=41 bits=3f800000,00000000,00000000,00000000
constants kind=vs type=i count=16 result=00000000 encoding=full
constant kind=vs type=i reg=0 values=1,0,1,0
constant kind=vs type=i reg=1 values=0,0,0,0
constant kind=vs type=i reg=2 values=0,0,0,0
constant kind=vs type=i reg=3 values=0,0,0,0
constant kind=vs type=i reg=4 values=0,0,0,0
constant kind=vs type=i reg=5 values=0,0,0,0
constant kind=vs type=i reg=6 values=0,0,0,0
constant kind=vs type=i reg=7 values=0,0,0,0
constant kind=vs type=i reg=8 values=0,0,0,0
constant kind=vs type=i reg=9 values=0,0,0,0
constant kind=vs type=i reg=10 values=0,0,0,0
constant kind=vs type=i reg=11 values=0,0,0,0
constant kind=vs type=i reg=12 values=0,0,0,0
constant kind=vs type=i reg=13 values=0,0,0,0
constant kind=vs type=i reg=14 values=0,0,0,0
constant kind=vs type=i reg=15 values=0,0,0,0
constants kind=vs type=b count=16 result=00000000 encoding=full
constant kind=vs type=b reg=0 values=0
constant kind=vs type=b reg=1 values=0
constant kind=vs type=b reg=2 values=0
constant kind=vs type=b reg=3 values=0
constant kind=vs type=b reg=4 values=0
constant kind=vs type=b reg=5 values=0
constant kind=vs type=b reg=6 values=0
constant kind=vs type=b reg=7 values=0
constant kind=vs type=b reg=8 values=0
constant kind=vs type=b reg=9 values=0
constant kind=vs type=b reg=10 values=0
constant kind=vs type=b reg=11 values=0
constant kind=vs type=b reg=12 values=0
constant kind=vs type=b reg=13 values=0
constant kind=vs type=b reg=14 values=0
constant kind=vs type=b reg=15 values=0
constants kind=ps type=f count=224 result=00000000 encoding=sparse_zero
constant kind=ps type=f reg=0 bits=3f800000,00000000,00000000,00000000
constant kind=ps type=f reg=1 bits=00000000,3f800000,00000000,00000000
constant kind=ps type=f reg=2 bits=00000000,00000000,3f800000,00000000
constant kind=ps type=f reg=3 bits=3e800000,00000000,00000000,00000000
constant kind=ps type=f reg=4 bits=00000000,00000000,3f800000,00000000
constant kind=ps type=f reg=5 bits=3e99999a,3e4ccccd,3dcccccd,00000000
constant kind=ps type=f reg=6 bits=3f000000,00000000,3f000000,00000000
constant kind=ps type=f reg=7 bits=3dcccccd,3e19999a,3e4ccccd,00000000
constants kind=ps type=i count=16 result=00000000 encoding=full
constant kind=ps type=i reg=0 values=0,0,0,0
constant kind=ps type=i reg=1 values=0,0,0,0
constant kind=ps type=i reg=2 values=0,0,0,0
constant kind=ps type=i reg=3 values=0,0,0,0
constant kind=ps type=i reg=4 values=0,0,0,0
constant kind=ps type=i reg=5 values=0,0,0,0
constant kind=ps type=i reg=6 values=0,0,0,0
constant kind=ps type=i reg=7 values=0,0,0,0
constant kind=ps type=i reg=8 values=0,0,0,0
constant kind=ps type=i reg=9 values=0,0,0,0
constant kind=ps type=i reg=10 values=0,0,0,0
constant kind=ps type=i reg=11 values=0,0,0,0
constant kind=ps type=i reg=12 values=0,0,0,0
constant kind=ps type=i reg=13 values=0,0,0,0
constant kind=ps type=i reg=14 values=0,0,0,0
constant kind=ps type=i reg=15 values=0,0,0,0
constants kind=ps type=b count=16 result=00000000 encoding=full
constant kind=ps type=b reg=0 values=0
constant kind=ps type=b reg=1 values=0
constant kind=ps type=b reg=2 values=0
constant kind=ps type=b reg=3 values=0
constant kind=ps type=b reg=4 values=0
constant kind=ps type=b reg=5 values=0
constant kind=ps type=b reg=6 values=0
constant kind=ps type=b reg=7 values=0
constant kind=ps type=b reg=8 values=0
constant kind=ps type=b reg=9 values=0
constant kind=ps type=b reg=10 values=0
constant kind=ps type=b reg=11 values=0
constant kind=ps type=b reg=12 values=0
constant kind=ps type=b reg=13 values=0
constant kind=ps type=b reg=14 values=0
constant kind=ps type=b reg=15 values=0
draw_args start_vertex=0
motion_input device=1 frame=1 index=1 blockers=00000252 proofs=20 position_path=1 vs=53a0a641107ed76c ps=98731d5594e36226 declaration=0cdf6a8c884ad955 rows_hash=1b0c97ae01a7ec05 color=1 depth=2 width=64 height=64 cull=2 vb=3 vb_revision=0 ib=0 ib_revision=0 position_offset=0 position_type=16 lifetime_verified=0 vertex_finite_verified=0
motion_geometry device=1 frame=1 index=1 source_qualified=1 source_hash=53a0a641107ed76c source_words=526 finite_requested=0 finite_state=0 finite_reason=4 finite_status=00000001 finite_generation=0 finite_revision=0 index_required=0 index_requested=0 index_known=0 index_range_verified=0 index_exact=0 index_min=0 index_max=0 index_reason=1 index_status=00000001 index_generation=0 index_revision=0
draw_result device=1 frame=1 index=1 result=00000000
capture_event device=1 frame=1 seq=3 after_draw=1 op=clear result=00000000 qpc=9616816931206
clear flags=2 color=00000000 z=1 stencil=0 rect_count=0 rect_ptr=00000000
surface role=clear_rt0 ptr=02158cc0 identity=1 width=64 height=64 format=21 usage=1 msaa=0 container=0 container_type=0 container_result=80004002
surface role=clear_depth ptr=02158cf0 identity=2 width=64 height=64 format=77 usage=2 msaa=0 container=0 container_type=0 container_result=80004002
clear_viewport result=00000000 x=0 y=0 w=64 h=64 minz=0 maxz=1
capture_event device=1 frame=1 seq=4 after_draw=1 op=draw_begin result=00000000 qpc=9616816933088
draw device=1 frame=1 index=2 kind=primitive topology=4 primitives=1 vs=53a0a641107ed76c ps=8759c7838bbc86c2
geometry source=buffers
stream slot=0 result=00000000 identity=3 offset=0 stride=24 frequency=1 frequency_result=00000000
vertex_buffer identity=3 bytes=72 usage=0 pool=1 fvf=0
buffer_content kind=vertex identity=3 result=00000000 status=00000001 requested=0 known=0 ambiguous=0 revision=0 pending=0 flags=00000000
stream slot=1 result=00000000 identity=0
stream slot=2 result=00000000 identity=0
stream slot=3 result=00000000 identity=0
stream slot=4 result=00000000 identity=0
stream slot=5 result=00000000 identity=0
stream slot=6 result=00000000 identity=0
stream slot=7 result=00000000 identity=0
stream slot=8 result=00000000 identity=0
stream slot=9 result=00000000 identity=0
stream slot=10 result=00000000 identity=0
stream slot=11 result=00000000 identity=0
stream slot=12 result=00000000 identity=0
stream slot=13 result=00000000 identity=0
stream slot=14 result=00000000 identity=0
stream slot=15 result=00000000 identity=0
indices result=00000000 identity=0
surface role=rt0 ptr=02158cc0 identity=1 width=64 height=64 format=21 usage=1 msaa=0 container=0 container_type=0 container_result=80004002
surface role=depth ptr=02158cf0 identity=2 width=64 height=64 format=77 usage=2 msaa=0 container=0 container_type=0 container_result=80004002
state id=7 value=1
state id=14 value=1
state id=23 value=4
state id=15 value=0
state id=24 value=0
state id=25 value=8
state id=27 value=0
state id=19 value=2
state id=20 value=1
state id=171 value=1
state id=22 value=1
state id=168 value=15
state id=194 value=0
state id=206 value=0
state id=52 value=0
state id=56 value=8
state id=57 value=0
state id=58 value=4294967295
state id=59 value=4294967295
state id=53 value=1
state id=54 value=1
state id=55 value=1
state id=185 value=0
state id=189 value=8
state id=186 value=1
state id=187 value=1
state id=188 value=1
viewport x=0 y=0 w=64 h=64 minz=0 maxz=1
texture stage=0 ptr=02158b70 type=3 identity=9 levels=1
texture_desc stage=0 w=2 h=2 format=21
sampler stage=0 state=6 value=1
sampler stage=0 state=5 value=1
sampler stage=0 state=7 value=0
sampler stage=0 state=10 value=1
sampler stage=0 state=11 value=0
sampler stage=0 state=8 value=0 bias=0
sampler stage=0 state=9 value=0
texture stage=1 ptr=02158bd0 type=3 identity=10 levels=1
texture_desc stage=1 w=2 h=2 format=21
sampler stage=1 state=6 value=1
sampler stage=1 state=5 value=1
sampler stage=1 state=7 value=0
sampler stage=1 state=10 value=1
sampler stage=1 state=11 value=0
sampler stage=1 state=8 value=0 bias=0
sampler stage=1 state=9 value=0
texture stage=2 ptr=02158c30 type=3 identity=11 levels=1
texture_desc stage=2 w=2 h=2 format=21
sampler stage=2 state=6 value=1
sampler stage=2 state=5 value=1
sampler stage=2 state=7 value=0
sampler stage=2 state=10 value=1
sampler stage=2 state=11 value=0
sampler stage=2 state=8 value=0 bias=0
sampler stage=2 state=9 value=0
texture stage=3 ptr=02158c90 type=5 identity=12 levels=1
sampler stage=3 state=6 value=1
sampler stage=3 state=5 value=1
sampler stage=3 state=7 value=0
sampler stage=3 state=10 value=1
sampler stage=3 state=11 value=0
sampler stage=3 state=8 value=0 bias=0
sampler stage=3 state=9 value=0
sampler stage=4 state=6 value=1
sampler stage=4 state=5 value=1
sampler stage=4 state=7 value=0
sampler stage=4 state=10 value=1
sampler stage=4 state=11 value=0
sampler stage=4 state=8 value=0 bias=0
sampler stage=4 state=9 value=0
sampler stage=5 state=6 value=1
sampler stage=5 state=5 value=1
sampler stage=5 state=7 value=0
sampler stage=5 state=10 value=1
sampler stage=5 state=11 value=0
sampler stage=5 state=8 value=0 bias=0
sampler stage=5 state=9 value=0
sampler stage=6 state=6 value=1
sampler stage=6 state=5 value=1
sampler stage=6 state=7 value=0
sampler stage=6 state=10 value=1
sampler stage=6 state=11 value=0
sampler stage=6 state=8 value=0 bias=0
sampler stage=6 state=9 value=0
sampler stage=7 state=6 value=1
sampler stage=7 state=5 value=1
sampler stage=7 state=7 value=0
sampler stage=7 state=10 value=1
sampler stage=7 state=11 value=0
sampler stage=7 state=8 value=0 bias=0
sampler stage=7 state=9 value=0
sampler stage=8 state=6 value=1
sampler stage=8 state=5 value=1
sampler stage=8 state=7 value=0
sampler stage=8 state=10 value=1
sampler stage=8 state=11 value=0
sampler stage=8 state=8 value=0 bias=0
sampler stage=8 state=9 value=0
sampler stage=9 state=6 value=1
sampler stage=9 state=5 value=1
sampler stage=9 state=7 value=0
sampler stage=9 state=10 value=1
sampler stage=9 state=11 value=0
sampler stage=9 state=8 value=0 bias=0
sampler stage=9 state=9 value=0
sampler stage=10 state=6 value=1
sampler stage=10 state=5 value=1
sampler stage=10 state=7 value=0
sampler stage=10 state=10 value=1
sampler stage=10 state=11 value=0
sampler stage=10 state=8 value=0 bias=0
sampler stage=10 state=9 value=0
sampler stage=11 state=6 value=1
sampler stage=11 state=5 value=1
sampler stage=11 state=7 value=0
sampler stage=11 state=10 value=1
sampler stage=11 state=11 value=0
sampler stage=11 state=8 value=0 bias=0
sampler stage=11 state=9 value=0
sampler stage=12 state=6 value=1
sampler stage=12 state=5 value=1
sampler stage=12 state=7 value=0
sampler stage=12 state=10 value=1
sampler stage=12 state=11 value=0
sampler stage=12 state=8 value=0 bias=0
sampler stage=12 state=9 value=0
sampler stage=13 state=6 value=1
sampler stage=13 state=5 value=1
sampler stage=13 state=7 value=0
sampler stage=13 state=10 value=1
sampler stage=13 state=11 value=0
sampler stage=13 state=8 value=0 bias=0
sampler stage=13 state=9 value=0
sampler stage=14 state=6 value=1
sampler stage=14 state=5 value=1
sampler stage=14 state=7 value=0
sampler stage=14 state=10 value=1
sampler stage=14 state=11 value=0
sampler stage=14 state=8 value=0 bias=0
sampler stage=14 state=9 value=0
sampler stage=15 state=6 value=1
sampler stage=15 state=5 value=1
sampler stage=15 state=7 value=0
sampler stage=15 state=10 value=1
sampler stage=15 state=11 value=0
sampler stage=15 state=8 value=0 bias=0
sampler stage=15 state=9 value=0
vertex_element stream=0 offset=0 type=16 method=0 usage=0 index=0
vertex_element stream=0 offset=8 type=16 method=0 usage=5 index=0
vertex_element stream=0 offset=16 type=16 method=0 usage=3 index=0
vertex_element stream=255 offset=0 type=17 method=0 usage=0 index=0
transform state=256 row=0 values=1,0,0,0
transform state=256 row=1 values=0,1,0,0
transform state=256 row=2 values=0,0,1,0
transform state=256 row=3 values=0,0,0,1
transform state=2 row=0 values=1,0,0,0
transform state=2 row=1 values=0,1,0,0
transform state=2 row=2 values=0,0,1,0
transform state=2 row=3 values=0,0,0,1
transform state=3 row=0 values=1,0,0,0
transform state=3 row=1 values=0,1,0,0
transform state=3 row=2 values=0,0,1,0
transform state=3 row=3 values=0,0,0,1
constants kind=vs type=f count=256 result=00000000 encoding=sparse_zero
constant kind=vs type=f reg=0 bits=bf800000,3f800000,40400000,00000000
constant kind=vs type=f reg=1 bits=3d23d70a,3ccccccd,3c75c28f,00000000
constant kind=vs type=f reg=2 bits=3f800000,3d4ccccd,00000000,00000000
constant kind=vs type=f reg=3 bits=00000000,3f800000,40400000,00000000
constant kind=vs type=f reg=4 bits=3d23d70a,3ccccccd,3c75c28f,00000000
constant kind=vs type=f reg=5 bits=3f800000,3d4ccccd,00000000,00000000
constant kind=vs type=f reg=6 bits=3f800000,3f800000,40400000,00000000
constant kind=vs type=f reg=7 bits=3d23d70a,3ccccccd,3c75c28f,00000000
constant kind=vs type=f reg=8 bits=3f800000,3d4ccccd,00000000,00000000
constant kind=vs type=f reg=9 bits=bf800000,3f800000,40400000,00000000
constant kind=vs type=f reg=10 bits=3d23d70a,3ccccccd,3c75c28f,00000000
constant kind=vs type=f reg=11 bits=3f800000,3d4ccccd,00000000,00000000
constant kind=vs type=f reg=12 bits=00000000,3f800000,40400000,00000000
constant kind=vs type=f reg=13 bits=3d23d70a,3ccccccd,3c75c28f,00000000
constant kind=vs type=f reg=14 bits=3f800000,3d4ccccd,00000000,00000000
constant kind=vs type=f reg=15 bits=3f800000,3f800000,40400000,00000000
constant kind=vs type=f reg=16 bits=3d23d70a,3ccccccd,3c75c28f,00000000
constant kind=vs type=f reg=17 bits=3f800000,3d4ccccd,00000000,00000000
constant kind=vs type=f reg=18 bits=bf800000,3f800000,40400000,00000000
constant kind=vs type=f reg=19 bits=3d23d70a,3ccccccd,3c75c28f,00000000
constant kind=vs type=f reg=20 bits=3f800000,3d4ccccd,00000000,00000000
constant kind=vs type=f reg=21 bits=00000000,3f800000,40400000,00000000
constant kind=vs type=f reg=22 bits=3d23d70a,3ccccccd,3c75c28f,00000000
constant kind=vs type=f reg=23 bits=3f800000,3d4ccccd,00000000,00000000
constant kind=vs type=f reg=24 bits=3f800000,00000000,00000000,3f4ccccd
constant kind=vs type=f reg=25 bits=00000000,3f800000,00000000,00000000
constant kind=vs type=f reg=26 bits=00000000,00000000,3f800000,00000000
constant kind=vs type=f reg=27 bits=3e000000,00000000,00000000,3f800000
constant kind=vs type=f reg=28 bits=3f800000,00000000,00000000,00000000
constant kind=vs type=f reg=29 bits=00000000,3f800000,00000000,00000000
constant kind=vs type=f reg=30 bits=00000000,00000000,3f800000,00000000
constant kind=vs type=f reg=31 bits=3f800000,00000000,00000000,00000000
constant kind=vs type=f reg=32 bits=00000000,3f800000,00000000,00000000
constant kind=vs type=f reg=33 bits=00000000,00000000,3f800000,00000000
constant kind=vs type=f reg=34 bits=3f800000,00000000,00000000,00000000
constant kind=vs type=f reg=35 bits=00000000,3f800000,00000000,00000000
constant kind=vs type=f reg=36 bits=00000000,00000000,3f800000,40800000
constant kind=vs type=f reg=37 bits=3f800000,00000000,00000000,00000000
constant kind=vs type=f reg=38 bits=00000000,3f800000,00000000,00000000
constant kind=vs type=f reg=39 bits=3f200000,00000000,00000000,00000000
constant kind=vs type=f reg=40 bits=3e4ccccd,3dcccccd,3d4ccccd,00000000
constant kind=vs type=f reg=41 bits=3f800000,00000000,00000000,00000000
constant kind=vs type=f reg=252 bits=42c80000,42ca0000,42cc0000,42ce0000
constant kind=vs type=f reg=253 bits=42d00000,42d20000,42d40000,42d60000
constant kind=vs type=f reg=254 bits=42d80000,42da0000,42dc0000,42de0000
constant kind=vs type=f reg=255 bits=42e00000,42e20000,42e40000,42e60000
constants kind=vs type=i count=16 result=00000000 encoding=full
constant kind=vs type=i reg=0 values=1,0,1,0
constant kind=vs type=i reg=1 values=0,0,0,0
constant kind=vs type=i reg=2 values=0,0,0,0
constant kind=vs type=i reg=3 values=0,0,0,0
constant kind=vs type=i reg=4 values=0,0,0,0
constant kind=vs type=i reg=5 values=0,0,0,0
constant kind=vs type=i reg=6 values=0,0,0,0
constant kind=vs type=i reg=7 values=0,0,0,0
constant kind=vs type=i reg=8 values=0,0,0,0
constant kind=vs type=i reg=9 values=0,0,0,0
constant kind=vs type=i reg=10 values=0,0,0,0
constant kind=vs type=i reg=11 values=0,0,0,0
constant kind=vs type=i reg=12 values=0,0,0,0
constant kind=vs type=i reg=13 values=0,0,0,0
constant kind=vs type=i reg=14 values=0,0,0,0
constant kind=vs type=i reg=15 values=0,0,0,0
constants kind=vs type=b count=16 result=00000000 encoding=full
constant kind=vs type=b reg=0 values=0
constant kind=vs type=b reg=1 values=0
constant kind=vs type=b reg=2 values=0
constant kind=vs type=b reg=3 values=0
constant kind=vs type=b reg=4 values=0
constant kind=vs type=b reg=5 values=0
constant kind=vs type=b reg=6 values=0
constant kind=vs type=b reg=7 values=0
constant kind=vs type=b reg=8 values=0
constant kind=vs type=b reg=9 values=0
constant kind=vs type=b reg=10 values=0
constant kind=vs type=b reg=11 values=0
constant kind=vs type=b reg=12 values=0
constant kind=vs type=b reg=13 values=0
constant kind=vs type=b reg=14 values=0
constant kind=vs type=b reg=15 values=0
constants kind=ps type=f count=224 result=00000000 encoding=sparse_zero
constant kind=ps type=f reg=0 bits=3f800000,00000000,00000000,00000000
constant kind=ps type=f reg=1 bits=00000000,3f800000,00000000,00000000
constant kind=ps type=f reg=2 bits=00000000,00000000,3f800000,00000000
constant kind=ps type=f reg=3 bits=3e800000,00000000,00000000,00000000
constant kind=ps type=f reg=4 bits=00000000,00000000,3f800000,00000000
constant kind=ps type=f reg=5 bits=3e99999a,3e4ccccd,3dcccccd,00000000
constant kind=ps type=f reg=6 bits=3f000000,00000000,3f000000,00000000
constant kind=ps type=f reg=7 bits=3dcccccd,3e19999a,3e4ccccd,00000000
constant kind=ps type=f reg=216 bits=43480000,43490000,434a0000,434b0000
constant kind=ps type=f reg=217 bits=434c0000,434d0000,434e0000,434f0000
constants kind=ps type=i count=16 result=00000000 encoding=full
constant kind=ps type=i reg=0 values=0,0,0,0
constant kind=ps type=i reg=1 values=0,0,0,0
constant kind=ps type=i reg=2 values=0,0,0,0
constant kind=ps type=i reg=3 values=0,0,0,0
constant kind=ps type=i reg=4 values=0,0,0,0
constant kind=ps type=i reg=5 values=0,0,0,0
constant kind=ps type=i reg=6 values=0,0,0,0
constant kind=ps type=i reg=7 values=0,0,0,0
constant kind=ps type=i reg=8 values=0,0,0,0
constant kind=ps type=i reg=9 values=0,0,0,0
constant kind=ps type=i reg=10 values=0,0,0,0
constant kind=ps type=i reg=11 values=0,0,0,0
constant kind=ps type=i reg=12 values=0,0,0,0
constant kind=ps type=i reg=13 values=0,0,0,0
constant kind=ps type=i reg=14 values=0,0,0,0
constant kind=ps type=i reg=15 values=0,0,0,0
constants kind=ps type=b count=16 result=00000000 encoding=full
constant kind=ps type=b reg=0 values=0
constant kind=ps type=b reg=1 values=0
constant kind=ps type=b reg=2 values=0
constant kind=ps type=b reg=3 values=0
constant kind=ps type=b reg=4 values=0
constant kind=ps type=b reg=5 values=0
constant kind=ps type=b reg=6 values=0
constant kind=ps type=b reg=7 values=0
constant kind=ps type=b reg=8 values=0
constant kind=ps type=b reg=9 values=0
constant kind=ps type=b reg=10 values=0
constant kind=ps type=b reg=11 values=0
constant kind=ps type=b reg=12 values=0
constant kind=ps type=b reg=13 values=0
constant kind=ps type=b reg=14 values=0
constant kind=ps type=b reg=15 values=0
draw_args start_vertex=0
motion_route device=1 frame=1 index=2 gate=0 routed=1 matched=1 depth=1 jittered=1 vs=53a0a641107ed76c ps=8759c7838bbc86c2 node=00001000 camera=00002000 node_handle=7 camera_handle=9 node_serial=11 camera_serial=21 load_epoch=3 registry_epoch=5 model=00000011 lod=00000002 vb=3 ib=0 declaration=0cdf6a8c884ad955 offset=0 stride=24 position_offset=0 position_type=16 topology=4 first=0 primitives=1 base_vertex=0 min_vertex=0 vertex_count=0 indexed=0 pass=1 rows_hash=6e1905db0b783f53 result=00000000
motion_input device=1 frame=1 index=2 blockers=00000210 proofs=28 position_path=1 vs=53a0a641107ed76c ps=8759c7838bbc86c2 declaration=0cdf6a8c884ad955 rows_hash=6e1905db0b783f53 color=1 depth=2 width=64 height=64 cull=1 vb=3 vb_revision=0 ib=0 ib_revision=0 position_offset=0 position_type=16 lifetime_verified=0 vertex_finite_verified=0
motion_geometry device=1 frame=1 index=2 source_qualified=1 source_hash=53a0a641107ed76c source_words=526 finite_requested=0 finite_state=0 finite_reason=4 finite_status=00000001 finite_generation=0 finite_revision=0 index_required=0 index_requested=0 index_known=0 index_range_verified=0 index_exact=0 index_min=0 index_max=0 index_reason=1 index_status=00000001 index_generation=0 index_revision=0
draw_result device=1 frame=1 index=2 result=00000000
capture_event device=1 frame=1 seq=5 after_draw=2 op=draw_begin result=00000000 qpc=9616816944117
draw device=1 frame=1 index=3 kind=primitive topology=4 primitives=1 vs=53a0a641107ed76c ps=8759c7838bbc86c2
geometry source=buffers
stream slot=0 result=00000000 identity=6 offset=0 stride=24 frequency=1 frequency_result=00000000
vertex_buffer identity=6 bytes=72 usage=0 pool=1 fvf=0
buffer_content kind=vertex identity=6 result=00000000 status=00000001 requested=0 known=0 ambiguous=0 revision=0 pending=0 flags=00000000
stream slot=1 result=00000000 identity=0
stream slot=2 result=00000000 identity=0
stream slot=3 result=00000000 identity=0
stream slot=4 result=00000000 identity=0
stream slot=5 result=00000000 identity=0
stream slot=6 result=00000000 identity=0
stream slot=7 result=00000000 identity=0
stream slot=8 result=00000000 identity=0
stream slot=9 result=00000000 identity=0
stream slot=10 result=00000000 identity=0
stream slot=11 result=00000000 identity=0
stream slot=12 result=00000000 identity=0
stream slot=13 result=00000000 identity=0
stream slot=14 result=00000000 identity=0
stream slot=15 result=00000000 identity=0
indices result=00000000 identity=0
surface role=rt0 ptr=02158cc0 identity=1 width=64 height=64 format=21 usage=1 msaa=0 container=0 container_type=0 container_result=80004002
surface role=depth ptr=02158cf0 identity=2 width=64 height=64 format=77 usage=2 msaa=0 container=0 container_type=0 container_result=80004002
state id=7 value=1
state id=14 value=1
state id=23 value=4
state id=15 value=0
state id=24 value=0
state id=25 value=8
state id=27 value=0
state id=19 value=2
state id=20 value=1
state id=171 value=1
state id=22 value=1
state id=168 value=15
state id=194 value=0
state id=206 value=0
state id=52 value=0
state id=56 value=8
state id=57 value=0
state id=58 value=4294967295
state id=59 value=4294967295
state id=53 value=1
state id=54 value=1
state id=55 value=1
state id=185 value=0
state id=189 value=8
state id=186 value=1
state id=187 value=1
state id=188 value=1
viewport x=0 y=0 w=64 h=64 minz=0 maxz=1
texture stage=0 ptr=02158b70 type=3 identity=9 levels=1
texture_desc stage=0 w=2 h=2 format=21
sampler stage=0 state=6 value=1
sampler stage=0 state=5 value=1
sampler stage=0 state=7 value=0
sampler stage=0 state=10 value=1
sampler stage=0 state=11 value=0
sampler stage=0 state=8 value=0 bias=0
sampler stage=0 state=9 value=0
texture stage=1 ptr=02158bd0 type=3 identity=10 levels=1
texture_desc stage=1 w=2 h=2 format=21
sampler stage=1 state=6 value=1
sampler stage=1 state=5 value=1
sampler stage=1 state=7 value=0
sampler stage=1 state=10 value=1
sampler stage=1 state=11 value=0
sampler stage=1 state=8 value=0 bias=0
sampler stage=1 state=9 value=0
texture stage=2 ptr=02158c30 type=3 identity=11 levels=1
texture_desc stage=2 w=2 h=2 format=21
sampler stage=2 state=6 value=1
sampler stage=2 state=5 value=1
sampler stage=2 state=7 value=0
sampler stage=2 state=10 value=1
sampler stage=2 state=11 value=0
sampler stage=2 state=8 value=0 bias=0
sampler stage=2 state=9 value=0
texture stage=3 ptr=02158c90 type=5 identity=12 levels=1
sampler stage=3 state=6 value=1
sampler stage=3 state=5 value=1
sampler stage=3 state=7 value=0
sampler stage=3 state=10 value=1
sampler stage=3 state=11 value=0
sampler stage=3 state=8 value=0 bias=0
sampler stage=3 state=9 value=0
sampler stage=4 state=6 value=1
sampler stage=4 state=5 value=1
sampler stage=4 state=7 value=0
sampler stage=4 state=10 value=1
sampler stage=4 state=11 value=0
sampler stage=4 state=8 value=0 bias=0
sampler stage=4 state=9 value=0
sampler stage=5 state=6 value=1
sampler stage=5 state=5 value=1
sampler stage=5 state=7 value=0
sampler stage=5 state=10 value=1
sampler stage=5 state=11 value=0
sampler stage=5 state=8 value=0 bias=0
sampler stage=5 state=9 value=0
sampler stage=6 state=6 value=1
sampler stage=6 state=5 value=1
sampler stage=6 state=7 value=0
sampler stage=6 state=10 value=1
sampler stage=6 state=11 value=0
sampler stage=6 state=8 value=0 bias=0
sampler stage=6 state=9 value=0
sampler stage=7 state=6 value=1
sampler stage=7 state=5 value=1
sampler stage=7 state=7 value=0
sampler stage=7 state=10 value=1
sampler stage=7 state=11 value=0
sampler stage=7 state=8 value=0 bias=0
sampler stage=7 state=9 value=0
sampler stage=8 state=6 value=1
sampler stage=8 state=5 value=1
sampler stage=8 state=7 value=0
sampler stage=8 state=10 value=1
sampler stage=8 state=11 value=0
sampler stage=8 state=8 value=0 bias=0
sampler stage=8 state=9 value=0
sampler stage=9 state=6 value=1
sampler stage=9 state=5 value=1
sampler stage=9 state=7 value=0
sampler stage=9 state=10 value=1
sampler stage=9 state=11 value=0
sampler stage=9 state=8 value=0 bias=0
sampler stage=9 state=9 value=0
sampler stage=10 state=6 value=1
sampler stage=10 state=5 value=1
sampler stage=10 state=7 value=0
sampler stage=10 state=10 value=1
sampler stage=10 state=11 value=0
sampler stage=10 state=8 value=0 bias=0
sampler stage=10 state=9 value=0
sampler stage=11 state=6 value=1
sampler stage=11 state=5 value=1
sampler stage=11 state=7 value=0
sampler stage=11 state=10 value=1
sampler stage=11 state=11 value=0
sampler stage=11 state=8 value=0 bias=0
sampler stage=11 state=9 value=0
sampler stage=12 state=6 value=1
sampler stage=12 state=5 value=1
sampler stage=12 state=7 value=0
sampler stage=12 state=10 value=1
sampler stage=12 state=11 value=0
sampler stage=12 state=8 value=0 bias=0
sampler stage=12 state=9 value=0
sampler stage=13 state=6 value=1
sampler stage=13 state=5 value=1
sampler stage=13 state=7 value=0
sampler stage=13 state=10 value=1
sampler stage=13 state=11 value=0
sampler stage=13 state=8 value=0 bias=0
sampler stage=13 state=9 value=0
sampler stage=14 state=6 value=1
sampler stage=14 state=5 value=1
sampler stage=14 state=7 value=0
sampler stage=14 state=10 value=1
sampler stage=14 state=11 value=0
sampler stage=14 state=8 value=0 bias=0
sampler stage=14 state=9 value=0
sampler stage=15 state=6 value=1
sampler stage=15 state=5 value=1
sampler stage=15 state=7 value=0
sampler stage=15 state=10 value=1
sampler stage=15 state=11 value=0
sampler stage=15 state=8 value=0 bias=0
sampler stage=15 state=9 value=0
vertex_element stream=0 offset=0 type=16 method=0 usage=0 index=0
vertex_element stream=0 offset=8 type=16 method=0 usage=5 index=0
vertex_element stream=0 offset=16 type=16 method=0 usage=3 index=0
vertex_element stream=255 offset=0 type=17 method=0 usage=0 index=0
transform state=256 row=0 values=1,0,0,0
transform state=256 row=1 values=0,1,0,0
transform state=256 row=2 values=0,0,1,0
transform state=256 row=3 values=0,0,0,1
transform state=2 row=0 values=1,0,0,0
transform state=2 row=1 values=0,1,0,0
transform state=2 row=2 values=0,0,1,0
transform state=2 row=3 values=0,0,0,1
transform state=3 row=0 values=1,0,0,0
transform state=3 row=1 values=0,1,0,0
transform state=3 row=2 values=0,0,1,0
transform state=3 row=3 values=0,0,0,1
constants kind=vs type=f count=256 result=00000000 encoding=sparse_zero
constant kind=vs type=f reg=0 bits=bf800000,3f800000,40400000,00000000
constant kind=vs type=f reg=1 bits=3d23d70a,3ccccccd,3c75c28f,00000000
constant kind=vs type=f reg=2 bits=3f800000,3d4ccccd,00000000,00000000
constant kind=vs type=f reg=3 bits=00000000,3f800000,40400000,00000000
constant kind=vs type=f reg=4 bits=3d23d70a,3ccccccd,3c75c28f,00000000
constant kind=vs type=f reg=5 bits=3f800000,3d4ccccd,00000000,00000000
constant kind=vs type=f reg=6 bits=3f800000,3f800000,40400000,00000000
constant kind=vs type=f reg=7 bits=3d23d70a,3ccccccd,3c75c28f,00000000
constant kind=vs type=f reg=8 bits=3f800000,3d4ccccd,00000000,00000000
constant kind=vs type=f reg=9 bits=bf800000,3f800000,40400000,00000000
constant kind=vs type=f reg=10 bits=3d23d70a,3ccccccd,3c75c28f,00000000
constant kind=vs type=f reg=11 bits=3f800000,3d4ccccd,00000000,00000000
constant kind=vs type=f reg=12 bits=00000000,3f800000,40400000,00000000
constant kind=vs type=f reg=13 bits=3d23d70a,3ccccccd,3c75c28f,00000000
constant kind=vs type=f reg=14 bits=3f800000,3d4ccccd,00000000,00000000
constant kind=vs type=f reg=15 bits=3f800000,3f800000,40400000,00000000
constant kind=vs type=f reg=16 bits=3d23d70a,3ccccccd,3c75c28f,00000000
constant kind=vs type=f reg=17 bits=3f800000,3d4ccccd,00000000,00000000
constant kind=vs type=f reg=18 bits=bf800000,3f800000,40400000,00000000
constant kind=vs type=f reg=19 bits=3d23d70a,3ccccccd,3c75c28f,00000000
constant kind=vs type=f reg=20 bits=3f800000,3d4ccccd,00000000,00000000
constant kind=vs type=f reg=21 bits=00000000,3f800000,40400000,00000000
constant kind=vs type=f reg=22 bits=3d23d70a,3ccccccd,3c75c28f,00000000
constant kind=vs type=f reg=23 bits=3f800000,3d4ccccd,00000000,00000000
constant kind=vs type=f reg=24 bits=3f800000,00000000,00000000,bd4ccccd
constant kind=vs type=f reg=25 bits=00000000,3f800000,00000000,00000000
constant kind=vs type=f reg=26 bits=00000000,00000000,3f800000,3dcccccd
constant kind=vs type=f reg=27 bits=00000000,00000000,00000000,3f800000
constant kind=vs type=f reg=28 bits=3f800000,00000000,00000000,00000000
constant kind=vs type=f reg=29 bits=00000000,3f800000,00000000,00000000
constant kind=vs type=f reg=30 bits=00000000,00000000,3f800000,00000000
constant kind=vs type=f reg=31 bits=3f800000,00000000,00000000,00000000
constant kind=vs type=f reg=32 bits=00000000,3f800000,00000000,00000000
constant kind=vs type=f reg=33 bits=00000000,00000000,3f800000,00000000
constant kind=vs type=f reg=34 bits=3f800000,00000000,00000000,00000000
constant kind=vs type=f reg=35 bits=00000000,3f800000,00000000,00000000
constant kind=vs type=f reg=36 bits=00000000,00000000,3f800000,40800000
constant kind=vs type=f reg=37 bits=3f800000,00000000,00000000,00000000
constant kind=vs type=f reg=38 bits=00000000,3f800000,00000000,00000000
constant kind=vs type=f reg=39 bits=3f200000,00000000,00000000,00000000
constant kind=vs type=f reg=40 bits=3e4ccccd,3dcccccd,3d4ccccd,00000000
constant kind=vs type=f reg=41 bits=3f800000,00000000,00000000,00000000
constant kind=vs type=f reg=252 bits=42c80000,42ca0000,42cc0000,42ce0000
constant kind=vs type=f reg=253 bits=42d00000,42d20000,42d40000,42d60000
constant kind=vs type=f reg=254 bits=42d80000,42da0000,42dc0000,42de0000
constant kind=vs type=f reg=255 bits=42e00000,42e20000,42e40000,42e60000
constants kind=vs type=i count=16 result=00000000 encoding=full
constant kind=vs type=i reg=0 values=1,0,1,0
constant kind=vs type=i reg=1 values=0,0,0,0
constant kind=vs type=i reg=2 values=0,0,0,0
constant kind=vs type=i reg=3 values=0,0,0,0
constant kind=vs type=i reg=4 values=0,0,0,0
constant kind=vs type=i reg=5 values=0,0,0,0
constant kind=vs type=i reg=6 values=0,0,0,0
constant kind=vs type=i reg=7 values=0,0,0,0
constant kind=vs type=i reg=8 values=0,0,0,0
constant kind=vs type=i reg=9 values=0,0,0,0
constant kind=vs type=i reg=10 values=0,0,0,0
constant kind=vs type=i reg=11 values=0,0,0,0
constant kind=vs type=i reg=12 values=0,0,0,0
constant kind=vs type=i reg=13 values=0,0,0,0
constant kind=vs type=i reg=14 values=0,0,0,0
constant kind=vs type=i reg=15 values=0,0,0,0
constants kind=vs type=b count=16 result=00000000 encoding=full
constant kind=vs type=b reg=0 values=0
constant kind=vs type=b reg=1 values=0
constant kind=vs type=b reg=2 values=0
constant kind=vs type=b reg=3 values=0
constant kind=vs type=b reg=4 values=0
constant kind=vs type=b reg=5 values=0
constant kind=vs type=b reg=6 values=0
constant kind=vs type=b reg=7 values=0
constant kind=vs type=b reg=8 values=0
constant kind=vs type=b reg=9 values=0
constant kind=vs type=b reg=10 values=0
constant kind=vs type=b reg=11 values=0
constant kind=vs type=b reg=12 values=0
constant kind=vs type=b reg=13 values=0
constant kind=vs type=b reg=14 values=0
constant kind=vs type=b reg=15 values=0
constants kind=ps type=f count=224 result=00000000 encoding=sparse_zero
constant kind=ps type=f reg=0 bits=3f800000,00000000,00000000,00000000
constant kind=ps type=f reg=1 bits=00000000,3f800000,00000000,00000000
constant kind=ps type=f reg=2 bits=00000000,00000000,3f800000,00000000
constant kind=ps type=f reg=3 bits=3e800000,00000000,00000000,00000000
constant kind=ps type=f reg=4 bits=00000000,00000000,3f800000,00000000
constant kind=ps type=f reg=5 bits=3e99999a,3e4ccccd,3dcccccd,00000000
constant kind=ps type=f reg=6 bits=3f000000,00000000,3f000000,00000000
constant kind=ps type=f reg=7 bits=3dcccccd,3e19999a,3e4ccccd,00000000
constant kind=ps type=f reg=216 bits=43480000,43490000,434a0000,434b0000
constant kind=ps type=f reg=217 bits=434c0000,434d0000,434e0000,434f0000
constants kind=ps type=i count=16 result=00000000 encoding=full
constant kind=ps type=i reg=0 values=0,0,0,0
constant kind=ps type=i reg=1 values=0,0,0,0
constant kind=ps type=i reg=2 values=0,0,0,0
constant kind=ps type=i reg=3 values=0,0,0,0
constant kind=ps type=i reg=4 values=0,0,0,0
constant kind=ps type=i reg=5 values=0,0,0,0
constant kind=ps type=i reg=6 values=0,0,0,0
constant kind=ps type=i reg=7 values=0,0,0,0
constant kind=ps type=i reg=8 values=0,0,0,0
constant kind=ps type=i reg=9 values=0,0,0,0
constant kind=ps type=i reg=10 values=0,0,0,0
constant kind=ps type=i reg=11 values=0,0,0,0
constant kind=ps type=i reg=12 values=0,0,0,0
constant kind=ps type=i reg=13 values=0,0,0,0
constant kind=ps type=i reg=14 values=0,0,0,0
constant kind=ps type=i reg=15 values=0,0,0,0
constants kind=ps type=b count=16 result=00000000 encoding=full
constant kind=ps type=b reg=0 values=0
constant kind=ps type=b reg=1 values=0
constant kind=ps type=b reg=2 values=0
constant kind=ps type=b reg=3 values=0
constant kind=ps type=b reg=4 values=0
constant kind=ps type=b reg=5 values=0
constant kind=ps type=b reg=6 values=0
constant kind=ps type=b reg=7 values=0
constant kind=ps type=b reg=8 values=0
constant kind=ps type=b reg=9 values=0
constant kind=ps type=b reg=10 values=0
constant kind=ps type=b reg=11 values=0
constant kind=ps type=b reg=12 values=0
constant kind=ps type=b reg=13 values=0
constant kind=ps type=b reg=14 values=0
constant kind=ps type=b reg=15 values=0
draw_args start_vertex=0
motion_route device=1 frame=1 index=3 gate=0 routed=1 matched=1 depth=1 jittered=1 vs=53a0a641107ed76c ps=8759c7838bbc86c2 node=00001100 camera=00002000 node_handle=8 camera_handle=9 node_serial=12 camera_serial=21 load_epoch=3 registry_epoch=5 model=00000012 lod=00000002 vb=6 ib=0 declaration=0cdf6a8c884ad955 offset=0 stride=24 position_offset=0 position_type=16 topology=4 first=0 primitives=1 base_vertex=0 min_vertex=0 vertex_count=0 indexed=0 pass=1 rows_hash=8804f37c47da2009 result=00000000
motion_input device=1 frame=1 index=3 blockers=00000210 proofs=28 position_path=1 vs=53a0a641107ed76c ps=8759c7838bbc86c2 declaration=0cdf6a8c884ad955 rows_hash=8804f37c47da2009 color=1 depth=2 width=64 height=64 cull=1 vb=6 vb_revision=0 ib=0 ib_revision=0 position_offset=0 position_type=16 lifetime_verified=0 vertex_finite_verified=0
motion_geometry device=1 frame=1 index=3 source_qualified=1 source_hash=53a0a641107ed76c source_words=526 finite_requested=0 finite_state=0 finite_reason=4 finite_status=00000001 finite_generation=0 finite_revision=0 index_required=0 index_requested=0 index_known=0 index_range_verified=0 index_exact=0 index_min=0 index_max=0 index_reason=1 index_status=00000001 index_generation=0 index_revision=0
draw_result device=1 frame=1 index=3 result=00000000
motion_output_cut device=1 frame=1 samples=2 median_px=1.6000 keyed=2 missing=0 missing_fraction=0.0000 bound_px=2.400 bound_missing=0.250 cut=0
capture_event device=1 frame=1 seq=6 after_draw=3 op=set_depth result=00000000 qpc=9616816955142
set_depth ptr=00000000 result=00000000
surface role=depth_binding ptr=0 identity=0
hdr_readback device=1 frame=1 file=hdr_1_1.rgba16f width=64 height=64 format=rgba16f_row_major result=00000000 bytes=32768
motion_output_color_readback device=1 frame=1 file=color_1_1.bgra8 width=64 height=64 format=bgra8_row_major result=00000000 bytes=16384
motion_output_taa_readback device=1 frame=1 file=taa_1_1.rgba16f width=64 height=64 format=rgba16f_row_major result=00000000 bytes=32768
capture_event device=1 frame=1 seq=7 after_draw=3 op=stretch_rect result=00000000 qpc=9616817015245
stretch_rect source=02158cc0 dest=02158d50 filter=0 source_rect_null=1 dest_rect_null=1
surface role=stretch_source ptr=02158cc0 identity=1 width=64 height=64 format=21 usage=1 msaa=0 container=0 container_type=0 container_result=80004002
surface role=stretch_dest ptr=02158d50 identity=7 width=64 height=64 format=21 usage=1 msaa=0 container=8 container_type=3 container_result=00000000
capture_event device=1 frame=1 seq=8 after_draw=3 op=set_depth result=00000000 qpc=9616817078478
set_depth ptr=02158cf0 result=00000000
surface role=depth_binding ptr=02158cf0 identity=2 width=64 height=64 format=77 usage=2 msaa=0 container=0 container_type=0 container_result=80004002
motion_output_readback device=1 frame=1 file=motion_1_1.rgba32f width=64 height=64 format=rgba32f_row_major result=00000000 bytes=65536
motion_output_depth_readback device=1 frame=1 file=depth_1_1.r32f width=64 height=64 format=r32f_row_major result=00000000 bytes=16384
motion_output_frame device=1 frame=1 latched=1 filled=1 fill_result=00000000 fill_restore=00000000 draws=3 routed=2 matched=2 gate1=0 gate2=1 gate3=0 gate4=0 gate5=0 gate6=0 apply_failures=0 restore_failures=0 history_previous=2 history_current=0 committed=1 selector_state=9 present=00000000 depth=1 depth_routed=2 jitter=1 jitter_index=1 jitter_x=-0.250000 jitter_y=0.166667 jitter_previous_x=0.000000 jitter_previous_y=-0.166667 jittered=2 cut=0 cut_median_px=1.6000 cut_missing=0.0000 cut_samples=2 taa=1 taa_attempted=1 taa_resolved=1 taa_history=1 taa_skip=0 taa_result=00000000 taa_restore=00000000 taa_copy=00000001 taa_hdr=1 taa_k=1.00000 taa_sharpen=0 scene_open=0 active_queries=0 taa_references=10 camera_valid=0 camera_background_valid=0 camera_reads=0 camera_policy=1 camera_reason=2 camera_cut=0 camera_rotation_deg=0.0000 rt_mode=perdraw timing=cpu_qpc set_rt=8 lazy_flushes=0 jitter_writes=4 readbacks=5 gate_us=56.5 route_draw_us=19.0 set_rt_us=9.2 lazy_flush_us=0.0 jitter_us=1.5 fill_us=76.0 taa_run_us=269.4 taa_capture_us=15.7 taa_copy_color_us=0.2 taa_copy_depth_us=3.9 taa_draw_us=225.6 taa_apply_us=15.6 taa_copy_back_us=0.0 readback_us=6636.3 state_shadow=1 rs_queries=18 rs_hits=18 rs_gets=14 rs_resyncs=0 sb_resyncs=0 scene_hook=0 scene_end_source=stretchrect scene_end_check=3 hook_signals=0 hook_outside_scene=0 hook_state=0 draws_after_hook=0 bloom_copy_seen=1 mip_bias=0 mip_bias_sets=0 mip_bias_restores=0 mip_bias_draws=0 mip_bias_stages=0000 mip_bias_reads=0 mip_bias_game_writes=0 mip_bias_game_writes_total=0 mip_bias_failures=0 mip_bias_biased_now=0000
camera_state device=1 frame=1 status=executable_mismatch reads=0 valid=0 read_failure=0 failure=0 projection=00000000 view=00000000 p00=0 p11=0 p20=0 p21=0 r00=0 r01=0 r02=0 r10=0 r11=0 r12=0 r20=0 r21=0 r22=0 t=0,0,0 background_valid=0 background_p00=0 background_p11=0 background_rotation_deg=0.0000 history_view_valid=0 history_view_frame=1 rotation_deg=0.0000 policy=1 reason=2 camera_cut=0 mode=0 cut_deg=20.00
hdr_frame device=1 frame=1 hdr=1 redirected=1 end=bloom_copy writebacks=2 flushes=1 writeback_source=shader unwind=0 unwind_reason=none unwind_draw=00000001 unwind_restore=00000001 unwind_stretch=00000001 unwind_bind=00000001 blocked=0 recheck=none suspended=0 resumed=0 dirty_at_present=0 refused_msaa=0 target_create=00000000 latch_bind=00000000 target=64x64 target_bytes=32768 caps=ok stretch_conversion=00000000 timing=cpu_qpc redirect_us=9.4 writeback_us=142.3 writeback_draw_us=140.4 writeback_stretch_us=0.0 bind_us=0.0 recheck_us=0.0 tonemap=agx tonemapped=1 look=none decode=gamma2.2 clamp=0 exposure=manual ev=0.00000 ev_adapted=0.00000 ev_target=0.00000 avg_log_l=0.00000 luma_mean=1 dt_ms=0.000 stepped=0 steps=0 meter=00000001 readback=00000001 tonemap_draw=00000000 fallback=0 meter_us=0.0 readback_us=0.0 k=1.00000 chain_bytes=0 sharpen=off sharpened=0 sharpen_fallback=0
frame_end device=1 frame=1 draws=3 capture=1 present=00000000 elapsed_ms=1187 dt_ms=19 qpc=9616817094972
ownership_copy_depth phase=present device=1 frame=1 result=00000000 status=00000001 requested=0 available=0 source_bound=0 copy_valid=0 generation=0 source_epoch=0 copy_epoch=0 source_width=0 source_height=0 source_format=0 source_type=0 source_usage=0 source_pool=0 source_msaa=0 source_quality=0
frame_begin device=1 frame=2
capture_event device=1 frame=2 seq=1 after_draw=0 op=clear result=00000000 qpc=9616817095660
clear flags=3 color=ff203040 z=1 stencil=0 rect_count=0 rect_ptr=00000000
surface role=clear_rt0 ptr=02158cc0 identity=1 width=64 height=64 format=21 usage=1 msaa=0 container=0 container_type=0 container_result=80004002
surface role=clear_depth ptr=02158cf0 identity=2 width=64 height=64 format=77 usage=2 msaa=0 container=0 container_type=0 container_result=80004002
clear_viewport result=00000000 x=0 y=0 w=64 h=64 minz=0 maxz=1
capture_event device=1 frame=2 seq=2 after_draw=0 op=draw_begin result=00000000 qpc=9616817096825
draw device=1 frame=2 index=1 kind=primitive topology=4 primitives=1 vs=53a0a641107ed76c ps=98731d5594e36226
geometry source=buffers
stream slot=0 result=00000000 identity=3 offset=0 stride=24 frequency=1 frequency_result=00000000
vertex_buffer identity=3 bytes=72 usage=0 pool=1 fvf=0
buffer_content kind=vertex identity=3 result=00000000 status=00000001 requested=0 known=0 ambiguous=0 revision=0 pending=0 flags=00000000
stream slot=1 result=00000000 identity=0
stream slot=2 result=00000000 identity=0
stream slot=3 result=00000000 identity=0
stream slot=4 result=00000000 identity=0
stream slot=5 result=00000000 identity=0
stream slot=6 result=00000000 identity=0
stream slot=7 result=00000000 identity=0
stream slot=8 result=00000000 identity=0
stream slot=9 result=00000000 identity=0
stream slot=10 result=00000000 identity=0
stream slot=11 result=00000000 identity=0
stream slot=12 result=00000000 identity=0
stream slot=13 result=00000000 identity=0
stream slot=14 result=00000000 identity=0
stream slot=15 result=00000000 identity=0
indices result=00000000 identity=0
surface role=rt0 ptr=02158cc0 identity=1 width=64 height=64 format=21 usage=1 msaa=0 container=0 container_type=0 container_result=80004002
surface role=depth ptr=02158cf0 identity=2 width=64 height=64 format=77 usage=2 msaa=0 container=0 container_type=0 container_result=80004002
state id=7 value=0
state id=14 value=0
state id=23 value=4
state id=15 value=1
state id=24 value=0
state id=25 value=8
state id=27 value=1
state id=19 value=2
state id=20 value=1
state id=171 value=1
state id=22 value=2
state id=168 value=7
state id=194 value=0
state id=206 value=0
state id=52 value=1
state id=56 value=8
state id=57 value=0
state id=58 value=4294967295
state id=59 value=4294967295
state id=53 value=1
state id=54 value=1
state id=55 value=1
state id=185 value=0
state id=189 value=8
state id=186 value=1
state id=187 value=1
state id=188 value=1
viewport x=0 y=0 w=64 h=64 minz=0 maxz=1
texture stage=0 ptr=02158b70 type=3 identity=9 levels=1
texture_desc stage=0 w=2 h=2 format=21
sampler stage=0 state=6 value=1
sampler stage=0 state=5 value=1
sampler stage=0 state=7 value=0
sampler stage=0 state=10 value=1
sampler stage=0 state=11 value=0
sampler stage=0 state=8 value=0 bias=0
sampler stage=0 state=9 value=0
texture stage=1 ptr=02158bd0 type=3 identity=10 levels=1
texture_desc stage=1 w=2 h=2 format=21
sampler stage=1 state=6 value=1
sampler stage=1 state=5 value=1
sampler stage=1 state=7 value=0
sampler stage=1 state=10 value=1
sampler stage=1 state=11 value=0
sampler stage=1 state=8 value=0 bias=0
sampler stage=1 state=9 value=0
texture stage=2 ptr=02158c30 type=3 identity=11 levels=1
texture_desc stage=2 w=2 h=2 format=21
sampler stage=2 state=6 value=1
sampler stage=2 state=5 value=1
sampler stage=2 state=7 value=0
sampler stage=2 state=10 value=1
sampler stage=2 state=11 value=0
sampler stage=2 state=8 value=0 bias=0
sampler stage=2 state=9 value=0
texture stage=3 ptr=02158c90 type=5 identity=12 levels=1
sampler stage=3 state=6 value=1
sampler stage=3 state=5 value=1
sampler stage=3 state=7 value=0
sampler stage=3 state=10 value=1
sampler stage=3 state=11 value=0
sampler stage=3 state=8 value=0 bias=0
sampler stage=3 state=9 value=0
sampler stage=4 state=6 value=1
sampler stage=4 state=5 value=1
sampler stage=4 state=7 value=0
sampler stage=4 state=10 value=1
sampler stage=4 state=11 value=0
sampler stage=4 state=8 value=0 bias=0
sampler stage=4 state=9 value=0
sampler stage=5 state=6 value=1
sampler stage=5 state=5 value=1
sampler stage=5 state=7 value=0
sampler stage=5 state=10 value=1
sampler stage=5 state=11 value=0
sampler stage=5 state=8 value=0 bias=0
sampler stage=5 state=9 value=0
sampler stage=6 state=6 value=1
sampler stage=6 state=5 value=1
sampler stage=6 state=7 value=0
sampler stage=6 state=10 value=1
sampler stage=6 state=11 value=0
sampler stage=6 state=8 value=0 bias=0
sampler stage=6 state=9 value=0
sampler stage=7 state=6 value=1
sampler stage=7 state=5 value=1
sampler stage=7 state=7 value=0
sampler stage=7 state=10 value=1
sampler stage=7 state=11 value=0
sampler stage=7 state=8 value=0 bias=0
sampler stage=7 state=9 value=0
sampler stage=8 state=6 value=1
sampler stage=8 state=5 value=1
sampler stage=8 state=7 value=0
sampler stage=8 state=10 value=1
sampler stage=8 state=11 value=0
sampler stage=8 state=8 value=0 bias=0
sampler stage=8 state=9 value=0
sampler stage=9 state=6 value=1
sampler stage=9 state=5 value=1
sampler stage=9 state=7 value=0
sampler stage=9 state=10 value=1
sampler stage=9 state=11 value=0
sampler stage=9 state=8 value=0 bias=0
sampler stage=9 state=9 value=0
sampler stage=10 state=6 value=1
sampler stage=10 state=5 value=1
sampler stage=10 state=7 value=0
sampler stage=10 state=10 value=1
sampler stage=10 state=11 value=0
sampler stage=10 state=8 value=0 bias=0
sampler stage=10 state=9 value=0
sampler stage=11 state=6 value=1
sampler stage=11 state=5 value=1
sampler stage=11 state=7 value=0
sampler stage=11 state=10 value=1
sampler stage=11 state=11 value=0
sampler stage=11 state=8 value=0 bias=0
sampler stage=11 state=9 value=0
sampler stage=12 state=6 value=1
sampler stage=12 state=5 value=1
sampler stage=12 state=7 value=0
sampler stage=12 state=10 value=1
sampler stage=12 state=11 value=0
sampler stage=12 state=8 value=0 bias=0
sampler stage=12 state=9 value=0
sampler stage=13 state=6 value=1
sampler stage=13 state=5 value=1
sampler stage=13 state=7 value=0
sampler stage=13 state=10 value=1
sampler stage=13 state=11 value=0
sampler stage=13 state=8 value=0 bias=0
sampler stage=13 state=9 value=0
sampler stage=14 state=6 value=1
sampler stage=14 state=5 value=1
sampler stage=14 state=7 value=0
sampler stage=14 state=10 value=1
sampler stage=14 state=11 value=0
sampler stage=14 state=8 value=0 bias=0
sampler stage=14 state=9 value=0
sampler stage=15 state=6 value=1
sampler stage=15 state=5 value=1
sampler stage=15 state=7 value=0
sampler stage=15 state=10 value=1
sampler stage=15 state=11 value=0
sampler stage=15 state=8 value=0 bias=0
sampler stage=15 state=9 value=0
vertex_element stream=0 offset=0 type=16 method=0 usage=0 index=0
vertex_element stream=0 offset=8 type=16 method=0 usage=5 index=0
vertex_element stream=0 offset=16 type=16 method=0 usage=3 index=0
vertex_element stream=255 offset=0 type=17 method=0 usage=0 index=0
transform state=256 row=0 values=1,0,0,0
transform state=256 row=1 values=0,1,0,0
transform state=256 row=2 values=0,0,1,0
transform state=256 row=3 values=0,0,0,1
transform state=2 row=0 values=1,0,0,0
transform state=2 row=1 values=0,1,0,0
transform state=2 row=2 values=0,0,1,0
transform state=2 row=3 values=0,0,0,1
transform state=3 row=0 values=1,0,0,0
transform state=3 row=1 values=0,1,0,0
transform state=3 row=2 values=0,0,1,0
transform state=3 row=3 values=0,0,0,1
constants kind=vs type=f count=256 result=00000000 encoding=sparse_zero
constant kind=vs type=f reg=0 bits=bf800000,3f800000,40400000,00000000
constant kind=vs type=f reg=1 bits=3d23d70a,3ccccccd,3c75c28f,00000000
constant kind=vs type=f reg=2 bits=3f800000,3d4ccccd,00000000,00000000
constant kind=vs type=f reg=3 bits=00000000,3f800000,40400000,00000000
constant kind=vs type=f reg=4 bits=3d23d70a,3ccccccd,3c75c28f,00000000
constant kind=vs type=f reg=5 bits=3f800000,3d4ccccd,00000000,00000000
constant kind=vs type=f reg=6 bits=3f800000,3f800000,40400000,00000000
constant kind=vs type=f reg=7 bits=3d23d70a,3ccccccd,3c75c28f,00000000
constant kind=vs type=f reg=8 bits=3f800000,3d4ccccd,00000000,00000000
constant kind=vs type=f reg=9 bits=bf800000,3f800000,40400000,00000000
constant kind=vs type=f reg=10 bits=3d23d70a,3ccccccd,3c75c28f,00000000
constant kind=vs type=f reg=11 bits=3f800000,3d4ccccd,00000000,00000000
constant kind=vs type=f reg=12 bits=00000000,3f800000,40400000,00000000
constant kind=vs type=f reg=13 bits=3d23d70a,3ccccccd,3c75c28f,00000000
constant kind=vs type=f reg=14 bits=3f800000,3d4ccccd,00000000,00000000
constant kind=vs type=f reg=15 bits=3f800000,3f800000,40400000,00000000
constant kind=vs type=f reg=16 bits=3d23d70a,3ccccccd,3c75c28f,00000000
constant kind=vs type=f reg=17 bits=3f800000,3d4ccccd,00000000,00000000
constant kind=vs type=f reg=18 bits=bf800000,3f800000,40400000,00000000
constant kind=vs type=f reg=19 bits=3d23d70a,3ccccccd,3c75c28f,00000000
constant kind=vs type=f reg=20 bits=3f800000,3d4ccccd,00000000,00000000
constant kind=vs type=f reg=21 bits=00000000,3f800000,40400000,00000000
constant kind=vs type=f reg=22 bits=3d23d70a,3ccccccd,3c75c28f,00000000
constant kind=vs type=f reg=23 bits=3f800000,3d4ccccd,00000000,00000000
constant kind=vs type=f reg=24 bits=3f800000,00000000,00000000,00000000
constant kind=vs type=f reg=25 bits=00000000,3f800000,00000000,00000000
constant kind=vs type=f reg=26 bits=00000000,00000000,3f800000,00000000
constant kind=vs type=f reg=27 bits=00000000,00000000,00000000,3f800000
constant kind=vs type=f reg=28 bits=3f800000,00000000,00000000,00000000
constant kind=vs type=f reg=29 bits=00000000,3f800000,00000000,00000000
constant kind=vs type=f reg=30 bits=00000000,00000000,3f800000,00000000
constant kind=vs type=f reg=31 bits=3f800000,00000000,00000000,00000000
constant kind=vs type=f reg=32 bits=00000000,3f800000,00000000,00000000
constant kind=vs type=f reg=33 bits=00000000,00000000,3f800000,00000000
constant kind=vs type=f reg=34 bits=3f800000,00000000,00000000,00000000
constant kind=vs type=f reg=35 bits=00000000,3f800000,00000000,00000000
constant kind=vs type=f reg=36 bits=00000000,00000000,3f800000,40800000
constant kind=vs type=f reg=37 bits=3f800000,00000000,00000000,00000000
constant kind=vs type=f reg=38 bits=00000000,3f800000,00000000,00000000
constant kind=vs type=f reg=39 bits=3f200000,00000000,00000000,00000000
constant kind=vs type=f reg=40 bits=3e4ccccd,3dcccccd,3d4ccccd,00000000
constant kind=vs type=f reg=41 bits=3f800000,00000000,00000000,00000000
constant kind=vs type=f reg=252 bits=42c80000,42ca0000,42cc0000,42ce0000
constant kind=vs type=f reg=253 bits=42d00000,42d20000,42d40000,42d60000
constant kind=vs type=f reg=254 bits=42d80000,42da0000,42dc0000,42de0000
constant kind=vs type=f reg=255 bits=42e00000,42e20000,42e40000,42e60000
constants kind=vs type=i count=16 result=00000000 encoding=full
constant kind=vs type=i reg=0 values=1,0,1,0
constant kind=vs type=i reg=1 values=0,0,0,0
constant kind=vs type=i reg=2 values=0,0,0,0
constant kind=vs type=i reg=3 values=0,0,0,0
constant kind=vs type=i reg=4 values=0,0,0,0
constant kind=vs type=i reg=5 values=0,0,0,0
constant kind=vs type=i reg=6 values=0,0,0,0
constant kind=vs type=i reg=7 values=0,0,0,0
constant kind=vs type=i reg=8 values=0,0,0,0
constant kind=vs type=i reg=9 values=0,0,0,0
constant kind=vs type=i reg=10 values=0,0,0,0
constant kind=vs type=i reg=11 values=0,0,0,0
constant kind=vs type=i reg=12 values=0,0,0,0
constant kind=vs type=i reg=13 values=0,0,0,0
constant kind=vs type=i reg=14 values=0,0,0,0
constant kind=vs type=i reg=15 values=0,0,0,0
constants kind=vs type=b count=16 result=00000000 encoding=full
constant kind=vs type=b reg=0 values=0
constant kind=vs type=b reg=1 values=0
constant kind=vs type=b reg=2 values=0
constant kind=vs type=b reg=3 values=0
constant kind=vs type=b reg=4 values=0
constant kind=vs type=b reg=5 values=0
constant kind=vs type=b reg=6 values=0
constant kind=vs type=b reg=7 values=0
constant kind=vs type=b reg=8 values=0
constant kind=vs type=b reg=9 values=0
constant kind=vs type=b reg=10 values=0
constant kind=vs type=b reg=11 values=0
constant kind=vs type=b reg=12 values=0
constant kind=vs type=b reg=13 values=0
constant kind=vs type=b reg=14 values=0
constant kind=vs type=b reg=15 values=0
constants kind=ps type=f count=224 result=00000000 encoding=sparse_zero
constant kind=ps type=f reg=0 bits=3f800000,00000000,00000000,00000000
constant kind=ps type=f reg=1 bits=00000000,3f800000,00000000,00000000
constant kind=ps type=f reg=2 bits=00000000,00000000,3f800000,00000000
constant kind=ps type=f reg=3 bits=3e800000,00000000,00000000,00000000
constant kind=ps type=f reg=4 bits=00000000,00000000,3f800000,00000000
constant kind=ps type=f reg=5 bits=3e99999a,3e4ccccd,3dcccccd,00000000
constant kind=ps type=f reg=6 bits=3f000000,00000000,3f000000,00000000
constant kind=ps type=f reg=7 bits=3dcccccd,3e19999a,3e4ccccd,00000000
constant kind=ps type=f reg=216 bits=43480000,43490000,434a0000,434b0000
constant kind=ps type=f reg=217 bits=434c0000,434d0000,434e0000,434f0000
constants kind=ps type=i count=16 result=00000000 encoding=full
constant kind=ps type=i reg=0 values=0,0,0,0
constant kind=ps type=i reg=1 values=0,0,0,0
constant kind=ps type=i reg=2 values=0,0,0,0
constant kind=ps type=i reg=3 values=0,0,0,0
constant kind=ps type=i reg=4 values=0,0,0,0
constant kind=ps type=i reg=5 values=0,0,0,0
constant kind=ps type=i reg=6 values=0,0,0,0
constant kind=ps type=i reg=7 values=0,0,0,0
constant kind=ps type=i reg=8 values=0,0,0,0
constant kind=ps type=i reg=9 values=0,0,0,0
constant kind=ps type=i reg=10 values=0,0,0,0
constant kind=ps type=i reg=11 values=0,0,0,0
constant kind=ps type=i reg=12 values=0,0,0,0
constant kind=ps type=i reg=13 values=0,0,0,0
constant kind=ps type=i reg=14 values=0,0,0,0
constant kind=ps type=i reg=15 values=0,0,0,0
constants kind=ps type=b count=16 result=00000000 encoding=full
constant kind=ps type=b reg=0 values=0
constant kind=ps type=b reg=1 values=0
constant kind=ps type=b reg=2 values=0
constant kind=ps type=b reg=3 values=0
constant kind=ps type=b reg=4 values=0
constant kind=ps type=b reg=5 values=0
constant kind=ps type=b reg=6 values=0
constant kind=ps type=b reg=7 values=0
constant kind=ps type=b reg=8 values=0
constant kind=ps type=b reg=9 values=0
constant kind=ps type=b reg=10 values=0
constant kind=ps type=b reg=11 values=0
constant kind=ps type=b reg=12 values=0
constant kind=ps type=b reg=13 values=0
constant kind=ps type=b reg=14 values=0
constant kind=ps type=b reg=15 values=0
draw_args start_vertex=0
motion_input device=1 frame=2 index=1 blockers=00000252 proofs=20 position_path=1 vs=53a0a641107ed76c ps=98731d5594e36226 declaration=0cdf6a8c884ad955 rows_hash=1b0c97ae01a7ec05 color=1 depth=2 width=64 height=64 cull=2 vb=3 vb_revision=0 ib=0 ib_revision=0 position_offset=0 position_type=16 lifetime_verified=0 vertex_finite_verified=0
motion_geometry device=1 frame=2 index=1 source_qualified=1 source_hash=53a0a641107ed76c source_words=526 finite_requested=0 finite_state=0 finite_reason=4 finite_status=00000001 finite_generation=0 finite_revision=0 index_required=0 index_requested=0 index_known=0 index_range_verified=0 index_exact=0 index_min=0 index_max=0 index_reason=1 index_status=00000001 index_generation=0 index_revision=0
draw_result device=1 frame=2 index=1 result=00000000
capture_event device=1 frame=2 seq=3 after_draw=1 op=clear result=00000000 qpc=9616817106753
clear flags=2 color=00000000 z=1 stencil=0 rect_count=0 rect_ptr=00000000
surface role=clear_rt0 ptr=02158cc0 identity=1 width=64 height=64 format=21 usage=1 msaa=0 container=0 container_type=0 container_result=80004002
surface role=clear_depth ptr=02158cf0 identity=2 width=64 height=64 format=77 usage=2 msaa=0 container=0 container_type=0 container_result=80004002
clear_viewport result=00000000 x=0 y=0 w=64 h=64 minz=0 maxz=1
capture_event device=1 frame=2 seq=4 after_draw=1 op=draw_begin result=00000000 qpc=9616817107699
draw device=1 frame=2 index=2 kind=primitive topology=4 primitives=1 vs=53a0a641107ed76c ps=8759c7838bbc86c2
geometry source=buffers
stream slot=0 result=00000000 identity=3 offset=0 stride=24 frequency=1 frequency_result=00000000
vertex_buffer identity=3 bytes=72 usage=0 pool=1 fvf=0
buffer_content kind=vertex identity=3 result=00000000 status=00000001 requested=0 known=0 ambiguous=0 revision=0 pending=0 flags=00000000
stream slot=1 result=00000000 identity=0
stream slot=2 result=00000000 identity=0
stream slot=3 result=00000000 identity=0
stream slot=4 result=00000000 identity=0
stream slot=5 result=00000000 identity=0
stream slot=6 result=00000000 identity=0
stream slot=7 result=00000000 identity=0
stream slot=8 result=00000000 identity=0
stream slot=9 result=00000000 identity=0
stream slot=10 result=00000000 identity=0
stream slot=11 result=00000000 identity=0
stream slot=12 result=00000000 identity=0
stream slot=13 result=00000000 identity=0
stream slot=14 result=00000000 identity=0
stream slot=15 result=00000000 identity=0
indices result=00000000 identity=0
surface role=rt0 ptr=02158cc0 identity=1 width=64 height=64 format=21 usage=1 msaa=0 container=0 container_type=0 container_result=80004002
surface role=depth ptr=02158cf0 identity=2 width=64 height=64 format=77 usage=2 msaa=0 container=0 container_type=0 container_result=80004002
state id=7 value=1
state id=14 value=1
state id=23 value=4
state id=15 value=0
state id=24 value=0
state id=25 value=8
state id=27 value=0
state id=19 value=2
state id=20 value=1
state id=171 value=1
state id=22 value=1
state id=168 value=15
state id=194 value=0
state id=206 value=0
state id=52 value=0
state id=56 value=8
state id=57 value=0
state id=58 value=4294967295
state id=59 value=4294967295
state id=53 value=1
state id=54 value=1
state id=55 value=1
state id=185 value=0
state id=189 value=8
state id=186 value=1
state id=187 value=1
state id=188 value=1
viewport x=0 y=0 w=64 h=64 minz=0 maxz=1
texture stage=0 ptr=02158b70 type=3 identity=9 levels=1
texture_desc stage=0 w=2 h=2 format=21
sampler stage=0 state=6 value=1
sampler stage=0 state=5 value=1
sampler stage=0 state=7 value=0
sampler stage=0 state=10 value=1
sampler stage=0 state=11 value=0
sampler stage=0 state=8 value=0 bias=0
sampler stage=0 state=9 value=0
texture stage=1 ptr=02158bd0 type=3 identity=10 levels=1
texture_desc stage=1 w=2 h=2 format=21
sampler stage=1 state=6 value=1
sampler stage=1 state=5 value=1
sampler stage=1 state=7 value=0
sampler stage=1 state=10 value=1
sampler stage=1 state=11 value=0
sampler stage=1 state=8 value=0 bias=0
sampler stage=1 state=9 value=0
texture stage=2 ptr=02158c30 type=3 identity=11 levels=1
texture_desc stage=2 w=2 h=2 format=21
sampler stage=2 state=6 value=1
sampler stage=2 state=5 value=1
sampler stage=2 state=7 value=0
sampler stage=2 state=10 value=1
sampler stage=2 state=11 value=0
sampler stage=2 state=8 value=0 bias=0
sampler stage=2 state=9 value=0
texture stage=3 ptr=02158c90 type=5 identity=12 levels=1
sampler stage=3 state=6 value=1
sampler stage=3 state=5 value=1
sampler stage=3 state=7 value=0
sampler stage=3 state=10 value=1
sampler stage=3 state=11 value=0
sampler stage=3 state=8 value=0 bias=0
sampler stage=3 state=9 value=0
sampler stage=4 state=6 value=1
sampler stage=4 state=5 value=1
sampler stage=4 state=7 value=0
sampler stage=4 state=10 value=1
sampler stage=4 state=11 value=0
sampler stage=4 state=8 value=0 bias=0
sampler stage=4 state=9 value=0
sampler stage=5 state=6 value=1
sampler stage=5 state=5 value=1
sampler stage=5 state=7 value=0
sampler stage=5 state=10 value=1
sampler stage=5 state=11 value=0
sampler stage=5 state=8 value=0 bias=0
sampler stage=5 state=9 value=0
sampler stage=6 state=6 value=1
sampler stage=6 state=5 value=1
sampler stage=6 state=7 value=0
sampler stage=6 state=10 value=1
sampler stage=6 state=11 value=0
sampler stage=6 state=8 value=0 bias=0
sampler stage=6 state=9 value=0
sampler stage=7 state=6 value=1
sampler stage=7 state=5 value=1
sampler stage=7 state=7 value=0
sampler stage=7 state=10 value=1
sampler stage=7 state=11 value=0
sampler stage=7 state=8 value=0 bias=0
sampler stage=7 state=9 value=0
sampler stage=8 state=6 value=1
sampler stage=8 state=5 value=1
sampler stage=8 state=7 value=0
sampler stage=8 state=10 value=1
sampler stage=8 state=11 value=0
sampler stage=8 state=8 value=0 bias=0
sampler stage=8 state=9 value=0
sampler stage=9 state=6 value=1
sampler stage=9 state=5 value=1
sampler stage=9 state=7 value=0
sampler stage=9 state=10 value=1
sampler stage=9 state=11 value=0
sampler stage=9 state=8 value=0 bias=0
sampler stage=9 state=9 value=0
sampler stage=10 state=6 value=1
sampler stage=10 state=5 value=1
sampler stage=10 state=7 value=0
sampler stage=10 state=10 value=1
sampler stage=10 state=11 value=0
sampler stage=10 state=8 value=0 bias=0
sampler stage=10 state=9 value=0
sampler stage=11 state=6 value=1
sampler stage=11 state=5 value=1
sampler stage=11 state=7 value=0
sampler stage=11 state=10 value=1
sampler stage=11 state=11 value=0
sampler stage=11 state=8 value=0 bias=0
sampler stage=11 state=9 value=0
sampler stage=12 state=6 value=1
sampler stage=12 state=5 value=1
sampler stage=12 state=7 value=0
sampler stage=12 state=10 value=1
sampler stage=12 state=11 value=0
sampler stage=12 state=8 value=0 bias=0
sampler stage=12 state=9 value=0
sampler stage=13 state=6 value=1
sampler stage=13 state=5 value=1
sampler stage=13 state=7 value=0
sampler stage=13 state=10 value=1
sampler stage=13 state=11 value=0
sampler stage=13 state=8 value=0 bias=0
sampler stage=13 state=9 value=0
sampler stage=14 state=6 value=1
sampler stage=14 state=5 value=1
sampler stage=14 state=7 value=0
sampler stage=14 state=10 value=1
sampler stage=14 state=11 value=0
sampler stage=14 state=8 value=0 bias=0
sampler stage=14 state=9 value=0
sampler stage=15 state=6 value=1
sampler stage=15 state=5 value=1
sampler stage=15 state=7 value=0
sampler stage=15 state=10 value=1
sampler stage=15 state=11 value=0
sampler stage=15 state=8 value=0 bias=0
sampler stage=15 state=9 value=0
vertex_element stream=0 offset=0 type=16 method=0 usage=0 index=0
vertex_element stream=0 offset=8 type=16 method=0 usage=5 index=0
vertex_element stream=0 offset=16 type=16 method=0 usage=3 index=0
vertex_element stream=255 offset=0 type=17 method=0 usage=0 index=0
transform state=256 row=0 values=1,0,0,0
transform state=256 row=1 values=0,1,0,0
transform state=256 row=2 values=0,0,1,0
transform state=256 row=3 values=0,0,0,1
transform state=2 row=0 values=1,0,0,0
transform state=2 row=1 values=0,1,0,0
transform state=2 row=2 values=0,0,1,0
transform state=2 row=3 values=0,0,0,1
transform state=3 row=0 values=1,0,0,0
transform state=3 row=1 values=0,1,0,0
transform state=3 row=2 values=0,0,1,0
transform state=3 row=3 values=0,0,0,1
constants kind=vs type=f count=256 result=00000000 encoding=sparse_zero
constant kind=vs type=f reg=0 bits=bf800000,3f800000,40400000,00000000
constant kind=vs type=f reg=1 bits=3d23d70a,3ccccccd,3c75c28f,00000000
constant kind=vs type=f reg=2 bits=3f800000,3d4ccccd,00000000,00000000
constant kind=vs type=f reg=3 bits=00000000,3f800000,40400000,00000000
constant kind=vs type=f reg=4 bits=3d23d70a,3ccccccd,3c75c28f,00000000
constant kind=vs type=f reg=5 bits=3f800000,3d4ccccd,00000000,00000000
constant kind=vs type=f reg=6 bits=3f800000,3f800000,40400000,00000000
constant kind=vs type=f reg=7 bits=3d23d70a,3ccccccd,3c75c28f,00000000
constant kind=vs type=f reg=8 bits=3f800000,3d4ccccd,00000000,00000000
constant kind=vs type=f reg=9 bits=bf800000,3f800000,40400000,00000000
constant kind=vs type=f reg=10 bits=3d23d70a,3ccccccd,3c75c28f,00000000
constant kind=vs type=f reg=11 bits=3f800000,3d4ccccd,00000000,00000000
constant kind=vs type=f reg=12 bits=00000000,3f800000,40400000,00000000
constant kind=vs type=f reg=13 bits=3d23d70a,3ccccccd,3c75c28f,00000000
constant kind=vs type=f reg=14 bits=3f800000,3d4ccccd,00000000,00000000
constant kind=vs type=f reg=15 bits=3f800000,3f800000,40400000,00000000
constant kind=vs type=f reg=16 bits=3d23d70a,3ccccccd,3c75c28f,00000000
constant kind=vs type=f reg=17 bits=3f800000,3d4ccccd,00000000,00000000
constant kind=vs type=f reg=18 bits=bf800000,3f800000,40400000,00000000
constant kind=vs type=f reg=19 bits=3d23d70a,3ccccccd,3c75c28f,00000000
constant kind=vs type=f reg=20 bits=3f800000,3d4ccccd,00000000,00000000
constant kind=vs type=f reg=21 bits=00000000,3f800000,40400000,00000000
constant kind=vs type=f reg=22 bits=3d23d70a,3ccccccd,3c75c28f,00000000
constant kind=vs type=f reg=23 bits=3f800000,3d4ccccd,00000000,00000000
constant kind=vs type=f reg=24 bits=3f800000,00000000,00000000,3f4ccccd
constant kind=vs type=f reg=25 bits=00000000,3f800000,00000000,00000000
constant kind=vs type=f reg=26 bits=00000000,00000000,3f800000,00000000
constant kind=vs type=f reg=27 bits=3e000000,00000000,00000000,3f800000
constant kind=vs type=f reg=28 bits=3f800000,00000000,00000000,00000000
constant kind=vs type=f reg=29 bits=00000000,3f800000,00000000,00000000
constant kind=vs type=f reg=30 bits=00000000,00000000,3f800000,00000000
constant kind=vs type=f reg=31 bits=3f800000,00000000,00000000,00000000
constant kind=vs type=f reg=32 bits=00000000,3f800000,00000000,00000000
constant kind=vs type=f reg=33 bits=00000000,00000000,3f800000,00000000
constant kind=vs type=f reg=34 bits=3f800000,00000000,00000000,00000000
constant kind=vs type=f reg=35 bits=00000000,3f800000,00000000,00000000
constant kind=vs type=f reg=36 bits=00000000,00000000,3f800000,40800000
constant kind=vs type=f reg=37 bits=3f800000,00000000,00000000,00000000
constant kind=vs type=f reg=38 bits=00000000,3f800000,00000000,00000000
constant kind=vs type=f reg=39 bits=3f200000,00000000,00000000,00000000
constant kind=vs type=f reg=40 bits=3e4ccccd,3dcccccd,3d4ccccd,00000000
constant kind=vs type=f reg=41 bits=3f800000,00000000,00000000,00000000
constant kind=vs type=f reg=252 bits=42c80000,42ca0000,42cc0000,42ce0000
constant kind=vs type=f reg=253 bits=42d00000,42d20000,42d40000,42d60000
constant kind=vs type=f reg=254 bits=42d80000,42da0000,42dc0000,42de0000
constant kind=vs type=f reg=255 bits=42e00000,42e20000,42e40000,42e60000
constants kind=vs type=i count=16 result=00000000 encoding=full
constant kind=vs type=i reg=0 values=1,0,1,0
constant kind=vs type=i reg=1 values=0,0,0,0
constant kind=vs type=i reg=2 values=0,0,0,0
constant kind=vs type=i reg=3 values=0,0,0,0
constant kind=vs type=i reg=4 values=0,0,0,0
constant kind=vs type=i reg=5 values=0,0,0,0
constant kind=vs type=i reg=6 values=0,0,0,0
constant kind=vs type=i reg=7 values=0,0,0,0
constant kind=vs type=i reg=8 values=0,0,0,0
constant kind=vs type=i reg=9 values=0,0,0,0
constant kind=vs type=i reg=10 values=0,0,0,0
constant kind=vs type=i reg=11 values=0,0,0,0
constant kind=vs type=i reg=12 values=0,0,0,0
constant kind=vs type=i reg=13 values=0,0,0,0
constant kind=vs type=i reg=14 values=0,0,0,0
constant kind=vs type=i reg=15 values=0,0,0,0
constants kind=vs type=b count=16 result=00000000 encoding=full
constant kind=vs type=b reg=0 values=0
constant kind=vs type=b reg=1 values=0
constant kind=vs type=b reg=2 values=0
constant kind=vs type=b reg=3 values=0
constant kind=vs type=b reg=4 values=0
constant kind=vs type=b reg=5 values=0
constant kind=vs type=b reg=6 values=0
constant kind=vs type=b reg=7 values=0
constant kind=vs type=b reg=8 values=0
constant kind=vs type=b reg=9 values=0
constant kind=vs type=b reg=10 values=0
constant kind=vs type=b reg=11 values=0
constant kind=vs type=b reg=12 values=0
constant kind=vs type=b reg=13 values=0
constant kind=vs type=b reg=14 values=0
constant kind=vs type=b reg=15 values=0
constants kind=ps type=f count=224 result=00000000 encoding=sparse_zero
constant kind=ps type=f reg=0 bits=3f800000,00000000,00000000,00000000
constant kind=ps type=f reg=1 bits=00000000,3f800000,00000000,00000000
constant kind=ps type=f reg=2 bits=00000000,00000000,3f800000,00000000
constant kind=ps type=f reg=3 bits=3e800000,00000000,00000000,00000000
constant kind=ps type=f reg=4 bits=00000000,00000000,3f800000,00000000
constant kind=ps type=f reg=5 bits=3e99999a,3e4ccccd,3dcccccd,00000000
constant kind=ps type=f reg=6 bits=3f000000,00000000,3f000000,00000000
constant kind=ps type=f reg=7 bits=3dcccccd,3e19999a,3e4ccccd,00000000
constant kind=ps type=f reg=216 bits=43480000,43490000,434a0000,434b0000
constant kind=ps type=f reg=217 bits=434c0000,434d0000,434e0000,434f0000
constants kind=ps type=i count=16 result=00000000 encoding=full
constant kind=ps type=i reg=0 values=0,0,0,0
constant kind=ps type=i reg=1 values=0,0,0,0
constant kind=ps type=i reg=2 values=0,0,0,0
constant kind=ps type=i reg=3 values=0,0,0,0
constant kind=ps type=i reg=4 values=0,0,0,0
constant kind=ps type=i reg=5 values=0,0,0,0
constant kind=ps type=i reg=6 values=0,0,0,0
constant kind=ps type=i reg=7 values=0,0,0,0
constant kind=ps type=i reg=8 values=0,0,0,0
constant kind=ps type=i reg=9 values=0,0,0,0
constant kind=ps type=i reg=10 values=0,0,0,0
constant kind=ps type=i reg=11 values=0,0,0,0
constant kind=ps type=i reg=12 values=0,0,0,0
constant kind=ps type=i reg=13 values=0,0,0,0
constant kind=ps type=i reg=14 values=0,0,0,0
constant kind=ps type=i reg=15 values=0,0,0,0
constants kind=ps type=b count=16 result=00000000 encoding=full
constant kind=ps type=b reg=0 values=0
constant kind=ps type=b reg=1 values=0
constant kind=ps type=b reg=2 values=0
constant kind=ps type=b reg=3 values=0
constant kind=ps type=b reg=4 values=0
constant kind=ps type=b reg=5 values=0
constant kind=ps type=b reg=6 values=0
constant kind=ps type=b reg=7 values=0
constant kind=ps type=b reg=8 values=0
constant kind=ps type=b reg=9 values=0
constant kind=ps type=b reg=10 values=0
constant kind=ps type=b reg=11 values=0
constant kind=ps type=b reg=12 values=0
constant kind=ps type=b reg=13 values=0
constant kind=ps type=b reg=14 values=0
constant kind=ps type=b reg=15 values=0
draw_args start_vertex=0
motion_route device=1 frame=2 index=2 gate=5 routed=1 matched=0 depth=1 jittered=1 vs=53a0a641107ed76c ps=8759c7838bbc86c2 node=00000000 camera=00000000 node_handle=0 camera_handle=0 node_serial=0 camera_serial=0 load_epoch=0 registry_epoch=0 model=00000000 lod=00000000 vb=3 ib=0 declaration=0cdf6a8c884ad955 offset=0 stride=24 position_offset=0 position_type=16 topology=4 first=0 primitives=1 base_vertex=0 min_vertex=0 vertex_count=0 indexed=0 pass=1 rows_hash=6e1905db0b783f53 result=00000000
motion_input device=1 frame=2 index=2 blockers=00000210 proofs=28 position_path=1 vs=53a0a641107ed76c ps=8759c7838bbc86c2 declaration=0cdf6a8c884ad955 rows_hash=6e1905db0b783f53 color=1 depth=2 width=64 height=64 cull=1 vb=3 vb_revision=0 ib=0 ib_revision=0 position_offset=0 position_type=16 lifetime_verified=0 vertex_finite_verified=0
motion_geometry device=1 frame=2 index=2 source_qualified=1 source_hash=53a0a641107ed76c source_words=526 finite_requested=0 finite_state=0 finite_reason=4 finite_status=00000001 finite_generation=0 finite_revision=0 index_required=0 index_requested=0 index_known=0 index_range_verified=0 index_exact=0 index_min=0 index_max=0 index_reason=1 index_status=00000001 index_generation=0 index_revision=0
draw_result device=1 frame=2 index=2 result=00000000
capture_event device=1 frame=2 seq=5 after_draw=2 op=draw_begin result=00000000 qpc=9616817118450
draw device=1 frame=2 index=3 kind=primitive topology=4 primitives=1 vs=53a0a641107ed76c ps=8759c7838bbc86c2
geometry source=buffers
stream slot=0 result=00000000 identity=6 offset=0 stride=24 frequency=1 frequency_result=00000000
vertex_buffer identity=6 bytes=72 usage=0 pool=1 fvf=0
buffer_content kind=vertex identity=6 result=00000000 status=00000001 requested=0 known=0 ambiguous=0 revision=0 pending=0 flags=00000000
stream slot=1 result=00000000 identity=0
stream slot=2 result=00000000 identity=0
stream slot=3 result=00000000 identity=0
stream slot=4 result=00000000 identity=0
stream slot=5 result=00000000 identity=0
stream slot=6 result=00000000 identity=0
stream slot=7 result=00000000 identity=0
stream slot=8 result=00000000 identity=0
stream slot=9 result=00000000 identity=0
stream slot=10 result=00000000 identity=0
stream slot=11 result=00000000 identity=0
stream slot=12 result=00000000 identity=0
stream slot=13 result=00000000 identity=0
stream slot=14 result=00000000 identity=0
stream slot=15 result=00000000 identity=0
indices result=00000000 identity=0
surface role=rt0 ptr=02158cc0 identity=1 width=64 height=64 format=21 usage=1 msaa=0 container=0 container_type=0 container_result=80004002
surface role=depth ptr=02158cf0 identity=2 width=64 height=64 format=77 usage=2 msaa=0 container=0 container_type=0 container_result=80004002
state id=7 value=1
state id=14 value=1
state id=23 value=4
state id=15 value=0
state id=24 value=0
state id=25 value=8
state id=27 value=0
state id=19 value=2
state id=20 value=1
state id=171 value=1
state id=22 value=1
state id=168 value=15
state id=194 value=0
state id=206 value=0
state id=52 value=0
state id=56 value=8
state id=57 value=0
state id=58 value=4294967295
state id=59 value=4294967295
state id=53 value=1
state id=54 value=1
state id=55 value=1
state id=185 value=0
state id=189 value=8
state id=186 value=1
state id=187 value=1
state id=188 value=1
viewport x=0 y=0 w=64 h=64 minz=0 maxz=1
texture stage=0 ptr=02158b70 type=3 identity=9 levels=1
texture_desc stage=0 w=2 h=2 format=21
sampler stage=0 state=6 value=1
sampler stage=0 state=5 value=1
sampler stage=0 state=7 value=0
sampler stage=0 state=10 value=1
sampler stage=0 state=11 value=0
sampler stage=0 state=8 value=0 bias=0
sampler stage=0 state=9 value=0
texture stage=1 ptr=02158bd0 type=3 identity=10 levels=1
texture_desc stage=1 w=2 h=2 format=21
sampler stage=1 state=6 value=1
sampler stage=1 state=5 value=1
sampler stage=1 state=7 value=0
sampler stage=1 state=10 value=1
sampler stage=1 state=11 value=0
sampler stage=1 state=8 value=0 bias=0
sampler stage=1 state=9 value=0
texture stage=2 ptr=02158c30 type=3 identity=11 levels=1
texture_desc stage=2 w=2 h=2 format=21
sampler stage=2 state=6 value=1
sampler stage=2 state=5 value=1
sampler stage=2 state=7 value=0
sampler stage=2 state=10 value=1
sampler stage=2 state=11 value=0
sampler stage=2 state=8 value=0 bias=0
sampler stage=2 state=9 value=0
texture stage=3 ptr=02158c90 type=5 identity=12 levels=1
sampler stage=3 state=6 value=1
sampler stage=3 state=5 value=1
sampler stage=3 state=7 value=0
sampler stage=3 state=10 value=1
sampler stage=3 state=11 value=0
sampler stage=3 state=8 value=0 bias=0
sampler stage=3 state=9 value=0
sampler stage=4 state=6 value=1
sampler stage=4 state=5 value=1
sampler stage=4 state=7 value=0
sampler stage=4 state=10 value=1
sampler stage=4 state=11 value=0
sampler stage=4 state=8 value=0 bias=0
sampler stage=4 state=9 value=0
sampler stage=5 state=6 value=1
sampler stage=5 state=5 value=1
sampler stage=5 state=7 value=0
sampler stage=5 state=10 value=1
sampler stage=5 state=11 value=0
sampler stage=5 state=8 value=0 bias=0
sampler stage=5 state=9 value=0
sampler stage=6 state=6 value=1
sampler stage=6 state=5 value=1
sampler stage=6 state=7 value=0
sampler stage=6 state=10 value=1
sampler stage=6 state=11 value=0
sampler stage=6 state=8 value=0 bias=0
sampler stage=6 state=9 value=0
sampler stage=7 state=6 value=1
sampler stage=7 state=5 value=1
sampler stage=7 state=7 value=0
sampler stage=7 state=10 value=1
sampler stage=7 state=11 value=0
sampler stage=7 state=8 value=0 bias=0
sampler stage=7 state=9 value=0
sampler stage=8 state=6 value=1
sampler stage=8 state=5 value=1
sampler stage=8 state=7 value=0
sampler stage=8 state=10 value=1
sampler stage=8 state=11 value=0
sampler stage=8 state=8 value=0 bias=0
sampler stage=8 state=9 value=0
sampler stage=9 state=6 value=1
sampler stage=9 state=5 value=1
sampler stage=9 state=7 value=0
sampler stage=9 state=10 value=1
sampler stage=9 state=11 value=0
sampler stage=9 state=8 value=0 bias=0
sampler stage=9 state=9 value=0
sampler stage=10 state=6 value=1
sampler stage=10 state=5 value=1
sampler stage=10 state=7 value=0
sampler stage=10 state=10 value=1
sampler stage=10 state=11 value=0
sampler stage=10 state=8 value=0 bias=0
sampler stage=10 state=9 value=0
sampler stage=11 state=6 value=1
sampler stage=11 state=5 value=1
sampler stage=11 state=7 value=0
sampler stage=11 state=10 value=1
sampler stage=11 state=11 value=0
sampler stage=11 state=8 value=0 bias=0
sampler stage=11 state=9 value=0
sampler stage=12 state=6 value=1
sampler stage=12 state=5 value=1
sampler stage=12 state=7 value=0
sampler stage=12 state=10 value=1
sampler stage=12 state=11 value=0
sampler stage=12 state=8 value=0 bias=0
sampler stage=12 state=9 value=0
sampler stage=13 state=6 value=1
sampler stage=13 state=5 value=1
sampler stage=13 state=7 value=0
sampler stage=13 state=10 value=1
sampler stage=13 state=11 value=0
sampler stage=13 state=8 value=0 bias=0
sampler stage=13 state=9 value=0
sampler stage=14 state=6 value=1
sampler stage=14 state=5 value=1
sampler stage=14 state=7 value=0
sampler stage=14 state=10 value=1
sampler stage=14 state=11 value=0
sampler stage=14 state=8 value=0 bias=0
sampler stage=14 state=9 value=0
sampler stage=15 state=6 value=1
sampler stage=15 state=5 value=1
sampler stage=15 state=7 value=0
sampler stage=15 state=10 value=1
sampler stage=15 state=11 value=0
sampler stage=15 state=8 value=0 bias=0
sampler stage=15 state=9 value=0
vertex_element stream=0 offset=0 type=16 method=0 usage=0 index=0
vertex_element stream=0 offset=8 type=16 method=0 usage=5 index=0
vertex_element stream=0 offset=16 type=16 method=0 usage=3 index=0
vertex_element stream=255 offset=0 type=17 method=0 usage=0 index=0
transform state=256 row=0 values=1,0,0,0
transform state=256 row=1 values=0,1,0,0
transform state=256 row=2 values=0,0,1,0
transform state=256 row=3 values=0,0,0,1
transform state=2 row=0 values=1,0,0,0
transform state=2 row=1 values=0,1,0,0
transform state=2 row=2 values=0,0,1,0
transform state=2 row=3 values=0,0,0,1
transform state=3 row=0 values=1,0,0,0
transform state=3 row=1 values=0,1,0,0
transform state=3 row=2 values=0,0,1,0
transform state=3 row=3 values=0,0,0,1
constants kind=vs type=f count=256 result=00000000 encoding=sparse_zero
constant kind=vs type=f reg=0 bits=bf800000,3f800000,40400000,00000000
constant kind=vs type=f reg=1 bits=3d23d70a,3ccccccd,3c75c28f,00000000
constant kind=vs type=f reg=2 bits=3f800000,3d4ccccd,00000000,00000000
constant kind=vs type=f reg=3 bits=00000000,3f800000,40400000,00000000
constant kind=vs type=f reg=4 bits=3d23d70a,3ccccccd,3c75c28f,00000000
constant kind=vs type=f reg=5 bits=3f800000,3d4ccccd,00000000,00000000
constant kind=vs type=f reg=6 bits=3f800000,3f800000,40400000,00000000
constant kind=vs type=f reg=7 bits=3d23d70a,3ccccccd,3c75c28f,00000000
constant kind=vs type=f reg=8 bits=3f800000,3d4ccccd,00000000,00000000
constant kind=vs type=f reg=9 bits=bf800000,3f800000,40400000,00000000
constant kind=vs type=f reg=10 bits=3d23d70a,3ccccccd,3c75c28f,00000000
constant kind=vs type=f reg=11 bits=3f800000,3d4ccccd,00000000,00000000
constant kind=vs type=f reg=12 bits=00000000,3f800000,40400000,00000000
constant kind=vs type=f reg=13 bits=3d23d70a,3ccccccd,3c75c28f,00000000
constant kind=vs type=f reg=14 bits=3f800000,3d4ccccd,00000000,00000000
constant kind=vs type=f reg=15 bits=3f800000,3f800000,40400000,00000000
constant kind=vs type=f reg=16 bits=3d23d70a,3ccccccd,3c75c28f,00000000
constant kind=vs type=f reg=17 bits=3f800000,3d4ccccd,00000000,00000000
constant kind=vs type=f reg=18 bits=bf800000,3f800000,40400000,00000000
constant kind=vs type=f reg=19 bits=3d23d70a,3ccccccd,3c75c28f,00000000
constant kind=vs type=f reg=20 bits=3f800000,3d4ccccd,00000000,00000000
constant kind=vs type=f reg=21 bits=00000000,3f800000,40400000,00000000
constant kind=vs type=f reg=22 bits=3d23d70a,3ccccccd,3c75c28f,00000000
constant kind=vs type=f reg=23 bits=3f800000,3d4ccccd,00000000,00000000
constant kind=vs type=f reg=24 bits=3f800000,00000000,00000000,bd4ccccd
constant kind=vs type=f reg=25 bits=00000000,3f800000,00000000,00000000
constant kind=vs type=f reg=26 bits=00000000,00000000,3f800000,3dcccccd
constant kind=vs type=f reg=27 bits=00000000,00000000,00000000,3f800000
constant kind=vs type=f reg=28 bits=3f800000,00000000,00000000,00000000
constant kind=vs type=f reg=29 bits=00000000,3f800000,00000000,00000000
constant kind=vs type=f reg=30 bits=00000000,00000000,3f800000,00000000
constant kind=vs type=f reg=31 bits=3f800000,00000000,00000000,00000000
constant kind=vs type=f reg=32 bits=00000000,3f800000,00000000,00000000
constant kind=vs type=f reg=33 bits=00000000,00000000,3f800000,00000000
constant kind=vs type=f reg=34 bits=3f800000,00000000,00000000,00000000
constant kind=vs type=f reg=35 bits=00000000,3f800000,00000000,00000000
constant kind=vs type=f reg=36 bits=00000000,00000000,3f800000,40800000
constant kind=vs type=f reg=37 bits=3f800000,00000000,00000000,00000000
constant kind=vs type=f reg=38 bits=00000000,3f800000,00000000,00000000
constant kind=vs type=f reg=39 bits=3f200000,00000000,00000000,00000000
constant kind=vs type=f reg=40 bits=3e4ccccd,3dcccccd,3d4ccccd,00000000
constant kind=vs type=f reg=41 bits=3f800000,00000000,00000000,00000000
constant kind=vs type=f reg=252 bits=42c80000,42ca0000,42cc0000,42ce0000
constant kind=vs type=f reg=253 bits=42d00000,42d20000,42d40000,42d60000
constant kind=vs type=f reg=254 bits=42d80000,42da0000,42dc0000,42de0000
constant kind=vs type=f reg=255 bits=42e00000,42e20000,42e40000,42e60000
constants kind=vs type=i count=16 result=00000000 encoding=full
constant kind=vs type=i reg=0 values=1,0,1,0
constant kind=vs type=i reg=1 values=0,0,0,0
constant kind=vs type=i reg=2 values=0,0,0,0
constant kind=vs type=i reg=3 values=0,0,0,0
constant kind=vs type=i reg=4 values=0,0,0,0
constant kind=vs type=i reg=5 values=0,0,0,0
constant kind=vs type=i reg=6 values=0,0,0,0
constant kind=vs type=i reg=7 values=0,0,0,0
constant kind=vs type=i reg=8 values=0,0,0,0
constant kind=vs type=i reg=9 values=0,0,0,0
constant kind=vs type=i reg=10 values=0,0,0,0
constant kind=vs type=i reg=11 values=0,0,0,0
constant kind=vs type=i reg=12 values=0,0,0,0
constant kind=vs type=i reg=13 values=0,0,0,0
constant kind=vs type=i reg=14 values=0,0,0,0
constant kind=vs type=i reg=15 values=0,0,0,0
constants kind=vs type=b count=16 result=00000000 encoding=full
constant kind=vs type=b reg=0 values=0
constant kind=vs type=b reg=1 values=0
constant kind=vs type=b reg=2 values=0
constant kind=vs type=b reg=3 values=0
constant kind=vs type=b reg=4 values=0
constant kind=vs type=b reg=5 values=0
constant kind=vs type=b reg=6 values=0
constant kind=vs type=b reg=7 values=0
constant kind=vs type=b reg=8 values=0
constant kind=vs type=b reg=9 values=0
constant kind=vs type=b reg=10 values=0
constant kind=vs type=b reg=11 values=0
constant kind=vs type=b reg=12 values=0
constant kind=vs type=b reg=13 values=0
constant kind=vs type=b reg=14 values=0
constant kind=vs type=b reg=15 values=0
constants kind=ps type=f count=224 result=00000000 encoding=sparse_zero
constant kind=ps type=f reg=0 bits=3f800000,00000000,00000000,00000000
constant kind=ps type=f reg=1 bits=00000000,3f800000,00000000,00000000
constant kind=ps type=f reg=2 bits=00000000,00000000,3f800000,00000000
constant kind=ps type=f reg=3 bits=3e800000,00000000,00000000,00000000
constant kind=ps type=f reg=4 bits=00000000,00000000,3f800000,00000000
constant kind=ps type=f reg=5 bits=3e99999a,3e4ccccd,3dcccccd,00000000
constant kind=ps type=f reg=6 bits=3f000000,00000000,3f000000,00000000
constant kind=ps type=f reg=7 bits=3dcccccd,3e19999a,3e4ccccd,00000000
constant kind=ps type=f reg=216 bits=43480000,43490000,434a0000,434b0000
constant kind=ps type=f reg=217 bits=434c0000,434d0000,434e0000,434f0000
constants kind=ps type=i count=16 result=00000000 encoding=full
constant kind=ps type=i reg=0 values=0,0,0,0
constant kind=ps type=i reg=1 values=0,0,0,0
constant kind=ps type=i reg=2 values=0,0,0,0
constant kind=ps type=i reg=3 values=0,0,0,0
constant kind=ps type=i reg=4 values=0,0,0,0
constant kind=ps type=i reg=5 values=0,0,0,0
constant kind=ps type=i reg=6 values=0,0,0,0
constant kind=ps type=i reg=7 values=0,0,0,0
constant kind=ps type=i reg=8 values=0,0,0,0
constant kind=ps type=i reg=9 values=0,0,0,0
constant kind=ps type=i reg=10 values=0,0,0,0
constant kind=ps type=i reg=11 values=0,0,0,0
constant kind=ps type=i reg=12 values=0,0,0,0
constant kind=ps type=i reg=13 values=0,0,0,0
constant kind=ps type=i reg=14 values=0,0,0,0
constant kind=ps type=i reg=15 values=0,0,0,0
constants kind=ps type=b count=16 result=00000000 encoding=full
constant kind=ps type=b reg=0 values=0
constant kind=ps type=b reg=1 values=0
constant kind=ps type=b reg=2 values=0
constant kind=ps type=b reg=3 values=0
constant kind=ps type=b reg=4 values=0
constant kind=ps type=b reg=5 values=0
constant kind=ps type=b reg=6 values=0
constant kind=ps type=b reg=7 values=0
constant kind=ps type=b reg=8 values=0
constant kind=ps type=b reg=9 values=0
constant kind=ps type=b reg=10 values=0
constant kind=ps type=b reg=11 values=0
constant kind=ps type=b reg=12 values=0
constant kind=ps type=b reg=13 values=0
constant kind=ps type=b reg=14 values=0
constant kind=ps type=b reg=15 values=0
draw_args start_vertex=0
motion_route device=1 frame=2 index=3 gate=5 routed=1 matched=0 depth=1 jittered=1 vs=53a0a641107ed76c ps=8759c7838bbc86c2 node=00000000 camera=00000000 node_handle=0 camera_handle=0 node_serial=0 camera_serial=0 load_epoch=0 registry_epoch=0 model=00000000 lod=00000000 vb=6 ib=0 declaration=0cdf6a8c884ad955 offset=0 stride=24 position_offset=0 position_type=16 topology=4 first=0 primitives=1 base_vertex=0 min_vertex=0 vertex_count=0 indexed=0 pass=1 rows_hash=8804f37c47da2009 result=00000000
motion_input device=1 frame=2 index=3 blockers=00000210 proofs=28 position_path=1 vs=53a0a641107ed76c ps=8759c7838bbc86c2 declaration=0cdf6a8c884ad955 rows_hash=8804f37c47da2009 color=1 depth=2 width=64 height=64 cull=1 vb=6 vb_revision=0 ib=0 ib_revision=0 position_offset=0 position_type=16 lifetime_verified=0 vertex_finite_verified=0
motion_geometry device=1 frame=2 index=3 source_qualified=1 source_hash=53a0a641107ed76c source_words=526 finite_requested=0 finite_state=0 finite_reason=4 finite_status=00000001 finite_generation=0 finite_revision=0 index_required=0 index_requested=0 index_known=0 index_range_verified=0 index_exact=0 index_min=0 index_max=0 index_reason=1 index_status=00000001 index_generation=0 index_revision=0
draw_result device=1 frame=2 index=3 result=00000000
motion_output_cut device=1 frame=2 samples=0 median_px=0.0000 keyed=0 missing=0 missing_fraction=0.0000 bound_px=2.400 bound_missing=0.250 cut=0
capture_event device=1 frame=2 seq=6 after_draw=3 op=set_depth result=00000000 qpc=9616817129812
set_depth ptr=00000000 result=00000000
surface role=depth_binding ptr=0 identity=0
hdr_readback device=1 frame=2 file=hdr_1_2.rgba16f width=64 height=64 format=rgba16f_row_major result=00000000 bytes=32768
motion_output_color_readback device=1 frame=2 file=color_1_2.bgra8 width=64 height=64 format=bgra8_row_major result=00000000 bytes=16384
motion_output_taa_readback device=1 frame=2 file=taa_1_2.rgba16f width=64 height=64 format=rgba16f_row_major result=00000000 bytes=32768
capture_event device=1 frame=2 seq=7 after_draw=3 op=stretch_rect result=00000000 qpc=9616817180178
stretch_rect source=02158cc0 dest=02158d50 filter=0 source_rect_null=1 dest_rect_null=1
surface role=stretch_source ptr=02158cc0 identity=1 width=64 height=64 format=21 usage=1 msaa=0 container=0 container_type=0 container_result=80004002
surface role=stretch_dest ptr=02158d50 identity=7 width=64 height=64 format=21 usage=1 msaa=0 container=8 container_type=3 container_result=00000000
capture_event device=1 frame=2 seq=8 after_draw=3 op=set_depth result=00000000 qpc=9616817216862
set_depth ptr=02158cf0 result=00000000
surface role=depth_binding ptr=02158cf0 identity=2 width=64 height=64 format=77 usage=2 msaa=0 container=0 container_type=0 container_result=80004002
motion_output_readback device=1 frame=2 file=motion_1_2.rgba32f width=64 height=64 format=rgba32f_row_major result=00000000 bytes=65536
motion_output_depth_readback device=1 frame=2 file=depth_1_2.r32f width=64 height=64 format=r32f_row_major result=00000000 bytes=16384
motion_output_frame device=1 frame=2 latched=1 filled=1 fill_result=00000000 fill_restore=00000000 draws=3 routed=2 matched=0 gate1=0 gate2=1 gate3=0 gate4=0 gate5=2 gate6=0 apply_failures=0 restore_failures=0 history_previous=0 history_current=0 committed=1 selector_state=9 present=00000000 depth=1 depth_routed=2 jitter=1 jitter_index=2 jitter_x=0.250000 jitter_y=-0.388889 jitter_previous_x=-0.250000 jitter_previous_y=0.166667 jittered=2 cut=0 cut_median_px=0.0000 cut_missing=0.0000 cut_samples=0 taa=1 taa_attempted=1 taa_resolved=1 taa_history=1 taa_skip=0 taa_result=00000000 taa_restore=00000000 taa_copy=00000001 taa_hdr=1 taa_k=1.00000 taa_sharpen=0 scene_open=0 active_queries=0 taa_references=10 camera_valid=0 camera_background_valid=0 camera_reads=0 camera_policy=1 camera_reason=2 camera_cut=0 camera_rotation_deg=0.0000 rt_mode=perdraw timing=cpu_qpc set_rt=8 lazy_flushes=0 jitter_writes=4 readbacks=5 gate_us=12.4 route_draw_us=27.0 set_rt_us=15.1 lazy_flush_us=0.0 jitter_us=1.9 fill_us=67.2 taa_run_us=277.8 taa_capture_us=6.9 taa_copy_color_us=0.2 taa_copy_depth_us=3.8 taa_draw_us=241.4 taa_apply_us=16.1 taa_copy_back_us=0.0 readback_us=4758.8 state_shadow=1 rs_queries=18 rs_hits=18 rs_gets=14 rs_resyncs=0 sb_resyncs=0 scene_hook=0 scene_end_source=stretchrect scene_end_check=3 hook_signals=0 hook_outside_scene=0 hook_state=0 draws_after_hook=0 bloom_copy_seen=1 mip_bias=0 mip_bias_sets=0 mip_bias_restores=0 mip_bias_draws=0 mip_bias_stages=0000 mip_bias_reads=0 mip_bias_game_writes=0 mip_bias_game_writes_total=0 mip_bias_failures=0 mip_bias_biased_now=0000
camera_state device=1 frame=2 status=executable_mismatch reads=0 valid=0 read_failure=0 failure=0 projection=00000000 view=00000000 p00=0 p11=0 p20=0 p21=0 r00=0 r01=0 r02=0 r10=0 r11=0 r12=0 r20=0 r21=0 r22=0 t=0,0,0 background_valid=0 background_p00=0 background_p11=0 background_rotation_deg=0.0000 history_view_valid=0 history_view_frame=2 rotation_deg=0.0000 policy=1 reason=2 camera_cut=0 mode=0 cut_deg=20.00
hdr_frame device=1 frame=2 hdr=1 redirected=1 end=bloom_copy writebacks=2 flushes=1 writeback_source=shader unwind=0 unwind_reason=none unwind_draw=00000001 unwind_restore=00000001 unwind_stretch=00000001 unwind_bind=00000001 blocked=0 recheck=none suspended=0 resumed=0 dirty_at_present=0 refused_msaa=0 target_create=00000000 latch_bind=00000000 target=64x64 target_bytes=32768 caps=ok stretch_conversion=00000000 timing=cpu_qpc redirect_us=6.0 writeback_us=143.7 writeback_draw_us=141.3 writeback_stretch_us=0.0 bind_us=0.0 recheck_us=0.0 tonemap=agx tonemapped=1 look=none decode=gamma2.2 clamp=0 exposure=manual ev=0.00000 ev_adapted=0.00000 ev_target=0.00000 avg_log_l=0.00000 luma_mean=1 dt_ms=0.000 stepped=0 steps=0 meter=00000001 readback=00000001 tonemap_draw=00000000 fallback=0 meter_us=0.0 readback_us=0.0 k=1.00000 chain_bytes=0 sharpen=off sharpened=0 sharpen_fallback=0
frame_end device=1 frame=2 draws=3 capture=1 present=00000000 elapsed_ms=1201 dt_ms=14 qpc=9616817238709
ownership_copy_depth phase=present device=1 frame=2 result=00000000 status=00000001 requested=0 available=0 source_bound=0 copy_valid=0 generation=0 source_epoch=0 copy_epoch=0 source_width=0 source_height=0 source_format=0 source_type=0 source_usage=0 source_pool=0 source_msaa=0 source_quality=0
frame_begin device=1 frame=3
capture_event device=1 frame=3 seq=1 after_draw=0 op=clear result=00000000 qpc=9616817239427
clear flags=3 color=ff203040 z=1 stencil=0 rect_count=0 rect_ptr=00000000
surface role=clear_rt0 ptr=02158cc0 identity=1 width=64 height=64 format=21 usage=1 msaa=0 container=0 container_type=0 container_result=80004002
surface role=clear_depth ptr=02158cf0 identity=2 width=64 height=64 format=77 usage=2 msaa=0 container=0 container_type=0 container_result=80004002
clear_viewport result=00000000 x=0 y=0 w=64 h=64 minz=0 maxz=1
capture_event device=1 frame=3 seq=2 after_draw=0 op=draw_begin result=00000000 qpc=9616817240514
draw device=1 frame=3 index=1 kind=primitive topology=4 primitives=1 vs=53a0a641107ed76c ps=98731d5594e36226
geometry source=buffers
stream slot=0 result=00000000 identity=3 offset=0 stride=24 frequency=1 frequency_result=00000000
vertex_buffer identity=3 bytes=72 usage=0 pool=1 fvf=0
buffer_content kind=vertex identity=3 result=00000000 status=00000001 requested=0 known=0 ambiguous=0 revision=0 pending=0 flags=00000000
stream slot=1 result=00000000 identity=0
stream slot=2 result=00000000 identity=0
stream slot=3 result=00000000 identity=0
stream slot=4 result=00000000 identity=0
stream slot=5 result=00000000 identity=0
stream slot=6 result=00000000 identity=0
stream slot=7 result=00000000 identity=0
stream slot=8 result=00000000 identity=0
stream slot=9 result=00000000 identity=0
stream slot=10 result=00000000 identity=0
stream slot=11 result=00000000 identity=0
stream slot=12 result=00000000 identity=0
stream slot=13 result=00000000 identity=0
stream slot=14 result=00000000 identity=0
stream slot=15 result=00000000 identity=0
indices result=00000000 identity=0
surface role=rt0 ptr=02158cc0 identity=1 width=64 height=64 format=21 usage=1 msaa=0 container=0 container_type=0 container_result=80004002
surface role=depth ptr=02158cf0 identity=2 width=64 height=64 format=77 usage=2 msaa=0 container=0 container_type=0 container_result=80004002
state id=7 value=0
state id=14 value=0
state id=23 value=4
state id=15 value=1
state id=24 value=0
state id=25 value=8
state id=27 value=1
state id=19 value=2
state id=20 value=1
state id=171 value=1
state id=22 value=2
state id=168 value=7
state id=194 value=0
state id=206 value=0
state id=52 value=1
state id=56 value=8
state id=57 value=0
state id=58 value=4294967295
state id=59 value=4294967295
state id=53 value=1
state id=54 value=1
state id=55 value=1
state id=185 value=0
state id=189 value=8
state id=186 value=1
state id=187 value=1
state id=188 value=1
viewport x=0 y=0 w=64 h=64 minz=0 maxz=1
texture stage=0 ptr=02158b70 type=3 identity=9 levels=1
texture_desc stage=0 w=2 h=2 format=21
sampler stage=0 state=6 value=1
sampler stage=0 state=5 value=1
sampler stage=0 state=7 value=0
sampler stage=0 state=10 value=1
sampler stage=0 state=11 value=0
sampler stage=0 state=8 value=0 bias=0
sampler stage=0 state=9 value=0
texture stage=1 ptr=02158bd0 type=3 identity=10 levels=1
texture_desc stage=1 w=2 h=2 format=21
sampler stage=1 state=6 value=1
sampler stage=1 state=5 value=1
sampler stage=1 state=7 value=0
sampler stage=1 state=10 value=1
sampler stage=1 state=11 value=0
sampler stage=1 state=8 value=0 bias=0
sampler stage=1 state=9 value=0
texture stage=2 ptr=02158c30 type=3 identity=11 levels=1
texture_desc stage=2 w=2 h=2 format=21
sampler stage=2 state=6 value=1
sampler stage=2 state=5 value=1
sampler stage=2 state=7 value=0
sampler stage=2 state=10 value=1
sampler stage=2 state=11 value=0
sampler stage=2 state=8 value=0 bias=0
sampler stage=2 state=9 value=0
texture stage=3 ptr=02158c90 type=5 identity=12 levels=1
sampler stage=3 state=6 value=1
sampler stage=3 state=5 value=1
sampler stage=3 state=7 value=0
sampler stage=3 state=10 value=1
sampler stage=3 state=11 value=0
sampler stage=3 state=8 value=0 bias=0
sampler stage=3 state=9 value=0
sampler stage=4 state=6 value=1
sampler stage=4 state=5 value=1
sampler stage=4 state=7 value=0
sampler stage=4 state=10 value=1
sampler stage=4 state=11 value=0
sampler stage=4 state=8 value=0 bias=0
sampler stage=4 state=9 value=0
sampler stage=5 state=6 value=1
sampler stage=5 state=5 value=1
sampler stage=5 state=7 value=0
sampler stage=5 state=10 value=1
sampler stage=5 state=11 value=0
sampler stage=5 state=8 value=0 bias=0
sampler stage=5 state=9 value=0
sampler stage=6 state=6 value=1
sampler stage=6 state=5 value=1
sampler stage=6 state=7 value=0
sampler stage=6 state=10 value=1
sampler stage=6 state=11 value=0
sampler stage=6 state=8 value=0 bias=0
sampler stage=6 state=9 value=0
sampler stage=7 state=6 value=1
sampler stage=7 state=5 value=1
sampler stage=7 state=7 value=0
sampler stage=7 state=10 value=1
sampler stage=7 state=11 value=0
sampler stage=7 state=8 value=0 bias=0
sampler stage=7 state=9 value=0
sampler stage=8 state=6 value=1
sampler stage=8 state=5 value=1
sampler stage=8 state=7 value=0
sampler stage=8 state=10 value=1
sampler stage=8 state=11 value=0
sampler stage=8 state=8 value=0 bias=0
sampler stage=8 state=9 value=0
sampler stage=9 state=6 value=1
sampler stage=9 state=5 value=1
sampler stage=9 state=7 value=0
sampler stage=9 state=10 value=1
sampler stage=9 state=11 value=0
sampler stage=9 state=8 value=0 bias=0
sampler stage=9 state=9 value=0
sampler stage=10 state=6 value=1
sampler stage=10 state=5 value=1
sampler stage=10 state=7 value=0
sampler stage=10 state=10 value=1
sampler stage=10 state=11 value=0
sampler stage=10 state=8 value=0 bias=0
sampler stage=10 state=9 value=0
sampler stage=11 state=6 value=1
sampler stage=11 state=5 value=1
sampler stage=11 state=7 value=0
sampler stage=11 state=10 value=1
sampler stage=11 state=11 value=0
sampler stage=11 state=8 value=0 bias=0
sampler stage=11 state=9 value=0
sampler stage=12 state=6 value=1
sampler stage=12 state=5 value=1
sampler stage=12 state=7 value=0
sampler stage=12 state=10 value=1
sampler stage=12 state=11 value=0
sampler stage=12 state=8 value=0 bias=0
sampler stage=12 state=9 value=0
sampler stage=13 state=6 value=1
sampler stage=13 state=5 value=1
sampler stage=13 state=7 value=0
sampler stage=13 state=10 value=1
sampler stage=13 state=11 value=0
sampler stage=13 state=8 value=0 bias=0
sampler stage=13 state=9 value=0
sampler stage=14 state=6 value=1
sampler stage=14 state=5 value=1
sampler stage=14 state=7 value=0
sampler stage=14 state=10 value=1
sampler stage=14 state=11 value=0
sampler stage=14 state=8 value=0 bias=0
sampler stage=14 state=9 value=0
sampler stage=15 state=6 value=1
sampler stage=15 state=5 value=1
sampler stage=15 state=7 value=0
sampler stage=15 state=10 value=1
sampler stage=15 state=11 value=0
sampler stage=15 state=8 value=0 bias=0
sampler stage=15 state=9 value=0
vertex_element stream=0 offset=0 type=16 method=0 usage=0 index=0
vertex_element stream=0 offset=8 type=16 method=0 usage=5 index=0
vertex_element stream=0 offset=16 type=16 method=0 usage=3 index=0
vertex_element stream=255 offset=0 type=17 method=0 usage=0 index=0
transform state=256 row=0 values=1,0,0,0
transform state=256 row=1 values=0,1,0,0
transform state=256 row=2 values=0,0,1,0
transform state=256 row=3 values=0,0,0,1
transform state=2 row=0 values=1,0,0,0
transform state=2 row=1 values=0,1,0,0
transform state=2 row=2 values=0,0,1,0
transform state=2 row=3 values=0,0,0,1
transform state=3 row=0 values=1,0,0,0
transform state=3 row=1 values=0,1,0,0
transform state=3 row=2 values=0,0,1,0
transform state=3 row=3 values=0,0,0,1
constants kind=vs type=f count=256 result=00000000 encoding=sparse_zero
constant kind=vs type=f reg=0 bits=bf800000,3f800000,40400000,00000000
constant kind=vs type=f reg=1 bits=3d23d70a,3ccccccd,3c75c28f,00000000
constant kind=vs type=f reg=2 bits=3f800000,3d4ccccd,00000000,00000000
constant kind=vs type=f reg=3 bits=00000000,3f800000,40400000,00000000
constant kind=vs type=f reg=4 bits=3d23d70a,3ccccccd,3c75c28f,00000000
constant kind=vs type=f reg=5 bits=3f800000,3d4ccccd,00000000,00000000
constant kind=vs type=f reg=6 bits=3f800000,3f800000,40400000,00000000
constant kind=vs type=f reg=7 bits=3d23d70a,3ccccccd,3c75c28f,00000000
constant kind=vs type=f reg=8 bits=3f800000,3d4ccccd,00000000,00000000
constant kind=vs type=f reg=9 bits=bf800000,3f800000,40400000,00000000
constant kind=vs type=f reg=10 bits=3d23d70a,3ccccccd,3c75c28f,00000000
constant kind=vs type=f reg=11 bits=3f800000,3d4ccccd,00000000,00000000
constant kind=vs type=f reg=12 bits=00000000,3f800000,40400000,00000000
constant kind=vs type=f reg=13 bits=3d23d70a,3ccccccd,3c75c28f,00000000
constant kind=vs type=f reg=14 bits=3f800000,3d4ccccd,00000000,00000000
constant kind=vs type=f reg=15 bits=3f800000,3f800000,40400000,00000000
constant kind=vs type=f reg=16 bits=3d23d70a,3ccccccd,3c75c28f,00000000
constant kind=vs type=f reg=17 bits=3f800000,3d4ccccd,00000000,00000000
constant kind=vs type=f reg=18 bits=bf800000,3f800000,40400000,00000000
constant kind=vs type=f reg=19 bits=3d23d70a,3ccccccd,3c75c28f,00000000
constant kind=vs type=f reg=20 bits=3f800000,3d4ccccd,00000000,00000000
constant kind=vs type=f reg=21 bits=00000000,3f800000,40400000,00000000
constant kind=vs type=f reg=22 bits=3d23d70a,3ccccccd,3c75c28f,00000000
constant kind=vs type=f reg=23 bits=3f800000,3d4ccccd,00000000,00000000
constant kind=vs type=f reg=24 bits=3f800000,00000000,00000000,00000000
constant kind=vs type=f reg=25 bits=00000000,3f800000,00000000,00000000
constant kind=vs type=f reg=26 bits=00000000,00000000,3f800000,00000000
constant kind=vs type=f reg=27 bits=00000000,00000000,00000000,3f800000
constant kind=vs type=f reg=28 bits=3f800000,00000000,00000000,00000000
constant kind=vs type=f reg=29 bits=00000000,3f800000,00000000,00000000
constant kind=vs type=f reg=30 bits=00000000,00000000,3f800000,00000000
constant kind=vs type=f reg=31 bits=3f800000,00000000,00000000,00000000
constant kind=vs type=f reg=32 bits=00000000,3f800000,00000000,00000000
constant kind=vs type=f reg=33 bits=00000000,00000000,3f800000,00000000
constant kind=vs type=f reg=34 bits=3f800000,00000000,00000000,00000000
constant kind=vs type=f reg=35 bits=00000000,3f800000,00000000,00000000
constant kind=vs type=f reg=36 bits=00000000,00000000,3f800000,40800000
constant kind=vs type=f reg=37 bits=3f800000,00000000,00000000,00000000
constant kind=vs type=f reg=38 bits=00000000,3f800000,00000000,00000000
constant kind=vs type=f reg=39 bits=3f200000,00000000,00000000,00000000
constant kind=vs type=f reg=40 bits=3e4ccccd,3dcccccd,3d4ccccd,00000000
constant kind=vs type=f reg=41 bits=3f800000,00000000,00000000,00000000
constant kind=vs type=f reg=252 bits=42c80000,42ca0000,42cc0000,42ce0000
constant kind=vs type=f reg=253 bits=42d00000,42d20000,42d40000,42d60000
constant kind=vs type=f reg=254 bits=42d80000,42da0000,42dc0000,42de0000
constant kind=vs type=f reg=255 bits=42e00000,42e20000,42e40000,42e60000
constants kind=vs type=i count=16 result=00000000 encoding=full
constant kind=vs type=i reg=0 values=1,0,1,0
constant kind=vs type=i reg=1 values=0,0,0,0
constant kind=vs type=i reg=2 values=0,0,0,0
constant kind=vs type=i reg=3 values=0,0,0,0
constant kind=vs type=i reg=4 values=0,0,0,0
constant kind=vs type=i reg=5 values=0,0,0,0
constant kind=vs type=i reg=6 values=0,0,0,0
constant kind=vs type=i reg=7 values=0,0,0,0
constant kind=vs type=i reg=8 values=0,0,0,0
constant kind=vs type=i reg=9 values=0,0,0,0
constant kind=vs type=i reg=10 values=0,0,0,0
constant kind=vs type=i reg=11 values=0,0,0,0
constant kind=vs type=i reg=12 values=0,0,0,0
constant kind=vs type=i reg=13 values=0,0,0,0
constant kind=vs type=i reg=14 values=0,0,0,0
constant kind=vs type=i reg=15 values=0,0,0,0
constants kind=vs type=b count=16 result=00000000 encoding=full
constant kind=vs type=b reg=0 values=0
constant kind=vs type=b reg=1 values=0
constant kind=vs type=b reg=2 values=0
constant kind=vs type=b reg=3 values=0
constant kind=vs type=b reg=4 values=0
constant kind=vs type=b reg=5 values=0
constant kind=vs type=b reg=6 values=0
constant kind=vs type=b reg=7 values=0
constant kind=vs type=b reg=8 values=0
constant kind=vs type=b reg=9 values=0
constant kind=vs type=b reg=10 values=0
constant kind=vs type=b reg=11 values=0
constant kind=vs type=b reg=12 values=0
constant kind=vs type=b reg=13 values=0
constant kind=vs type=b reg=14 values=0
constant kind=vs type=b reg=15 values=0
constants kind=ps type=f count=224 result=00000000 encoding=sparse_zero
constant kind=ps type=f reg=0 bits=3f800000,00000000,00000000,00000000
constant kind=ps type=f reg=1 bits=00000000,3f800000,00000000,00000000
constant kind=ps type=f reg=2 bits=00000000,00000000,3f800000,00000000
constant kind=ps type=f reg=3 bits=3e800000,00000000,00000000,00000000
constant kind=ps type=f reg=4 bits=00000000,00000000,3f800000,00000000
constant kind=ps type=f reg=5 bits=3e99999a,3e4ccccd,3dcccccd,00000000
constant kind=ps type=f reg=6 bits=3f000000,00000000,3f000000,00000000
constant kind=ps type=f reg=7 bits=3dcccccd,3e19999a,3e4ccccd,00000000
constant kind=ps type=f reg=216 bits=43480000,43490000,434a0000,434b0000
constant kind=ps type=f reg=217 bits=434c0000,434d0000,434e0000,434f0000
constants kind=ps type=i count=16 result=00000000 encoding=full
constant kind=ps type=i reg=0 values=0,0,0,0
constant kind=ps type=i reg=1 values=0,0,0,0
constant kind=ps type=i reg=2 values=0,0,0,0
constant kind=ps type=i reg=3 values=0,0,0,0
constant kind=ps type=i reg=4 values=0,0,0,0
constant kind=ps type=i reg=5 values=0,0,0,0
constant kind=ps type=i reg=6 values=0,0,0,0
constant kind=ps type=i reg=7 values=0,0,0,0
constant kind=ps type=i reg=8 values=0,0,0,0
constant kind=ps type=i reg=9 values=0,0,0,0
constant kind=ps type=i reg=10 values=0,0,0,0
constant kind=ps type=i reg=11 values=0,0,0,0
constant kind=ps type=i reg=12 values=0,0,0,0
constant kind=ps type=i reg=13 values=0,0,0,0
constant kind=ps type=i reg=14 values=0,0,0,0
constant kind=ps type=i reg=15 values=0,0,0,0
constants kind=ps type=b count=16 result=00000000 encoding=full
constant kind=ps type=b reg=0 values=0
constant kind=ps type=b reg=1 values=0
constant kind=ps type=b reg=2 values=0
constant kind=ps type=b reg=3 values=0
constant kind=ps type=b reg=4 values=0
constant kind=ps type=b reg=5 values=0
constant kind=ps type=b reg=6 values=0
constant kind=ps type=b reg=7 values=0
constant kind=ps type=b reg=8 values=0
constant kind=ps type=b reg=9 values=0
constant kind=ps type=b reg=10 values=0
constant kind=ps type=b reg=11 values=0
constant kind=ps type=b reg=12 values=0
constant kind=ps type=b reg=13 values=0
constant kind=ps type=b reg=14 values=0
constant kind=ps type=b reg=15 values=0
draw_args start_vertex=0
motion_input device=1 frame=3 index=1 blockers=00000252 proofs=20 position_path=1 vs=53a0a641107ed76c ps=98731d5594e36226 declaration=0cdf6a8c884ad955 rows_hash=1b0c97ae01a7ec05 color=1 depth=2 width=64 height=64 cull=2 vb=3 vb_revision=0 ib=0 ib_revision=0 position_offset=0 position_type=16 lifetime_verified=0 vertex_finite_verified=0
motion_geometry device=1 frame=3 index=1 source_qualified=1 source_hash=53a0a641107ed76c source_words=526 finite_requested=0 finite_state=0 finite_reason=4 finite_status=00000001 finite_generation=0 finite_revision=0 index_required=0 index_requested=0 index_known=0 index_range_verified=0 index_exact=0 index_min=0 index_max=0 index_reason=1 index_status=00000001 index_generation=0 index_revision=0
draw_result device=1 frame=3 index=1 result=00000000
capture_event device=1 frame=3 seq=3 after_draw=1 op=clear result=00000000 qpc=9616817250225
clear flags=2 color=00000000 z=1 stencil=0 rect_count=0 rect_ptr=00000000
surface role=clear_rt0 ptr=02158cc0 identity=1 width=64 height=64 format=21 usage=1 msaa=0 container=0 container_type=0 container_result=80004002
surface role=clear_depth ptr=02158cf0 identity=2 width=64 height=64 format=77 usage=2 msaa=0 container=0 container_type=0 container_result=80004002
clear_viewport result=00000000 x=0 y=0 w=64 h=64 minz=0 maxz=1
capture_event device=1 frame=3 seq=4 after_draw=1 op=draw_begin result=00000000 qpc=9616817251163
draw device=1 frame=3 index=2 kind=primitive topology=4 primitives=1 vs=53a0a641107ed76c ps=8759c7838bbc86c2
geometry source=buffers
stream slot=0 result=00000000 identity=3 offset=0 stride=24 frequency=1 frequency_result=00000000
vertex_buffer identity=3 bytes=72 usage=0 pool=1 fvf=0
buffer_content kind=vertex identity=3 result=00000000 status=00000001 requested=0 known=0 ambiguous=0 revision=0 pending=0 flags=00000000
stream slot=1 result=00000000 identity=0
stream slot=2 result=00000000 identity=0
stream slot=3 result=00000000 identity=0
stream slot=4 result=00000000 identity=0
stream slot=5 result=00000000 identity=0
stream slot=6 result=00000000 identity=0
stream slot=7 result=00000000 identity=0
stream slot=8 result=00000000 identity=0
stream slot=9 result=00000000 identity=0
stream slot=10 result=00000000 identity=0
stream slot=11 result=00000000 identity=0
stream slot=12 result=00000000 identity=0
stream slot=13 result=00000000 identity=0
stream slot=14 result=00000000 identity=0
stream slot=15 result=00000000 identity=0
indices result=00000000 identity=0
surface role=rt0 ptr=02158cc0 identity=1 width=64 height=64 format=21 usage=1 msaa=0 container=0 container_type=0 container_result=80004002
surface role=depth ptr=02158cf0 identity=2 width=64 height=64 format=77 usage=2 msaa=0 container=0 container_type=0 container_result=80004002
state id=7 value=1
state id=14 value=1
state id=23 value=4
state id=15 value=0
state id=24 value=0
state id=25 value=8
state id=27 value=0
state id=19 value=2
state id=20 value=1
state id=171 value=1
state id=22 value=1
state id=168 value=15
state id=194 value=0
state id=206 value=0
state id=52 value=0
state id=56 value=8
state id=57 value=0
state id=58 value=4294967295
state id=59 value=4294967295
state id=53 value=1
state id=54 value=1
state id=55 value=1
state id=185 value=0
state id=189 value=8
state id=186 value=1
state id=187 value=1
state id=188 value=1
viewport x=0 y=0 w=64 h=64 minz=0 maxz=1
texture stage=0 ptr=02158b70 type=3 identity=9 levels=1
texture_desc stage=0 w=2 h=2 format=21
sampler stage=0 state=6 value=1
sampler stage=0 state=5 value=1
sampler stage=0 state=7 value=0
sampler stage=0 state=10 value=1
sampler stage=0 state=11 value=0
sampler stage=0 state=8 value=0 bias=0
sampler stage=0 state=9 value=0
texture stage=1 ptr=02158bd0 type=3 identity=10 levels=1
texture_desc stage=1 w=2 h=2 format=21
sampler stage=1 state=6 value=1
sampler stage=1 state=5 value=1
sampler stage=1 state=7 value=0
sampler stage=1 state=10 value=1
sampler stage=1 state=11 value=0
sampler stage=1 state=8 value=0 bias=0
sampler stage=1 state=9 value=0
texture stage=2 ptr=02158c30 type=3 identity=11 levels=1
texture_desc stage=2 w=2 h=2 format=21
sampler stage=2 state=6 value=1
sampler stage=2 state=5 value=1
sampler stage=2 state=7 value=0
sampler stage=2 state=10 value=1
sampler stage=2 state=11 value=0
sampler stage=2 state=8 value=0 bias=0
sampler stage=2 state=9 value=0
texture stage=3 ptr=02158c90 type=5 identity=12 levels=1
sampler stage=3 state=6 value=1
sampler stage=3 state=5 value=1
sampler stage=3 state=7 value=0
sampler stage=3 state=10 value=1
sampler stage=3 state=11 value=0
sampler stage=3 state=8 value=0 bias=0
sampler stage=3 state=9 value=0
sampler stage=4 state=6 value=1
sampler stage=4 state=5 value=1
sampler stage=4 state=7 value=0
sampler stage=4 state=10 value=1
sampler stage=4 state=11 value=0
sampler stage=4 state=8 value=0 bias=0
sampler stage=4 state=9 value=0
sampler stage=5 state=6 value=1
sampler stage=5 state=5 value=1
sampler stage=5 state=7 value=0
sampler stage=5 state=10 value=1
sampler stage=5 state=11 value=0
sampler stage=5 state=8 value=0 bias=0
sampler stage=5 state=9 value=0
sampler stage=6 state=6 value=1
sampler stage=6 state=5 value=1
sampler stage=6 state=7 value=0
sampler stage=6 state=10 value=1
sampler stage=6 state=11 value=0
sampler stage=6 state=8 value=0 bias=0
sampler stage=6 state=9 value=0
sampler stage=7 state=6 value=1
sampler stage=7 state=5 value=1
sampler stage=7 state=7 value=0
sampler stage=7 state=10 value=1
sampler stage=7 state=11 value=0
sampler stage=7 state=8 value=0 bias=0
sampler stage=7 state=9 value=0
sampler stage=8 state=6 value=1
sampler stage=8 state=5 value=1
sampler stage=8 state=7 value=0
sampler stage=8 state=10 value=1
sampler stage=8 state=11 value=0
sampler stage=8 state=8 value=0 bias=0
sampler stage=8 state=9 value=0
sampler stage=9 state=6 value=1
sampler stage=9 state=5 value=1
sampler stage=9 state=7 value=0
sampler stage=9 state=10 value=1
sampler stage=9 state=11 value=0
sampler stage=9 state=8 value=0 bias=0
sampler stage=9 state=9 value=0
sampler stage=10 state=6 value=1
sampler stage=10 state=5 value=1
sampler stage=10 state=7 value=0
sampler stage=10 state=10 value=1
sampler stage=10 state=11 value=0
sampler stage=10 state=8 value=0 bias=0
sampler stage=10 state=9 value=0
sampler stage=11 state=6 value=1
sampler stage=11 state=5 value=1
sampler stage=11 state=7 value=0
sampler stage=11 state=10 value=1
sampler stage=11 state=11 value=0
sampler stage=11 state=8 value=0 bias=0
sampler stage=11 state=9 value=0
sampler stage=12 state=6 value=1
sampler stage=12 state=5 value=1
sampler stage=12 state=7 value=0
sampler stage=12 state=10 value=1
sampler stage=12 state=11 value=0
sampler stage=12 state=8 value=0 bias=0
sampler stage=12 state=9 value=0
sampler stage=13 state=6 value=1
sampler stage=13 state=5 value=1
sampler stage=13 state=7 value=0
sampler stage=13 state=10 value=1
sampler stage=13 state=11 value=0
sampler stage=13 state=8 value=0 bias=0
sampler stage=13 state=9 value=0
sampler stage=14 state=6 value=1
sampler stage=14 state=5 value=1
sampler stage=14 state=7 value=0
sampler stage=14 state=10 value=1
sampler stage=14 state=11 value=0
sampler stage=14 state=8 value=0 bias=0
sampler stage=14 state=9 value=0
sampler stage=15 state=6 value=1
sampler stage=15 state=5 value=1
sampler stage=15 state=7 value=0
sampler stage=15 state=10 value=1
sampler stage=15 state=11 value=0
sampler stage=15 state=8 value=0 bias=0
sampler stage=15 state=9 value=0
vertex_element stream=0 offset=0 type=16 method=0 usage=0 index=0
vertex_element stream=0 offset=8 type=16 method=0 usage=5 index=0
vertex_element stream=0 offset=16 type=16 method=0 usage=3 index=0
vertex_element stream=255 offset=0 type=17 method=0 usage=0 index=0
transform state=256 row=0 values=1,0,0,0
transform state=256 row=1 values=0,1,0,0
transform state=256 row=2 values=0,0,1,0
transform state=256 row=3 values=0,0,0,1
transform state=2 row=0 values=1,0,0,0
transform state=2 row=1 values=0,1,0,0
transform state=2 row=2 values=0,0,1,0
transform state=2 row=3 values=0,0,0,1
transform state=3 row=0 values=1,0,0,0
transform state=3 row=1 values=0,1,0,0
transform state=3 row=2 values=0,0,1,0
transform state=3 row=3 values=0,0,0,1
constants kind=vs type=f count=256 result=00000000 encoding=sparse_zero
constant kind=vs type=f reg=0 bits=bf800000,3f800000,40400000,00000000
constant kind=vs type=f reg=1 bits=3d23d70a,3ccccccd,3c75c28f,00000000
constant kind=vs type=f reg=2 bits=3f800000,3d4ccccd,00000000,00000000
constant kind=vs type=f reg=3 bits=00000000,3f800000,40400000,00000000
constant kind=vs type=f reg=4 bits=3d23d70a,3ccccccd,3c75c28f,00000000
constant kind=vs type=f reg=5 bits=3f800000,3d4ccccd,00000000,00000000
constant kind=vs type=f reg=6 bits=3f800000,3f800000,40400000,00000000
constant kind=vs type=f reg=7 bits=3d23d70a,3ccccccd,3c75c28f,00000000
constant kind=vs type=f reg=8 bits=3f800000,3d4ccccd,00000000,00000000
constant kind=vs type=f reg=9 bits=bf800000,3f800000,40400000,00000000
constant kind=vs type=f reg=10 bits=3d23d70a,3ccccccd,3c75c28f,00000000
constant kind=vs type=f reg=11 bits=3f800000,3d4ccccd,00000000,00000000
constant kind=vs type=f reg=12 bits=00000000,3f800000,40400000,00000000
constant kind=vs type=f reg=13 bits=3d23d70a,3ccccccd,3c75c28f,00000000
constant kind=vs type=f reg=14 bits=3f800000,3d4ccccd,00000000,00000000
constant kind=vs type=f reg=15 bits=3f800000,3f800000,40400000,00000000
constant kind=vs type=f reg=16 bits=3d23d70a,3ccccccd,3c75c28f,00000000
constant kind=vs type=f reg=17 bits=3f800000,3d4ccccd,00000000,00000000
constant kind=vs type=f reg=18 bits=bf800000,3f800000,40400000,00000000
constant kind=vs type=f reg=19 bits=3d23d70a,3ccccccd,3c75c28f,00000000
constant kind=vs type=f reg=20 bits=3f800000,3d4ccccd,00000000,00000000
constant kind=vs type=f reg=21 bits=00000000,3f800000,40400000,00000000
constant kind=vs type=f reg=22 bits=3d23d70a,3ccccccd,3c75c28f,00000000
constant kind=vs type=f reg=23 bits=3f800000,3d4ccccd,00000000,00000000
constant kind=vs type=f reg=24 bits=3f800000,00000000,00000000,3f400000
constant kind=vs type=f reg=25 bits=00000000,3f800000,00000000,00000000
constant kind=vs type=f reg=26 bits=00000000,00000000,3f800000,00000000
constant kind=vs type=f reg=27 bits=00000000,00000000,00000000,3f800000
constant kind=vs type=f reg=28 bits=3f800000,00000000,00000000,00000000
constant kind=vs type=f reg=29 bits=00000000,3f800000,00000000,00000000
constant kind=vs type=f reg=30 bits=00000000,00000000,3f800000,00000000
constant kind=vs type=f reg=31 bits=3f800000,00000000,00000000,00000000
constant kind=vs type=f reg=32 bits=00000000,3f800000,00000000,00000000
constant kind=vs type=f reg=33 bits=00000000,00000000,3f800000,00000000
constant kind=vs type=f reg=34 bits=3f800000,00000000,00000000,00000000
constant kind=vs type=f reg=35 bits=00000000,3f800000,00000000,00000000
constant kind=vs type=f reg=36 bits=00000000,00000000,3f800000,40800000
constant kind=vs type=f reg=37 bits=3f800000,00000000,00000000,00000000
constant kind=vs type=f reg=38 bits=00000000,3f800000,00000000,00000000
constant kind=vs type=f reg=39 bits=3f200000,00000000,00000000,00000000
constant kind=vs type=f reg=40 bits=3e4ccccd,3dcccccd,3d4ccccd,00000000
constant kind=vs type=f reg=41 bits=3f800000,00000000,00000000,00000000
constant kind=vs type=f reg=252 bits=42c80000,42ca0000,42cc0000,42ce0000
constant kind=vs type=f reg=253 bits=42d00000,42d20000,42d40000,42d60000
constant kind=vs type=f reg=254 bits=42d80000,42da0000,42dc0000,42de0000
constant kind=vs type=f reg=255 bits=42e00000,42e20000,42e40000,42e60000
constants kind=vs type=i count=16 result=00000000 encoding=full
constant kind=vs type=i reg=0 values=1,0,1,0
constant kind=vs type=i reg=1 values=0,0,0,0
constant kind=vs type=i reg=2 values=0,0,0,0
constant kind=vs type=i reg=3 values=0,0,0,0
constant kind=vs type=i reg=4 values=0,0,0,0
constant kind=vs type=i reg=5 values=0,0,0,0
constant kind=vs type=i reg=6 values=0,0,0,0
constant kind=vs type=i reg=7 values=0,0,0,0
constant kind=vs type=i reg=8 values=0,0,0,0
constant kind=vs type=i reg=9 values=0,0,0,0
constant kind=vs type=i reg=10 values=0,0,0,0
constant kind=vs type=i reg=11 values=0,0,0,0
constant kind=vs type=i reg=12 values=0,0,0,0
constant kind=vs type=i reg=13 values=0,0,0,0
constant kind=vs type=i reg=14 values=0,0,0,0
constant kind=vs type=i reg=15 values=0,0,0,0
constants kind=vs type=b count=16 result=00000000 encoding=full
constant kind=vs type=b reg=0 values=0
constant kind=vs type=b reg=1 values=0
constant kind=vs type=b reg=2 values=0
constant kind=vs type=b reg=3 values=0
constant kind=vs type=b reg=4 values=0
constant kind=vs type=b reg=5 values=0
constant kind=vs type=b reg=6 values=0
constant kind=vs type=b reg=7 values=0
constant kind=vs type=b reg=8 values=0
constant kind=vs type=b reg=9 values=0
constant kind=vs type=b reg=10 values=0
constant kind=vs type=b reg=11 values=0
constant kind=vs type=b reg=12 values=0
constant kind=vs type=b reg=13 values=0
constant kind=vs type=b reg=14 values=0
constant kind=vs type=b reg=15 values=0
constants kind=ps type=f count=224 result=00000000 encoding=sparse_zero
constant kind=ps type=f reg=0 bits=3f800000,00000000,00000000,00000000
constant kind=ps type=f reg=1 bits=00000000,3f800000,00000000,00000000
constant kind=ps type=f reg=2 bits=00000000,00000000,3f800000,00000000
constant kind=ps type=f reg=3 bits=3e800000,00000000,00000000,00000000
constant kind=ps type=f reg=4 bits=00000000,00000000,3f800000,00000000
constant kind=ps type=f reg=5 bits=3e99999a,3e4ccccd,3dcccccd,00000000
constant kind=ps type=f reg=6 bits=3f000000,00000000,3f000000,00000000
constant kind=ps type=f reg=7 bits=3dcccccd,3e19999a,3e4ccccd,00000000
constant kind=ps type=f reg=216 bits=43480000,43490000,434a0000,434b0000
constant kind=ps type=f reg=217 bits=434c0000,434d0000,434e0000,434f0000
constants kind=ps type=i count=16 result=00000000 encoding=full
constant kind=ps type=i reg=0 values=0,0,0,0
constant kind=ps type=i reg=1 values=0,0,0,0
constant kind=ps type=i reg=2 values=0,0,0,0
constant kind=ps type=i reg=3 values=0,0,0,0
constant kind=ps type=i reg=4 values=0,0,0,0
constant kind=ps type=i reg=5 values=0,0,0,0
constant kind=ps type=i reg=6 values=0,0,0,0
constant kind=ps type=i reg=7 values=0,0,0,0
constant kind=ps type=i reg=8 values=0,0,0,0
constant kind=ps type=i reg=9 values=0,0,0,0
constant kind=ps type=i reg=10 values=0,0,0,0
constant kind=ps type=i reg=11 values=0,0,0,0
constant kind=ps type=i reg=12 values=0,0,0,0
constant kind=ps type=i reg=13 values=0,0,0,0
constant kind=ps type=i reg=14 values=0,0,0,0
constant kind=ps type=i reg=15 values=0,0,0,0
constants kind=ps type=b count=16 result=00000000 encoding=full
constant kind=ps type=b reg=0 values=0
constant kind=ps type=b reg=1 values=0
constant kind=ps type=b reg=2 values=0
constant kind=ps type=b reg=3 values=0
constant kind=ps type=b reg=4 values=0
constant kind=ps type=b reg=5 values=0
constant kind=ps type=b reg=6 values=0
constant kind=ps type=b reg=7 values=0
constant kind=ps type=b reg=8 values=0
constant kind=ps type=b reg=9 values=0
constant kind=ps type=b reg=10 values=0
constant kind=ps type=b reg=11 values=0
constant kind=ps type=b reg=12 values=0
constant kind=ps type=b reg=13 values=0
constant kind=ps type=b reg=14 values=0
constant kind=ps type=b reg=15 values=0
draw_args start_vertex=0
motion_route device=1 frame=3 index=2 gate=6 routed=1 matched=0 depth=1 jittered=1 vs=53a0a641107ed76c ps=8759c7838bbc86c2 node=00001000 camera=00002000 node_handle=7 camera_handle=9 node_serial=11 camera_serial=21 load_epoch=3 registry_epoch=5 model=00000011 lod=00000002 vb=3 ib=0 declaration=0cdf6a8c884ad955 offset=0 stride=24 position_offset=0 position_type=16 topology=4 first=0 primitives=1 base_vertex=0 min_vertex=0 vertex_count=0 indexed=0 pass=1 rows_hash=712d59ff944d11a8 result=00000000
motion_input device=1 frame=3 index=2 blockers=00000210 proofs=28 position_path=1 vs=53a0a641107ed76c ps=8759c7838bbc86c2 declaration=0cdf6a8c884ad955 rows_hash=712d59ff944d11a8 color=1 depth=2 width=64 height=64 cull=1 vb=3 vb_revision=0 ib=0 ib_revision=0 position_offset=0 position_type=16 lifetime_verified=0 vertex_finite_verified=0
motion_geometry device=1 frame=3 index=2 source_qualified=1 source_hash=53a0a641107ed76c source_words=526 finite_requested=0 finite_state=0 finite_reason=4 finite_status=00000001 finite_generation=0 finite_revision=0 index_required=0 index_requested=0 index_known=0 index_range_verified=0 index_exact=0 index_min=0 index_max=0 index_reason=1 index_status=00000001 index_generation=0 index_revision=0
draw_result device=1 frame=3 index=2 result=00000000
capture_event device=1 frame=3 seq=5 after_draw=2 op=draw_begin result=00000000 qpc=9616817262858
draw device=1 frame=3 index=3 kind=primitive topology=4 primitives=1 vs=53a0a641107ed76c ps=8759c7838bbc86c2
geometry source=buffers
stream slot=0 result=00000000 identity=6 offset=0 stride=24 frequency=1 frequency_result=00000000
vertex_buffer identity=6 bytes=72 usage=0 pool=1 fvf=0
buffer_content kind=vertex identity=6 result=00000000 status=00000001 requested=0 known=0 ambiguous=0 revision=0 pending=0 flags=00000000
stream slot=1 result=00000000 identity=0
stream slot=2 result=00000000 identity=0
stream slot=3 result=00000000 identity=0
stream slot=4 result=00000000 identity=0
stream slot=5 result=00000000 identity=0
stream slot=6 result=00000000 identity=0
stream slot=7 result=00000000 identity=0
stream slot=8 result=00000000 identity=0
stream slot=9 result=00000000 identity=0
stream slot=10 result=00000000 identity=0
stream slot=11 result=00000000 identity=0
stream slot=12 result=00000000 identity=0
stream slot=13 result=00000000 identity=0
stream slot=14 result=00000000 identity=0
stream slot=15 result=00000000 identity=0
indices result=00000000 identity=0
surface role=rt0 ptr=02158cc0 identity=1 width=64 height=64 format=21 usage=1 msaa=0 container=0 container_type=0 container_result=80004002
surface role=depth ptr=02158cf0 identity=2 width=64 height=64 format=77 usage=2 msaa=0 container=0 container_type=0 container_result=80004002
state id=7 value=1
state id=14 value=1
state id=23 value=4
state id=15 value=0
state id=24 value=0
state id=25 value=8
state id=27 value=0
state id=19 value=2
state id=20 value=1
state id=171 value=1
state id=22 value=1
state id=168 value=15
state id=194 value=0
state id=206 value=0
state id=52 value=0
state id=56 value=8
state id=57 value=0
state id=58 value=4294967295
state id=59 value=4294967295
state id=53 value=1
state id=54 value=1
state id=55 value=1
state id=185 value=0
state id=189 value=8
state id=186 value=1
state id=187 value=1
state id=188 value=1
viewport x=0 y=0 w=64 h=64 minz=0 maxz=1
texture stage=0 ptr=02158b70 type=3 identity=9 levels=1
texture_desc stage=0 w=2 h=2 format=21
sampler stage=0 state=6 value=1
sampler stage=0 state=5 value=1
sampler stage=0 state=7 value=0
sampler stage=0 state=10 value=1
sampler stage=0 state=11 value=0
sampler stage=0 state=8 value=0 bias=0
sampler stage=0 state=9 value=0
texture stage=1 ptr=02158bd0 type=3 identity=10 levels=1
texture_desc stage=1 w=2 h=2 format=21
sampler stage=1 state=6 value=1
sampler stage=1 state=5 value=1
sampler stage=1 state=7 value=0
sampler stage=1 state=10 value=1
sampler stage=1 state=11 value=0
sampler stage=1 state=8 value=0 bias=0
sampler stage=1 state=9 value=0
texture stage=2 ptr=02158c30 type=3 identity=11 levels=1
texture_desc stage=2 w=2 h=2 format=21
sampler stage=2 state=6 value=1
sampler stage=2 state=5 value=1
sampler stage=2 state=7 value=0
sampler stage=2 state=10 value=1
sampler stage=2 state=11 value=0
sampler stage=2 state=8 value=0 bias=0
sampler stage=2 state=9 value=0
texture stage=3 ptr=02158c90 type=5 identity=12 levels=1
sampler stage=3 state=6 value=1
sampler stage=3 state=5 value=1
sampler stage=3 state=7 value=0
sampler stage=3 state=10 value=1
sampler stage=3 state=11 value=0
sampler stage=3 state=8 value=0 bias=0
sampler stage=3 state=9 value=0
sampler stage=4 state=6 value=1
sampler stage=4 state=5 value=1
sampler stage=4 state=7 value=0
sampler stage=4 state=10 value=1
sampler stage=4 state=11 value=0
sampler stage=4 state=8 value=0 bias=0
sampler stage=4 state=9 value=0
sampler stage=5 state=6 value=1
sampler stage=5 state=5 value=1
sampler stage=5 state=7 value=0
sampler stage=5 state=10 value=1
sampler stage=5 state=11 value=0
sampler stage=5 state=8 value=0 bias=0
sampler stage=5 state=9 value=0
sampler stage=6 state=6 value=1
sampler stage=6 state=5 value=1
sampler stage=6 state=7 value=0
sampler stage=6 state=10 value=1
sampler stage=6 state=11 value=0
sampler stage=6 state=8 value=0 bias=0
sampler stage=6 state=9 value=0
sampler stage=7 state=6 value=1
sampler stage=7 state=5 value=1
sampler stage=7 state=7 value=0
sampler stage=7 state=10 value=1
sampler stage=7 state=11 value=0
sampler stage=7 state=8 value=0 bias=0
sampler stage=7 state=9 value=0
sampler stage=8 state=6 value=1
sampler stage=8 state=5 value=1
sampler stage=8 state=7 value=0
sampler stage=8 state=10 value=1
sampler stage=8 state=11 value=0
sampler stage=8 state=8 value=0 bias=0
sampler stage=8 state=9 value=0
sampler stage=9 state=6 value=1
sampler stage=9 state=5 value=1
sampler stage=9 state=7 value=0
sampler stage=9 state=10 value=1
sampler stage=9 state=11 value=0
sampler stage=9 state=8 value=0 bias=0
sampler stage=9 state=9 value=0
sampler stage=10 state=6 value=1
sampler stage=10 state=5 value=1
sampler stage=10 state=7 value=0
sampler stage=10 state=10 value=1
sampler stage=10 state=11 value=0
sampler stage=10 state=8 value=0 bias=0
sampler stage=10 state=9 value=0
sampler stage=11 state=6 value=1
sampler stage=11 state=5 value=1
sampler stage=11 state=7 value=0
sampler stage=11 state=10 value=1
sampler stage=11 state=11 value=0
sampler stage=11 state=8 value=0 bias=0
sampler stage=11 state=9 value=0
sampler stage=12 state=6 value=1
sampler stage=12 state=5 value=1
sampler stage=12 state=7 value=0
sampler stage=12 state=10 value=1
sampler stage=12 state=11 value=0
sampler stage=12 state=8 value=0 bias=0
sampler stage=12 state=9 value=0
sampler stage=13 state=6 value=1
sampler stage=13 state=5 value=1
sampler stage=13 state=7 value=0
sampler stage=13 state=10 value=1
sampler stage=13 state=11 value=0
sampler stage=13 state=8 value=0 bias=0
sampler stage=13 state=9 value=0
sampler stage=14 state=6 value=1
sampler stage=14 state=5 value=1
sampler stage=14 state=7 value=0
sampler stage=14 state=10 value=1
sampler stage=14 state=11 value=0
sampler stage=14 state=8 value=0 bias=0
sampler stage=14 state=9 value=0
sampler stage=15 state=6 value=1
sampler stage=15 state=5 value=1
sampler stage=15 state=7 value=0
sampler stage=15 state=10 value=1
sampler stage=15 state=11 value=0
sampler stage=15 state=8 value=0 bias=0
sampler stage=15 state=9 value=0
vertex_element stream=0 offset=0 type=16 method=0 usage=0 index=0
vertex_element stream=0 offset=8 type=16 method=0 usage=5 index=0
vertex_element stream=0 offset=16 type=16 method=0 usage=3 index=0
vertex_element stream=255 offset=0 type=17 method=0 usage=0 index=0
transform state=256 row=0 values=1,0,0,0
transform state=256 row=1 values=0,1,0,0
transform state=256 row=2 values=0,0,1,0
transform state=256 row=3 values=0,0,0,1
transform state=2 row=0 values=1,0,0,0
transform state=2 row=1 values=0,1,0,0
transform state=2 row=2 values=0,0,1,0
transform state=2 row=3 values=0,0,0,1
transform state=3 row=0 values=1,0,0,0
transform state=3 row=1 values=0,1,0,0
transform state=3 row=2 values=0,0,1,0
transform state=3 row=3 values=0,0,0,1
constants kind=vs type=f count=256 result=00000000 encoding=sparse_zero
constant kind=vs type=f reg=0 bits=bf800000,3f800000,40400000,00000000
constant kind=vs type=f reg=1 bits=3d23d70a,3ccccccd,3c75c28f,00000000
constant kind=vs type=f reg=2 bits=3f800000,3d4ccccd,00000000,00000000
constant kind=vs type=f reg=3 bits=00000000,3f800000,40400000,00000000
constant kind=vs type=f reg=4 bits=3d23d70a,3ccccccd,3c75c28f,00000000
constant kind=vs type=f reg=5 bits=3f800000,3d4ccccd,00000000,00000000
constant kind=vs type=f reg=6 bits=3f800000,3f800000,40400000,00000000
constant kind=vs type=f reg=7 bits=3d23d70a,3ccccccd,3c75c28f,00000000
constant kind=vs type=f reg=8 bits=3f800000,3d4ccccd,00000000,00000000
constant kind=vs type=f reg=9 bits=bf800000,3f800000,40400000,00000000
constant kind=vs type=f reg=10 bits=3d23d70a,3ccccccd,3c75c28f,00000000
constant kind=vs type=f reg=11 bits=3f800000,3d4ccccd,00000000,00000000
constant kind=vs type=f reg=12 bits=00000000,3f800000,40400000,00000000
constant kind=vs type=f reg=13 bits=3d23d70a,3ccccccd,3c75c28f,00000000
constant kind=vs type=f reg=14 bits=3f800000,3d4ccccd,00000000,00000000
constant kind=vs type=f reg=15 bits=3f800000,3f800000,40400000,00000000
constant kind=vs type=f reg=16 bits=3d23d70a,3ccccccd,3c75c28f,00000000
constant kind=vs type=f reg=17 bits=3f800000,3d4ccccd,00000000,00000000
constant kind=vs type=f reg=18 bits=bf800000,3f800000,40400000,00000000
constant kind=vs type=f reg=19 bits=3d23d70a,3ccccccd,3c75c28f,00000000
constant kind=vs type=f reg=20 bits=3f800000,3d4ccccd,00000000,00000000
constant kind=vs type=f reg=21 bits=00000000,3f800000,40400000,00000000
constant kind=vs type=f reg=22 bits=3d23d70a,3ccccccd,3c75c28f,00000000
constant kind=vs type=f reg=23 bits=3f800000,3d4ccccd,00000000,00000000
constant kind=vs type=f reg=24 bits=3f800000,00000000,00000000,00000000
constant kind=vs type=f reg=25 bits=00000000,3f800000,00000000,00000000
constant kind=vs type=f reg=26 bits=00000000,00000000,3f800000,00000000
constant kind=vs type=f reg=27 bits=00000000,00000000,00000000,3f800000
constant kind=vs type=f reg=28 bits=3f800000,00000000,00000000,00000000
constant kind=vs type=f reg=29 bits=00000000,3f800000,00000000,00000000
constant kind=vs type=f reg=30 bits=00000000,00000000,3f800000,00000000
constant kind=vs type=f reg=31 bits=3f800000,00000000,00000000,00000000
constant kind=vs type=f reg=32 bits=00000000,3f800000,00000000,00000000
constant kind=vs type=f reg=33 bits=00000000,00000000,3f800000,00000000
constant kind=vs type=f reg=34 bits=3f800000,00000000,00000000,00000000
constant kind=vs type=f reg=35 bits=00000000,3f800000,00000000,00000000
constant kind=vs type=f reg=36 bits=00000000,00000000,3f800000,40800000
constant kind=vs type=f reg=37 bits=3f800000,00000000,00000000,00000000
constant kind=vs type=f reg=38 bits=00000000,3f800000,00000000,00000000
constant kind=vs type=f reg=39 bits=3f200000,00000000,00000000,00000000
constant kind=vs type=f reg=40 bits=3e4ccccd,3dcccccd,3d4ccccd,00000000
constant kind=vs type=f reg=41 bits=3f800000,00000000,00000000,00000000
constant kind=vs type=f reg=252 bits=42c80000,42ca0000,42cc0000,42ce0000
constant kind=vs type=f reg=253 bits=42d00000,42d20000,42d40000,42d60000
constant kind=vs type=f reg=254 bits=42d80000,42da0000,42dc0000,42de0000
constant kind=vs type=f reg=255 bits=42e00000,42e20000,42e40000,42e60000
constants kind=vs type=i count=16 result=00000000 encoding=full
constant kind=vs type=i reg=0 values=1,0,1,0
constant kind=vs type=i reg=1 values=0,0,0,0
constant kind=vs type=i reg=2 values=0,0,0,0
constant kind=vs type=i reg=3 values=0,0,0,0
constant kind=vs type=i reg=4 values=0,0,0,0
constant kind=vs type=i reg=5 values=0,0,0,0
constant kind=vs type=i reg=6 values=0,0,0,0
constant kind=vs type=i reg=7 values=0,0,0,0
constant kind=vs type=i reg=8 values=0,0,0,0
constant kind=vs type=i reg=9 values=0,0,0,0
constant kind=vs type=i reg=10 values=0,0,0,0
constant kind=vs type=i reg=11 values=0,0,0,0
constant kind=vs type=i reg=12 values=0,0,0,0
constant kind=vs type=i reg=13 values=0,0,0,0
constant kind=vs type=i reg=14 values=0,0,0,0
constant kind=vs type=i reg=15 values=0,0,0,0
constants kind=vs type=b count=16 result=00000000 encoding=full
constant kind=vs type=b reg=0 values=0
constant kind=vs type=b reg=1 values=0
constant kind=vs type=b reg=2 values=0
constant kind=vs type=b reg=3 values=0
constant kind=vs type=b reg=4 values=0
constant kind=vs type=b reg=5 values=0
constant kind=vs type=b reg=6 values=0
constant kind=vs type=b reg=7 values=0
constant kind=vs type=b reg=8 values=0
constant kind=vs type=b reg=9 values=0
constant kind=vs type=b reg=10 values=0
constant kind=vs type=b reg=11 values=0
constant kind=vs type=b reg=12 values=0
constant kind=vs type=b reg=13 values=0
constant kind=vs type=b reg=14 values=0
constant kind=vs type=b reg=15 values=0
constants kind=ps type=f count=224 result=00000000 encoding=sparse_zero
constant kind=ps type=f reg=0 bits=3f800000,00000000,00000000,00000000
constant kind=ps type=f reg=1 bits=00000000,3f800000,00000000,00000000
constant kind=ps type=f reg=2 bits=00000000,00000000,3f800000,00000000
constant kind=ps type=f reg=3 bits=3e800000,00000000,00000000,00000000
constant kind=ps type=f reg=4 bits=00000000,00000000,3f800000,00000000
constant kind=ps type=f reg=5 bits=3e99999a,3e4ccccd,3dcccccd,00000000
constant kind=ps type=f reg=6 bits=3f000000,00000000,3f000000,00000000
constant kind=ps type=f reg=7 bits=3dcccccd,3e19999a,3e4ccccd,00000000
constant kind=ps type=f reg=216 bits=43480000,43490000,434a0000,434b0000
constant kind=ps type=f reg=217 bits=434c0000,434d0000,434e0000,434f0000
constants kind=ps type=i count=16 result=00000000 encoding=full
constant kind=ps type=i reg=0 values=0,0,0,0
constant kind=ps type=i reg=1 values=0,0,0,0
constant kind=ps type=i reg=2 values=0,0,0,0
constant kind=ps type=i reg=3 values=0,0,0,0
constant kind=ps type=i reg=4 values=0,0,0,0
constant kind=ps type=i reg=5 values=0,0,0,0
constant kind=ps type=i reg=6 values=0,0,0,0
constant kind=ps type=i reg=7 values=0,0,0,0
constant kind=ps type=i reg=8 values=0,0,0,0
constant kind=ps type=i reg=9 values=0,0,0,0
constant kind=ps type=i reg=10 values=0,0,0,0
constant kind=ps type=i reg=11 values=0,0,0,0
constant kind=ps type=i reg=12 values=0,0,0,0
constant kind=ps type=i reg=13 values=0,0,0,0
constant kind=ps type=i reg=14 values=0,0,0,0
constant kind=ps type=i reg=15 values=0,0,0,0
constants kind=ps type=b count=16 result=00000000 encoding=full
constant kind=ps type=b reg=0 values=0
constant kind=ps type=b reg=1 values=0
constant kind=ps type=b reg=2 values=0
constant kind=ps type=b reg=3 values=0
constant kind=ps type=b reg=4 values=0
constant kind=ps type=b reg=5 values=0
constant kind=ps type=b reg=6 values=0
constant kind=ps type=b reg=7 values=0
constant kind=ps type=b reg=8 values=0
constant kind=ps type=b reg=9 values=0
constant kind=ps type=b reg=10 values=0
constant kind=ps type=b reg=11 values=0
constant kind=ps type=b reg=12 values=0
constant kind=ps type=b reg=13 values=0
constant kind=ps type=b reg=14 values=0
constant kind=ps type=b reg=15 values=0
draw_args start_vertex=0
motion_route device=1 frame=3 index=3 gate=6 routed=1 matched=0 depth=1 jittered=1 vs=53a0a641107ed76c ps=8759c7838bbc86c2 node=00001100 camera=00002000 node_handle=8 camera_handle=9 node_serial=12 camera_serial=21 load_epoch=3 registry_epoch=5 model=00000012 lod=00000002 vb=6 ib=0 declaration=0cdf6a8c884ad955 offset=0 stride=24 position_offset=0 position_type=16 topology=4 first=0 primitives=1 base_vertex=0 min_vertex=0 vertex_count=0 indexed=0 pass=1 rows_hash=1b0c97ae01a7ec05 result=00000000
motion_input device=1 frame=3 index=3 blockers=00000210 proofs=28 position_path=1 vs=53a0a641107ed76c ps=8759c7838bbc86c2 declaration=0cdf6a8c884ad955 rows_hash=1b0c97ae01a7ec05 color=1 depth=2 width=64 height=64 cull=1 vb=6 vb_revision=0 ib=0 ib_revision=0 position_offset=0 position_type=16 lifetime_verified=0 vertex_finite_verified=0
motion_geometry device=1 frame=3 index=3 source_qualified=1 source_hash=53a0a641107ed76c source_words=526 finite_requested=0 finite_state=0 finite_reason=4 finite_status=00000001 finite_generation=0 finite_revision=0 index_required=0 index_requested=0 index_known=0 index_range_verified=0 index_exact=0 index_min=0 index_max=0 index_reason=1 index_status=00000001 index_generation=0 index_revision=0
draw_result device=1 frame=3 index=3 result=00000000
motion_output_cut device=1 frame=3 samples=0 median_px=0.0000 keyed=2 missing=2 missing_fraction=1.0000 bound_px=2.400 bound_missing=0.250 cut=1
capture_event device=1 frame=3 seq=6 after_draw=3 op=set_depth result=00000000 qpc=9616817274268
set_depth ptr=00000000 result=00000000
surface role=depth_binding ptr=0 identity=0
hdr_readback device=1 frame=3 file=hdr_1_3.rgba16f width=64 height=64 format=rgba16f_row_major result=00000000 bytes=32768
motion_output_color_readback device=1 frame=3 file=color_1_3.bgra8 width=64 height=64 format=bgra8_row_major result=00000000 bytes=16384
motion_output_taa_readback device=1 frame=3 file=taa_1_3.rgba16f width=64 height=64 format=rgba16f_row_major result=00000000 bytes=32768
capture_event device=1 frame=3 seq=7 after_draw=3 op=stretch_rect result=00000000 qpc=9616817335784
stretch_rect source=02158cc0 dest=02158d50 filter=0 source_rect_null=1 dest_rect_null=1
surface role=stretch_source ptr=02158cc0 identity=1 width=64 height=64 format=21 usage=1 msaa=0 container=0 container_type=0 container_result=80004002
surface role=stretch_dest ptr=02158d50 identity=7 width=64 height=64 format=21 usage=1 msaa=0 container=8 container_type=3 container_result=00000000
capture_event device=1 frame=3 seq=8 after_draw=3 op=set_depth result=00000000 qpc=9616817375425
set_depth ptr=02158cf0 result=00000000
surface role=depth_binding ptr=02158cf0 identity=2 width=64 height=64 format=77 usage=2 msaa=0 container=0 container_type=0 container_result=80004002
motion_output_readback device=1 frame=3 file=motion_1_3.rgba32f width=64 height=64 format=rgba32f_row_major result=00000000 bytes=65536
motion_output_depth_readback device=1 frame=3 file=depth_1_3.r32f width=64 height=64 format=r32f_row_major result=00000000 bytes=16384
motion_output_frame device=1 frame=3 latched=1 filled=1 fill_result=00000000 fill_restore=00000000 draws=3 routed=2 matched=0 gate1=0 gate2=1 gate3=0 gate4=0 gate5=0 gate6=2 apply_failures=0 restore_failures=0 history_previous=2 history_current=0 committed=1 selector_state=9 present=00000000 depth=1 depth_routed=2 jitter=1 jitter_index=3 jitter_x=-0.375000 jitter_y=-0.055556 jitter_previous_x=0.250000 jitter_previous_y=-0.388889 jittered=2 cut=1 cut_median_px=0.0000 cut_missing=1.0000 cut_samples=0 taa=1 taa_attempted=1 taa_resolved=1 taa_history=0 taa_skip=0 taa_result=00000000 taa_restore=00000000 taa_copy=00000001 taa_hdr=1 taa_k=1.00000 taa_sharpen=0 scene_open=0 active_queries=0 taa_references=10 camera_valid=0 camera_background_valid=0 camera_reads=0 camera_policy=1 camera_reason=2 camera_cut=0 camera_rotation_deg=0.0000 rt_mode=perdraw timing=cpu_qpc set_rt=8 lazy_flushes=0 jitter_writes=4 readbacks=5 gate_us=12.6 route_draw_us=18.8 set_rt_us=8.6 lazy_flush_us=0.0 jitter_us=1.6 fill_us=66.5 taa_run_us=226.0 taa_capture_us=7.0 taa_copy_color_us=0.3 taa_copy_depth_us=3.9 taa_draw_us=192.7 taa_apply_us=14.4 taa_copy_back_us=0.0 readback_us=5818.9 state_shadow=1 rs_queries=18 rs_hits=18 rs_gets=14 rs_resyncs=0 sb_resyncs=0 scene_hook=0 scene_end_source=stretchrect scene_end_check=3 hook_signals=0 hook_outside_scene=0 hook_state=0 draws_after_hook=0 bloom_copy_seen=1 mip_bias=0 mip_bias_sets=0 mip_bias_restores=0 mip_bias_draws=0 mip_bias_stages=0000 mip_bias_reads=0 mip_bias_game_writes=0 mip_bias_game_writes_total=0 mip_bias_failures=0 mip_bias_biased_now=0000
camera_state device=1 frame=3 status=executable_mismatch reads=0 valid=0 read_failure=0 failure=0 projection=00000000 view=00000000 p00=0 p11=0 p20=0 p21=0 r00=0 r01=0 r02=0 r10=0 r11=0 r12=0 r20=0 r21=0 r22=0 t=0,0,0 background_valid=0 background_p00=0 background_p11=0 background_rotation_deg=0.0000 history_view_valid=0 history_view_frame=3 rotation_deg=0.0000 policy=1 reason=2 camera_cut=0 mode=0 cut_deg=20.00
hdr_frame device=1 frame=3 hdr=1 redirected=1 end=bloom_copy writebacks=2 flushes=1 writeback_source=shader unwind=0 unwind_reason=none unwind_draw=00000001 unwind_restore=00000001 unwind_stretch=00000001 unwind_bind=00000001 blocked=0 recheck=none suspended=0 resumed=0 dirty_at_present=0 refused_msaa=0 target_create=00000000 latch_bind=00000000 target=64x64 target_bytes=32768 caps=ok stretch_conversion=00000000 timing=cpu_qpc redirect_us=2.6 writeback_us=235.5 writeback_draw_us=233.1 writeback_stretch_us=0.0 bind_us=0.0 recheck_us=0.0 tonemap=agx tonemapped=1 look=none decode=gamma2.2 clamp=0 exposure=manual ev=0.00000 ev_adapted=0.00000 ev_target=0.00000 avg_log_l=0.00000 luma_mean=1 dt_ms=0.000 stepped=0 steps=0 meter=00000001 readback=00000001 tonemap_draw=00000000 fallback=0 meter_us=0.0 readback_us=0.0 k=1.00000 chain_bytes=0 sharpen=off sharpened=0 sharpen_fallback=0
frame_end device=1 frame=3 draws=3 capture=1 present=00000000 elapsed_ms=1216 dt_ms=14 qpc=9616817385971
ownership_copy_depth phase=present device=1 frame=3 result=00000000 status=00000001 requested=0 available=0 source_bound=0 copy_valid=0 generation=0 source_epoch=0 copy_epoch=0 source_width=0 source_height=0 source_format=0 source_type=0 source_usage=0 source_pool=0 source_msaa=0 source_quality=0
frame_begin device=1 frame=4
capture_event device=1 frame=4 seq=1 after_draw=0 op=clear result=00000000 qpc=9616817386748
clear flags=3 color=ff203040 z=1 stencil=0 rect_count=0 rect_ptr=00000000
surface role=clear_rt0 ptr=02158cc0 identity=1 width=64 height=64 format=21 usage=1 msaa=0 container=0 container_type=0 container_result=80004002
surface role=clear_depth ptr=02158cf0 identity=2 width=64 height=64 format=77 usage=2 msaa=0 container=0 container_type=0 container_result=80004002
clear_viewport result=00000000 x=0 y=0 w=64 h=64 minz=0 maxz=1
capture_event device=1 frame=4 seq=2 after_draw=0 op=draw_begin result=00000000 qpc=9616817387939
draw device=1 frame=4 index=1 kind=primitive topology=4 primitives=1 vs=53a0a641107ed76c ps=98731d5594e36226
geometry source=buffers
stream slot=0 result=00000000 identity=3 offset=0 stride=24 frequency=1 frequency_result=00000000
vertex_buffer identity=3 bytes=72 usage=0 pool=1 fvf=0
buffer_content kind=vertex identity=3 result=00000000 status=00000001 requested=0 known=0 ambiguous=0 revision=0 pending=0 flags=00000000
stream slot=1 result=00000000 identity=0
stream slot=2 result=00000000 identity=0
stream slot=3 result=00000000 identity=0
stream slot=4 result=00000000 identity=0
stream slot=5 result=00000000 identity=0
stream slot=6 result=00000000 identity=0
stream slot=7 result=00000000 identity=0
stream slot=8 result=00000000 identity=0
stream slot=9 result=00000000 identity=0
stream slot=10 result=00000000 identity=0
stream slot=11 result=00000000 identity=0
stream slot=12 result=00000000 identity=0
stream slot=13 result=00000000 identity=0
stream slot=14 result=00000000 identity=0
stream slot=15 result=00000000 identity=0
indices result=00000000 identity=0
surface role=rt0 ptr=02158cc0 identity=1 width=64 height=64 format=21 usage=1 msaa=0 container=0 container_type=0 container_result=80004002
surface role=depth ptr=02158cf0 identity=2 width=64 height=64 format=77 usage=2 msaa=0 container=0 container_type=0 container_result=80004002
state id=7 value=0
state id=14 value=0
state id=23 value=4
state id=15 value=1
state id=24 value=0
state id=25 value=8
state id=27 value=1
state id=19 value=2
state id=20 value=1
state id=171 value=1
state id=22 value=2
state id=168 value=7
state id=194 value=0
state id=206 value=0
state id=52 value=1
state id=56 value=8
state id=57 value=0
state id=58 value=4294967295
state id=59 value=4294967295
state id=53 value=1
state id=54 value=1
state id=55 value=1
state id=185 value=0
state id=189 value=8
state id=186 value=1
state id=187 value=1
state id=188 value=1
viewport x=0 y=0 w=64 h=64 minz=0 maxz=1
texture stage=0 ptr=02158b70 type=3 identity=9 levels=1
texture_desc stage=0 w=2 h=2 format=21
sampler stage=0 state=6 value=1
sampler stage=0 state=5 value=1
sampler stage=0 state=7 value=0
sampler stage=0 state=10 value=1
sampler stage=0 state=11 value=0
sampler stage=0 state=8 value=0 bias=0
sampler stage=0 state=9 value=0
texture stage=1 ptr=02158bd0 type=3 identity=10 levels=1
texture_desc stage=1 w=2 h=2 format=21
sampler stage=1 state=6 value=1
sampler stage=1 state=5 value=1
sampler stage=1 state=7 value=0
sampler stage=1 state=10 value=1
sampler stage=1 state=11 value=0
sampler stage=1 state=8 value=0 bias=0
sampler stage=1 state=9 value=0
texture stage=2 ptr=02158c30 type=3 identity=11 levels=1
texture_desc stage=2 w=2 h=2 format=21
sampler stage=2 state=6 value=1
sampler stage=2 state=5 value=1
sampler stage=2 state=7 value=0
sampler stage=2 state=10 value=1
sampler stage=2 state=11 value=0
sampler stage=2 state=8 value=0 bias=0
sampler stage=2 state=9 value=0
texture stage=3 ptr=02158c90 type=5 identity=12 levels=1
sampler stage=3 state=6 value=1
sampler stage=3 state=5 value=1
sampler stage=3 state=7 value=0
sampler stage=3 state=10 value=1
sampler stage=3 state=11 value=0
sampler stage=3 state=8 value=0 bias=0
sampler stage=3 state=9 value=0
sampler stage=4 state=6 value=1
sampler stage=4 state=5 value=1
sampler stage=4 state=7 value=0
sampler stage=4 state=10 value=1
sampler stage=4 state=11 value=0
sampler stage=4 state=8 value=0 bias=0
sampler stage=4 state=9 value=0
sampler stage=5 state=6 value=1
sampler stage=5 state=5 value=1
sampler stage=5 state=7 value=0
sampler stage=5 state=10 value=1
sampler stage=5 state=11 value=0
sampler stage=5 state=8 value=0 bias=0
sampler stage=5 state=9 value=0
sampler stage=6 state=6 value=1
sampler stage=6 state=5 value=1
sampler stage=6 state=7 value=0
sampler stage=6 state=10 value=1
sampler stage=6 state=11 value=0
sampler stage=6 state=8 value=0 bias=0
sampler stage=6 state=9 value=0
sampler stage=7 state=6 value=1
sampler stage=7 state=5 value=1
sampler stage=7 state=7 value=0
sampler stage=7 state=10 value=1
sampler stage=7 state=11 value=0
sampler stage=7 state=8 value=0 bias=0
sampler stage=7 state=9 value=0
sampler stage=8 state=6 value=1
sampler stage=8 state=5 value=1
sampler stage=8 state=7 value=0
sampler stage=8 state=10 value=1
sampler stage=8 state=11 value=0
sampler stage=8 state=8 value=0 bias=0
sampler stage=8 state=9 value=0
sampler stage=9 state=6 value=1
sampler stage=9 state=5 value=1
sampler stage=9 state=7 value=0
sampler stage=9 state=10 value=1
sampler stage=9 state=11 value=0
sampler stage=9 state=8 value=0 bias=0
sampler stage=9 state=9 value=0
sampler stage=10 state=6 value=1
sampler stage=10 state=5 value=1
sampler stage=10 state=7 value=0
sampler stage=10 state=10 value=1
sampler stage=10 state=11 value=0
sampler stage=10 state=8 value=0 bias=0
sampler stage=10 state=9 value=0
sampler stage=11 state=6 value=1
sampler stage=11 state=5 value=1
sampler stage=11 state=7 value=0
sampler stage=11 state=10 value=1
sampler stage=11 state=11 value=0
sampler stage=11 state=8 value=0 bias=0
sampler stage=11 state=9 value=0
sampler stage=12 state=6 value=1
sampler stage=12 state=5 value=1
sampler stage=12 state=7 value=0
sampler stage=12 state=10 value=1
sampler stage=12 state=11 value=0
sampler stage=12 state=8 value=0 bias=0
sampler stage=12 state=9 value=0
sampler stage=13 state=6 value=1
sampler stage=13 state=5 value=1
sampler stage=13 state=7 value=0
sampler stage=13 state=10 value=1
sampler stage=13 state=11 value=0
sampler stage=13 state=8 value=0 bias=0
sampler stage=13 state=9 value=0
sampler stage=14 state=6 value=1
sampler stage=14 state=5 value=1
sampler stage=14 state=7 value=0
sampler stage=14 state=10 value=1
sampler stage=14 state=11 value=0
sampler stage=14 state=8 value=0 bias=0
sampler stage=14 state=9 value=0
sampler stage=15 state=6 value=1
sampler stage=15 state=5 value=1
sampler stage=15 state=7 value=0
sampler stage=15 state=10 value=1
sampler stage=15 state=11 value=0
sampler stage=15 state=8 value=0 bias=0
sampler stage=15 state=9 value=0
vertex_element stream=0 offset=0 type=16 method=0 usage=0 index=0
vertex_element stream=0 offset=8 type=16 method=0 usage=5 index=0
vertex_element stream=0 offset=16 type=16 method=0 usage=3 index=0
vertex_element stream=255 offset=0 type=17 method=0 usage=0 index=0
transform state=256 row=0 values=1,0,0,0
transform state=256 row=1 values=0,1,0,0
transform state=256 row=2 values=0,0,1,0
transform state=256 row=3 values=0,0,0,1
transform state=2 row=0 values=1,0,0,0
transform state=2 row=1 values=0,1,0,0
transform state=2 row=2 values=0,0,1,0
transform state=2 row=3 values=0,0,0,1
transform state=3 row=0 values=1,0,0,0
transform state=3 row=1 values=0,1,0,0
transform state=3 row=2 values=0,0,1,0
transform state=3 row=3 values=0,0,0,1
constants kind=vs type=f count=256 result=00000000 encoding=sparse_zero
constant kind=vs type=f reg=0 bits=bf800000,3f800000,40400000,00000000
constant kind=vs type=f reg=1 bits=3d23d70a,3ccccccd,3c75c28f,00000000
constant kind=vs type=f reg=2 bits=3f800000,3d4ccccd,00000000,00000000
constant kind=vs type=f reg=3 bits=00000000,3f800000,40400000,00000000
constant kind=vs type=f reg=4 bits=3d23d70a,3ccccccd,3c75c28f,00000000
constant kind=vs type=f reg=5 bits=3f800000,3d4ccccd,00000000,00000000
constant kind=vs type=f reg=6 bits=3f800000,3f800000,40400000,00000000
constant kind=vs type=f reg=7 bits=3d23d70a,3ccccccd,3c75c28f,00000000
constant kind=vs type=f reg=8 bits=3f800000,3d4ccccd,00000000,00000000
constant kind=vs type=f reg=9 bits=bf800000,3f800000,40400000,00000000
constant kind=vs type=f reg=10 bits=3d23d70a,3ccccccd,3c75c28f,00000000
constant kind=vs type=f reg=11 bits=3f800000,3d4ccccd,00000000,00000000
constant kind=vs type=f reg=12 bits=00000000,3f800000,40400000,00000000
constant kind=vs type=f reg=13 bits=3d23d70a,3ccccccd,3c75c28f,00000000
constant kind=vs type=f reg=14 bits=3f800000,3d4ccccd,00000000,00000000
constant kind=vs type=f reg=15 bits=3f800000,3f800000,40400000,00000000
constant kind=vs type=f reg=16 bits=3d23d70a,3ccccccd,3c75c28f,00000000
constant kind=vs type=f reg=17 bits=3f800000,3d4ccccd,00000000,00000000
constant kind=vs type=f reg=18 bits=bf800000,3f800000,40400000,00000000
constant kind=vs type=f reg=19 bits=3d23d70a,3ccccccd,3c75c28f,00000000
constant kind=vs type=f reg=20 bits=3f800000,3d4ccccd,00000000,00000000
constant kind=vs type=f reg=21 bits=00000000,3f800000,40400000,00000000
constant kind=vs type=f reg=22 bits=3d23d70a,3ccccccd,3c75c28f,00000000
constant kind=vs type=f reg=23 bits=3f800000,3d4ccccd,00000000,00000000
constant kind=vs type=f reg=24 bits=3f800000,00000000,00000000,00000000
constant kind=vs type=f reg=25 bits=00000000,3f800000,00000000,00000000
constant kind=vs type=f reg=26 bits=00000000,00000000,3f800000,00000000
constant kind=vs type=f reg=27 bits=00000000,00000000,00000000,3f800000
constant kind=vs type=f reg=28 bits=3f800000,00000000,00000000,00000000
constant kind=vs type=f reg=29 bits=00000000,3f800000,00000000,00000000
constant kind=vs type=f reg=30 bits=00000000,00000000,3f800000,00000000
constant kind=vs type=f reg=31 bits=3f800000,00000000,00000000,00000000
constant kind=vs type=f reg=32 bits=00000000,3f800000,00000000,00000000
constant kind=vs type=f reg=33 bits=00000000,00000000,3f800000,00000000
constant kind=vs type=f reg=34 bits=3f800000,00000000,00000000,00000000
constant kind=vs type=f reg=35 bits=00000000,3f800000,00000000,00000000
constant kind=vs type=f reg=36 bits=00000000,00000000,3f800000,40800000
constant kind=vs type=f reg=37 bits=3f800000,00000000,00000000,00000000
constant kind=vs type=f reg=38 bits=00000000,3f800000,00000000,00000000
constant kind=vs type=f reg=39 bits=3f200000,00000000,00000000,00000000
constant kind=vs type=f reg=40 bits=3e4ccccd,3dcccccd,3d4ccccd,00000000
constant kind=vs type=f reg=41 bits=3f800000,00000000,00000000,00000000
constant kind=vs type=f reg=252 bits=42c80000,42ca0000,42cc0000,42ce0000
constant kind=vs type=f reg=253 bits=42d00000,42d20000,42d40000,42d60000
constant kind=vs type=f reg=254 bits=42d80000,42da0000,42dc0000,42de0000
constant kind=vs type=f reg=255 bits=42e00000,42e20000,42e40000,42e60000
constants kind=vs type=i count=16 result=00000000 encoding=full
constant kind=vs type=i reg=0 values=1,0,1,0
constant kind=vs type=i reg=1 values=0,0,0,0
constant kind=vs type=i reg=2 values=0,0,0,0
constant kind=vs type=i reg=3 values=0,0,0,0
constant kind=vs type=i reg=4 values=0,0,0,0
constant kind=vs type=i reg=5 values=0,0,0,0
constant kind=vs type=i reg=6 values=0,0,0,0
constant kind=vs type=i reg=7 values=0,0,0,0
constant kind=vs type=i reg=8 values=0,0,0,0
constant kind=vs type=i reg=9 values=0,0,0,0
constant kind=vs type=i reg=10 values=0,0,0,0
constant kind=vs type=i reg=11 values=0,0,0,0
constant kind=vs type=i reg=12 values=0,0,0,0
constant kind=vs type=i reg=13 values=0,0,0,0
constant kind=vs type=i reg=14 values=0,0,0,0
constant kind=vs type=i reg=15 values=0,0,0,0
constants kind=vs type=b count=16 result=00000000 encoding=full
constant kind=vs type=b reg=0 values=0
constant kind=vs type=b reg=1 values=0
constant kind=vs type=b reg=2 values=0
constant kind=vs type=b reg=3 values=0
constant kind=vs type=b reg=4 values=0
constant kind=vs type=b reg=5 values=0
constant kind=vs type=b reg=6 values=0
constant kind=vs type=b reg=7 values=0
constant kind=vs type=b reg=8 values=0
constant kind=vs type=b reg=9 values=0
constant kind=vs type=b reg=10 values=0
constant kind=vs type=b reg=11 values=0
constant kind=vs type=b reg=12 values=0
constant kind=vs type=b reg=13 values=0
constant kind=vs type=b reg=14 values=0
constant kind=vs type=b reg=15 values=0
constants kind=ps type=f count=224 result=00000000 encoding=sparse_zero
constant kind=ps type=f reg=0 bits=3f800000,00000000,00000000,00000000
constant kind=ps type=f reg=1 bits=00000000,3f800000,00000000,00000000
constant kind=ps type=f reg=2 bits=00000000,00000000,3f800000,00000000
constant kind=ps type=f reg=3 bits=3e800000,00000000,00000000,00000000
constant kind=ps type=f reg=4 bits=00000000,00000000,3f800000,00000000
constant kind=ps type=f reg=5 bits=3e99999a,3e4ccccd,3dcccccd,00000000
constant kind=ps type=f reg=6 bits=3f000000,00000000,3f000000,00000000
constant kind=ps type=f reg=7 bits=3dcccccd,3e19999a,3e4ccccd,00000000
constant kind=ps type=f reg=216 bits=43480000,43490000,434a0000,434b0000
constant kind=ps type=f reg=217 bits=434c0000,434d0000,434e0000,434f0000
constants kind=ps type=i count=16 result=00000000 encoding=full
constant kind=ps type=i reg=0 values=0,0,0,0
constant kind=ps type=i reg=1 values=0,0,0,0
constant kind=ps type=i reg=2 values=0,0,0,0
constant kind=ps type=i reg=3 values=0,0,0,0
constant kind=ps type=i reg=4 values=0,0,0,0
constant kind=ps type=i reg=5 values=0,0,0,0
constant kind=ps type=i reg=6 values=0,0,0,0
constant kind=ps type=i reg=7 values=0,0,0,0
constant kind=ps type=i reg=8 values=0,0,0,0
constant kind=ps type=i reg=9 values=0,0,0,0
constant kind=ps type=i reg=10 values=0,0,0,0
constant kind=ps type=i reg=11 values=0,0,0,0
constant kind=ps type=i reg=12 values=0,0,0,0
constant kind=ps type=i reg=13 values=0,0,0,0
constant kind=ps type=i reg=14 values=0,0,0,0
constant kind=ps type=i reg=15 values=0,0,0,0
constants kind=ps type=b count=16 result=00000000 encoding=full
constant kind=ps type=b reg=0 values=0
constant kind=ps type=b reg=1 values=0
constant kind=ps type=b reg=2 values=0
constant kind=ps type=b reg=3 values=0
constant kind=ps type=b reg=4 values=0
constant kind=ps type=b reg=5 values=0
constant kind=ps type=b reg=6 values=0
constant kind=ps type=b reg=7 values=0
constant kind=ps type=b reg=8 values=0
constant kind=ps type=b reg=9 values=0
constant kind=ps type=b reg=10 values=0
constant kind=ps type=b reg=11 values=0
constant kind=ps type=b reg=12 values=0
constant kind=ps type=b reg=13 values=0
constant kind=ps type=b reg=14 values=0
constant kind=ps type=b reg=15 values=0
draw_args start_vertex=0
motion_input device=1 frame=4 index=1 blockers=00000252 proofs=20 position_path=1 vs=53a0a641107ed76c ps=98731d5594e36226 declaration=0cdf6a8c884ad955 rows_hash=1b0c97ae01a7ec05 color=1 depth=2 width=64 height=64 cull=2 vb=3 vb_revision=0 ib=0 ib_revision=0 position_offset=0 position_type=16 lifetime_verified=0 vertex_finite_verified=0
motion_geometry device=1 frame=4 index=1 source_qualified=1 source_hash=53a0a641107ed76c source_words=526 finite_requested=0 finite_state=0 finite_reason=4 finite_status=00000001 finite_generation=0 finite_revision=0 index_required=0 index_requested=0 index_known=0 index_range_verified=0 index_exact=0 index_min=0 index_max=0 index_reason=1 index_status=00000001 index_generation=0 index_revision=0
draw_result device=1 frame=4 index=1 result=00000000
capture_event device=1 frame=4 seq=3 after_draw=1 op=clear result=00000000 qpc=9616817398070
clear flags=2 color=00000000 z=1 stencil=0 rect_count=0 rect_ptr=00000000
surface role=clear_rt0 ptr=02158cc0 identity=1 width=64 height=64 format=21 usage=1 msaa=0 container=0 container_type=0 container_result=80004002
surface role=clear_depth ptr=02158cf0 identity=2 width=64 height=64 format=77 usage=2 msaa=0 container=0 container_type=0 container_result=80004002
clear_viewport result=00000000 x=0 y=0 w=64 h=64 minz=0 maxz=1
capture_event device=1 frame=4 seq=4 after_draw=1 op=draw_begin result=00000000 qpc=9616817399364
draw device=1 frame=4 index=2 kind=primitive topology=4 primitives=1 vs=53a0a641107ed76c ps=8759c7838bbc86c2
geometry source=buffers
stream slot=0 result=00000000 identity=3 offset=0 stride=24 frequency=1 frequency_result=00000000
vertex_buffer identity=3 bytes=72 usage=0 pool=1 fvf=0
buffer_content kind=vertex identity=3 result=00000000 status=00000001 requested=0 known=0 ambiguous=0 revision=0 pending=0 flags=00000000
stream slot=1 result=00000000 identity=0
stream slot=2 result=00000000 identity=0
stream slot=3 result=00000000 identity=0
stream slot=4 result=00000000 identity=0
stream slot=5 result=00000000 identity=0
stream slot=6 result=00000000 identity=0
stream slot=7 result=00000000 identity=0
stream slot=8 result=00000000 identity=0
stream slot=9 result=00000000 identity=0
stream slot=10 result=00000000 identity=0
stream slot=11 result=00000000 identity=0
stream slot=12 result=00000000 identity=0
stream slot=13 result=00000000 identity=0
stream slot=14 result=00000000 identity=0
stream slot=15 result=00000000 identity=0
indices result=00000000 identity=0
surface role=rt0 ptr=02158cc0 identity=1 width=64 height=64 format=21 usage=1 msaa=0 container=0 container_type=0 container_result=80004002
surface role=depth ptr=02158cf0 identity=2 width=64 height=64 format=77 usage=2 msaa=0 container=0 container_type=0 container_result=80004002
state id=7 value=1
state id=14 value=1
state id=23 value=4
state id=15 value=0
state id=24 value=0
state id=25 value=8
state id=27 value=0
state id=19 value=2
state id=20 value=1
state id=171 value=1
state id=22 value=1
state id=168 value=15
state id=194 value=0
state id=206 value=0
state id=52 value=0
state id=56 value=8
state id=57 value=0
state id=58 value=4294967295
state id=59 value=4294967295
state id=53 value=1
state id=54 value=1
state id=55 value=1
state id=185 value=0
state id=189 value=8
state id=186 value=1
state id=187 value=1
state id=188 value=1
viewport x=0 y=0 w=64 h=64 minz=0 maxz=1
texture stage=0 ptr=02158b70 type=3 identity=9 levels=1
texture_desc stage=0 w=2 h=2 format=21
sampler stage=0 state=6 value=1
sampler stage=0 state=5 value=1
sampler stage=0 state=7 value=0
sampler stage=0 state=10 value=1
sampler stage=0 state=11 value=0
sampler stage=0 state=8 value=0 bias=0
sampler stage=0 state=9 value=0
texture stage=1 ptr=02158bd0 type=3 identity=10 levels=1
texture_desc stage=1 w=2 h=2 format=21
sampler stage=1 state=6 value=1
sampler stage=1 state=5 value=1
sampler stage=1 state=7 value=0
sampler stage=1 state=10 value=1
sampler stage=1 state=11 value=0
sampler stage=1 state=8 value=0 bias=0
sampler stage=1 state=9 value=0
texture stage=2 ptr=02158c30 type=3 identity=11 levels=1
texture_desc stage=2 w=2 h=2 format=21
sampler stage=2 state=6 value=1
sampler stage=2 state=5 value=1
sampler stage=2 state=7 value=0
sampler stage=2 state=10 value=1
sampler stage=2 state=11 value=0
sampler stage=2 state=8 value=0 bias=0
sampler stage=2 state=9 value=0
texture stage=3 ptr=02158c90 type=5 identity=12 levels=1
sampler stage=3 state=6 value=1
sampler stage=3 state=5 value=1
sampler stage=3 state=7 value=0
sampler stage=3 state=10 value=1
sampler stage=3 state=11 value=0
sampler stage=3 state=8 value=0 bias=0
sampler stage=3 state=9 value=0
sampler stage=4 state=6 value=1
sampler stage=4 state=5 value=1
sampler stage=4 state=7 value=0
sampler stage=4 state=10 value=1
sampler stage=4 state=11 value=0
sampler stage=4 state=8 value=0 bias=0
sampler stage=4 state=9 value=0
sampler stage=5 state=6 value=1
sampler stage=5 state=5 value=1
sampler stage=5 state=7 value=0
sampler stage=5 state=10 value=1
sampler stage=5 state=11 value=0
sampler stage=5 state=8 value=0 bias=0
sampler stage=5 state=9 value=0
sampler stage=6 state=6 value=1
sampler stage=6 state=5 value=1
sampler stage=6 state=7 value=0
sampler stage=6 state=10 value=1
sampler stage=6 state=11 value=0
sampler stage=6 state=8 value=0 bias=0
sampler stage=6 state=9 value=0
sampler stage=7 state=6 value=1
sampler stage=7 state=5 value=1
sampler stage=7 state=7 value=0
sampler stage=7 state=10 value=1
sampler stage=7 state=11 value=0
sampler stage=7 state=8 value=0 bias=0
sampler stage=7 state=9 value=0
sampler stage=8 state=6 value=1
sampler stage=8 state=5 value=1
sampler stage=8 state=7 value=0
sampler stage=8 state=10 value=1
sampler stage=8 state=11 value=0
sampler stage=8 state=8 value=0 bias=0
sampler stage=8 state=9 value=0
sampler stage=9 state=6 value=1
sampler stage=9 state=5 value=1
sampler stage=9 state=7 value=0
sampler stage=9 state=10 value=1
sampler stage=9 state=11 value=0
sampler stage=9 state=8 value=0 bias=0
sampler stage=9 state=9 value=0
sampler stage=10 state=6 value=1
sampler stage=10 state=5 value=1
sampler stage=10 state=7 value=0
sampler stage=10 state=10 value=1
sampler stage=10 state=11 value=0
sampler stage=10 state=8 value=0 bias=0
sampler stage=10 state=9 value=0
sampler stage=11 state=6 value=1
sampler stage=11 state=5 value=1
sampler stage=11 state=7 value=0
sampler stage=11 state=10 value=1
sampler stage=11 state=11 value=0
sampler stage=11 state=8 value=0 bias=0
sampler stage=11 state=9 value=0
sampler stage=12 state=6 value=1
sampler stage=12 state=5 value=1
sampler stage=12 state=7 value=0
sampler stage=12 state=10 value=1
sampler stage=12 state=11 value=0
sampler stage=12 state=8 value=0 bias=0
sampler stage=12 state=9 value=0
sampler stage=13 state=6 value=1
sampler stage=13 state=5 value=1
sampler stage=13 state=7 value=0
sampler stage=13 state=10 value=1
sampler stage=13 state=11 value=0
sampler stage=13 state=8 value=0 bias=0
sampler stage=13 state=9 value=0
sampler stage=14 state=6 value=1
sampler stage=14 state=5 value=1
sampler stage=14 state=7 value=0
sampler stage=14 state=10 value=1
sampler stage=14 state=11 value=0
sampler stage=14 state=8 value=0 bias=0
sampler stage=14 state=9 value=0
sampler stage=15 state=6 value=1
sampler stage=15 state=5 value=1
sampler stage=15 state=7 value=0
sampler stage=15 state=10 value=1
sampler stage=15 state=11 value=0
sampler stage=15 state=8 value=0 bias=0
sampler stage=15 state=9 value=0
vertex_element stream=0 offset=0 type=16 method=0 usage=0 index=0
vertex_element stream=0 offset=8 type=16 method=0 usage=5 index=0
vertex_element stream=0 offset=16 type=16 method=0 usage=3 index=0
vertex_element stream=255 offset=0 type=17 method=0 usage=0 index=0
transform state=256 row=0 values=1,0,0,0
transform state=256 row=1 values=0,1,0,0
transform state=256 row=2 values=0,0,1,0
transform state=256 row=3 values=0,0,0,1
transform state=2 row=0 values=1,0,0,0
transform state=2 row=1 values=0,1,0,0
transform state=2 row=2 values=0,0,1,0
transform state=2 row=3 values=0,0,0,1
transform state=3 row=0 values=1,0,0,0
transform state=3 row=1 values=0,1,0,0
transform state=3 row=2 values=0,0,1,0
transform state=3 row=3 values=0,0,0,1
constants kind=vs type=f count=256 result=00000000 encoding=sparse_zero
constant kind=vs type=f reg=0 bits=bf800000,3f800000,40400000,00000000
constant kind=vs type=f reg=1 bits=3d23d70a,3ccccccd,3c75c28f,00000000
constant kind=vs type=f reg=2 bits=3f800000,3d4ccccd,00000000,00000000
constant kind=vs type=f reg=3 bits=00000000,3f800000,40400000,00000000
constant kind=vs type=f reg=4 bits=3d23d70a,3ccccccd,3c75c28f,00000000
constant kind=vs type=f reg=5 bits=3f800000,3d4ccccd,00000000,00000000
constant kind=vs type=f reg=6 bits=3f800000,3f800000,40400000,00000000
constant kind=vs type=f reg=7 bits=3d23d70a,3ccccccd,3c75c28f,00000000
constant kind=vs type=f reg=8 bits=3f800000,3d4ccccd,00000000,00000000
constant kind=vs type=f reg=9 bits=bf800000,3f800000,40400000,00000000
constant kind=vs type=f reg=10 bits=3d23d70a,3ccccccd,3c75c28f,00000000
constant kind=vs type=f reg=11 bits=3f800000,3d4ccccd,00000000,00000000
constant kind=vs type=f reg=12 bits=00000000,3f800000,40400000,00000000
constant kind=vs type=f reg=13 bits=3d23d70a,3ccccccd,3c75c28f,00000000
constant kind=vs type=f reg=14 bits=3f800000,3d4ccccd,00000000,00000000
constant kind=vs type=f reg=15 bits=3f800000,3f800000,40400000,00000000
constant kind=vs type=f reg=16 bits=3d23d70a,3ccccccd,3c75c28f,00000000
constant kind=vs type=f reg=17 bits=3f800000,3d4ccccd,00000000,00000000
constant kind=vs type=f reg=18 bits=bf800000,3f800000,40400000,00000000
constant kind=vs type=f reg=19 bits=3d23d70a,3ccccccd,3c75c28f,00000000
constant kind=vs type=f reg=20 bits=3f800000,3d4ccccd,00000000,00000000
constant kind=vs type=f reg=21 bits=00000000,3f800000,40400000,00000000
constant kind=vs type=f reg=22 bits=3d23d70a,3ccccccd,3c75c28f,00000000
constant kind=vs type=f reg=23 bits=3f800000,3d4ccccd,00000000,00000000
constant kind=vs type=f reg=24 bits=3f800000,00000000,00000000,3f4ccccd
constant kind=vs type=f reg=25 bits=00000000,3f800000,00000000,00000000
constant kind=vs type=f reg=26 bits=00000000,00000000,3f800000,00000000
constant kind=vs type=f reg=27 bits=3e000000,00000000,00000000,3f800000
constant kind=vs type=f reg=28 bits=3f800000,00000000,00000000,00000000
constant kind=vs type=f reg=29 bits=00000000,3f800000,00000000,00000000
constant kind=vs type=f reg=30 bits=00000000,00000000,3f800000,00000000
constant kind=vs type=f reg=31 bits=3f800000,00000000,00000000,00000000
constant kind=vs type=f reg=32 bits=00000000,3f800000,00000000,00000000
constant kind=vs type=f reg=33 bits=00000000,00000000,3f800000,00000000
constant kind=vs type=f reg=34 bits=3f800000,00000000,00000000,00000000
constant kind=vs type=f reg=35 bits=00000000,3f800000,00000000,00000000
constant kind=vs type=f reg=36 bits=00000000,00000000,3f800000,40800000
constant kind=vs type=f reg=37 bits=3f800000,00000000,00000000,00000000
constant kind=vs type=f reg=38 bits=00000000,3f800000,00000000,00000000
constant kind=vs type=f reg=39 bits=3f200000,00000000,00000000,00000000
constant kind=vs type=f reg=40 bits=3e4ccccd,3dcccccd,3d4ccccd,00000000
constant kind=vs type=f reg=41 bits=3f800000,00000000,00000000,00000000
constant kind=vs type=f reg=252 bits=42c80000,42ca0000,42cc0000,42ce0000
constant kind=vs type=f reg=253 bits=42d00000,42d20000,42d40000,42d60000
constant kind=vs type=f reg=254 bits=42d80000,42da0000,42dc0000,42de0000
constant kind=vs type=f reg=255 bits=42e00000,42e20000,42e40000,42e60000
constants kind=vs type=i count=16 result=00000000 encoding=full
constant kind=vs type=i reg=0 values=1,0,1,0
constant kind=vs type=i reg=1 values=0,0,0,0
constant kind=vs type=i reg=2 values=0,0,0,0
constant kind=vs type=i reg=3 values=0,0,0,0
constant kind=vs type=i reg=4 values=0,0,0,0
constant kind=vs type=i reg=5 values=0,0,0,0
constant kind=vs type=i reg=6 values=0,0,0,0
constant kind=vs type=i reg=7 values=0,0,0,0
constant kind=vs type=i reg=8 values=0,0,0,0
constant kind=vs type=i reg=9 values=0,0,0,0
constant kind=vs type=i reg=10 values=0,0,0,0
constant kind=vs type=i reg=11 values=0,0,0,0
constant kind=vs type=i reg=12 values=0,0,0,0
constant kind=vs type=i reg=13 values=0,0,0,0
constant kind=vs type=i reg=14 values=0,0,0,0
constant kind=vs type=i reg=15 values=0,0,0,0
constants kind=vs type=b count=16 result=00000000 encoding=full
constant kind=vs type=b reg=0 values=0
constant kind=vs type=b reg=1 values=0
constant kind=vs type=b reg=2 values=0
constant kind=vs type=b reg=3 values=0
constant kind=vs type=b reg=4 values=0
constant kind=vs type=b reg=5 values=0
constant kind=vs type=b reg=6 values=0
constant kind=vs type=b reg=7 values=0
constant kind=vs type=b reg=8 values=0
constant kind=vs type=b reg=9 values=0
constant kind=vs type=b reg=10 values=0
constant kind=vs type=b reg=11 values=0
constant kind=vs type=b reg=12 values=0
constant kind=vs type=b reg=13 values=0
constant kind=vs type=b reg=14 values=0
constant kind=vs type=b reg=15 values=0
constants kind=ps type=f count=224 result=00000000 encoding=sparse_zero
constant kind=ps type=f reg=0 bits=3f800000,00000000,00000000,00000000
constant kind=ps type=f reg=1 bits=00000000,3f800000,00000000,00000000
constant kind=ps type=f reg=2 bits=00000000,00000000,3f800000,00000000
constant kind=ps type=f reg=3 bits=3e800000,00000000,00000000,00000000
constant kind=ps type=f reg=4 bits=00000000,00000000,3f800000,00000000
constant kind=ps type=f reg=5 bits=3e99999a,3e4ccccd,3dcccccd,00000000
constant kind=ps type=f reg=6 bits=3f000000,00000000,3f000000,00000000
constant kind=ps type=f reg=7 bits=3dcccccd,3e19999a,3e4ccccd,00000000
constant kind=ps type=f reg=216 bits=43480000,43490000,434a0000,434b0000
constant kind=ps type=f reg=217 bits=434c0000,434d0000,434e0000,434f0000
constants kind=ps type=i count=16 result=00000000 encoding=full
constant kind=ps type=i reg=0 values=0,0,0,0
constant kind=ps type=i reg=1 values=0,0,0,0
constant kind=ps type=i reg=2 values=0,0,0,0
constant kind=ps type=i reg=3 values=0,0,0,0
constant kind=ps type=i reg=4 values=0,0,0,0
constant kind=ps type=i reg=5 values=0,0,0,0
constant kind=ps type=i reg=6 values=0,0,0,0
constant kind=ps type=i reg=7 values=0,0,0,0
constant kind=ps type=i reg=8 values=0,0,0,0
constant kind=ps type=i reg=9 values=0,0,0,0
constant kind=ps type=i reg=10 values=0,0,0,0
constant kind=ps type=i reg=11 values=0,0,0,0
constant kind=ps type=i reg=12 values=0,0,0,0
constant kind=ps type=i reg=13 values=0,0,0,0
constant kind=ps type=i reg=14 values=0,0,0,0
constant kind=ps type=i reg=15 values=0,0,0,0
constants kind=ps type=b count=16 result=00000000 encoding=full
constant kind=ps type=b reg=0 values=0
constant kind=ps type=b reg=1 values=0
constant kind=ps type=b reg=2 values=0
constant kind=ps type=b reg=3 values=0
constant kind=ps type=b reg=4 values=0
constant kind=ps type=b reg=5 values=0
constant kind=ps type=b reg=6 values=0
constant kind=ps type=b reg=7 values=0
constant kind=ps type=b reg=8 values=0
constant kind=ps type=b reg=9 values=0
constant kind=ps type=b reg=10 values=0
constant kind=ps type=b reg=11 values=0
constant kind=ps type=b reg=12 values=0
constant kind=ps type=b reg=13 values=0
constant kind=ps type=b reg=14 values=0
constant kind=ps type=b reg=15 values=0
draw_args start_vertex=0
motion_route device=1 frame=4 index=2 gate=0 routed=1 matched=1 depth=1 jittered=1 vs=53a0a641107ed76c ps=8759c7838bbc86c2 node=00001000 camera=00002000 node_handle=7 camera_handle=9 node_serial=11 camera_serial=21 load_epoch=3 registry_epoch=5 model=00000011 lod=00000002 vb=3 ib=0 declaration=0cdf6a8c884ad955 offset=0 stride=24 position_offset=0 position_type=16 topology=4 first=0 primitives=1 base_vertex=0 min_vertex=0 vertex_count=0 indexed=0 pass=1 rows_hash=6e1905db0b783f53 result=00000000
motion_input device=1 frame=4 index=2 blockers=00000210 proofs=28 position_path=1 vs=53a0a641107ed76c ps=8759c7838bbc86c2 declaration=0cdf6a8c884ad955 rows_hash=6e1905db0b783f53 color=1 depth=2 width=64 height=64 cull=1 vb=3 vb_revision=0 ib=0 ib_revision=0 position_offset=0 position_type=16 lifetime_verified=0 vertex_finite_verified=0
motion_geometry device=1 frame=4 index=2 source_qualified=1 source_hash=53a0a641107ed76c source_words=526 finite_requested=0 finite_state=0 finite_reason=4 finite_status=00000001 finite_generation=0 finite_revision=0 index_required=0 index_requested=0 index_known=0 index_range_verified=0 index_exact=0 index_min=0 index_max=0 index_reason=1 index_status=00000001 index_generation=0 index_revision=0
draw_result device=1 frame=4 index=2 result=00000000
capture_event device=1 frame=4 seq=5 after_draw=2 op=draw_begin result=00000000 qpc=9616817410143
draw device=1 frame=4 index=3 kind=primitive topology=4 primitives=1 vs=53a0a641107ed76c ps=8759c7838bbc86c2
geometry source=buffers
stream slot=0 result=00000000 identity=6 offset=0 stride=24 frequency=1 frequency_result=00000000
vertex_buffer identity=6 bytes=72 usage=0 pool=1 fvf=0
buffer_content kind=vertex identity=6 result=00000000 status=00000001 requested=0 known=0 ambiguous=0 revision=0 pending=0 flags=00000000
stream slot=1 result=00000000 identity=0
stream slot=2 result=00000000 identity=0
stream slot=3 result=00000000 identity=0
stream slot=4 result=00000000 identity=0
stream slot=5 result=00000000 identity=0
stream slot=6 result=00000000 identity=0
stream slot=7 result=00000000 identity=0
stream slot=8 result=00000000 identity=0
stream slot=9 result=00000000 identity=0
stream slot=10 result=00000000 identity=0
stream slot=11 result=00000000 identity=0
stream slot=12 result=00000000 identity=0
stream slot=13 result=00000000 identity=0
stream slot=14 result=00000000 identity=0
stream slot=15 result=00000000 identity=0
indices result=00000000 identity=0
surface role=rt0 ptr=02158cc0 identity=1 width=64 height=64 format=21 usage=1 msaa=0 container=0 container_type=0 container_result=80004002
surface role=depth ptr=02158cf0 identity=2 width=64 height=64 format=77 usage=2 msaa=0 container=0 container_type=0 container_result=80004002
state id=7 value=1
state id=14 value=1
state id=23 value=4
state id=15 value=0
state id=24 value=0
state id=25 value=8
state id=27 value=0
state id=19 value=2
state id=20 value=1
state id=171 value=1
state id=22 value=1
state id=168 value=15
state id=194 value=0
state id=206 value=0
state id=52 value=0
state id=56 value=8
state id=57 value=0
state id=58 value=4294967295
state id=59 value=4294967295
state id=53 value=1
state id=54 value=1
state id=55 value=1
state id=185 value=0
state id=189 value=8
state id=186 value=1
state id=187 value=1
state id=188 value=1
viewport x=0 y=0 w=64 h=64 minz=0 maxz=1
texture stage=0 ptr=02158b70 type=3 identity=9 levels=1
texture_desc stage=0 w=2 h=2 format=21
sampler stage=0 state=6 value=1
sampler stage=0 state=5 value=1
sampler stage=0 state=7 value=0
sampler stage=0 state=10 value=1
sampler stage=0 state=11 value=0
sampler stage=0 state=8 value=0 bias=0
sampler stage=0 state=9 value=0
texture stage=1 ptr=02158bd0 type=3 identity=10 levels=1
texture_desc stage=1 w=2 h=2 format=21
sampler stage=1 state=6 value=1
sampler stage=1 state=5 value=1
sampler stage=1 state=7 value=0
sampler stage=1 state=10 value=1
sampler stage=1 state=11 value=0
sampler stage=1 state=8 value=0 bias=0
sampler stage=1 state=9 value=0
texture stage=2 ptr=02158c30 type=3 identity=11 levels=1
texture_desc stage=2 w=2 h=2 format=21
sampler stage=2 state=6 value=1
sampler stage=2 state=5 value=1
sampler stage=2 state=7 value=0
sampler stage=2 state=10 value=1
sampler stage=2 state=11 value=0
sampler stage=2 state=8 value=0 bias=0
sampler stage=2 state=9 value=0
texture stage=3 ptr=02158c90 type=5 identity=12 levels=1
sampler stage=3 state=6 value=1
sampler stage=3 state=5 value=1
sampler stage=3 state=7 value=0
sampler stage=3 state=10 value=1
sampler stage=3 state=11 value=0
sampler stage=3 state=8 value=0 bias=0
sampler stage=3 state=9 value=0
sampler stage=4 state=6 value=1
sampler stage=4 state=5 value=1
sampler stage=4 state=7 value=0
sampler stage=4 state=10 value=1
sampler stage=4 state=11 value=0
sampler stage=4 state=8 value=0 bias=0
sampler stage=4 state=9 value=0
sampler stage=5 state=6 value=1
sampler stage=5 state=5 value=1
sampler stage=5 state=7 value=0
sampler stage=5 state=10 value=1
sampler stage=5 state=11 value=0
sampler stage=5 state=8 value=0 bias=0
sampler stage=5 state=9 value=0
sampler stage=6 state=6 value=1
sampler stage=6 state=5 value=1
sampler stage=6 state=7 value=0
sampler stage=6 state=10 value=1
sampler stage=6 state=11 value=0
sampler stage=6 state=8 value=0 bias=0
sampler stage=6 state=9 value=0
sampler stage=7 state=6 value=1
sampler stage=7 state=5 value=1
sampler stage=7 state=7 value=0
sampler stage=7 state=10 value=1
sampler stage=7 state=11 value=0
sampler stage=7 state=8 value=0 bias=0
sampler stage=7 state=9 value=0
sampler stage=8 state=6 value=1
sampler stage=8 state=5 value=1
sampler stage=8 state=7 value=0
sampler stage=8 state=10 value=1
sampler stage=8 state=11 value=0
sampler stage=8 state=8 value=0 bias=0
sampler stage=8 state=9 value=0
sampler stage=9 state=6 value=1
sampler stage=9 state=5 value=1
sampler stage=9 state=7 value=0
sampler stage=9 state=10 value=1
sampler stage=9 state=11 value=0
sampler stage=9 state=8 value=0 bias=0
sampler stage=9 state=9 value=0
sampler stage=10 state=6 value=1
sampler stage=10 state=5 value=1
sampler stage=10 state=7 value=0
sampler stage=10 state=10 value=1
sampler stage=10 state=11 value=0
sampler stage=10 state=8 value=0 bias=0
sampler stage=10 state=9 value=0
sampler stage=11 state=6 value=1
sampler stage=11 state=5 value=1
sampler stage=11 state=7 value=0
sampler stage=11 state=10 value=1
sampler stage=11 state=11 value=0
sampler stage=11 state=8 value=0 bias=0
sampler stage=11 state=9 value=0
sampler stage=12 state=6 value=1
sampler stage=12 state=5 value=1
sampler stage=12 state=7 value=0
sampler stage=12 state=10 value=1
sampler stage=12 state=11 value=0
sampler stage=12 state=8 value=0 bias=0
sampler stage=12 state=9 value=0
sampler stage=13 state=6 value=1
sampler stage=13 state=5 value=1
sampler stage=13 state=7 value=0
sampler stage=13 state=10 value=1
sampler stage=13 state=11 value=0
sampler stage=13 state=8 value=0 bias=0
sampler stage=13 state=9 value=0
sampler stage=14 state=6 value=1
sampler stage=14 state=5 value=1
sampler stage=14 state=7 value=0
sampler stage=14 state=10 value=1
sampler stage=14 state=11 value=0
sampler stage=14 state=8 value=0 bias=0
sampler stage=14 state=9 value=0
sampler stage=15 state=6 value=1
sampler stage=15 state=5 value=1
sampler stage=15 state=7 value=0
sampler stage=15 state=10 value=1
sampler stage=15 state=11 value=0
sampler stage=15 state=8 value=0 bias=0
sampler stage=15 state=9 value=0
vertex_element stream=0 offset=0 type=16 method=0 usage=0 index=0
vertex_element stream=0 offset=8 type=16 method=0 usage=5 index=0
vertex_element stream=0 offset=16 type=16 method=0 usage=3 index=0
vertex_element stream=255 offset=0 type=17 method=0 usage=0 index=0
transform state=256 row=0 values=1,0,0,0
transform state=256 row=1 values=0,1,0,0
transform state=256 row=2 values=0,0,1,0
transform state=256 row=3 values=0,0,0,1
transform state=2 row=0 values=1,0,0,0
transform state=2 row=1 values=0,1,0,0
transform state=2 row=2 values=0,0,1,0
transform state=2 row=3 values=0,0,0,1
transform state=3 row=0 values=1,0,0,0
transform state=3 row=1 values=0,1,0,0
transform state=3 row=2 values=0,0,1,0
transform state=3 row=3 values=0,0,0,1
constants kind=vs type=f count=256 result=00000000 encoding=sparse_zero
constant kind=vs type=f reg=0 bits=bf800000,3f800000,40400000,00000000
constant kind=vs type=f reg=1 bits=3d23d70a,3ccccccd,3c75c28f,00000000
constant kind=vs type=f reg=2 bits=3f800000,3d4ccccd,00000000,00000000
constant kind=vs type=f reg=3 bits=00000000,3f800000,40400000,00000000
constant kind=vs type=f reg=4 bits=3d23d70a,3ccccccd,3c75c28f,00000000
constant kind=vs type=f reg=5 bits=3f800000,3d4ccccd,00000000,00000000
constant kind=vs type=f reg=6 bits=3f800000,3f800000,40400000,00000000
constant kind=vs type=f reg=7 bits=3d23d70a,3ccccccd,3c75c28f,00000000
constant kind=vs type=f reg=8 bits=3f800000,3d4ccccd,00000000,00000000
constant kind=vs type=f reg=9 bits=bf800000,3f800000,40400000,00000000
constant kind=vs type=f reg=10 bits=3d23d70a,3ccccccd,3c75c28f,00000000
constant kind=vs type=f reg=11 bits=3f800000,3d4ccccd,00000000,00000000
constant kind=vs type=f reg=12 bits=00000000,3f800000,40400000,00000000
constant kind=vs type=f reg=13 bits=3d23d70a,3ccccccd,3c75c28f,00000000
constant kind=vs type=f reg=14 bits=3f800000,3d4ccccd,00000000,00000000
constant kind=vs type=f reg=15 bits=3f800000,3f800000,40400000,00000000
constant kind=vs type=f reg=16 bits=3d23d70a,3ccccccd,3c75c28f,00000000
constant kind=vs type=f reg=17 bits=3f800000,3d4ccccd,00000000,00000000
constant kind=vs type=f reg=18 bits=bf800000,3f800000,40400000,00000000
constant kind=vs type=f reg=19 bits=3d23d70a,3ccccccd,3c75c28f,00000000
constant kind=vs type=f reg=20 bits=3f800000,3d4ccccd,00000000,00000000
constant kind=vs type=f reg=21 bits=00000000,3f800000,40400000,00000000
constant kind=vs type=f reg=22 bits=3d23d70a,3ccccccd,3c75c28f,00000000
constant kind=vs type=f reg=23 bits=3f800000,3d4ccccd,00000000,00000000
constant kind=vs type=f reg=24 bits=3f800000,00000000,00000000,bd4ccccd
constant kind=vs type=f reg=25 bits=00000000,3f800000,00000000,00000000
constant kind=vs type=f reg=26 bits=00000000,00000000,3f800000,3dcccccd
constant kind=vs type=f reg=27 bits=00000000,00000000,00000000,3f800000
constant kind=vs type=f reg=28 bits=3f800000,00000000,00000000,00000000
constant kind=vs type=f reg=29 bits=00000000,3f800000,00000000,00000000
constant kind=vs type=f reg=30 bits=00000000,00000000,3f800000,00000000
constant kind=vs type=f reg=31 bits=3f800000,00000000,00000000,00000000
constant kind=vs type=f reg=32 bits=00000000,3f800000,00000000,00000000
constant kind=vs type=f reg=33 bits=00000000,00000000,3f800000,00000000
constant kind=vs type=f reg=34 bits=3f800000,00000000,00000000,00000000
constant kind=vs type=f reg=35 bits=00000000,3f800000,00000000,00000000
constant kind=vs type=f reg=36 bits=00000000,00000000,3f800000,40800000
constant kind=vs type=f reg=37 bits=3f800000,00000000,00000000,00000000
constant kind=vs type=f reg=38 bits=00000000,3f800000,00000000,00000000
constant kind=vs type=f reg=39 bits=3f200000,00000000,00000000,00000000
constant kind=vs type=f reg=40 bits=3e4ccccd,3dcccccd,3d4ccccd,00000000
constant kind=vs type=f reg=41 bits=3f800000,00000000,00000000,00000000
constant kind=vs type=f reg=252 bits=42c80000,42ca0000,42cc0000,42ce0000
constant kind=vs type=f reg=253 bits=42d00000,42d20000,42d40000,42d60000
constant kind=vs type=f reg=254 bits=42d80000,42da0000,42dc0000,42de0000
constant kind=vs type=f reg=255 bits=42e00000,42e20000,42e40000,42e60000
constants kind=vs type=i count=16 result=00000000 encoding=full
constant kind=vs type=i reg=0 values=1,0,1,0
constant kind=vs type=i reg=1 values=0,0,0,0
constant kind=vs type=i reg=2 values=0,0,0,0
constant kind=vs type=i reg=3 values=0,0,0,0
constant kind=vs type=i reg=4 values=0,0,0,0
constant kind=vs type=i reg=5 values=0,0,0,0
constant kind=vs type=i reg=6 values=0,0,0,0
constant kind=vs type=i reg=7 values=0,0,0,0
constant kind=vs type=i reg=8 values=0,0,0,0
constant kind=vs type=i reg=9 values=0,0,0,0
constant kind=vs type=i reg=10 values=0,0,0,0
constant kind=vs type=i reg=11 values=0,0,0,0
constant kind=vs type=i reg=12 values=0,0,0,0
constant kind=vs type=i reg=13 values=0,0,0,0
constant kind=vs type=i reg=14 values=0,0,0,0
constant kind=vs type=i reg=15 values=0,0,0,0
constants kind=vs type=b count=16 result=00000000 encoding=full
constant kind=vs type=b reg=0 values=0
constant kind=vs type=b reg=1 values=0
constant kind=vs type=b reg=2 values=0
constant kind=vs type=b reg=3 values=0
constant kind=vs type=b reg=4 values=0
constant kind=vs type=b reg=5 values=0
constant kind=vs type=b reg=6 values=0
constant kind=vs type=b reg=7 values=0
constant kind=vs type=b reg=8 values=0
constant kind=vs type=b reg=9 values=0
constant kind=vs type=b reg=10 values=0
constant kind=vs type=b reg=11 values=0
constant kind=vs type=b reg=12 values=0
constant kind=vs type=b reg=13 values=0
constant kind=vs type=b reg=14 values=0
constant kind=vs type=b reg=15 values=0
constants kind=ps type=f count=224 result=00000000 encoding=sparse_zero
constant kind=ps type=f reg=0 bits=3f800000,00000000,00000000,00000000
constant kind=ps type=f reg=1 bits=00000000,3f800000,00000000,00000000
constant kind=ps type=f reg=2 bits=00000000,00000000,3f800000,00000000
constant kind=ps type=f reg=3 bits=3e800000,00000000,00000000,00000000
constant kind=ps type=f reg=4 bits=00000000,00000000,3f800000,00000000
constant kind=ps type=f reg=5 bits=3e99999a,3e4ccccd,3dcccccd,00000000
constant kind=ps type=f reg=6 bits=3f000000,00000000,3f000000,00000000
constant kind=ps type=f reg=7 bits=3dcccccd,3e19999a,3e4ccccd,00000000
constant kind=ps type=f reg=216 bits=43480000,43490000,434a0000,434b0000
constant kind=ps type=f reg=217 bits=434c0000,434d0000,434e0000,434f0000
constants kind=ps type=i count=16 result=00000000 encoding=full
constant kind=ps type=i reg=0 values=0,0,0,0
constant kind=ps type=i reg=1 values=0,0,0,0
constant kind=ps type=i reg=2 values=0,0,0,0
constant kind=ps type=i reg=3 values=0,0,0,0
constant kind=ps type=i reg=4 values=0,0,0,0
constant kind=ps type=i reg=5 values=0,0,0,0
constant kind=ps type=i reg=6 values=0,0,0,0
constant kind=ps type=i reg=7 values=0,0,0,0
constant kind=ps type=i reg=8 values=0,0,0,0
constant kind=ps type=i reg=9 values=0,0,0,0
constant kind=ps type=i reg=10 values=0,0,0,0
constant kind=ps type=i reg=11 values=0,0,0,0
constant kind=ps type=i reg=12 values=0,0,0,0
constant kind=ps type=i reg=13 values=0,0,0,0
constant kind=ps type=i reg=14 values=0,0,0,0
constant kind=ps type=i reg=15 values=0,0,0,0
constants kind=ps type=b count=16 result=00000000 encoding=full
constant kind=ps type=b reg=0 values=0
constant kind=ps type=b reg=1 values=0
constant kind=ps type=b reg=2 values=0
constant kind=ps type=b reg=3 values=0
constant kind=ps type=b reg=4 values=0
constant kind=ps type=b reg=5 values=0
constant kind=ps type=b reg=6 values=0
constant kind=ps type=b reg=7 values=0
constant kind=ps type=b reg=8 values=0
constant kind=ps type=b reg=9 values=0
constant kind=ps type=b reg=10 values=0
constant kind=ps type=b reg=11 values=0
constant kind=ps type=b reg=12 values=0
constant kind=ps type=b reg=13 values=0
constant kind=ps type=b reg=14 values=0
constant kind=ps type=b reg=15 values=0
draw_args start_vertex=0
motion_route device=1 frame=4 index=3 gate=0 routed=1 matched=1 depth=1 jittered=1 vs=53a0a641107ed76c ps=8759c7838bbc86c2 node=00001100 camera=00002000 node_handle=8 camera_handle=9 node_serial=12 camera_serial=21 load_epoch=3 registry_epoch=5 model=00000012 lod=00000002 vb=6 ib=0 declaration=0cdf6a8c884ad955 offset=0 stride=24 position_offset=0 position_type=16 topology=4 first=0 primitives=1 base_vertex=0 min_vertex=0 vertex_count=0 indexed=0 pass=1 rows_hash=8804f37c47da2009 result=00000000
motion_input device=1 frame=4 index=3 blockers=00000210 proofs=28 position_path=1 vs=53a0a641107ed76c ps=8759c7838bbc86c2 declaration=0cdf6a8c884ad955 rows_hash=8804f37c47da2009 color=1 depth=2 width=64 height=64 cull=1 vb=6 vb_revision=0 ib=0 ib_revision=0 position_offset=0 position_type=16 lifetime_verified=0 vertex_finite_verified=0
motion_geometry device=1 frame=4 index=3 source_qualified=1 source_hash=53a0a641107ed76c source_words=526 finite_requested=0 finite_state=0 finite_reason=4 finite_status=00000001 finite_generation=0 finite_revision=0 index_required=0 index_requested=0 index_known=0 index_range_verified=0 index_exact=0 index_min=0 index_max=0 index_reason=1 index_status=00000001 index_generation=0 index_revision=0
draw_result device=1 frame=4 index=3 result=00000000
capture_event device=1 frame=4 seq=6 after_draw=3 op=draw_begin result=00000000 qpc=9616817420625
draw device=1 frame=4 index=4 kind=primitive topology=4 primitives=1 vs=53a0a641107ed76c ps=8759c7838bbc86c2
geometry source=buffers
stream slot=0 result=00000000 identity=3 offset=0 stride=24 frequency=1 frequency_result=00000000
vertex_buffer identity=3 bytes=72 usage=0 pool=1 fvf=0
buffer_content kind=vertex identity=3 result=00000000 status=00000001 requested=0 known=0 ambiguous=0 revision=0 pending=0 flags=00000000
stream slot=1 result=00000000 identity=0
stream slot=2 result=00000000 identity=0
stream slot=3 result=00000000 identity=0
stream slot=4 result=00000000 identity=0
stream slot=5 result=00000000 identity=0
stream slot=6 result=00000000 identity=0
stream slot=7 result=00000000 identity=0
stream slot=8 result=00000000 identity=0
stream slot=9 result=00000000 identity=0
stream slot=10 result=00000000 identity=0
stream slot=11 result=00000000 identity=0
stream slot=12 result=00000000 identity=0
stream slot=13 result=00000000 identity=0
stream slot=14 result=00000000 identity=0
stream slot=15 result=00000000 identity=0
indices result=00000000 identity=0
surface role=rt0 ptr=02158cc0 identity=1 width=64 height=64 format=21 usage=1 msaa=0 container=0 container_type=0 container_result=80004002
surface role=depth ptr=02158cf0 identity=2 width=64 height=64 format=77 usage=2 msaa=0 container=0 container_type=0 container_result=80004002
state id=7 value=1
state id=14 value=1
state id=23 value=4
state id=15 value=0
state id=24 value=0
state id=25 value=8
state id=27 value=1
state id=19 value=2
state id=20 value=1
state id=171 value=1
state id=22 value=1
state id=168 value=15
state id=194 value=0
state id=206 value=0
state id=52 value=0
state id=56 value=8
state id=57 value=0
state id=58 value=4294967295
state id=59 value=4294967295
state id=53 value=1
state id=54 value=1
state id=55 value=1
state id=185 value=0
state id=189 value=8
state id=186 value=1
state id=187 value=1
state id=188 value=1
viewport x=0 y=0 w=64 h=64 minz=0 maxz=1
texture stage=0 ptr=02158b70 type=3 identity=9 levels=1
texture_desc stage=0 w=2 h=2 format=21
sampler stage=0 state=6 value=1
sampler stage=0 state=5 value=1
sampler stage=0 state=7 value=0
sampler stage=0 state=10 value=1
sampler stage=0 state=11 value=0
sampler stage=0 state=8 value=0 bias=0
sampler stage=0 state=9 value=0
texture stage=1 ptr=02158bd0 type=3 identity=10 levels=1
texture_desc stage=1 w=2 h=2 format=21
sampler stage=1 state=6 value=1
sampler stage=1 state=5 value=1
sampler stage=1 state=7 value=0
sampler stage=1 state=10 value=1
sampler stage=1 state=11 value=0
sampler stage=1 state=8 value=0 bias=0
sampler stage=1 state=9 value=0
texture stage=2 ptr=02158c30 type=3 identity=11 levels=1
texture_desc stage=2 w=2 h=2 format=21
sampler stage=2 state=6 value=1
sampler stage=2 state=5 value=1
sampler stage=2 state=7 value=0
sampler stage=2 state=10 value=1
sampler stage=2 state=11 value=0
sampler stage=2 state=8 value=0 bias=0
sampler stage=2 state=9 value=0
texture stage=3 ptr=02158c90 type=5 identity=12 levels=1
sampler stage=3 state=6 value=1
sampler stage=3 state=5 value=1
sampler stage=3 state=7 value=0
sampler stage=3 state=10 value=1
sampler stage=3 state=11 value=0
sampler stage=3 state=8 value=0 bias=0
sampler stage=3 state=9 value=0
sampler stage=4 state=6 value=1
sampler stage=4 state=5 value=1
sampler stage=4 state=7 value=0
sampler stage=4 state=10 value=1
sampler stage=4 state=11 value=0
sampler stage=4 state=8 value=0 bias=0
sampler stage=4 state=9 value=0
sampler stage=5 state=6 value=1
sampler stage=5 state=5 value=1
sampler stage=5 state=7 value=0
sampler stage=5 state=10 value=1
sampler stage=5 state=11 value=0
sampler stage=5 state=8 value=0 bias=0
sampler stage=5 state=9 value=0
sampler stage=6 state=6 value=1
sampler stage=6 state=5 value=1
sampler stage=6 state=7 value=0
sampler stage=6 state=10 value=1
sampler stage=6 state=11 value=0
sampler stage=6 state=8 value=0 bias=0
sampler stage=6 state=9 value=0
sampler stage=7 state=6 value=1
sampler stage=7 state=5 value=1
sampler stage=7 state=7 value=0
sampler stage=7 state=10 value=1
sampler stage=7 state=11 value=0
sampler stage=7 state=8 value=0 bias=0
sampler stage=7 state=9 value=0
sampler stage=8 state=6 value=1
sampler stage=8 state=5 value=1
sampler stage=8 state=7 value=0
sampler stage=8 state=10 value=1
sampler stage=8 state=11 value=0
sampler stage=8 state=8 value=0 bias=0
sampler stage=8 state=9 value=0
sampler stage=9 state=6 value=1
sampler stage=9 state=5 value=1
sampler stage=9 state=7 value=0
sampler stage=9 state=10 value=1
sampler stage=9 state=11 value=0
sampler stage=9 state=8 value=0 bias=0
sampler stage=9 state=9 value=0
sampler stage=10 state=6 value=1
sampler stage=10 state=5 value=1
sampler stage=10 state=7 value=0
sampler stage=10 state=10 value=1
sampler stage=10 state=11 value=0
sampler stage=10 state=8 value=0 bias=0
sampler stage=10 state=9 value=0
sampler stage=11 state=6 value=1
sampler stage=11 state=5 value=1
sampler stage=11 state=7 value=0
sampler stage=11 state=10 value=1
sampler stage=11 state=11 value=0
sampler stage=11 state=8 value=0 bias=0
sampler stage=11 state=9 value=0
sampler stage=12 state=6 value=1
sampler stage=12 state=5 value=1
sampler stage=12 state=7 value=0
sampler stage=12 state=10 value=1
sampler stage=12 state=11 value=0
sampler stage=12 state=8 value=0 bias=0
sampler stage=12 state=9 value=0
sampler stage=13 state=6 value=1
sampler stage=13 state=5 value=1
sampler stage=13 state=7 value=0
sampler stage=13 state=10 value=1
sampler stage=13 state=11 value=0
sampler stage=13 state=8 value=0 bias=0
sampler stage=13 state=9 value=0
sampler stage=14 state=6 value=1
sampler stage=14 state=5 value=1
sampler stage=14 state=7 value=0
sampler stage=14 state=10 value=1
sampler stage=14 state=11 value=0
sampler stage=14 state=8 value=0 bias=0
sampler stage=14 state=9 value=0
sampler stage=15 state=6 value=1
sampler stage=15 state=5 value=1
sampler stage=15 state=7 value=0
sampler stage=15 state=10 value=1
sampler stage=15 state=11 value=0
sampler stage=15 state=8 value=0 bias=0
sampler stage=15 state=9 value=0
vertex_element stream=0 offset=0 type=16 method=0 usage=0 index=0
vertex_element stream=0 offset=8 type=16 method=0 usage=5 index=0
vertex_element stream=0 offset=16 type=16 method=0 usage=3 index=0
vertex_element stream=255 offset=0 type=17 method=0 usage=0 index=0
transform state=256 row=0 values=1,0,0,0
transform state=256 row=1 values=0,1,0,0
transform state=256 row=2 values=0,0,1,0
transform state=256 row=3 values=0,0,0,1
transform state=2 row=0 values=1,0,0,0
transform state=2 row=1 values=0,1,0,0
transform state=2 row=2 values=0,0,1,0
transform state=2 row=3 values=0,0,0,1
transform state=3 row=0 values=1,0,0,0
transform state=3 row=1 values=0,1,0,0
transform state=3 row=2 values=0,0,1,0
transform state=3 row=3 values=0,0,0,1
constants kind=vs type=f count=256 result=00000000 encoding=sparse_zero
constant kind=vs type=f reg=0 bits=bf800000,3f800000,40400000,00000000
constant kind=vs type=f reg=1 bits=3d23d70a,3ccccccd,3c75c28f,00000000
constant kind=vs type=f reg=2 bits=3f800000,3d4ccccd,00000000,00000000
constant kind=vs type=f reg=3 bits=00000000,3f800000,40400000,00000000
constant kind=vs type=f reg=4 bits=3d23d70a,3ccccccd,3c75c28f,00000000
constant kind=vs type=f reg=5 bits=3f800000,3d4ccccd,00000000,00000000
constant kind=vs type=f reg=6 bits=3f800000,3f800000,40400000,00000000
constant kind=vs type=f reg=7 bits=3d23d70a,3ccccccd,3c75c28f,00000000
constant kind=vs type=f reg=8 bits=3f800000,3d4ccccd,00000000,00000000
constant kind=vs type=f reg=9 bits=bf800000,3f800000,40400000,00000000
constant kind=vs type=f reg=10 bits=3d23d70a,3ccccccd,3c75c28f,00000000
constant kind=vs type=f reg=11 bits=3f800000,3d4ccccd,00000000,00000000
constant kind=vs type=f reg=12 bits=00000000,3f800000,40400000,00000000
constant kind=vs type=f reg=13 bits=3d23d70a,3ccccccd,3c75c28f,00000000
constant kind=vs type=f reg=14 bits=3f800000,3d4ccccd,00000000,00000000
constant kind=vs type=f reg=15 bits=3f800000,3f800000,40400000,00000000
constant kind=vs type=f reg=16 bits=3d23d70a,3ccccccd,3c75c28f,00000000
constant kind=vs type=f reg=17 bits=3f800000,3d4ccccd,00000000,00000000
constant kind=vs type=f reg=18 bits=bf800000,3f800000,40400000,00000000
constant kind=vs type=f reg=19 bits=3d23d70a,3ccccccd,3c75c28f,00000000
constant kind=vs type=f reg=20 bits=3f800000,3d4ccccd,00000000,00000000
constant kind=vs type=f reg=21 bits=00000000,3f800000,40400000,00000000
constant kind=vs type=f reg=22 bits=3d23d70a,3ccccccd,3c75c28f,00000000
constant kind=vs type=f reg=23 bits=3f800000,3d4ccccd,00000000,00000000
constant kind=vs type=f reg=24 bits=3f800000,00000000,00000000,3f4ccccd
constant kind=vs type=f reg=25 bits=00000000,3f800000,00000000,00000000
constant kind=vs type=f reg=26 bits=00000000,00000000,3f800000,00000000
constant kind=vs type=f reg=27 bits=3e000000,00000000,00000000,3f800000
constant kind=vs type=f reg=28 bits=3f800000,00000000,00000000,00000000
constant kind=vs type=f reg=29 bits=00000000,3f800000,00000000,00000000
constant kind=vs type=f reg=30 bits=00000000,00000000,3f800000,00000000
constant kind=vs type=f reg=31 bits=3f800000,00000000,00000000,00000000
constant kind=vs type=f reg=32 bits=00000000,3f800000,00000000,00000000
constant kind=vs type=f reg=33 bits=00000000,00000000,3f800000,00000000
constant kind=vs type=f reg=34 bits=3f800000,00000000,00000000,00000000
constant kind=vs type=f reg=35 bits=00000000,3f800000,00000000,00000000
constant kind=vs type=f reg=36 bits=00000000,00000000,3f800000,40800000
constant kind=vs type=f reg=37 bits=3f800000,00000000,00000000,00000000
constant kind=vs type=f reg=38 bits=00000000,3f800000,00000000,00000000
constant kind=vs type=f reg=39 bits=3f200000,00000000,00000000,00000000
constant kind=vs type=f reg=40 bits=3e4ccccd,3dcccccd,3d4ccccd,00000000
constant kind=vs type=f reg=41 bits=3f800000,00000000,00000000,00000000
constant kind=vs type=f reg=252 bits=42c80000,42ca0000,42cc0000,42ce0000
constant kind=vs type=f reg=253 bits=42d00000,42d20000,42d40000,42d60000
constant kind=vs type=f reg=254 bits=42d80000,42da0000,42dc0000,42de0000
constant kind=vs type=f reg=255 bits=42e00000,42e20000,42e40000,42e60000
constants kind=vs type=i count=16 result=00000000 encoding=full
constant kind=vs type=i reg=0 values=1,0,1,0
constant kind=vs type=i reg=1 values=0,0,0,0
constant kind=vs type=i reg=2 values=0,0,0,0
constant kind=vs type=i reg=3 values=0,0,0,0
constant kind=vs type=i reg=4 values=0,0,0,0
constant kind=vs type=i reg=5 values=0,0,0,0
constant kind=vs type=i reg=6 values=0,0,0,0
constant kind=vs type=i reg=7 values=0,0,0,0
constant kind=vs type=i reg=8 values=0,0,0,0
constant kind=vs type=i reg=9 values=0,0,0,0
constant kind=vs type=i reg=10 values=0,0,0,0
constant kind=vs type=i reg=11 values=0,0,0,0
constant kind=vs type=i reg=12 values=0,0,0,0
constant kind=vs type=i reg=13 values=0,0,0,0
constant kind=vs type=i reg=14 values=0,0,0,0
constant kind=vs type=i reg=15 values=0,0,0,0
constants kind=vs type=b count=16 result=00000000 encoding=full
constant kind=vs type=b reg=0 values=0
constant kind=vs type=b reg=1 values=0
constant kind=vs type=b reg=2 values=0
constant kind=vs type=b reg=3 values=0
constant kind=vs type=b reg=4 values=0
constant kind=vs type=b reg=5 values=0
constant kind=vs type=b reg=6 values=0
constant kind=vs type=b reg=7 values=0
constant kind=vs type=b reg=8 values=0
constant kind=vs type=b reg=9 values=0
constant kind=vs type=b reg=10 values=0
constant kind=vs type=b reg=11 values=0
constant kind=vs type=b reg=12 values=0
constant kind=vs type=b reg=13 values=0
constant kind=vs type=b reg=14 values=0
constant kind=vs type=b reg=15 values=0
constants kind=ps type=f count=224 result=00000000 encoding=sparse_zero
constant kind=ps type=f reg=0 bits=3f800000,00000000,00000000,00000000
constant kind=ps type=f reg=1 bits=00000000,3f800000,00000000,00000000
constant kind=ps type=f reg=2 bits=00000000,00000000,3f800000,00000000
constant kind=ps type=f reg=3 bits=3e800000,00000000,00000000,00000000
constant kind=ps type=f reg=4 bits=00000000,00000000,3f800000,00000000
constant kind=ps type=f reg=5 bits=3e99999a,3e4ccccd,3dcccccd,00000000
constant kind=ps type=f reg=6 bits=3f000000,00000000,3f000000,00000000
constant kind=ps type=f reg=7 bits=3dcccccd,3e19999a,3e4ccccd,00000000
constant kind=ps type=f reg=216 bits=43480000,43490000,434a0000,434b0000
constant kind=ps type=f reg=217 bits=434c0000,434d0000,434e0000,434f0000
constants kind=ps type=i count=16 result=00000000 encoding=full
constant kind=ps type=i reg=0 values=0,0,0,0
constant kind=ps type=i reg=1 values=0,0,0,0
constant kind=ps type=i reg=2 values=0,0,0,0
constant kind=ps type=i reg=3 values=0,0,0,0
constant kind=ps type=i reg=4 values=0,0,0,0
constant kind=ps type=i reg=5 values=0,0,0,0
constant kind=ps type=i reg=6 values=0,0,0,0
constant kind=ps type=i reg=7 values=0,0,0,0
constant kind=ps type=i reg=8 values=0,0,0,0
constant kind=ps type=i reg=9 values=0,0,0,0
constant kind=ps type=i reg=10 values=0,0,0,0
constant kind=ps type=i reg=11 values=0,0,0,0
constant kind=ps type=i reg=12 values=0,0,0,0
constant kind=ps type=i reg=13 values=0,0,0,0
constant kind=ps type=i reg=14 values=0,0,0,0
constant kind=ps type=i reg=15 values=0,0,0,0
constants kind=ps type=b count=16 result=00000000 encoding=full
constant kind=ps type=b reg=0 values=0
constant kind=ps type=b reg=1 values=0
constant kind=ps type=b reg=2 values=0
constant kind=ps type=b reg=3 values=0
constant kind=ps type=b reg=4 values=0
constant kind=ps type=b reg=5 values=0
constant kind=ps type=b reg=6 values=0
constant kind=ps type=b reg=7 values=0
constant kind=ps type=b reg=8 values=0
constant kind=ps type=b reg=9 values=0
constant kind=ps type=b reg=10 values=0
constant kind=ps type=b reg=11 values=0
constant kind=ps type=b reg=12 values=0
constant kind=ps type=b reg=13 values=0
constant kind=ps type=b reg=14 values=0
constant kind=ps type=b reg=15 values=0
draw_args start_vertex=0
motion_route device=1 frame=4 index=4 gate=4 routed=0 matched=0 depth=0 jittered=1 vs=53a0a641107ed76c ps=8759c7838bbc86c2 node=00000000 camera=00000000 node_handle=0 camera_handle=0 node_serial=0 camera_serial=0 load_epoch=0 registry_epoch=0 model=00000000 lod=00000000 vb=0 ib=0 declaration=0000000000000000 offset=0 stride=0 position_offset=0 position_type=0 topology=0 first=0 primitives=0 base_vertex=0 min_vertex=0 vertex_count=0 indexed=0 pass=0 rows_hash=0000000000000000 result=00000000
motion_input device=1 frame=4 index=4 blockers=00000250 proofs=20 position_path=1 vs=53a0a641107ed76c ps=8759c7838bbc86c2 declaration=0cdf6a8c884ad955 rows_hash=6e1905db0b783f53 color=1 depth=2 width=64 height=64 cull=1 vb=3 vb_revision=0 ib=0 ib_revision=0 position_offset=0 position_type=16 lifetime_verified=0 vertex_finite_verified=0
motion_geometry device=1 frame=4 index=4 source_qualified=1 source_hash=53a0a641107ed76c source_words=526 finite_requested=0 finite_state=0 finite_reason=4 finite_status=00000001 finite_generation=0 finite_revision=0 index_required=0 index_requested=0 index_known=0 index_range_verified=0 index_exact=0 index_min=0 index_max=0 index_reason=1 index_status=00000001 index_generation=0 index_revision=0
draw_result device=1 frame=4 index=4 result=00000000
capture_event device=1 frame=4 seq=7 after_draw=4 op=draw_begin result=00000000 qpc=9616817431124
draw device=1 frame=4 index=5 kind=primitive topology=4 primitives=1 vs=53a0a641107ed76c ps=98731d5594e36226
geometry source=buffers
stream slot=0 result=00000000 identity=3 offset=0 stride=24 frequency=1 frequency_result=00000000
vertex_buffer identity=3 bytes=72 usage=0 pool=1 fvf=0
buffer_content kind=vertex identity=3 result=00000000 status=00000001 requested=0 known=0 ambiguous=0 revision=0 pending=0 flags=00000000
stream slot=1 result=00000000 identity=0
stream slot=2 result=00000000 identity=0
stream slot=3 result=00000000 identity=0
stream slot=4 result=00000000 identity=0
stream slot=5 result=00000000 identity=0
stream slot=6 result=00000000 identity=0
stream slot=7 result=00000000 identity=0
stream slot=8 result=00000000 identity=0
stream slot=9 result=00000000 identity=0
stream slot=10 result=00000000 identity=0
stream slot=11 result=00000000 identity=0
stream slot=12 result=00000000 identity=0
stream slot=13 result=00000000 identity=0
stream slot=14 result=00000000 identity=0
stream slot=15 result=00000000 identity=0
indices result=00000000 identity=0
surface role=rt0 ptr=02158cc0 identity=1 width=64 height=64 format=21 usage=1 msaa=0 container=0 container_type=0 container_result=80004002
surface role=depth ptr=02158cf0 identity=2 width=64 height=64 format=77 usage=2 msaa=0 container=0 container_type=0 container_result=80004002
state id=7 value=1
state id=14 value=1
state id=23 value=4
state id=15 value=0
state id=24 value=0
state id=25 value=8
state id=27 value=0
state id=19 value=2
state id=20 value=1
state id=171 value=1
state id=22 value=1
state id=168 value=15
state id=194 value=0
state id=206 value=0
state id=52 value=0
state id=56 value=8
state id=57 value=0
state id=58 value=4294967295
state id=59 value=4294967295
state id=53 value=1
state id=54 value=1
state id=55 value=1
state id=185 value=0
state id=189 value=8
state id=186 value=1
state id=187 value=1
state id=188 value=1
viewport x=0 y=0 w=64 h=64 minz=0 maxz=1
texture stage=0 ptr=02158b70 type=3 identity=9 levels=1
texture_desc stage=0 w=2 h=2 format=21
sampler stage=0 state=6 value=1
sampler stage=0 state=5 value=1
sampler stage=0 state=7 value=0
sampler stage=0 state=10 value=1
sampler stage=0 state=11 value=0
sampler stage=0 state=8 value=0 bias=0
sampler stage=0 state=9 value=0
texture stage=1 ptr=02158bd0 type=3 identity=10 levels=1
texture_desc stage=1 w=2 h=2 format=21
sampler stage=1 state=6 value=1
sampler stage=1 state=5 value=1
sampler stage=1 state=7 value=0
sampler stage=1 state=10 value=1
sampler stage=1 state=11 value=0
sampler stage=1 state=8 value=0 bias=0
sampler stage=1 state=9 value=0
texture stage=2 ptr=02158c30 type=3 identity=11 levels=1
texture_desc stage=2 w=2 h=2 format=21
sampler stage=2 state=6 value=1
sampler stage=2 state=5 value=1
sampler stage=2 state=7 value=0
sampler stage=2 state=10 value=1
sampler stage=2 state=11 value=0
sampler stage=2 state=8 value=0 bias=0
sampler stage=2 state=9 value=0
texture stage=3 ptr=02158c90 type=5 identity=12 levels=1
sampler stage=3 state=6 value=1
sampler stage=3 state=5 value=1
sampler stage=3 state=7 value=0
sampler stage=3 state=10 value=1
sampler stage=3 state=11 value=0
sampler stage=3 state=8 value=0 bias=0
sampler stage=3 state=9 value=0
sampler stage=4 state=6 value=1
sampler stage=4 state=5 value=1
sampler stage=4 state=7 value=0
sampler stage=4 state=10 value=1
sampler stage=4 state=11 value=0
sampler stage=4 state=8 value=0 bias=0
sampler stage=4 state=9 value=0
sampler stage=5 state=6 value=1
sampler stage=5 state=5 value=1
sampler stage=5 state=7 value=0
sampler stage=5 state=10 value=1
sampler stage=5 state=11 value=0
sampler stage=5 state=8 value=0 bias=0
sampler stage=5 state=9 value=0
sampler stage=6 state=6 value=1
sampler stage=6 state=5 value=1
sampler stage=6 state=7 value=0
sampler stage=6 state=10 value=1
sampler stage=6 state=11 value=0
sampler stage=6 state=8 value=0 bias=0
sampler stage=6 state=9 value=0
sampler stage=7 state=6 value=1
sampler stage=7 state=5 value=1
sampler stage=7 state=7 value=0
sampler stage=7 state=10 value=1
sampler stage=7 state=11 value=0
sampler stage=7 state=8 value=0 bias=0
sampler stage=7 state=9 value=0
sampler stage=8 state=6 value=1
sampler stage=8 state=5 value=1
sampler stage=8 state=7 value=0
sampler stage=8 state=10 value=1
sampler stage=8 state=11 value=0
sampler stage=8 state=8 value=0 bias=0
sampler stage=8 state=9 value=0
sampler stage=9 state=6 value=1
sampler stage=9 state=5 value=1
sampler stage=9 state=7 value=0
sampler stage=9 state=10 value=1
sampler stage=9 state=11 value=0
sampler stage=9 state=8 value=0 bias=0
sampler stage=9 state=9 value=0
sampler stage=10 state=6 value=1
sampler stage=10 state=5 value=1
sampler stage=10 state=7 value=0
sampler stage=10 state=10 value=1
sampler stage=10 state=11 value=0
sampler stage=10 state=8 value=0 bias=0
sampler stage=10 state=9 value=0
sampler stage=11 state=6 value=1
sampler stage=11 state=5 value=1
sampler stage=11 state=7 value=0
sampler stage=11 state=10 value=1
sampler stage=11 state=11 value=0
sampler stage=11 state=8 value=0 bias=0
sampler stage=11 state=9 value=0
sampler stage=12 state=6 value=1
sampler stage=12 state=5 value=1
sampler stage=12 state=7 value=0
sampler stage=12 state=10 value=1
sampler stage=12 state=11 value=0
sampler stage=12 state=8 value=0 bias=0
sampler stage=12 state=9 value=0
sampler stage=13 state=6 value=1
sampler stage=13 state=5 value=1
sampler stage=13 state=7 value=0
sampler stage=13 state=10 value=1
sampler stage=13 state=11 value=0
sampler stage=13 state=8 value=0 bias=0
sampler stage=13 state=9 value=0
sampler stage=14 state=6 value=1
sampler stage=14 state=5 value=1
sampler stage=14 state=7 value=0
sampler stage=14 state=10 value=1
sampler stage=14 state=11 value=0
sampler stage=14 state=8 value=0 bias=0
sampler stage=14 state=9 value=0
sampler stage=15 state=6 value=1
sampler stage=15 state=5 value=1
sampler stage=15 state=7 value=0
sampler stage=15 state=10 value=1
sampler stage=15 state=11 value=0
sampler stage=15 state=8 value=0 bias=0
sampler stage=15 state=9 value=0
vertex_element stream=0 offset=0 type=16 method=0 usage=0 index=0
vertex_element stream=0 offset=8 type=16 method=0 usage=5 index=0
vertex_element stream=0 offset=16 type=16 method=0 usage=3 index=0
vertex_element stream=255 offset=0 type=17 method=0 usage=0 index=0
transform state=256 row=0 values=1,0,0,0
transform state=256 row=1 values=0,1,0,0
transform state=256 row=2 values=0,0,1,0
transform state=256 row=3 values=0,0,0,1
transform state=2 row=0 values=1,0,0,0
transform state=2 row=1 values=0,1,0,0
transform state=2 row=2 values=0,0,1,0
transform state=2 row=3 values=0,0,0,1
transform state=3 row=0 values=1,0,0,0
transform state=3 row=1 values=0,1,0,0
transform state=3 row=2 values=0,0,1,0
transform state=3 row=3 values=0,0,0,1
constants kind=vs type=f count=256 result=00000000 encoding=sparse_zero
constant kind=vs type=f reg=0 bits=bf800000,3f800000,40400000,00000000
constant kind=vs type=f reg=1 bits=3d23d70a,3ccccccd,3c75c28f,00000000
constant kind=vs type=f reg=2 bits=3f800000,3d4ccccd,00000000,00000000
constant kind=vs type=f reg=3 bits=00000000,3f800000,40400000,00000000
constant kind=vs type=f reg=4 bits=3d23d70a,3ccccccd,3c75c28f,00000000
constant kind=vs type=f reg=5 bits=3f800000,3d4ccccd,00000000,00000000
constant kind=vs type=f reg=6 bits=3f800000,3f800000,40400000,00000000
constant kind=vs type=f reg=7 bits=3d23d70a,3ccccccd,3c75c28f,00000000
constant kind=vs type=f reg=8 bits=3f800000,3d4ccccd,00000000,00000000
constant kind=vs type=f reg=9 bits=bf800000,3f800000,40400000,00000000
constant kind=vs type=f reg=10 bits=3d23d70a,3ccccccd,3c75c28f,00000000
constant kind=vs type=f reg=11 bits=3f800000,3d4ccccd,00000000,00000000
constant kind=vs type=f reg=12 bits=00000000,3f800000,40400000,00000000
constant kind=vs type=f reg=13 bits=3d23d70a,3ccccccd,3c75c28f,00000000
constant kind=vs type=f reg=14 bits=3f800000,3d4ccccd,00000000,00000000
constant kind=vs type=f reg=15 bits=3f800000,3f800000,40400000,00000000
constant kind=vs type=f reg=16 bits=3d23d70a,3ccccccd,3c75c28f,00000000
constant kind=vs type=f reg=17 bits=3f800000,3d4ccccd,00000000,00000000
constant kind=vs type=f reg=18 bits=bf800000,3f800000,40400000,00000000
constant kind=vs type=f reg=19 bits=3d23d70a,3ccccccd,3c75c28f,00000000
constant kind=vs type=f reg=20 bits=3f800000,3d4ccccd,00000000,00000000
constant kind=vs type=f reg=21 bits=00000000,3f800000,40400000,00000000
constant kind=vs type=f reg=22 bits=3d23d70a,3ccccccd,3c75c28f,00000000
constant kind=vs type=f reg=23 bits=3f800000,3d4ccccd,00000000,00000000
constant kind=vs type=f reg=24 bits=3f800000,00000000,00000000,3f4ccccd
constant kind=vs type=f reg=25 bits=00000000,3f800000,00000000,00000000
constant kind=vs type=f reg=26 bits=00000000,00000000,3f800000,00000000
constant kind=vs type=f reg=27 bits=3e000000,00000000,00000000,3f800000
constant kind=vs type=f reg=28 bits=3f800000,00000000,00000000,00000000
constant kind=vs type=f reg=29 bits=00000000,3f800000,00000000,00000000
constant kind=vs type=f reg=30 bits=00000000,00000000,3f800000,00000000
constant kind=vs type=f reg=31 bits=3f800000,00000000,00000000,00000000
constant kind=vs type=f reg=32 bits=00000000,3f800000,00000000,00000000
constant kind=vs type=f reg=33 bits=00000000,00000000,3f800000,00000000
constant kind=vs type=f reg=34 bits=3f800000,00000000,00000000,00000000
constant kind=vs type=f reg=35 bits=00000000,3f800000,00000000,00000000
constant kind=vs type=f reg=36 bits=00000000,00000000,3f800000,40800000
constant kind=vs type=f reg=37 bits=3f800000,00000000,00000000,00000000
constant kind=vs type=f reg=38 bits=00000000,3f800000,00000000,00000000
constant kind=vs type=f reg=39 bits=3f200000,00000000,00000000,00000000
constant kind=vs type=f reg=40 bits=3e4ccccd,3dcccccd,3d4ccccd,00000000
constant kind=vs type=f reg=41 bits=3f800000,00000000,00000000,00000000
constant kind=vs type=f reg=252 bits=42c80000,42ca0000,42cc0000,42ce0000
constant kind=vs type=f reg=253 bits=42d00000,42d20000,42d40000,42d60000
constant kind=vs type=f reg=254 bits=42d80000,42da0000,42dc0000,42de0000
constant kind=vs type=f reg=255 bits=42e00000,42e20000,42e40000,42e60000
constants kind=vs type=i count=16 result=00000000 encoding=full
constant kind=vs type=i reg=0 values=1,0,1,0
constant kind=vs type=i reg=1 values=0,0,0,0
constant kind=vs type=i reg=2 values=0,0,0,0
constant kind=vs type=i reg=3 values=0,0,0,0
constant kind=vs type=i reg=4 values=0,0,0,0
constant kind=vs type=i reg=5 values=0,0,0,0
constant kind=vs type=i reg=6 values=0,0,0,0
constant kind=vs type=i reg=7 values=0,0,0,0
constant kind=vs type=i reg=8 values=0,0,0,0
constant kind=vs type=i reg=9 values=0,0,0,0
constant kind=vs type=i reg=10 values=0,0,0,0
constant kind=vs type=i reg=11 values=0,0,0,0
constant kind=vs type=i reg=12 values=0,0,0,0
constant kind=vs type=i reg=13 values=0,0,0,0
constant kind=vs type=i reg=14 values=0,0,0,0
constant kind=vs type=i reg=15 values=0,0,0,0
constants kind=vs type=b count=16 result=00000000 encoding=full
constant kind=vs type=b reg=0 values=0
constant kind=vs type=b reg=1 values=0
constant kind=vs type=b reg=2 values=0
constant kind=vs type=b reg=3 values=0
constant kind=vs type=b reg=4 values=0
constant kind=vs type=b reg=5 values=0
constant kind=vs type=b reg=6 values=0
constant kind=vs type=b reg=7 values=0
constant kind=vs type=b reg=8 values=0
constant kind=vs type=b reg=9 values=0
constant kind=vs type=b reg=10 values=0
constant kind=vs type=b reg=11 values=0
constant kind=vs type=b reg=12 values=0
constant kind=vs type=b reg=13 values=0
constant kind=vs type=b reg=14 values=0
constant kind=vs type=b reg=15 values=0
constants kind=ps type=f count=224 result=00000000 encoding=sparse_zero
constant kind=ps type=f reg=0 bits=3f800000,00000000,00000000,00000000
constant kind=ps type=f reg=1 bits=00000000,3f800000,00000000,00000000
constant kind=ps type=f reg=2 bits=00000000,00000000,3f800000,00000000
constant kind=ps type=f reg=3 bits=3e800000,00000000,00000000,00000000
constant kind=ps type=f reg=4 bits=00000000,00000000,3f800000,00000000
constant kind=ps type=f reg=5 bits=3e99999a,3e4ccccd,3dcccccd,00000000
constant kind=ps type=f reg=6 bits=3f000000,00000000,3f000000,00000000
constant kind=ps type=f reg=7 bits=3dcccccd,3e19999a,3e4ccccd,00000000
constant kind=ps type=f reg=216 bits=43480000,43490000,434a0000,434b0000
constant kind=ps type=f reg=217 bits=434c0000,434d0000,434e0000,434f0000
constants kind=ps type=i count=16 result=00000000 encoding=full
constant kind=ps type=i reg=0 values=0,0,0,0
constant kind=ps type=i reg=1 values=0,0,0,0
constant kind=ps type=i reg=2 values=0,0,0,0
constant kind=ps type=i reg=3 values=0,0,0,0
constant kind=ps type=i reg=4 values=0,0,0,0
constant kind=ps type=i reg=5 values=0,0,0,0
constant kind=ps type=i reg=6 values=0,0,0,0
constant kind=ps type=i reg=7 values=0,0,0,0
constant kind=ps type=i reg=8 values=0,0,0,0
constant kind=ps type=i reg=9 values=0,0,0,0
constant kind=ps type=i reg=10 values=0,0,0,0
constant kind=ps type=i reg=11 values=0,0,0,0
constant kind=ps type=i reg=12 values=0,0,0,0
constant kind=ps type=i reg=13 values=0,0,0,0
constant kind=ps type=i reg=14 values=0,0,0,0
constant kind=ps type=i reg=15 values=0,0,0,0
constants kind=ps type=b count=16 result=00000000 encoding=full
constant kind=ps type=b reg=0 values=0
constant kind=ps type=b reg=1 values=0
constant kind=ps type=b reg=2 values=0
constant kind=ps type=b reg=3 values=0
constant kind=ps type=b reg=4 values=0
constant kind=ps type=b reg=5 values=0
constant kind=ps type=b reg=6 values=0
constant kind=ps type=b reg=7 values=0
constant kind=ps type=b reg=8 values=0
constant kind=ps type=b reg=9 values=0
constant kind=ps type=b reg=10 values=0
constant kind=ps type=b reg=11 values=0
constant kind=ps type=b reg=12 values=0
constant kind=ps type=b reg=13 values=0
constant kind=ps type=b reg=14 values=0
constant kind=ps type=b reg=15 values=0
draw_args start_vertex=0
motion_route device=1 frame=4 index=5 gate=3 routed=0 matched=0 depth=0 jittered=1 vs=53a0a641107ed76c ps=98731d5594e36226 node=00000000 camera=00000000 node_handle=0 camera_handle=0 node_serial=0 camera_serial=0 load_epoch=0 registry_epoch=0 model=00000000 lod=00000000 vb=0 ib=0 declaration=0000000000000000 offset=0 stride=0 position_offset=0 position_type=0 topology=0 first=0 primitives=0 base_vertex=0 min_vertex=0 vertex_count=0 indexed=0 pass=0 rows_hash=0000000000000000 result=00000000
motion_input device=1 frame=4 index=5 blockers=00000212 proofs=20 position_path=1 vs=53a0a641107ed76c ps=98731d5594e36226 declaration=0cdf6a8c884ad955 rows_hash=6e1905db0b783f53 color=1 depth=2 width=64 height=64 cull=1 vb=3 vb_revision=0 ib=0 ib_revision=0 position_offset=0 position_type=16 lifetime_verified=0 vertex_finite_verified=0
motion_geometry device=1 frame=4 index=5 source_qualified=1 source_hash=53a0a641107ed76c source_words=526 finite_requested=0 finite_state=0 finite_reason=4 finite_status=00000001 finite_generation=0 finite_revision=0 index_required=0 index_requested=0 index_known=0 index_range_verified=0 index_exact=0 index_min=0 index_max=0 index_reason=1 index_status=00000001 index_generation=0 index_revision=0
draw_result device=1 frame=4 index=5 result=00000000
motion_output_cut device=1 frame=4 samples=2 median_px=1.6000 keyed=2 missing=0 missing_fraction=0.0000 bound_px=2.400 bound_missing=0.250 cut=0
capture_event device=1 frame=4 seq=8 after_draw=5 op=set_depth result=00000000 qpc=9616817442318
set_depth ptr=00000000 result=00000000
surface role=depth_binding ptr=0 identity=0
hdr_readback device=1 frame=4 file=hdr_1_4.rgba16f width=64 height=64 format=rgba16f_row_major result=00000000 bytes=32768
motion_output_color_readback device=1 frame=4 file=color_1_4.bgra8 width=64 height=64 format=bgra8_row_major result=00000000 bytes=16384
motion_output_taa_readback device=1 frame=4 file=taa_1_4.rgba16f width=64 height=64 format=rgba16f_row_major result=00000000 bytes=32768
capture_event device=1 frame=4 seq=9 after_draw=5 op=stretch_rect result=00000000 qpc=9616817538472
stretch_rect source=02158cc0 dest=02158d50 filter=0 source_rect_null=1 dest_rect_null=1
surface role=stretch_source ptr=02158cc0 identity=1 width=64 height=64 format=21 usage=1 msaa=0 container=0 container_type=0 container_result=80004002
surface role=stretch_dest ptr=02158d50 identity=7 width=64 height=64 format=21 usage=1 msaa=0 container=8 container_type=3 container_result=00000000
capture_event device=1 frame=4 seq=10 after_draw=5 op=set_depth result=00000000 qpc=9616817600320
set_depth ptr=02158cf0 result=00000000
surface role=depth_binding ptr=02158cf0 identity=2 width=64 height=64 format=77 usage=2 msaa=0 container=0 container_type=0 container_result=80004002
motion_output_readback device=1 frame=4 file=motion_1_4.rgba32f width=64 height=64 format=rgba32f_row_major result=00000000 bytes=65536
motion_output_depth_readback device=1 frame=4 file=depth_1_4.r32f width=64 height=64 format=r32f_row_major result=00000000 bytes=16384
motion_output_frame device=1 frame=4 latched=1 filled=1 fill_result=00000000 fill_restore=00000000 draws=5 routed=2 matched=2 gate1=0 gate2=1 gate3=1 gate4=1 gate5=0 gate6=0 apply_failures=0 restore_failures=0 history_previous=2 history_current=0 committed=1 selector_state=9 present=00000000 depth=1 depth_routed=2 jitter=1 jitter_index=4 jitter_x=0.125000 jitter_y=0.277778 jitter_previous_x=-0.375000 jitter_previous_y=-0.055556 jittered=4 cut=0 cut_median_px=1.6000 cut_missing=0.0000 cut_samples=2 taa=1 taa_attempted=1 taa_resolved=1 taa_history=1 taa_skip=0 taa_result=00000000 taa_restore=00000000 taa_copy=00000001 taa_hdr=1 taa_k=1.00000 taa_sharpen=0 scene_open=0 active_queries=0 taa_references=10 camera_valid=0 camera_background_valid=0 camera_reads=0 camera_policy=1 camera_reason=2 camera_cut=0 camera_rotation_deg=0.0000 rt_mode=perdraw timing=cpu_qpc set_rt=8 lazy_flushes=0 jitter_writes=8 readbacks=5 gate_us=36.2 route_draw_us=18.2 set_rt_us=8.4 lazy_flush_us=0.0 jitter_us=2.4 fill_us=85.7 taa_run_us=285.9 taa_capture_us=20.2 taa_copy_color_us=0.3 taa_copy_depth_us=4.6 taa_draw_us=227.2 taa_apply_us=20.3 taa_copy_back_us=0.0 readback_us=9796.5 state_shadow=1 rs_queries=23 rs_hits=23 rs_gets=14 rs_resyncs=0 sb_resyncs=0 scene_hook=0 scene_end_source=stretchrect scene_end_check=3 hook_signals=0 hook_outside_scene=0 hook_state=0 draws_after_hook=0 bloom_copy_seen=1 mip_bias=0 mip_bias_sets=0 mip_bias_restores=0 mip_bias_draws=0 mip_bias_stages=0000 mip_bias_reads=0 mip_bias_game_writes=0 mip_bias_game_writes_total=0 mip_bias_failures=0 mip_bias_biased_now=0000
camera_state device=1 frame=4 status=executable_mismatch reads=0 valid=0 read_failure=0 failure=0 projection=00000000 view=00000000 p00=0 p11=0 p20=0 p21=0 r00=0 r01=0 r02=0 r10=0 r11=0 r12=0 r20=0 r21=0 r22=0 t=0,0,0 background_valid=0 background_p00=0 background_p11=0 background_rotation_deg=0.0000 history_view_valid=0 history_view_frame=4 rotation_deg=0.0000 policy=1 reason=2 camera_cut=0 mode=0 cut_deg=20.00
hdr_frame device=1 frame=4 hdr=1 redirected=1 end=bloom_copy writebacks=2 flushes=1 writeback_source=shader unwind=0 unwind_reason=none unwind_draw=00000001 unwind_restore=00000001 unwind_stretch=00000001 unwind_bind=00000001 blocked=0 recheck=none suspended=0 resumed=0 dirty_at_present=0 refused_msaa=0 target_create=00000000 latch_bind=00000000 target=64x64 target_bytes=32768 caps=ok stretch_conversion=00000000 timing=cpu_qpc redirect_us=5.6 writeback_us=267.9 writeback_draw_us=265.3 writeback_stretch_us=0.0 bind_us=0.0 recheck_us=0.0 tonemap=agx tonemapped=1 look=none decode=gamma2.2 clamp=0 exposure=manual ev=0.00000 ev_adapted=0.00000 ev_target=0.00000 avg_log_l=0.00000 luma_mean=1 dt_ms=0.000 stepped=0 steps=0 meter=00000001 readback=00000001 tonemap_draw=00000000 fallback=0 meter_us=0.0 readback_us=0.0 k=1.00000 chain_bytes=0 sharpen=off sharpened=0 sharpen_fallback=0
frame_end device=1 frame=4 draws=5 capture=1 present=00000000 elapsed_ms=1239 dt_ms=23 qpc=9616817616641
ownership_copy_depth phase=present device=1 frame=4 result=00000000 status=00000001 requested=0 available=0 source_bound=0 copy_valid=0 generation=0 source_epoch=0 copy_epoch=0 source_width=0 source_height=0 source_format=0 source_type=0 source_usage=0 source_pool=0 source_msaa=0 source_quality=0
frame_begin device=1 frame=5
capture_event device=1 frame=5 seq=1 after_draw=0 op=clear result=00000000 qpc=9616817617728
clear flags=3 color=ff203040 z=1 stencil=0 rect_count=0 rect_ptr=00000000
surface role=clear_rt0 ptr=02158cc0 identity=1 width=64 height=64 format=21 usage=1 msaa=0 container=0 container_type=0 container_result=80004002
surface role=clear_depth ptr=02158cf0 identity=2 width=64 height=64 format=77 usage=2 msaa=0 container=0 container_type=0 container_result=80004002
clear_viewport result=00000000 x=0 y=0 w=64 h=64 minz=0 maxz=1
capture_event device=1 frame=5 seq=2 after_draw=0 op=draw_begin result=00000000 qpc=9616817619461
draw device=1 frame=5 index=1 kind=primitive topology=4 primitives=1 vs=53a0a641107ed76c ps=98731d5594e36226
geometry source=buffers
stream slot=0 result=00000000 identity=3 offset=0 stride=24 frequency=1 frequency_result=00000000
vertex_buffer identity=3 bytes=72 usage=0 pool=1 fvf=0
buffer_content kind=vertex identity=3 result=00000000 status=00000001 requested=0 known=0 ambiguous=0 revision=0 pending=0 flags=00000000
stream slot=1 result=00000000 identity=0
stream slot=2 result=00000000 identity=0
stream slot=3 result=00000000 identity=0
stream slot=4 result=00000000 identity=0
stream slot=5 result=00000000 identity=0
stream slot=6 result=00000000 identity=0
stream slot=7 result=00000000 identity=0
stream slot=8 result=00000000 identity=0
stream slot=9 result=00000000 identity=0
stream slot=10 result=00000000 identity=0
stream slot=11 result=00000000 identity=0
stream slot=12 result=00000000 identity=0
stream slot=13 result=00000000 identity=0
stream slot=14 result=00000000 identity=0
stream slot=15 result=00000000 identity=0
indices result=00000000 identity=0
surface role=rt0 ptr=02158cc0 identity=1 width=64 height=64 format=21 usage=1 msaa=0 container=0 container_type=0 container_result=80004002
surface role=depth ptr=02158cf0 identity=2 width=64 height=64 format=77 usage=2 msaa=0 container=0 container_type=0 container_result=80004002
state id=7 value=0
state id=14 value=0
state id=23 value=4
state id=15 value=1
state id=24 value=0
state id=25 value=8
state id=27 value=1
state id=19 value=2
state id=20 value=1
state id=171 value=1
state id=22 value=2
state id=168 value=7
state id=194 value=0
state id=206 value=0
state id=52 value=1
state id=56 value=8
state id=57 value=0
state id=58 value=4294967295
state id=59 value=4294967295
state id=53 value=1
state id=54 value=1
state id=55 value=1
state id=185 value=0
state id=189 value=8
state id=186 value=1
state id=187 value=1
state id=188 value=1
viewport x=0 y=0 w=64 h=64 minz=0 maxz=1
texture stage=0 ptr=02158b70 type=3 identity=9 levels=1
texture_desc stage=0 w=2 h=2 format=21
sampler stage=0 state=6 value=1
sampler stage=0 state=5 value=1
sampler stage=0 state=7 value=0
sampler stage=0 state=10 value=1
sampler stage=0 state=11 value=0
sampler stage=0 state=8 value=0 bias=0
sampler stage=0 state=9 value=0
texture stage=1 ptr=02158bd0 type=3 identity=10 levels=1
texture_desc stage=1 w=2 h=2 format=21
sampler stage=1 state=6 value=1
sampler stage=1 state=5 value=1
sampler stage=1 state=7 value=0
sampler stage=1 state=10 value=1
sampler stage=1 state=11 value=0
sampler stage=1 state=8 value=0 bias=0
sampler stage=1 state=9 value=0
texture stage=2 ptr=02158c30 type=3 identity=11 levels=1
texture_desc stage=2 w=2 h=2 format=21
sampler stage=2 state=6 value=1
sampler stage=2 state=5 value=1
sampler stage=2 state=7 value=0
sampler stage=2 state=10 value=1
sampler stage=2 state=11 value=0
sampler stage=2 state=8 value=0 bias=0
sampler stage=2 state=9 value=0
texture stage=3 ptr=02158c90 type=5 identity=12 levels=1
sampler stage=3 state=6 value=1
sampler stage=3 state=5 value=1
sampler stage=3 state=7 value=0
sampler stage=3 state=10 value=1
sampler stage=3 state=11 value=0
sampler stage=3 state=8 value=0 bias=0
sampler stage=3 state=9 value=0
sampler stage=4 state=6 value=1
sampler stage=4 state=5 value=1
sampler stage=4 state=7 value=0
sampler stage=4 state=10 value=1
sampler stage=4 state=11 value=0
sampler stage=4 state=8 value=0 bias=0
sampler stage=4 state=9 value=0
sampler stage=5 state=6 value=1
sampler stage=5 state=5 value=1
sampler stage=5 state=7 value=0
sampler stage=5 state=10 value=1
sampler stage=5 state=11 value=0
sampler stage=5 state=8 value=0 bias=0
sampler stage=5 state=9 value=0
sampler stage=6 state=6 value=1
sampler stage=6 state=5 value=1
sampler stage=6 state=7 value=0
sampler stage=6 state=10 value=1
sampler stage=6 state=11 value=0
sampler stage=6 state=8 value=0 bias=0
sampler stage=6 state=9 value=0
sampler stage=7 state=6 value=1
sampler stage=7 state=5 value=1
sampler stage=7 state=7 value=0
sampler stage=7 state=10 value=1
sampler stage=7 state=11 value=0
sampler stage=7 state=8 value=0 bias=0
sampler stage=7 state=9 value=0
sampler stage=8 state=6 value=1
sampler stage=8 state=5 value=1
sampler stage=8 state=7 value=0
sampler stage=8 state=10 value=1
sampler stage=8 state=11 value=0
sampler stage=8 state=8 value=0 bias=0
sampler stage=8 state=9 value=0
sampler stage=9 state=6 value=1
sampler stage=9 state=5 value=1
sampler stage=9 state=7 value=0
sampler stage=9 state=10 value=1
sampler stage=9 state=11 value=0
sampler stage=9 state=8 value=0 bias=0
sampler stage=9 state=9 value=0
sampler stage=10 state=6 value=1
sampler stage=10 state=5 value=1
sampler stage=10 state=7 value=0
sampler stage=10 state=10 value=1
sampler stage=10 state=11 value=0
sampler stage=10 state=8 value=0 bias=0
sampler stage=10 state=9 value=0
sampler stage=11 state=6 value=1
sampler stage=11 state=5 value=1
sampler stage=11 state=7 value=0
sampler stage=11 state=10 value=1
sampler stage=11 state=11 value=0
sampler stage=11 state=8 value=0 bias=0
sampler stage=11 state=9 value=0
sampler stage=12 state=6 value=1
sampler stage=12 state=5 value=1
sampler stage=12 state=7 value=0
sampler stage=12 state=10 value=1
sampler stage=12 state=11 value=0
sampler stage=12 state=8 value=0 bias=0
sampler stage=12 state=9 value=0
sampler stage=13 state=6 value=1
sampler stage=13 state=5 value=1
sampler stage=13 state=7 value=0
sampler stage=13 state=10 value=1
sampler stage=13 state=11 value=0
sampler stage=13 state=8 value=0 bias=0
sampler stage=13 state=9 value=0
sampler stage=14 state=6 value=1
sampler stage=14 state=5 value=1
sampler stage=14 state=7 value=0
sampler stage=14 state=10 value=1
sampler stage=14 state=11 value=0
sampler stage=14 state=8 value=0 bias=0
sampler stage=14 state=9 value=0
sampler stage=15 state=6 value=1
sampler stage=15 state=5 value=1
sampler stage=15 state=7 value=0
sampler stage=15 state=10 value=1
sampler stage=15 state=11 value=0
sampler stage=15 state=8 value=0 bias=0
sampler stage=15 state=9 value=0
vertex_element stream=0 offset=0 type=16 method=0 usage=0 index=0
vertex_element stream=0 offset=8 type=16 method=0 usage=5 index=0
vertex_element stream=0 offset=16 type=16 method=0 usage=3 index=0
vertex_element stream=255 offset=0 type=17 method=0 usage=0 index=0
transform state=256 row=0 values=1,0,0,0
transform state=256 row=1 values=0,1,0,0
transform state=256 row=2 values=0,0,1,0
transform state=256 row=3 values=0,0,0,1
transform state=2 row=0 values=1,0,0,0
transform state=2 row=1 values=0,1,0,0
transform state=2 row=2 values=0,0,1,0
transform state=2 row=3 values=0,0,0,1
transform state=3 row=0 values=1,0,0,0
transform state=3 row=1 values=0,1,0,0
transform state=3 row=2 values=0,0,1,0
transform state=3 row=3 values=0,0,0,1
constants kind=vs type=f count=256 result=00000000 encoding=sparse_zero
constant kind=vs type=f reg=0 bits=bf800000,3f800000,40400000,00000000
constant kind=vs type=f reg=1 bits=3d23d70a,3ccccccd,3c75c28f,00000000
constant kind=vs type=f reg=2 bits=3f800000,3d4ccccd,00000000,00000000
constant kind=vs type=f reg=3 bits=00000000,3f800000,40400000,00000000
constant kind=vs type=f reg=4 bits=3d23d70a,3ccccccd,3c75c28f,00000000
constant kind=vs type=f reg=5 bits=3f800000,3d4ccccd,00000000,00000000
constant kind=vs type=f reg=6 bits=3f800000,3f800000,40400000,00000000
constant kind=vs type=f reg=7 bits=3d23d70a,3ccccccd,3c75c28f,00000000
constant kind=vs type=f reg=8 bits=3f800000,3d4ccccd,00000000,00000000
constant kind=vs type=f reg=9 bits=bf800000,3f800000,40400000,00000000
constant kind=vs type=f reg=10 bits=3d23d70a,3ccccccd,3c75c28f,00000000
constant kind=vs type=f reg=11 bits=3f800000,3d4ccccd,00000000,00000000
constant kind=vs type=f reg=12 bits=00000000,3f800000,40400000,00000000
constant kind=vs type=f reg=13 bits=3d23d70a,3ccccccd,3c75c28f,00000000
constant kind=vs type=f reg=14 bits=3f800000,3d4ccccd,00000000,00000000
constant kind=vs type=f reg=15 bits=3f800000,3f800000,40400000,00000000
constant kind=vs type=f reg=16 bits=3d23d70a,3ccccccd,3c75c28f,00000000
constant kind=vs type=f reg=17 bits=3f800000,3d4ccccd,00000000,00000000
constant kind=vs type=f reg=18 bits=bf800000,3f800000,40400000,00000000
constant kind=vs type=f reg=19 bits=3d23d70a,3ccccccd,3c75c28f,00000000
constant kind=vs type=f reg=20 bits=3f800000,3d4ccccd,00000000,00000000
constant kind=vs type=f reg=21 bits=00000000,3f800000,40400000,00000000
constant kind=vs type=f reg=22 bits=3d23d70a,3ccccccd,3c75c28f,00000000
constant kind=vs type=f reg=23 bits=3f800000,3d4ccccd,00000000,00000000
constant kind=vs type=f reg=24 bits=3f800000,00000000,00000000,00000000
constant kind=vs type=f reg=25 bits=00000000,3f800000,00000000,00000000
constant kind=vs type=f reg=26 bits=00000000,00000000,3f800000,00000000
constant kind=vs type=f reg=27 bits=00000000,00000000,00000000,3f800000
constant kind=vs type=f reg=28 bits=3f800000,00000000,00000000,00000000
constant kind=vs type=f reg=29 bits=00000000,3f800000,00000000,00000000
constant kind=vs type=f reg=30 bits=00000000,00000000,3f800000,00000000
constant kind=vs type=f reg=31 bits=3f800000,00000000,00000000,00000000
constant kind=vs type=f reg=32 bits=00000000,3f800000,00000000,00000000
constant kind=vs type=f reg=33 bits=00000000,00000000,3f800000,00000000
constant kind=vs type=f reg=34 bits=3f800000,00000000,00000000,00000000
constant kind=vs type=f reg=35 bits=00000000,3f800000,00000000,00000000
constant kind=vs type=f reg=36 bits=00000000,00000000,3f800000,40800000
constant kind=vs type=f reg=37 bits=3f800000,00000000,00000000,00000000
constant kind=vs type=f reg=38 bits=00000000,3f800000,00000000,00000000
constant kind=vs type=f reg=39 bits=3f200000,00000000,00000000,00000000
constant kind=vs type=f reg=40 bits=3e4ccccd,3dcccccd,3d4ccccd,00000000
constant kind=vs type=f reg=41 bits=3f800000,00000000,00000000,00000000
constant kind=vs type=f reg=252 bits=42c80000,42ca0000,42cc0000,42ce0000
constant kind=vs type=f reg=253 bits=42d00000,42d20000,42d40000,42d60000
constant kind=vs type=f reg=254 bits=42d80000,42da0000,42dc0000,42de0000
constant kind=vs type=f reg=255 bits=42e00000,42e20000,42e40000,42e60000
constants kind=vs type=i count=16 result=00000000 encoding=full
constant kind=vs type=i reg=0 values=1,0,1,0
constant kind=vs type=i reg=1 values=0,0,0,0
constant kind=vs type=i reg=2 values=0,0,0,0
constant kind=vs type=i reg=3 values=0,0,0,0
constant kind=vs type=i reg=4 values=0,0,0,0
constant kind=vs type=i reg=5 values=0,0,0,0
constant kind=vs type=i reg=6 values=0,0,0,0
constant kind=vs type=i reg=7 values=0,0,0,0
constant kind=vs type=i reg=8 values=0,0,0,0
constant kind=vs type=i reg=9 values=0,0,0,0
constant kind=vs type=i reg=10 values=0,0,0,0
constant kind=vs type=i reg=11 values=0,0,0,0
constant kind=vs type=i reg=12 values=0,0,0,0
constant kind=vs type=i reg=13 values=0,0,0,0
constant kind=vs type=i reg=14 values=0,0,0,0
constant kind=vs type=i reg=15 values=0,0,0,0
constants kind=vs type=b count=16 result=00000000 encoding=full
constant kind=vs type=b reg=0 values=0
constant kind=vs type=b reg=1 values=0
constant kind=vs type=b reg=2 values=0
constant kind=vs type=b reg=3 values=0
constant kind=vs type=b reg=4 values=0
constant kind=vs type=b reg=5 values=0
constant kind=vs type=b reg=6 values=0
constant kind=vs type=b reg=7 values=0
constant kind=vs type=b reg=8 values=0
constant kind=vs type=b reg=9 values=0
constant kind=vs type=b reg=10 values=0
constant kind=vs type=b reg=11 values=0
constant kind=vs type=b reg=12 values=0
constant kind=vs type=b reg=13 values=0
constant kind=vs type=b reg=14 values=0
constant kind=vs type=b reg=15 values=0
constants kind=ps type=f count=224 result=00000000 encoding=sparse_zero
constant kind=ps type=f reg=0 bits=3f800000,00000000,00000000,00000000
constant kind=ps type=f reg=1 bits=00000000,3f800000,00000000,00000000
constant kind=ps type=f reg=2 bits=00000000,00000000,3f800000,00000000
constant kind=ps type=f reg=3 bits=3e800000,00000000,00000000,00000000
constant kind=ps type=f reg=4 bits=00000000,00000000,3f800000,00000000
constant kind=ps type=f reg=5 bits=3e99999a,3e4ccccd,3dcccccd,00000000
constant kind=ps type=f reg=6 bits=3f000000,00000000,3f000000,00000000
constant kind=ps type=f reg=7 bits=3dcccccd,3e19999a,3e4ccccd,00000000
constant kind=ps type=f reg=216 bits=43480000,43490000,434a0000,434b0000
constant kind=ps type=f reg=217 bits=434c0000,434d0000,434e0000,434f0000
constants kind=ps type=i count=16 result=00000000 encoding=full
constant kind=ps type=i reg=0 values=0,0,0,0
constant kind=ps type=i reg=1 values=0,0,0,0
constant kind=ps type=i reg=2 values=0,0,0,0
constant kind=ps type=i reg=3 values=0,0,0,0
constant kind=ps type=i reg=4 values=0,0,0,0
constant kind=ps type=i reg=5 values=0,0,0,0
constant kind=ps type=i reg=6 values=0,0,0,0
constant kind=ps type=i reg=7 values=0,0,0,0
constant kind=ps type=i reg=8 values=0,0,0,0
constant kind=ps type=i reg=9 values=0,0,0,0
constant kind=ps type=i reg=10 values=0,0,0,0
constant kind=ps type=i reg=11 values=0,0,0,0
constant kind=ps type=i reg=12 values=0,0,0,0
constant kind=ps type=i reg=13 values=0,0,0,0
constant kind=ps type=i reg=14 values=0,0,0,0
constant kind=ps type=i reg=15 values=0,0,0,0
constants kind=ps type=b count=16 result=00000000 encoding=full
constant kind=ps type=b reg=0 values=0
constant kind=ps type=b reg=1 values=0
constant kind=ps type=b reg=2 values=0
constant kind=ps type=b reg=3 values=0
constant kind=ps type=b reg=4 values=0
constant kind=ps type=b reg=5 values=0
constant kind=ps type=b reg=6 values=0
constant kind=ps type=b reg=7 values=0
constant kind=ps type=b reg=8 values=0
constant kind=ps type=b reg=9 values=0
constant kind=ps type=b reg=10 values=0
constant kind=ps type=b reg=11 values=0
constant kind=ps type=b reg=12 values=0
constant kind=ps type=b reg=13 values=0
constant kind=ps type=b reg=14 values=0
constant kind=ps type=b reg=15 values=0
draw_args start_vertex=0
motion_input device=1 frame=5 index=1 blockers=00000252 proofs=20 position_path=1 vs=53a0a641107ed76c ps=98731d5594e36226 declaration=0cdf6a8c884ad955 rows_hash=1b0c97ae01a7ec05 color=1 depth=2 width=64 height=64 cull=2 vb=3 vb_revision=0 ib=0 ib_revision=0 position_offset=0 position_type=16 lifetime_verified=0 vertex_finite_verified=0
motion_geometry device=1 frame=5 index=1 source_qualified=1 source_hash=53a0a641107ed76c source_words=526 finite_requested=0 finite_state=0 finite_reason=4 finite_status=00000001 finite_generation=0 finite_revision=0 index_required=0 index_requested=0 index_known=0 index_range_verified=0 index_exact=0 index_min=0 index_max=0 index_reason=1 index_status=00000001 index_generation=0 index_revision=0
draw_result device=1 frame=5 index=1 result=00000000
capture_event device=1 frame=5 seq=3 after_draw=1 op=clear result=00000000 qpc=9616817630528
clear flags=2 color=00000000 z=1 stencil=0 rect_count=0 rect_ptr=00000000
surface role=clear_rt0 ptr=02158cc0 identity=1 width=64 height=64 format=21 usage=1 msaa=0 container=0 container_type=0 container_result=80004002
surface role=clear_depth ptr=02158cf0 identity=2 width=64 height=64 format=77 usage=2 msaa=0 container=0 container_type=0 container_result=80004002
clear_viewport result=00000000 x=0 y=0 w=64 h=64 minz=0 maxz=1
capture_event device=1 frame=5 seq=4 after_draw=1 op=draw_begin result=00000000 qpc=9616817631656
draw device=1 frame=5 index=2 kind=primitive topology=4 primitives=1 vs=53a0a641107ed76c ps=8759c7838bbc86c2
geometry source=buffers
stream slot=0 result=00000000 identity=3 offset=0 stride=24 frequency=1 frequency_result=00000000
vertex_buffer identity=3 bytes=72 usage=0 pool=1 fvf=0
buffer_content kind=vertex identity=3 result=00000000 status=00000001 requested=0 known=0 ambiguous=0 revision=0 pending=0 flags=00000000
stream slot=1 result=00000000 identity=0
stream slot=2 result=00000000 identity=0
stream slot=3 result=00000000 identity=0
stream slot=4 result=00000000 identity=0
stream slot=5 result=00000000 identity=0
stream slot=6 result=00000000 identity=0
stream slot=7 result=00000000 identity=0
stream slot=8 result=00000000 identity=0
stream slot=9 result=00000000 identity=0
stream slot=10 result=00000000 identity=0
stream slot=11 result=00000000 identity=0
stream slot=12 result=00000000 identity=0
stream slot=13 result=00000000 identity=0
stream slot=14 result=00000000 identity=0
stream slot=15 result=00000000 identity=0
indices result=00000000 identity=0
surface role=rt0 ptr=02158cc0 identity=1 width=64 height=64 format=21 usage=1 msaa=0 container=0 container_type=0 container_result=80004002
surface role=depth ptr=02158cf0 identity=2 width=64 height=64 format=77 usage=2 msaa=0 container=0 container_type=0 container_result=80004002
state id=7 value=1
state id=14 value=1
state id=23 value=4
state id=15 value=0
state id=24 value=0
state id=25 value=8
state id=27 value=0
state id=19 value=2
state id=20 value=1
state id=171 value=1
state id=22 value=1
state id=168 value=15
state id=194 value=0
state id=206 value=0
state id=52 value=0
state id=56 value=8
state id=57 value=0
state id=58 value=4294967295
state id=59 value=4294967295
state id=53 value=1
state id=54 value=1
state id=55 value=1
state id=185 value=0
state id=189 value=8
state id=186 value=1
state id=187 value=1
state id=188 value=1
viewport x=0 y=0 w=64 h=64 minz=0 maxz=1
texture stage=0 ptr=02158b70 type=3 identity=9 levels=1
texture_desc stage=0 w=2 h=2 format=21
sampler stage=0 state=6 value=1
sampler stage=0 state=5 value=1
sampler stage=0 state=7 value=0
sampler stage=0 state=10 value=1
sampler stage=0 state=11 value=0
sampler stage=0 state=8 value=0 bias=0
sampler stage=0 state=9 value=0
texture stage=1 ptr=02158bd0 type=3 identity=10 levels=1
texture_desc stage=1 w=2 h=2 format=21
sampler stage=1 state=6 value=1
sampler stage=1 state=5 value=1
sampler stage=1 state=7 value=0
sampler stage=1 state=10 value=1
sampler stage=1 state=11 value=0
sampler stage=1 state=8 value=0 bias=0
sampler stage=1 state=9 value=0
texture stage=2 ptr=02158c30 type=3 identity=11 levels=1
texture_desc stage=2 w=2 h=2 format=21
sampler stage=2 state=6 value=1
sampler stage=2 state=5 value=1
sampler stage=2 state=7 value=0
sampler stage=2 state=10 value=1
sampler stage=2 state=11 value=0
sampler stage=2 state=8 value=0 bias=0
sampler stage=2 state=9 value=0
texture stage=3 ptr=02158c90 type=5 identity=12 levels=1
sampler stage=3 state=6 value=1
sampler stage=3 state=5 value=1
sampler stage=3 state=7 value=0
sampler stage=3 state=10 value=1
sampler stage=3 state=11 value=0
sampler stage=3 state=8 value=0 bias=0
sampler stage=3 state=9 value=0
sampler stage=4 state=6 value=1
sampler stage=4 state=5 value=1
sampler stage=4 state=7 value=0
sampler stage=4 state=10 value=1
sampler stage=4 state=11 value=0
sampler stage=4 state=8 value=0 bias=0
sampler stage=4 state=9 value=0
sampler stage=5 state=6 value=1
sampler stage=5 state=5 value=1
sampler stage=5 state=7 value=0
sampler stage=5 state=10 value=1
sampler stage=5 state=11 value=0
sampler stage=5 state=8 value=0 bias=0
sampler stage=5 state=9 value=0
sampler stage=6 state=6 value=1
sampler stage=6 state=5 value=1
sampler stage=6 state=7 value=0
sampler stage=6 state=10 value=1
sampler stage=6 state=11 value=0
sampler stage=6 state=8 value=0 bias=0
sampler stage=6 state=9 value=0
sampler stage=7 state=6 value=1
sampler stage=7 state=5 value=1
sampler stage=7 state=7 value=0
sampler stage=7 state=10 value=1
sampler stage=7 state=11 value=0
sampler stage=7 state=8 value=0 bias=0
sampler stage=7 state=9 value=0
sampler stage=8 state=6 value=1
sampler stage=8 state=5 value=1
sampler stage=8 state=7 value=0
sampler stage=8 state=10 value=1
sampler stage=8 state=11 value=0
sampler stage=8 state=8 value=0 bias=0
sampler stage=8 state=9 value=0
sampler stage=9 state=6 value=1
sampler stage=9 state=5 value=1
sampler stage=9 state=7 value=0
sampler stage=9 state=10 value=1
sampler stage=9 state=11 value=0
sampler stage=9 state=8 value=0 bias=0
sampler stage=9 state=9 value=0
sampler stage=10 state=6 value=1
sampler stage=10 state=5 value=1
sampler stage=10 state=7 value=0
sampler stage=10 state=10 value=1
sampler stage=10 state=11 value=0
sampler stage=10 state=8 value=0 bias=0
sampler stage=10 state=9 value=0
sampler stage=11 state=6 value=1
sampler stage=11 state=5 value=1
sampler stage=11 state=7 value=0
sampler stage=11 state=10 value=1
sampler stage=11 state=11 value=0
sampler stage=11 state=8 value=0 bias=0
sampler stage=11 state=9 value=0
sampler stage=12 state=6 value=1
sampler stage=12 state=5 value=1
sampler stage=12 state=7 value=0
sampler stage=12 state=10 value=1
sampler stage=12 state=11 value=0
sampler stage=12 state=8 value=0 bias=0
sampler stage=12 state=9 value=0
sampler stage=13 state=6 value=1
sampler stage=13 state=5 value=1
sampler stage=13 state=7 value=0
sampler stage=13 state=10 value=1
sampler stage=13 state=11 value=0
sampler stage=13 state=8 value=0 bias=0
sampler stage=13 state=9 value=0
sampler stage=14 state=6 value=1
sampler stage=14 state=5 value=1
sampler stage=14 state=7 value=0
sampler stage=14 state=10 value=1
sampler stage=14 state=11 value=0
sampler stage=14 state=8 value=0 bias=0
sampler stage=14 state=9 value=0
sampler stage=15 state=6 value=1
sampler stage=15 state=5 value=1
sampler stage=15 state=7 value=0
sampler stage=15 state=10 value=1
sampler stage=15 state=11 value=0
sampler stage=15 state=8 value=0 bias=0
sampler stage=15 state=9 value=0
vertex_element stream=0 offset=0 type=16 method=0 usage=0 index=0
vertex_element stream=0 offset=8 type=16 method=0 usage=5 index=0
vertex_element stream=0 offset=16 type=16 method=0 usage=3 index=0
vertex_element stream=255 offset=0 type=17 method=0 usage=0 index=0
transform state=256 row=0 values=1,0,0,0
transform state=256 row=1 values=0,1,0,0
transform state=256 row=2 values=0,0,1,0
transform state=256 row=3 values=0,0,0,1
transform state=2 row=0 values=1,0,0,0
transform state=2 row=1 values=0,1,0,0
transform state=2 row=2 values=0,0,1,0
transform state=2 row=3 values=0,0,0,1
transform state=3 row=0 values=1,0,0,0
transform state=3 row=1 values=0,1,0,0
transform state=3 row=2 values=0,0,1,0
transform state=3 row=3 values=0,0,0,1
constants kind=vs type=f count=256 result=00000000 encoding=sparse_zero
constant kind=vs type=f reg=0 bits=bf800000,3f800000,40400000,00000000
constant kind=vs type=f reg=1 bits=3d23d70a,3ccccccd,3c75c28f,00000000
constant kind=vs type=f reg=2 bits=3f800000,3d4ccccd,00000000,00000000
constant kind=vs type=f reg=3 bits=00000000,3f800000,40400000,00000000
constant kind=vs type=f reg=4 bits=3d23d70a,3ccccccd,3c75c28f,00000000
constant kind=vs type=f reg=5 bits=3f800000,3d4ccccd,00000000,00000000
constant kind=vs type=f reg=6 bits=3f800000,3f800000,40400000,00000000
constant kind=vs type=f reg=7 bits=3d23d70a,3ccccccd,3c75c28f,00000000
constant kind=vs type=f reg=8 bits=3f800000,3d4ccccd,00000000,00000000
constant kind=vs type=f reg=9 bits=bf800000,3f800000,40400000,00000000
constant kind=vs type=f reg=10 bits=3d23d70a,3ccccccd,3c75c28f,00000000
constant kind=vs type=f reg=11 bits=3f800000,3d4ccccd,00000000,00000000
constant kind=vs type=f reg=12 bits=00000000,3f800000,40400000,00000000
constant kind=vs type=f reg=13 bits=3d23d70a,3ccccccd,3c75c28f,00000000
constant kind=vs type=f reg=14 bits=3f800000,3d4ccccd,00000000,00000000
constant kind=vs type=f reg=15 bits=3f800000,3f800000,40400000,00000000
constant kind=vs type=f reg=16 bits=3d23d70a,3ccccccd,3c75c28f,00000000
constant kind=vs type=f reg=17 bits=3f800000,3d4ccccd,00000000,00000000
constant kind=vs type=f reg=18 bits=bf800000,3f800000,40400000,00000000
constant kind=vs type=f reg=19 bits=3d23d70a,3ccccccd,3c75c28f,00000000
constant kind=vs type=f reg=20 bits=3f800000,3d4ccccd,00000000,00000000
constant kind=vs type=f reg=21 bits=00000000,3f800000,40400000,00000000
constant kind=vs type=f reg=22 bits=3d23d70a,3ccccccd,3c75c28f,00000000
constant kind=vs type=f reg=23 bits=3f800000,3d4ccccd,00000000,00000000
constant kind=vs type=f reg=24 bits=3f800000,00000000,00000000,3f400000
constant kind=vs type=f reg=25 bits=00000000,3f800000,00000000,00000000
constant kind=vs type=f reg=26 bits=00000000,00000000,3f800000,00000000
constant kind=vs type=f reg=27 bits=00000000,00000000,00000000,3f800000
constant kind=vs type=f reg=28 bits=3f800000,00000000,00000000,00000000
constant kind=vs type=f reg=29 bits=00000000,3f800000,00000000,00000000
constant kind=vs type=f reg=30 bits=00000000,00000000,3f800000,00000000
constant kind=vs type=f reg=31 bits=3f800000,00000000,00000000,00000000
constant kind=vs type=f reg=32 bits=00000000,3f800000,00000000,00000000
constant kind=vs type=f reg=33 bits=00000000,00000000,3f800000,00000000
constant kind=vs type=f reg=34 bits=3f800000,00000000,00000000,00000000
constant kind=vs type=f reg=35 bits=00000000,3f800000,00000000,00000000
constant kind=vs type=f reg=36 bits=00000000,00000000,3f800000,40800000
constant kind=vs type=f reg=37 bits=3f800000,00000000,00000000,00000000
constant kind=vs type=f reg=38 bits=00000000,3f800000,00000000,00000000
constant kind=vs type=f reg=39 bits=3f200000,00000000,00000000,00000000
constant kind=vs type=f reg=40 bits=3e4ccccd,3dcccccd,3d4ccccd,00000000
constant kind=vs type=f reg=41 bits=3f800000,00000000,00000000,00000000
constant kind=vs type=f reg=252 bits=42c80000,42ca0000,42cc0000,42ce0000
constant kind=vs type=f reg=253 bits=42d00000,42d20000,42d40000,42d60000
constant kind=vs type=f reg=254 bits=42d80000,42da0000,42dc0000,42de0000
constant kind=vs type=f reg=255 bits=42e00000,42e20000,42e40000,42e60000
constants kind=vs type=i count=16 result=00000000 encoding=full
constant kind=vs type=i reg=0 values=1,0,1,0
constant kind=vs type=i reg=1 values=0,0,0,0
constant kind=vs type=i reg=2 values=0,0,0,0
constant kind=vs type=i reg=3 values=0,0,0,0
constant kind=vs type=i reg=4 values=0,0,0,0
constant kind=vs type=i reg=5 values=0,0,0,0
constant kind=vs type=i reg=6 values=0,0,0,0
constant kind=vs type=i reg=7 values=0,0,0,0
constant kind=vs type=i reg=8 values=0,0,0,0
constant kind=vs type=i reg=9 values=0,0,0,0
constant kind=vs type=i reg=10 values=0,0,0,0
constant kind=vs type=i reg=11 values=0,0,0,0
constant kind=vs type=i reg=12 values=0,0,0,0
constant kind=vs type=i reg=13 values=0,0,0,0
constant kind=vs type=i reg=14 values=0,0,0,0
constant kind=vs type=i reg=15 values=0,0,0,0
constants kind=vs type=b count=16 result=00000000 encoding=full
constant kind=vs type=b reg=0 values=0
constant kind=vs type=b reg=1 values=0
constant kind=vs type=b reg=2 values=0
constant kind=vs type=b reg=3 values=0
constant kind=vs type=b reg=4 values=0
constant kind=vs type=b reg=5 values=0
constant kind=vs type=b reg=6 values=0
constant kind=vs type=b reg=7 values=0
constant kind=vs type=b reg=8 values=0
constant kind=vs type=b reg=9 values=0
constant kind=vs type=b reg=10 values=0
constant kind=vs type=b reg=11 values=0
constant kind=vs type=b reg=12 values=0
constant kind=vs type=b reg=13 values=0
constant kind=vs type=b reg=14 values=0
constant kind=vs type=b reg=15 values=0
constants kind=ps type=f count=224 result=00000000 encoding=sparse_zero
constant kind=ps type=f reg=0 bits=3f800000,00000000,00000000,00000000
constant kind=ps type=f reg=1 bits=00000000,3f800000,00000000,00000000
constant kind=ps type=f reg=2 bits=00000000,00000000,3f800000,00000000
constant kind=ps type=f reg=3 bits=3e800000,00000000,00000000,00000000
constant kind=ps type=f reg=4 bits=00000000,00000000,3f800000,00000000
constant kind=ps type=f reg=5 bits=3e99999a,3e4ccccd,3dcccccd,00000000
constant kind=ps type=f reg=6 bits=3f000000,00000000,3f000000,00000000
constant kind=ps type=f reg=7 bits=3dcccccd,3e19999a,3e4ccccd,00000000
constant kind=ps type=f reg=216 bits=43480000,43490000,434a0000,434b0000
constant kind=ps type=f reg=217 bits=434c0000,434d0000,434e0000,434f0000
constants kind=ps type=i count=16 result=00000000 encoding=full
constant kind=ps type=i reg=0 values=0,0,0,0
constant kind=ps type=i reg=1 values=0,0,0,0
constant kind=ps type=i reg=2 values=0,0,0,0
constant kind=ps type=i reg=3 values=0,0,0,0
constant kind=ps type=i reg=4 values=0,0,0,0
constant kind=ps type=i reg=5 values=0,0,0,0
constant kind=ps type=i reg=6 values=0,0,0,0
constant kind=ps type=i reg=7 values=0,0,0,0
constant kind=ps type=i reg=8 values=0,0,0,0
constant kind=ps type=i reg=9 values=0,0,0,0
constant kind=ps type=i reg=10 values=0,0,0,0
constant kind=ps type=i reg=11 values=0,0,0,0
constant kind=ps type=i reg=12 values=0,0,0,0
constant kind=ps type=i reg=13 values=0,0,0,0
constant kind=ps type=i reg=14 values=0,0,0,0
constant kind=ps type=i reg=15 values=0,0,0,0
constants kind=ps type=b count=16 result=00000000 encoding=full
constant kind=ps type=b reg=0 values=0
constant kind=ps type=b reg=1 values=0
constant kind=ps type=b reg=2 values=0
constant kind=ps type=b reg=3 values=0
constant kind=ps type=b reg=4 values=0
constant kind=ps type=b reg=5 values=0
constant kind=ps type=b reg=6 values=0
constant kind=ps type=b reg=7 values=0
constant kind=ps type=b reg=8 values=0
constant kind=ps type=b reg=9 values=0
constant kind=ps type=b reg=10 values=0
constant kind=ps type=b reg=11 values=0
constant kind=ps type=b reg=12 values=0
constant kind=ps type=b reg=13 values=0
constant kind=ps type=b reg=14 values=0
constant kind=ps type=b reg=15 values=0
draw_args start_vertex=0
motion_route device=1 frame=5 index=2 gate=0 routed=1 matched=1 depth=1 jittered=1 vs=53a0a641107ed76c ps=8759c7838bbc86c2 node=00001000 camera=00002000 node_handle=7 camera_handle=9 node_serial=11 camera_serial=21 load_epoch=3 registry_epoch=5 model=00000011 lod=00000002 vb=3 ib=0 declaration=0cdf6a8c884ad955 offset=0 stride=24 position_offset=0 position_type=16 topology=4 first=0 primitives=1 base_vertex=0 min_vertex=0 vertex_count=0 indexed=0 pass=1 rows_hash=712d59ff944d11a8 result=00000000
motion_input device=1 frame=5 index=2 blockers=00000210 proofs=28 position_path=1 vs=53a0a641107ed76c ps=8759c7838bbc86c2 declaration=0cdf6a8c884ad955 rows_hash=712d59ff944d11a8 color=1 depth=2 width=64 height=64 cull=1 vb=3 vb_revision=0 ib=0 ib_revision=0 position_offset=0 position_type=16 lifetime_verified=0 vertex_finite_verified=0
motion_geometry device=1 frame=5 index=2 source_qualified=1 source_hash=53a0a641107ed76c source_words=526 finite_requested=0 finite_state=0 finite_reason=4 finite_status=00000001 finite_generation=0 finite_revision=0 index_required=0 index_requested=0 index_known=0 index_range_verified=0 index_exact=0 index_min=0 index_max=0 index_reason=1 index_status=00000001 index_generation=0 index_revision=0
draw_result device=1 frame=5 index=2 result=00000000
capture_event device=1 frame=5 seq=5 after_draw=2 op=draw_begin result=00000000 qpc=9616817645293
draw device=1 frame=5 index=3 kind=primitive topology=4 primitives=1 vs=53a0a641107ed76c ps=8759c7838bbc86c2
geometry source=buffers
stream slot=0 result=00000000 identity=3 offset=0 stride=24 frequency=1 frequency_result=00000000
vertex_buffer identity=3 bytes=72 usage=0 pool=1 fvf=0
buffer_content kind=vertex identity=3 result=00000000 status=00000001 requested=0 known=0 ambiguous=0 revision=0 pending=0 flags=00000000
stream slot=1 result=00000000 identity=0
stream slot=2 result=00000000 identity=0
stream slot=3 result=00000000 identity=0
stream slot=4 result=00000000 identity=0
stream slot=5 result=00000000 identity=0
stream slot=6 result=00000000 identity=0
stream slot=7 result=00000000 identity=0
stream slot=8 result=00000000 identity=0
stream slot=9 result=00000000 identity=0
stream slot=10 result=00000000 identity=0
stream slot=11 result=00000000 identity=0
stream slot=12 result=00000000 identity=0
stream slot=13 result=00000000 identity=0
stream slot=14 result=00000000 identity=0
stream slot=15 result=00000000 identity=0
indices result=00000000 identity=0
surface role=rt0 ptr=02158cc0 identity=1 width=64 height=64 format=21 usage=1 msaa=0 container=0 container_type=0 container_result=80004002
surface role=depth ptr=02158cf0 identity=2 width=64 height=64 format=77 usage=2 msaa=0 container=0 container_type=0 container_result=80004002
state id=7 value=1
state id=14 value=1
state id=23 value=4
state id=15 value=0
state id=24 value=0
state id=25 value=8
state id=27 value=0
state id=19 value=2
state id=20 value=1
state id=171 value=1
state id=22 value=1
state id=168 value=15
state id=194 value=0
state id=206 value=0
state id=52 value=0
state id=56 value=8
state id=57 value=0
state id=58 value=4294967295
state id=59 value=4294967295
state id=53 value=1
state id=54 value=1
state id=55 value=1
state id=185 value=0
state id=189 value=8
state id=186 value=1
state id=187 value=1
state id=188 value=1
viewport x=0 y=0 w=64 h=64 minz=0 maxz=1
texture stage=0 ptr=02158b70 type=3 identity=9 levels=1
texture_desc stage=0 w=2 h=2 format=21
sampler stage=0 state=6 value=1
sampler stage=0 state=5 value=1
sampler stage=0 state=7 value=0
sampler stage=0 state=10 value=1
sampler stage=0 state=11 value=0
sampler stage=0 state=8 value=0 bias=0
sampler stage=0 state=9 value=0
texture stage=1 ptr=02158bd0 type=3 identity=10 levels=1
texture_desc stage=1 w=2 h=2 format=21
sampler stage=1 state=6 value=1
sampler stage=1 state=5 value=1
sampler stage=1 state=7 value=0
sampler stage=1 state=10 value=1
sampler stage=1 state=11 value=0
sampler stage=1 state=8 value=0 bias=0
sampler stage=1 state=9 value=0
texture stage=2 ptr=02158c30 type=3 identity=11 levels=1
texture_desc stage=2 w=2 h=2 format=21
sampler stage=2 state=6 value=1
sampler stage=2 state=5 value=1
sampler stage=2 state=7 value=0
sampler stage=2 state=10 value=1
sampler stage=2 state=11 value=0
sampler stage=2 state=8 value=0 bias=0
sampler stage=2 state=9 value=0
texture stage=3 ptr=02158c90 type=5 identity=12 levels=1
sampler stage=3 state=6 value=1
sampler stage=3 state=5 value=1
sampler stage=3 state=7 value=0
sampler stage=3 state=10 value=1
sampler stage=3 state=11 value=0
sampler stage=3 state=8 value=0 bias=0
sampler stage=3 state=9 value=0
sampler stage=4 state=6 value=1
sampler stage=4 state=5 value=1
sampler stage=4 state=7 value=0
sampler stage=4 state=10 value=1
sampler stage=4 state=11 value=0
sampler stage=4 state=8 value=0 bias=0
sampler stage=4 state=9 value=0
sampler stage=5 state=6 value=1
sampler stage=5 state=5 value=1
sampler stage=5 state=7 value=0
sampler stage=5 state=10 value=1
sampler stage=5 state=11 value=0
sampler stage=5 state=8 value=0 bias=0
sampler stage=5 state=9 value=0
sampler stage=6 state=6 value=1
sampler stage=6 state=5 value=1
sampler stage=6 state=7 value=0
sampler stage=6 state=10 value=1
sampler stage=6 state=11 value=0
sampler stage=6 state=8 value=0 bias=0
sampler stage=6 state=9 value=0
sampler stage=7 state=6 value=1
sampler stage=7 state=5 value=1
sampler stage=7 state=7 value=0
sampler stage=7 state=10 value=1
sampler stage=7 state=11 value=0
sampler stage=7 state=8 value=0 bias=0
sampler stage=7 state=9 value=0
sampler stage=8 state=6 value=1
sampler stage=8 state=5 value=1
sampler stage=8 state=7 value=0
sampler stage=8 state=10 value=1
sampler stage=8 state=11 value=0
sampler stage=8 state=8 value=0 bias=0
sampler stage=8 state=9 value=0
sampler stage=9 state=6 value=1
sampler stage=9 state=5 value=1
sampler stage=9 state=7 value=0
sampler stage=9 state=10 value=1
sampler stage=9 state=11 value=0
sampler stage=9 state=8 value=0 bias=0
sampler stage=9 state=9 value=0
sampler stage=10 state=6 value=1
sampler stage=10 state=5 value=1
sampler stage=10 state=7 value=0
sampler stage=10 state=10 value=1
sampler stage=10 state=11 value=0
sampler stage=10 state=8 value=0 bias=0
sampler stage=10 state=9 value=0
sampler stage=11 state=6 value=1
sampler stage=11 state=5 value=1
sampler stage=11 state=7 value=0
sampler stage=11 state=10 value=1
sampler stage=11 state=11 value=0
sampler stage=11 state=8 value=0 bias=0
sampler stage=11 state=9 value=0
sampler stage=12 state=6 value=1
sampler stage=12 state=5 value=1
sampler stage=12 state=7 value=0
sampler stage=12 state=10 value=1
sampler stage=12 state=11 value=0
sampler stage=12 state=8 value=0 bias=0
sampler stage=12 state=9 value=0
sampler stage=13 state=6 value=1
sampler stage=13 state=5 value=1
sampler stage=13 state=7 value=0
sampler stage=13 state=10 value=1
sampler stage=13 state=11 value=0
sampler stage=13 state=8 value=0 bias=0
sampler stage=13 state=9 value=0
sampler stage=14 state=6 value=1
sampler stage=14 state=5 value=1
sampler stage=14 state=7 value=0
sampler stage=14 state=10 value=1
sampler stage=14 state=11 value=0
sampler stage=14 state=8 value=0 bias=0
sampler stage=14 state=9 value=0
sampler stage=15 state=6 value=1
sampler stage=15 state=5 value=1
sampler stage=15 state=7 value=0
sampler stage=15 state=10 value=1
sampler stage=15 state=11 value=0
sampler stage=15 state=8 value=0 bias=0
sampler stage=15 state=9 value=0
vertex_element stream=0 offset=0 type=16 method=0 usage=0 index=0
vertex_element stream=0 offset=8 type=16 method=0 usage=5 index=0
vertex_element stream=0 offset=16 type=16 method=0 usage=3 index=0
vertex_element stream=255 offset=0 type=17 method=0 usage=0 index=0
transform state=256 row=0 values=1,0,0,0
transform state=256 row=1 values=0,1,0,0
transform state=256 row=2 values=0,0,1,0
transform state=256 row=3 values=0,0,0,1
transform state=2 row=0 values=1,0,0,0
transform state=2 row=1 values=0,1,0,0
transform state=2 row=2 values=0,0,1,0
transform state=2 row=3 values=0,0,0,1
transform state=3 row=0 values=1,0,0,0
transform state=3 row=1 values=0,1,0,0
transform state=3 row=2 values=0,0,1,0
transform state=3 row=3 values=0,0,0,1
constants kind=vs type=f count=256 result=00000000 encoding=sparse_zero
constant kind=vs type=f reg=0 bits=bf800000,3f800000,40400000,00000000
constant kind=vs type=f reg=1 bits=3d23d70a,3ccccccd,3c75c28f,00000000
constant kind=vs type=f reg=2 bits=3f800000,3d4ccccd,00000000,00000000
constant kind=vs type=f reg=3 bits=00000000,3f800000,40400000,00000000
constant kind=vs type=f reg=4 bits=3d23d70a,3ccccccd,3c75c28f,00000000
constant kind=vs type=f reg=5 bits=3f800000,3d4ccccd,00000000,00000000
constant kind=vs type=f reg=6 bits=3f800000,3f800000,40400000,00000000
constant kind=vs type=f reg=7 bits=3d23d70a,3ccccccd,3c75c28f,00000000
constant kind=vs type=f reg=8 bits=3f800000,3d4ccccd,00000000,00000000
constant kind=vs type=f reg=9 bits=bf800000,3f800000,40400000,00000000
constant kind=vs type=f reg=10 bits=3d23d70a,3ccccccd,3c75c28f,00000000
constant kind=vs type=f reg=11 bits=3f800000,3d4ccccd,00000000,00000000
constant kind=vs type=f reg=12 bits=00000000,3f800000,40400000,00000000
constant kind=vs type=f reg=13 bits=3d23d70a,3ccccccd,3c75c28f,00000000
constant kind=vs type=f reg=14 bits=3f800000,3d4ccccd,00000000,00000000
constant kind=vs type=f reg=15 bits=3f800000,3f800000,40400000,00000000
constant kind=vs type=f reg=16 bits=3d23d70a,3ccccccd,3c75c28f,00000000
constant kind=vs type=f reg=17 bits=3f800000,3d4ccccd,00000000,00000000
constant kind=vs type=f reg=18 bits=bf800000,3f800000,40400000,00000000
constant kind=vs type=f reg=19 bits=3d23d70a,3ccccccd,3c75c28f,00000000
constant kind=vs type=f reg=20 bits=3f800000,3d4ccccd,00000000,00000000
constant kind=vs type=f reg=21 bits=00000000,3f800000,40400000,00000000
constant kind=vs type=f reg=22 bits=3d23d70a,3ccccccd,3c75c28f,00000000
constant kind=vs type=f reg=23 bits=3f800000,3d4ccccd,00000000,00000000
constant kind=vs type=f reg=24 bits=3f800000,00000000,00000000,3f400000
constant kind=vs type=f reg=25 bits=00000000,3f800000,00000000,00000000
constant kind=vs type=f reg=26 bits=00000000,00000000,3f800000,00000000
constant kind=vs type=f reg=27 bits=00000000,00000000,00000000,3f800000
constant kind=vs type=f reg=28 bits=3f800000,00000000,00000000,00000000
constant kind=vs type=f reg=29 bits=00000000,3f800000,00000000,00000000
constant kind=vs type=f reg=30 bits=00000000,00000000,3f800000,00000000
constant kind=vs type=f reg=31 bits=3f800000,00000000,00000000,00000000
constant kind=vs type=f reg=32 bits=00000000,3f800000,00000000,00000000
constant kind=vs type=f reg=33 bits=00000000,00000000,3f800000,00000000
constant kind=vs type=f reg=34 bits=3f800000,00000000,00000000,00000000
constant kind=vs type=f reg=35 bits=00000000,3f800000,00000000,00000000
constant kind=vs type=f reg=36 bits=00000000,00000000,3f800000,40800000
constant kind=vs type=f reg=37 bits=3f800000,00000000,00000000,00000000
constant kind=vs type=f reg=38 bits=00000000,3f800000,00000000,00000000
constant kind=vs type=f reg=39 bits=3f200000,00000000,00000000,00000000
constant kind=vs type=f reg=40 bits=3e4ccccd,3dcccccd,3d4ccccd,00000000
constant kind=vs type=f reg=41 bits=3f800000,00000000,00000000,00000000
constant kind=vs type=f reg=252 bits=42c80000,42ca0000,42cc0000,42ce0000
constant kind=vs type=f reg=253 bits=42d00000,42d20000,42d40000,42d60000
constant kind=vs type=f reg=254 bits=42d80000,42da0000,42dc0000,42de0000
constant kind=vs type=f reg=255 bits=42e00000,42e20000,42e40000,42e60000
constants kind=vs type=i count=16 result=00000000 encoding=full
constant kind=vs type=i reg=0 values=1,0,1,0
constant kind=vs type=i reg=1 values=0,0,0,0
constant kind=vs type=i reg=2 values=0,0,0,0
constant kind=vs type=i reg=3 values=0,0,0,0
constant kind=vs type=i reg=4 values=0,0,0,0
constant kind=vs type=i reg=5 values=0,0,0,0
constant kind=vs type=i reg=6 values=0,0,0,0
constant kind=vs type=i reg=7 values=0,0,0,0
constant kind=vs type=i reg=8 values=0,0,0,0
constant kind=vs type=i reg=9 values=0,0,0,0
constant kind=vs type=i reg=10 values=0,0,0,0
constant kind=vs type=i reg=11 values=0,0,0,0
constant kind=vs type=i reg=12 values=0,0,0,0
constant kind=vs type=i reg=13 values=0,0,0,0
constant kind=vs type=i reg=14 values=0,0,0,0
constant kind=vs type=i reg=15 values=0,0,0,0
constants kind=vs type=b count=16 result=00000000 encoding=full
constant kind=vs type=b reg=0 values=0
constant kind=vs type=b reg=1 values=0
constant kind=vs type=b reg=2 values=0
constant kind=vs type=b reg=3 values=0
constant kind=vs type=b reg=4 values=0
constant kind=vs type=b reg=5 values=0
constant kind=vs type=b reg=6 values=0
constant kind=vs type=b reg=7 values=0
constant kind=vs type=b reg=8 values=0
constant kind=vs type=b reg=9 values=0
constant kind=vs type=b reg=10 values=0
constant kind=vs type=b reg=11 values=0
constant kind=vs type=b reg=12 values=0
constant kind=vs type=b reg=13 values=0
constant kind=vs type=b reg=14 values=0
constant kind=vs type=b reg=15 values=0
constants kind=ps type=f count=224 result=00000000 encoding=sparse_zero
constant kind=ps type=f reg=0 bits=3f800000,00000000,00000000,00000000
constant kind=ps type=f reg=1 bits=00000000,3f800000,00000000,00000000
constant kind=ps type=f reg=2 bits=00000000,00000000,3f800000,00000000
constant kind=ps type=f reg=3 bits=3e800000,00000000,00000000,00000000
constant kind=ps type=f reg=4 bits=00000000,00000000,3f800000,00000000
constant kind=ps type=f reg=5 bits=3e99999a,3e4ccccd,3dcccccd,00000000
constant kind=ps type=f reg=6 bits=3f000000,00000000,3f000000,00000000
constant kind=ps type=f reg=7 bits=3dcccccd,3e19999a,3e4ccccd,00000000
constant kind=ps type=f reg=216 bits=43480000,43490000,434a0000,434b0000
constant kind=ps type=f reg=217 bits=434c0000,434d0000,434e0000,434f0000
constants kind=ps type=i count=16 result=00000000 encoding=full
constant kind=ps type=i reg=0 values=0,0,0,0
constant kind=ps type=i reg=1 values=0,0,0,0
constant kind=ps type=i reg=2 values=0,0,0,0
constant kind=ps type=i reg=3 values=0,0,0,0
constant kind=ps type=i reg=4 values=0,0,0,0
constant kind=ps type=i reg=5 values=0,0,0,0
constant kind=ps type=i reg=6 values=0,0,0,0
constant kind=ps type=i reg=7 values=0,0,0,0
constant kind=ps type=i reg=8 values=0,0,0,0
constant kind=ps type=i reg=9 values=0,0,0,0
constant kind=ps type=i reg=10 values=0,0,0,0
constant kind=ps type=i reg=11 values=0,0,0,0
constant kind=ps type=i reg=12 values=0,0,0,0
constant kind=ps type=i reg=13 values=0,0,0,0
constant kind=ps type=i reg=14 values=0,0,0,0
constant kind=ps type=i reg=15 values=0,0,0,0
constants kind=ps type=b count=16 result=00000000 encoding=full
constant kind=ps type=b reg=0 values=0
constant kind=ps type=b reg=1 values=0
constant kind=ps type=b reg=2 values=0
constant kind=ps type=b reg=3 values=0
constant kind=ps type=b reg=4 values=0
constant kind=ps type=b reg=5 values=0
constant kind=ps type=b reg=6 values=0
constant kind=ps type=b reg=7 values=0
constant kind=ps type=b reg=8 values=0
constant kind=ps type=b reg=9 values=0
constant kind=ps type=b reg=10 values=0
constant kind=ps type=b reg=11 values=0
constant kind=ps type=b reg=12 values=0
constant kind=ps type=b reg=13 values=0
constant kind=ps type=b reg=14 values=0
constant kind=ps type=b reg=15 values=0
draw_args start_vertex=0
motion_route device=1 frame=5 index=3 gate=6 routed=1 matched=0 depth=1 jittered=1 vs=53a0a641107ed76c ps=8759c7838bbc86c2 node=00001000 camera=00002000 node_handle=7 camera_handle=9 node_serial=11 camera_serial=21 load_epoch=3 registry_epoch=5 model=00000011 lod=00000002 vb=3 ib=0 declaration=0cdf6a8c884ad955 offset=0 stride=24 position_offset=0 position_type=16 topology=4 first=0 primitives=1 base_vertex=0 min_vertex=0 vertex_count=0 indexed=0 pass=1 rows_hash=712d59ff944d11a8 result=00000000
motion_input device=1 frame=5 index=3 blockers=00000210 proofs=28 position_path=1 vs=53a0a641107ed76c ps=8759c7838bbc86c2 declaration=0cdf6a8c884ad955 rows_hash=712d59ff944d11a8 color=1 depth=2 width=64 height=64 cull=1 vb=3 vb_revision=0 ib=0 ib_revision=0 position_offset=0 position_type=16 lifetime_verified=0 vertex_finite_verified=0
motion_geometry device=1 frame=5 index=3 source_qualified=1 source_hash=53a0a641107ed76c source_words=526 finite_requested=0 finite_state=0 finite_reason=4 finite_status=00000001 finite_generation=0 finite_revision=0 index_required=0 index_requested=0 index_known=0 index_range_verified=0 index_exact=0 index_min=0 index_max=0 index_reason=1 index_status=00000001 index_generation=0 index_revision=0
draw_result device=1 frame=5 index=3 result=00000000
capture_event device=1 frame=5 seq=6 after_draw=3 op=draw_begin result=00000000 qpc=9616817656667
draw device=1 frame=5 index=4 kind=primitive topology=4 primitives=1 vs=53a0a641107ed76c ps=8759c7838bbc86c2
geometry source=buffers
stream slot=0 result=00000000 identity=6 offset=0 stride=24 frequency=1 frequency_result=00000000
vertex_buffer identity=6 bytes=72 usage=0 pool=1 fvf=0
buffer_content kind=vertex identity=6 result=00000000 status=00000001 requested=0 known=0 ambiguous=0 revision=0 pending=0 flags=00000000
stream slot=1 result=00000000 identity=0
stream slot=2 result=00000000 identity=0
stream slot=3 result=00000000 identity=0
stream slot=4 result=00000000 identity=0
stream slot=5 result=00000000 identity=0
stream slot=6 result=00000000 identity=0
stream slot=7 result=00000000 identity=0
stream slot=8 result=00000000 identity=0
stream slot=9 result=00000000 identity=0
stream slot=10 result=00000000 identity=0
stream slot=11 result=00000000 identity=0
stream slot=12 result=00000000 identity=0
stream slot=13 result=00000000 identity=0
stream slot=14 result=00000000 identity=0
stream slot=15 result=00000000 identity=0
indices result=00000000 identity=0
surface role=rt0 ptr=02158cc0 identity=1 width=64 height=64 format=21 usage=1 msaa=0 container=0 container_type=0 container_result=80004002
surface role=depth ptr=02158cf0 identity=2 width=64 height=64 format=77 usage=2 msaa=0 container=0 container_type=0 container_result=80004002
state id=7 value=1
state id=14 value=1
state id=23 value=4
state id=15 value=0
state id=24 value=0
state id=25 value=8
state id=27 value=0
state id=19 value=2
state id=20 value=1
state id=171 value=1
state id=22 value=1
state id=168 value=15
state id=194 value=0
state id=206 value=0
state id=52 value=0
state id=56 value=8
state id=57 value=0
state id=58 value=4294967295
state id=59 value=4294967295
state id=53 value=1
state id=54 value=1
state id=55 value=1
state id=185 value=0
state id=189 value=8
state id=186 value=1
state id=187 value=1
state id=188 value=1
viewport x=0 y=0 w=64 h=64 minz=0 maxz=1
texture stage=0 ptr=02158b70 type=3 identity=9 levels=1
texture_desc stage=0 w=2 h=2 format=21
sampler stage=0 state=6 value=1
sampler stage=0 state=5 value=1
sampler stage=0 state=7 value=0
sampler stage=0 state=10 value=1
sampler stage=0 state=11 value=0
sampler stage=0 state=8 value=0 bias=0
sampler stage=0 state=9 value=0
texture stage=1 ptr=02158bd0 type=3 identity=10 levels=1
texture_desc stage=1 w=2 h=2 format=21
sampler stage=1 state=6 value=1
sampler stage=1 state=5 value=1
sampler stage=1 state=7 value=0
sampler stage=1 state=10 value=1
sampler stage=1 state=11 value=0
sampler stage=1 state=8 value=0 bias=0
sampler stage=1 state=9 value=0
texture stage=2 ptr=02158c30 type=3 identity=11 levels=1
texture_desc stage=2 w=2 h=2 format=21
sampler stage=2 state=6 value=1
sampler stage=2 state=5 value=1
sampler stage=2 state=7 value=0
sampler stage=2 state=10 value=1
sampler stage=2 state=11 value=0
sampler stage=2 state=8 value=0 bias=0
sampler stage=2 state=9 value=0
texture stage=3 ptr=02158c90 type=5 identity=12 levels=1
sampler stage=3 state=6 value=1
sampler stage=3 state=5 value=1
sampler stage=3 state=7 value=0
sampler stage=3 state=10 value=1
sampler stage=3 state=11 value=0
sampler stage=3 state=8 value=0 bias=0
sampler stage=3 state=9 value=0
sampler stage=4 state=6 value=1
sampler stage=4 state=5 value=1
sampler stage=4 state=7 value=0
sampler stage=4 state=10 value=1
sampler stage=4 state=11 value=0
sampler stage=4 state=8 value=0 bias=0
sampler stage=4 state=9 value=0
sampler stage=5 state=6 value=1
sampler stage=5 state=5 value=1
sampler stage=5 state=7 value=0
sampler stage=5 state=10 value=1
sampler stage=5 state=11 value=0
sampler stage=5 state=8 value=0 bias=0
sampler stage=5 state=9 value=0
sampler stage=6 state=6 value=1
sampler stage=6 state=5 value=1
sampler stage=6 state=7 value=0
sampler stage=6 state=10 value=1
sampler stage=6 state=11 value=0
sampler stage=6 state=8 value=0 bias=0
sampler stage=6 state=9 value=0
sampler stage=7 state=6 value=1
sampler stage=7 state=5 value=1
sampler stage=7 state=7 value=0
sampler stage=7 state=10 value=1
sampler stage=7 state=11 value=0
sampler stage=7 state=8 value=0 bias=0
sampler stage=7 state=9 value=0
sampler stage=8 state=6 value=1
sampler stage=8 state=5 value=1
sampler stage=8 state=7 value=0
sampler stage=8 state=10 value=1
sampler stage=8 state=11 value=0
sampler stage=8 state=8 value=0 bias=0
sampler stage=8 state=9 value=0
sampler stage=9 state=6 value=1
sampler stage=9 state=5 value=1
sampler stage=9 state=7 value=0
sampler stage=9 state=10 value=1
sampler stage=9 state=11 value=0
sampler stage=9 state=8 value=0 bias=0
sampler stage=9 state=9 value=0
sampler stage=10 state=6 value=1
sampler stage=10 state=5 value=1
sampler stage=10 state=7 value=0
sampler stage=10 state=10 value=1
sampler stage=10 state=11 value=0
sampler stage=10 state=8 value=0 bias=0
sampler stage=10 state=9 value=0
sampler stage=11 state=6 value=1
sampler stage=11 state=5 value=1
sampler stage=11 state=7 value=0
sampler stage=11 state=10 value=1
sampler stage=11 state=11 value=0
sampler stage=11 state=8 value=0 bias=0
sampler stage=11 state=9 value=0
sampler stage=12 state=6 value=1
sampler stage=12 state=5 value=1
sampler stage=12 state=7 value=0
sampler stage=12 state=10 value=1
sampler stage=12 state=11 value=0
sampler stage=12 state=8 value=0 bias=0
sampler stage=12 state=9 value=0
sampler stage=13 state=6 value=1
sampler stage=13 state=5 value=1
sampler stage=13 state=7 value=0
sampler stage=13 state=10 value=1
sampler stage=13 state=11 value=0
sampler stage=13 state=8 value=0 bias=0
sampler stage=13 state=9 value=0
sampler stage=14 state=6 value=1
sampler stage=14 state=5 value=1
sampler stage=14 state=7 value=0
sampler stage=14 state=10 value=1
sampler stage=14 state=11 value=0
sampler stage=14 state=8 value=0 bias=0
sampler stage=14 state=9 value=0
sampler stage=15 state=6 value=1
sampler stage=15 state=5 value=1
sampler stage=15 state=7 value=0
sampler stage=15 state=10 value=1
sampler stage=15 state=11 value=0
sampler stage=15 state=8 value=0 bias=0
sampler stage=15 state=9 value=0
vertex_element stream=0 offset=0 type=16 method=0 usage=0 index=0
vertex_element stream=0 offset=8 type=16 method=0 usage=5 index=0
vertex_element stream=0 offset=16 type=16 method=0 usage=3 index=0
vertex_element stream=255 offset=0 type=17 method=0 usage=0 index=0
transform state=256 row=0 values=1,0,0,0
transform state=256 row=1 values=0,1,0,0
transform state=256 row=2 values=0,0,1,0
transform state=256 row=3 values=0,0,0,1
transform state=2 row=0 values=1,0,0,0
transform state=2 row=1 values=0,1,0,0
transform state=2 row=2 values=0,0,1,0
transform state=2 row=3 values=0,0,0,1
transform state=3 row=0 values=1,0,0,0
transform state=3 row=1 values=0,1,0,0
transform state=3 row=2 values=0,0,1,0
transform state=3 row=3 values=0,0,0,1
constants kind=vs type=f count=256 result=00000000 encoding=sparse_zero
constant kind=vs type=f reg=0 bits=bf800000,3f800000,40400000,00000000
constant kind=vs type=f reg=1 bits=3d23d70a,3ccccccd,3c75c28f,00000000
constant kind=vs type=f reg=2 bits=3f800000,3d4ccccd,00000000,00000000
constant kind=vs type=f reg=3 bits=00000000,3f800000,40400000,00000000
constant kind=vs type=f reg=4 bits=3d23d70a,3ccccccd,3c75c28f,00000000
constant kind=vs type=f reg=5 bits=3f800000,3d4ccccd,00000000,00000000
constant kind=vs type=f reg=6 bits=3f800000,3f800000,40400000,00000000
constant kind=vs type=f reg=7 bits=3d23d70a,3ccccccd,3c75c28f,00000000
constant kind=vs type=f reg=8 bits=3f800000,3d4ccccd,00000000,00000000
constant kind=vs type=f reg=9 bits=bf800000,3f800000,40400000,00000000
constant kind=vs type=f reg=10 bits=3d23d70a,3ccccccd,3c75c28f,00000000
constant kind=vs type=f reg=11 bits=3f800000,3d4ccccd,00000000,00000000
constant kind=vs type=f reg=12 bits=00000000,3f800000,40400000,00000000
constant kind=vs type=f reg=13 bits=3d23d70a,3ccccccd,3c75c28f,00000000
constant kind=vs type=f reg=14 bits=3f800000,3d4ccccd,00000000,00000000
constant kind=vs type=f reg=15 bits=3f800000,3f800000,40400000,00000000
constant kind=vs type=f reg=16 bits=3d23d70a,3ccccccd,3c75c28f,00000000
constant kind=vs type=f reg=17 bits=3f800000,3d4ccccd,00000000,00000000
constant kind=vs type=f reg=18 bits=bf800000,3f800000,40400000,00000000
constant kind=vs type=f reg=19 bits=3d23d70a,3ccccccd,3c75c28f,00000000
constant kind=vs type=f reg=20 bits=3f800000,3d4ccccd,00000000,00000000
constant kind=vs type=f reg=21 bits=00000000,3f800000,40400000,00000000
constant kind=vs type=f reg=22 bits=3d23d70a,3ccccccd,3c75c28f,00000000
constant kind=vs type=f reg=23 bits=3f800000,3d4ccccd,00000000,00000000
constant kind=vs type=f reg=24 bits=3f800000,00000000,00000000,00000000
constant kind=vs type=f reg=25 bits=00000000,3f800000,00000000,00000000
constant kind=vs type=f reg=26 bits=00000000,00000000,3f800000,00000000
constant kind=vs type=f reg=27 bits=00000000,00000000,00000000,3f800000
constant kind=vs type=f reg=28 bits=3f800000,00000000,00000000,00000000
constant kind=vs type=f reg=29 bits=00000000,3f800000,00000000,00000000
constant kind=vs type=f reg=30 bits=00000000,00000000,3f800000,00000000
constant kind=vs type=f reg=31 bits=3f800000,00000000,00000000,00000000
constant kind=vs type=f reg=32 bits=00000000,3f800000,00000000,00000000
constant kind=vs type=f reg=33 bits=00000000,00000000,3f800000,00000000
constant kind=vs type=f reg=34 bits=3f800000,00000000,00000000,00000000
constant kind=vs type=f reg=35 bits=00000000,3f800000,00000000,00000000
constant kind=vs type=f reg=36 bits=00000000,00000000,3f800000,40800000
constant kind=vs type=f reg=37 bits=3f800000,00000000,00000000,00000000
constant kind=vs type=f reg=38 bits=00000000,3f800000,00000000,00000000
constant kind=vs type=f reg=39 bits=3f200000,00000000,00000000,00000000
constant kind=vs type=f reg=40 bits=3e4ccccd,3dcccccd,3d4ccccd,00000000
constant kind=vs type=f reg=41 bits=3f800000,00000000,00000000,00000000
constant kind=vs type=f reg=252 bits=42c80000,42ca0000,42cc0000,42ce0000
constant kind=vs type=f reg=253 bits=42d00000,42d20000,42d40000,42d60000
constant kind=vs type=f reg=254 bits=42d80000,42da0000,42dc0000,42de0000
constant kind=vs type=f reg=255 bits=42e00000,42e20000,42e40000,42e60000
constants kind=vs type=i count=16 result=00000000 encoding=full
constant kind=vs type=i reg=0 values=1,0,1,0
constant kind=vs type=i reg=1 values=0,0,0,0
constant kind=vs type=i reg=2 values=0,0,0,0
constant kind=vs type=i reg=3 values=0,0,0,0
constant kind=vs type=i reg=4 values=0,0,0,0
constant kind=vs type=i reg=5 values=0,0,0,0
constant kind=vs type=i reg=6 values=0,0,0,0
constant kind=vs type=i reg=7 values=0,0,0,0
constant kind=vs type=i reg=8 values=0,0,0,0
constant kind=vs type=i reg=9 values=0,0,0,0
constant kind=vs type=i reg=10 values=0,0,0,0
constant kind=vs type=i reg=11 values=0,0,0,0
constant kind=vs type=i reg=12 values=0,0,0,0
constant kind=vs type=i reg=13 values=0,0,0,0
constant kind=vs type=i reg=14 values=0,0,0,0
constant kind=vs type=i reg=15 values=0,0,0,0
constants kind=vs type=b count=16 result=00000000 encoding=full
constant kind=vs type=b reg=0 values=0
constant kind=vs type=b reg=1 values=0
constant kind=vs type=b reg=2 values=0
constant kind=vs type=b reg=3 values=0
constant kind=vs type=b reg=4 values=0
constant kind=vs type=b reg=5 values=0
constant kind=vs type=b reg=6 values=0
constant kind=vs type=b reg=7 values=0
constant kind=vs type=b reg=8 values=0
constant kind=vs type=b reg=9 values=0
constant kind=vs type=b reg=10 values=0
constant kind=vs type=b reg=11 values=0
constant kind=vs type=b reg=12 values=0
constant kind=vs type=b reg=13 values=0
constant kind=vs type=b reg=14 values=0
constant kind=vs type=b reg=15 values=0
constants kind=ps type=f count=224 result=00000000 encoding=sparse_zero
constant kind=ps type=f reg=0 bits=3f800000,00000000,00000000,00000000
constant kind=ps type=f reg=1 bits=00000000,3f800000,00000000,00000000
constant kind=ps type=f reg=2 bits=00000000,00000000,3f800000,00000000
constant kind=ps type=f reg=3 bits=3e800000,00000000,00000000,00000000
constant kind=ps type=f reg=4 bits=00000000,00000000,3f800000,00000000
constant kind=ps type=f reg=5 bits=3e99999a,3e4ccccd,3dcccccd,00000000
constant kind=ps type=f reg=6 bits=3f000000,00000000,3f000000,00000000
constant kind=ps type=f reg=7 bits=3dcccccd,3e19999a,3e4ccccd,00000000
constant kind=ps type=f reg=216 bits=43480000,43490000,434a0000,434b0000
constant kind=ps type=f reg=217 bits=434c0000,434d0000,434e0000,434f0000
constants kind=ps type=i count=16 result=00000000 encoding=full
constant kind=ps type=i reg=0 values=0,0,0,0
constant kind=ps type=i reg=1 values=0,0,0,0
constant kind=ps type=i reg=2 values=0,0,0,0
constant kind=ps type=i reg=3 values=0,0,0,0
constant kind=ps type=i reg=4 values=0,0,0,0
constant kind=ps type=i reg=5 values=0,0,0,0
constant kind=ps type=i reg=6 values=0,0,0,0
constant kind=ps type=i reg=7 values=0,0,0,0
constant kind=ps type=i reg=8 values=0,0,0,0
constant kind=ps type=i reg=9 values=0,0,0,0
constant kind=ps type=i reg=10 values=0,0,0,0
constant kind=ps type=i reg=11 values=0,0,0,0
constant kind=ps type=i reg=12 values=0,0,0,0
constant kind=ps type=i reg=13 values=0,0,0,0
constant kind=ps type=i reg=14 values=0,0,0,0
constant kind=ps type=i reg=15 values=0,0,0,0
constants kind=ps type=b count=16 result=00000000 encoding=full
constant kind=ps type=b reg=0 values=0
constant kind=ps type=b reg=1 values=0
constant kind=ps type=b reg=2 values=0
constant kind=ps type=b reg=3 values=0
constant kind=ps type=b reg=4 values=0
constant kind=ps type=b reg=5 values=0
constant kind=ps type=b reg=6 values=0
constant kind=ps type=b reg=7 values=0
constant kind=ps type=b reg=8 values=0
constant kind=ps type=b reg=9 values=0
constant kind=ps type=b reg=10 values=0
constant kind=ps type=b reg=11 values=0
constant kind=ps type=b reg=12 values=0
constant kind=ps type=b reg=13 values=0
constant kind=ps type=b reg=14 values=0
constant kind=ps type=b reg=15 values=0
draw_args start_vertex=0
motion_route device=1 frame=5 index=4 gate=0 routed=1 matched=1 depth=1 jittered=1 vs=53a0a641107ed76c ps=8759c7838bbc86c2 node=00001100 camera=00002000 node_handle=8 camera_handle=9 node_serial=12 camera_serial=21 load_epoch=3 registry_epoch=5 model=00000012 lod=00000002 vb=6 ib=0 declaration=0cdf6a8c884ad955 offset=0 stride=24 position_offset=0 position_type=16 topology=4 first=0 primitives=1 base_vertex=0 min_vertex=0 vertex_count=0 indexed=0 pass=1 rows_hash=1b0c97ae01a7ec05 result=00000000
motion_input device=1 frame=5 index=4 blockers=00000210 proofs=28 position_path=1 vs=53a0a641107ed76c ps=8759c7838bbc86c2 declaration=0cdf6a8c884ad955 rows_hash=1b0c97ae01a7ec05 color=1 depth=2 width=64 height=64 cull=1 vb=6 vb_revision=0 ib=0 ib_revision=0 position_offset=0 position_type=16 lifetime_verified=0 vertex_finite_verified=0
motion_geometry device=1 frame=5 index=4 source_qualified=1 source_hash=53a0a641107ed76c source_words=526 finite_requested=0 finite_state=0 finite_reason=4 finite_status=00000001 finite_generation=0 finite_revision=0 index_required=0 index_requested=0 index_known=0 index_range_verified=0 index_exact=0 index_min=0 index_max=0 index_reason=1 index_status=00000001 index_generation=0 index_revision=0
draw_result device=1 frame=5 index=4 result=00000000
motion_output_cut device=1 frame=5 samples=2 median_px=1.6000 keyed=3 missing=1 missing_fraction=0.3333 bound_px=2.400 bound_missing=0.250 cut=1
capture_event device=1 frame=5 seq=7 after_draw=4 op=set_depth result=00000000 qpc=9616817668761
set_depth ptr=00000000 result=00000000
surface role=depth_binding ptr=0 identity=0
hdr_readback device=1 frame=5 file=hdr_1_5.rgba16f width=64 height=64 format=rgba16f_row_major result=00000000 bytes=32768
motion_output_color_readback device=1 frame=5 file=color_1_5.bgra8 width=64 height=64 format=bgra8_row_major result=00000000 bytes=16384
motion_output_taa_readback device=1 frame=5 file=taa_1_5.rgba16f width=64 height=64 format=rgba16f_row_major result=00000000 bytes=32768
capture_event device=1 frame=5 seq=8 after_draw=4 op=stretch_rect result=00000000 qpc=9616817709286
stretch_rect source=02158cc0 dest=02158d50 filter=0 source_rect_null=1 dest_rect_null=1
surface role=stretch_source ptr=02158cc0 identity=1 width=64 height=64 format=21 usage=1 msaa=0 container=0 container_type=0 container_result=80004002
surface role=stretch_dest ptr=02158d50 identity=7 width=64 height=64 format=21 usage=1 msaa=0 container=8 container_type=3 container_result=00000000
capture_event device=1 frame=5 seq=9 after_draw=4 op=set_depth result=00000000 qpc=9616817761642
set_depth ptr=02158cf0 result=00000000
surface role=depth_binding ptr=02158cf0 identity=2 width=64 height=64 format=77 usage=2 msaa=0 container=0 container_type=0 container_result=80004002
motion_output_readback device=1 frame=5 file=motion_1_5.rgba32f width=64 height=64 format=rgba32f_row_major result=00000000 bytes=65536
motion_output_depth_readback device=1 frame=5 file=depth_1_5.r32f width=64 height=64 format=r32f_row_major result=00000000 bytes=16384
motion_output_frame device=1 frame=5 latched=1 filled=1 fill_result=00000000 fill_restore=00000000 draws=4 routed=3 matched=2 gate1=0 gate2=1 gate3=0 gate4=0 gate5=0 gate6=1 apply_failures=0 restore_failures=0 history_previous=3 history_current=0 committed=1 selector_state=9 present=00000000 depth=1 depth_routed=3 jitter=1 jitter_index=5 jitter_x=-0.125000 jitter_y=-0.277778 jitter_previous_x=0.125000 jitter_previous_y=0.277778 jittered=3 cut=1 cut_median_px=1.6000 cut_missing=0.3333 cut_samples=2 taa=1 taa_attempted=1 taa_resolved=1 taa_history=0 taa_skip=0 taa_result=00000000 taa_restore=00000000 taa_copy=00000001 taa_hdr=1 taa_k=1.00000 taa_sharpen=0 scene_open=0 active_queries=0 taa_references=10 camera_valid=0 camera_background_valid=0 camera_reads=0 camera_policy=1 camera_reason=2 camera_cut=0 camera_rotation_deg=0.0000 rt_mode=perdraw timing=cpu_qpc set_rt=12 lazy_flushes=0 jitter_writes=6 readbacks=5 gate_us=27.8 route_draw_us=29.8 set_rt_us=14.4 lazy_flush_us=0.0 jitter_us=2.5 fill_us=100.8 taa_run_us=369.5 taa_capture_us=8.2 taa_copy_color_us=0.3 taa_copy_depth_us=5.2 taa_draw_us=305.9 taa_apply_us=39.5 taa_copy_back_us=0.0 readback_us=4259.0 state_shadow=1 rs_queries=26 rs_hits=26 rs_gets=14 rs_resyncs=0 sb_resyncs=0 scene_hook=0 scene_end_source=stretchrect scene_end_check=3 hook_signals=0 hook_outside_scene=0 hook_state=0 draws_after_hook=0 bloom_copy_seen=1 mip_bias=0 mip_bias_sets=0 mip_bias_restores=0 mip_bias_draws=0 mip_bias_stages=0000 mip_bias_reads=0 mip_bias_game_writes=0 mip_bias_game_writes_total=0 mip_bias_failures=0 mip_bias_biased_now=0000
camera_state device=1 frame=5 status=executable_mismatch reads=0 valid=0 read_failure=0 failure=0 projection=00000000 view=00000000 p00=0 p11=0 p20=0 p21=0 r00=0 r01=0 r02=0 r10=0 r11=0 r12=0 r20=0 r21=0 r22=0 t=0,0,0 background_valid=0 background_p00=0 background_p11=0 background_rotation_deg=0.0000 history_view_valid=0 history_view_frame=5 rotation_deg=0.0000 policy=1 reason=2 camera_cut=0 mode=0 cut_deg=20.00
hdr_frame device=1 frame=5 hdr=1 redirected=1 end=bloom_copy writebacks=2 flushes=1 writeback_source=shader unwind=0 unwind_reason=none unwind_draw=00000001 unwind_restore=00000001 unwind_stretch=00000001 unwind_bind=00000001 blocked=0 recheck=none suspended=0 resumed=0 dirty_at_present=0 refused_msaa=0 target_create=00000000 latch_bind=00000000 target=64x64 target_bytes=32768 caps=ok stretch_conversion=00000000 timing=cpu_qpc redirect_us=9.3 writeback_us=208.4 writeback_draw_us=206.0 writeback_stretch_us=0.0 bind_us=0.0 recheck_us=0.0 tonemap=agx tonemapped=1 look=none decode=gamma2.2 clamp=0 exposure=manual ev=0.00000 ev_adapted=0.00000 ev_target=0.00000 avg_log_l=0.00000 luma_mean=1 dt_ms=0.000 stepped=0 steps=0 meter=00000001 readback=00000001 tonemap_draw=00000000 fallback=0 meter_us=0.0 readback_us=0.0 k=1.00000 chain_bytes=0 sharpen=off sharpened=0 sharpen_fallback=0
frame_end device=1 frame=5 draws=4 capture=1 present=00000000 elapsed_ms=1255 dt_ms=15 qpc=9616817776486
ownership_copy_depth phase=present device=1 frame=5 result=00000000 status=00000001 requested=0 available=0 source_bound=0 copy_valid=0 generation=0 source_epoch=0 copy_epoch=0 source_width=0 source_height=0 source_format=0 source_type=0 source_usage=0 source_pool=0 source_msaa=0 source_quality=0
frame_begin device=1 frame=6
capture_event device=1 frame=6 seq=1 after_draw=0 op=clear result=00000000 qpc=9616817777210
clear flags=3 color=ff203040 z=1 stencil=0 rect_count=0 rect_ptr=00000000
surface role=clear_rt0 ptr=02158cc0 identity=1 width=64 height=64 format=21 usage=1 msaa=0 container=0 container_type=0 container_result=80004002
surface role=clear_depth ptr=02158cf0 identity=2 width=64 height=64 format=77 usage=2 msaa=0 container=0 container_type=0 container_result=80004002
clear_viewport result=00000000 x=0 y=0 w=64 h=64 minz=0 maxz=1
capture_event device=1 frame=6 seq=2 after_draw=0 op=draw_begin result=00000000 qpc=9616817778476
draw device=1 frame=6 index=1 kind=primitive topology=4 primitives=1 vs=53a0a641107ed76c ps=98731d5594e36226
geometry source=buffers
stream slot=0 result=00000000 identity=3 offset=0 stride=24 frequency=1 frequency_result=00000000
vertex_buffer identity=3 bytes=72 usage=0 pool=1 fvf=0
buffer_content kind=vertex identity=3 result=00000000 status=00000001 requested=0 known=0 ambiguous=0 revision=0 pending=0 flags=00000000
stream slot=1 result=00000000 identity=0
stream slot=2 result=00000000 identity=0
stream slot=3 result=00000000 identity=0
stream slot=4 result=00000000 identity=0
stream slot=5 result=00000000 identity=0
stream slot=6 result=00000000 identity=0
stream slot=7 result=00000000 identity=0
stream slot=8 result=00000000 identity=0
stream slot=9 result=00000000 identity=0
stream slot=10 result=00000000 identity=0
stream slot=11 result=00000000 identity=0
stream slot=12 result=00000000 identity=0
stream slot=13 result=00000000 identity=0
stream slot=14 result=00000000 identity=0
stream slot=15 result=00000000 identity=0
indices result=00000000 identity=0
surface role=rt0 ptr=02158cc0 identity=1 width=64 height=64 format=21 usage=1 msaa=0 container=0 container_type=0 container_result=80004002
surface role=depth ptr=02158cf0 identity=2 width=64 height=64 format=77 usage=2 msaa=0 container=0 container_type=0 container_result=80004002
state id=7 value=0
state id=14 value=0
state id=23 value=4
state id=15 value=1
state id=24 value=0
state id=25 value=8
state id=27 value=1
state id=19 value=2
state id=20 value=1
state id=171 value=1
state id=22 value=2
state id=168 value=7
state id=194 value=0
state id=206 value=0
state id=52 value=1
state id=56 value=8
state id=57 value=0
state id=58 value=4294967295
state id=59 value=4294967295
state id=53 value=1
state id=54 value=1
state id=55 value=1
state id=185 value=0
state id=189 value=8
state id=186 value=1
state id=187 value=1
state id=188 value=1
viewport x=0 y=0 w=64 h=64 minz=0 maxz=1
texture stage=0 ptr=02158b70 type=3 identity=9 levels=1
texture_desc stage=0 w=2 h=2 format=21
sampler stage=0 state=6 value=1
sampler stage=0 state=5 value=1
sampler stage=0 state=7 value=0
sampler stage=0 state=10 value=1
sampler stage=0 state=11 value=0
sampler stage=0 state=8 value=0 bias=0
sampler stage=0 state=9 value=0
texture stage=1 ptr=02158bd0 type=3 identity=10 levels=1
texture_desc stage=1 w=2 h=2 format=21
sampler stage=1 state=6 value=1
sampler stage=1 state=5 value=1
sampler stage=1 state=7 value=0
sampler stage=1 state=10 value=1
sampler stage=1 state=11 value=0
sampler stage=1 state=8 value=0 bias=0
sampler stage=1 state=9 value=0
texture stage=2 ptr=02158c30 type=3 identity=11 levels=1
texture_desc stage=2 w=2 h=2 format=21
sampler stage=2 state=6 value=1
sampler stage=2 state=5 value=1
sampler stage=2 state=7 value=0
sampler stage=2 state=10 value=1
sampler stage=2 state=11 value=0
sampler stage=2 state=8 value=0 bias=0
sampler stage=2 state=9 value=0
texture stage=3 ptr=02158c90 type=5 identity=12 levels=1
sampler stage=3 state=6 value=1
sampler stage=3 state=5 value=1
sampler stage=3 state=7 value=0
sampler stage=3 state=10 value=1
sampler stage=3 state=11 value=0
sampler stage=3 state=8 value=0 bias=0
sampler stage=3 state=9 value=0
sampler stage=4 state=6 value=1
sampler stage=4 state=5 value=1
sampler stage=4 state=7 value=0
sampler stage=4 state=10 value=1
sampler stage=4 state=11 value=0
sampler stage=4 state=8 value=0 bias=0
sampler stage=4 state=9 value=0
sampler stage=5 state=6 value=1
sampler stage=5 state=5 value=1
sampler stage=5 state=7 value=0
sampler stage=5 state=10 value=1
sampler stage=5 state=11 value=0
sampler stage=5 state=8 value=0 bias=0
sampler stage=5 state=9 value=0
sampler stage=6 state=6 value=1
sampler stage=6 state=5 value=1
sampler stage=6 state=7 value=0
sampler stage=6 state=10 value=1
sampler stage=6 state=11 value=0
sampler stage=6 state=8 value=0 bias=0
sampler stage=6 state=9 value=0
sampler stage=7 state=6 value=1
sampler stage=7 state=5 value=1
sampler stage=7 state=7 value=0
sampler stage=7 state=10 value=1
sampler stage=7 state=11 value=0
sampler stage=7 state=8 value=0 bias=0
sampler stage=7 state=9 value=0
sampler stage=8 state=6 value=1
sampler stage=8 state=5 value=1
sampler stage=8 state=7 value=0
sampler stage=8 state=10 value=1
sampler stage=8 state=11 value=0
sampler stage=8 state=8 value=0 bias=0
sampler stage=8 state=9 value=0
sampler stage=9 state=6 value=1
sampler stage=9 state=5 value=1
sampler stage=9 state=7 value=0
sampler stage=9 state=10 value=1
sampler stage=9 state=11 value=0
sampler stage=9 state=8 value=0 bias=0
sampler stage=9 state=9 value=0
sampler stage=10 state=6 value=1
sampler stage=10 state=5 value=1
sampler stage=10 state=7 value=0
sampler stage=10 state=10 value=1
sampler stage=10 state=11 value=0
sampler stage=10 state=8 value=0 bias=0
sampler stage=10 state=9 value=0
sampler stage=11 state=6 value=1
sampler stage=11 state=5 value=1
sampler stage=11 state=7 value=0
sampler stage=11 state=10 value=1
sampler stage=11 state=11 value=0
sampler stage=11 state=8 value=0 bias=0
sampler stage=11 state=9 value=0
sampler stage=12 state=6 value=1
sampler stage=12 state=5 value=1
sampler stage=12 state=7 value=0
sampler stage=12 state=10 value=1
sampler stage=12 state=11 value=0
sampler stage=12 state=8 value=0 bias=0
sampler stage=12 state=9 value=0
sampler stage=13 state=6 value=1
sampler stage=13 state=5 value=1
sampler stage=13 state=7 value=0
sampler stage=13 state=10 value=1
sampler stage=13 state=11 value=0
sampler stage=13 state=8 value=0 bias=0
sampler stage=13 state=9 value=0
sampler stage=14 state=6 value=1
sampler stage=14 state=5 value=1
sampler stage=14 state=7 value=0
sampler stage=14 state=10 value=1
sampler stage=14 state=11 value=0
sampler stage=14 state=8 value=0 bias=0
sampler stage=14 state=9 value=0
sampler stage=15 state=6 value=1
sampler stage=15 state=5 value=1
sampler stage=15 state=7 value=0
sampler stage=15 state=10 value=1
sampler stage=15 state=11 value=0
sampler stage=15 state=8 value=0 bias=0
sampler stage=15 state=9 value=0
vertex_element stream=0 offset=0 type=16 method=0 usage=0 index=0
vertex_element stream=0 offset=8 type=16 method=0 usage=5 index=0
vertex_element stream=0 offset=16 type=16 method=0 usage=3 index=0
vertex_element stream=255 offset=0 type=17 method=0 usage=0 index=0
transform state=256 row=0 values=1,0,0,0
transform state=256 row=1 values=0,1,0,0
transform state=256 row=2 values=0,0,1,0
transform state=256 row=3 values=0,0,0,1
transform state=2 row=0 values=1,0,0,0
transform state=2 row=1 values=0,1,0,0
transform state=2 row=2 values=0,0,1,0
transform state=2 row=3 values=0,0,0,1
transform state=3 row=0 values=1,0,0,0
transform state=3 row=1 values=0,1,0,0
transform state=3 row=2 values=0,0,1,0
transform state=3 row=3 values=0,0,0,1
constants kind=vs type=f count=256 result=00000000 encoding=sparse_zero
constant kind=vs type=f reg=0 bits=bf800000,3f800000,40400000,00000000
constant kind=vs type=f reg=1 bits=3d23d70a,3ccccccd,3c75c28f,00000000
constant kind=vs type=f reg=2 bits=3f800000,3d4ccccd,00000000,00000000
constant kind=vs type=f reg=3 bits=00000000,3f800000,40400000,00000000
constant kind=vs type=f reg=4 bits=3d23d70a,3ccccccd,3c75c28f,00000000
constant kind=vs type=f reg=5 bits=3f800000,3d4ccccd,00000000,00000000
constant kind=vs type=f reg=6 bits=3f800000,3f800000,40400000,00000000
constant kind=vs type=f reg=7 bits=3d23d70a,3ccccccd,3c75c28f,00000000
constant kind=vs type=f reg=8 bits=3f800000,3d4ccccd,00000000,00000000
constant kind=vs type=f reg=9 bits=bf800000,3f800000,40400000,00000000
constant kind=vs type=f reg=10 bits=3d23d70a,3ccccccd,3c75c28f,00000000
constant kind=vs type=f reg=11 bits=3f800000,3d4ccccd,00000000,00000000
constant kind=vs type=f reg=12 bits=00000000,3f800000,40400000,00000000
constant kind=vs type=f reg=13 bits=3d23d70a,3ccccccd,3c75c28f,00000000
constant kind=vs type=f reg=14 bits=3f800000,3d4ccccd,00000000,00000000
constant kind=vs type=f reg=15 bits=3f800000,3f800000,40400000,00000000
constant kind=vs type=f reg=16 bits=3d23d70a,3ccccccd,3c75c28f,00000000
constant kind=vs type=f reg=17 bits=3f800000,3d4ccccd,00000000,00000000
constant kind=vs type=f reg=18 bits=bf800000,3f800000,40400000,00000000
constant kind=vs type=f reg=19 bits=3d23d70a,3ccccccd,3c75c28f,00000000
constant kind=vs type=f reg=20 bits=3f800000,3d4ccccd,00000000,00000000
constant kind=vs type=f reg=21 bits=00000000,3f800000,40400000,00000000
constant kind=vs type=f reg=22 bits=3d23d70a,3ccccccd,3c75c28f,00000000
constant kind=vs type=f reg=23 bits=3f800000,3d4ccccd,00000000,00000000
constant kind=vs type=f reg=24 bits=3f800000,00000000,00000000,00000000
constant kind=vs type=f reg=25 bits=00000000,3f800000,00000000,00000000
constant kind=vs type=f reg=26 bits=00000000,00000000,3f800000,00000000
constant kind=vs type=f reg=27 bits=00000000,00000000,00000000,3f800000
constant kind=vs type=f reg=28 bits=3f800000,00000000,00000000,00000000
constant kind=vs type=f reg=29 bits=00000000,3f800000,00000000,00000000
constant kind=vs type=f reg=30 bits=00000000,00000000,3f800000,00000000
constant kind=vs type=f reg=31 bits=3f800000,00000000,00000000,00000000
constant kind=vs type=f reg=32 bits=00000000,3f800000,00000000,00000000
constant kind=vs type=f reg=33 bits=00000000,00000000,3f800000,00000000
constant kind=vs type=f reg=34 bits=3f800000,00000000,00000000,00000000
constant kind=vs type=f reg=35 bits=00000000,3f800000,00000000,00000000
constant kind=vs type=f reg=36 bits=00000000,00000000,3f800000,40800000
constant kind=vs type=f reg=37 bits=3f800000,00000000,00000000,00000000
constant kind=vs type=f reg=38 bits=00000000,3f800000,00000000,00000000
constant kind=vs type=f reg=39 bits=3f200000,00000000,00000000,00000000
constant kind=vs type=f reg=40 bits=3e4ccccd,3dcccccd,3d4ccccd,00000000
constant kind=vs type=f reg=41 bits=3f800000,00000000,00000000,00000000
constant kind=vs type=f reg=252 bits=42c80000,42ca0000,42cc0000,42ce0000
constant kind=vs type=f reg=253 bits=42d00000,42d20000,42d40000,42d60000
constant kind=vs type=f reg=254 bits=42d80000,42da0000,42dc0000,42de0000
constant kind=vs type=f reg=255 bits=42e00000,42e20000,42e40000,42e60000
constants kind=vs type=i count=16 result=00000000 encoding=full
constant kind=vs type=i reg=0 values=1,0,1,0
constant kind=vs type=i reg=1 values=0,0,0,0
constant kind=vs type=i reg=2 values=0,0,0,0
constant kind=vs type=i reg=3 values=0,0,0,0
constant kind=vs type=i reg=4 values=0,0,0,0
constant kind=vs type=i reg=5 values=0,0,0,0
constant kind=vs type=i reg=6 values=0,0,0,0
constant kind=vs type=i reg=7 values=0,0,0,0
constant kind=vs type=i reg=8 values=0,0,0,0
constant kind=vs type=i reg=9 values=0,0,0,0
constant kind=vs type=i reg=10 values=0,0,0,0
constant kind=vs type=i reg=11 values=0,0,0,0
constant kind=vs type=i reg=12 values=0,0,0,0
constant kind=vs type=i reg=13 values=0,0,0,0
constant kind=vs type=i reg=14 values=0,0,0,0
constant kind=vs type=i reg=15 values=0,0,0,0
constants kind=vs type=b count=16 result=00000000 encoding=full
constant kind=vs type=b reg=0 values=0
constant kind=vs type=b reg=1 values=0
constant kind=vs type=b reg=2 values=0
constant kind=vs type=b reg=3 values=0
constant kind=vs type=b reg=4 values=0
constant kind=vs type=b reg=5 values=0
constant kind=vs type=b reg=6 values=0
constant kind=vs type=b reg=7 values=0
constant kind=vs type=b reg=8 values=0
constant kind=vs type=b reg=9 values=0
constant kind=vs type=b reg=10 values=0
constant kind=vs type=b reg=11 values=0
constant kind=vs type=b reg=12 values=0
constant kind=vs type=b reg=13 values=0
constant kind=vs type=b reg=14 values=0
constant kind=vs type=b reg=15 values=0
constants kind=ps type=f count=224 result=00000000 encoding=sparse_zero
constant kind=ps type=f reg=0 bits=3f800000,00000000,00000000,00000000
constant kind=ps type=f reg=1 bits=00000000,3f800000,00000000,00000000
constant kind=ps type=f reg=2 bits=00000000,00000000,3f800000,00000000
constant kind=ps type=f reg=3 bits=3e800000,00000000,00000000,00000000
constant kind=ps type=f reg=4 bits=00000000,00000000,3f800000,00000000
constant kind=ps type=f reg=5 bits=3e99999a,3e4ccccd,3dcccccd,00000000
constant kind=ps type=f reg=6 bits=3f000000,00000000,3f000000,00000000
constant kind=ps type=f reg=7 bits=3dcccccd,3e19999a,3e4ccccd,00000000
constant kind=ps type=f reg=216 bits=43480000,43490000,434a0000,434b0000
constant kind=ps type=f reg=217 bits=434c0000,434d0000,434e0000,434f0000
constants kind=ps type=i count=16 result=00000000 encoding=full
constant kind=ps type=i reg=0 values=0,0,0,0
constant kind=ps type=i reg=1 values=0,0,0,0
constant kind=ps type=i reg=2 values=0,0,0,0
constant kind=ps type=i reg=3 values=0,0,0,0
constant kind=ps type=i reg=4 values=0,0,0,0
constant kind=ps type=i reg=5 values=0,0,0,0
constant kind=ps type=i reg=6 values=0,0,0,0
constant kind=ps type=i reg=7 values=0,0,0,0
constant kind=ps type=i reg=8 values=0,0,0,0
constant kind=ps type=i reg=9 values=0,0,0,0
constant kind=ps type=i reg=10 values=0,0,0,0
constant kind=ps type=i reg=11 values=0,0,0,0
constant kind=ps type=i reg=12 values=0,0,0,0
constant kind=ps type=i reg=13 values=0,0,0,0
constant kind=ps type=i reg=14 values=0,0,0,0
constant kind=ps type=i reg=15 values=0,0,0,0
constants kind=ps type=b count=16 result=00000000 encoding=full
constant kind=ps type=b reg=0 values=0
constant kind=ps type=b reg=1 values=0
constant kind=ps type=b reg=2 values=0
constant kind=ps type=b reg=3 values=0
constant kind=ps type=b reg=4 values=0
constant kind=ps type=b reg=5 values=0
constant kind=ps type=b reg=6 values=0
constant kind=ps type=b reg=7 values=0
constant kind=ps type=b reg=8 values=0
constant kind=ps type=b reg=9 values=0
constant kind=ps type=b reg=10 values=0
constant kind=ps type=b reg=11 values=0
constant kind=ps type=b reg=12 values=0
constant kind=ps type=b reg=13 values=0
constant kind=ps type=b reg=14 values=0
constant kind=ps type=b reg=15 values=0
draw_args start_vertex=0
motion_input device=1 frame=6 index=1 blockers=00000252 proofs=20 position_path=1 vs=53a0a641107ed76c ps=98731d5594e36226 declaration=0cdf6a8c884ad955 rows_hash=1b0c97ae01a7ec05 color=1 depth=2 width=64 height=64 cull=2 vb=3 vb_revision=0 ib=0 ib_revision=0 position_offset=0 position_type=16 lifetime_verified=0 vertex_finite_verified=0
motion_geometry device=1 frame=6 index=1 source_qualified=1 source_hash=53a0a641107ed76c source_words=526 finite_requested=0 finite_state=0 finite_reason=4 finite_status=00000001 finite_generation=0 finite_revision=0 index_required=0 index_requested=0 index_known=0 index_range_verified=0 index_exact=0 index_min=0 index_max=0 index_reason=1 index_status=00000001 index_generation=0 index_revision=0
draw_result device=1 frame=6 index=1 result=00000000
capture_event device=1 frame=6 seq=3 after_draw=1 op=clear result=00000000 qpc=9616817789381
clear flags=2 color=00000000 z=1 stencil=0 rect_count=0 rect_ptr=00000000
surface role=clear_rt0 ptr=02158cc0 identity=1 width=64 height=64 format=21 usage=1 msaa=0 container=0 container_type=0 container_result=80004002
surface role=clear_depth ptr=02158cf0 identity=2 width=64 height=64 format=77 usage=2 msaa=0 container=0 container_type=0 container_result=80004002
clear_viewport result=00000000 x=0 y=0 w=64 h=64 minz=0 maxz=1
capture_event device=1 frame=6 seq=4 after_draw=1 op=draw_begin result=00000000 qpc=9616817790483
draw device=1 frame=6 index=2 kind=primitive topology=4 primitives=1 vs=53a0a641107ed76c ps=8759c7838bbc86c2
geometry source=buffers
stream slot=0 result=00000000 identity=3 offset=0 stride=24 frequency=1 frequency_result=00000000
vertex_buffer identity=3 bytes=72 usage=0 pool=1 fvf=0
buffer_content kind=vertex identity=3 result=00000000 status=00000001 requested=0 known=0 ambiguous=0 revision=0 pending=0 flags=00000000
stream slot=1 result=00000000 identity=0
stream slot=2 result=00000000 identity=0
stream slot=3 result=00000000 identity=0
stream slot=4 result=00000000 identity=0
stream slot=5 result=00000000 identity=0
stream slot=6 result=00000000 identity=0
stream slot=7 result=00000000 identity=0
stream slot=8 result=00000000 identity=0
stream slot=9 result=00000000 identity=0
stream slot=10 result=00000000 identity=0
stream slot=11 result=00000000 identity=0
stream slot=12 result=00000000 identity=0
stream slot=13 result=00000000 identity=0
stream slot=14 result=00000000 identity=0
stream slot=15 result=00000000 identity=0
indices result=00000000 identity=0
surface role=rt0 ptr=02158cc0 identity=1 width=64 height=64 format=21 usage=1 msaa=0 container=0 container_type=0 container_result=80004002
surface role=depth ptr=02158cf0 identity=2 width=64 height=64 format=77 usage=2 msaa=0 container=0 container_type=0 container_result=80004002
state id=7 value=1
state id=14 value=1
state id=23 value=4
state id=15 value=0
state id=24 value=0
state id=25 value=8
state id=27 value=0
state id=19 value=2
state id=20 value=1
state id=171 value=1
state id=22 value=1
state id=168 value=15
state id=194 value=0
state id=206 value=0
state id=52 value=0
state id=56 value=8
state id=57 value=0
state id=58 value=4294967295
state id=59 value=4294967295
state id=53 value=1
state id=54 value=1
state id=55 value=1
state id=185 value=0
state id=189 value=8
state id=186 value=1
state id=187 value=1
state id=188 value=1
viewport x=0 y=0 w=64 h=64 minz=0 maxz=1
texture stage=0 ptr=02158b70 type=3 identity=9 levels=1
texture_desc stage=0 w=2 h=2 format=21
sampler stage=0 state=6 value=1
sampler stage=0 state=5 value=1
sampler stage=0 state=7 value=0
sampler stage=0 state=10 value=1
sampler stage=0 state=11 value=0
sampler stage=0 state=8 value=0 bias=0
sampler stage=0 state=9 value=0
texture stage=1 ptr=02158bd0 type=3 identity=10 levels=1
texture_desc stage=1 w=2 h=2 format=21
sampler stage=1 state=6 value=1
sampler stage=1 state=5 value=1
sampler stage=1 state=7 value=0
sampler stage=1 state=10 value=1
sampler stage=1 state=11 value=0
sampler stage=1 state=8 value=0 bias=0
sampler stage=1 state=9 value=0
texture stage=2 ptr=02158c30 type=3 identity=11 levels=1
texture_desc stage=2 w=2 h=2 format=21
sampler stage=2 state=6 value=1
sampler stage=2 state=5 value=1
sampler stage=2 state=7 value=0
sampler stage=2 state=10 value=1
sampler stage=2 state=11 value=0
sampler stage=2 state=8 value=0 bias=0
sampler stage=2 state=9 value=0
texture stage=3 ptr=02158c90 type=5 identity=12 levels=1
sampler stage=3 state=6 value=1
sampler stage=3 state=5 value=1
sampler stage=3 state=7 value=0
sampler stage=3 state=10 value=1
sampler stage=3 state=11 value=0
sampler stage=3 state=8 value=0 bias=0
sampler stage=3 state=9 value=0
sampler stage=4 state=6 value=1
sampler stage=4 state=5 value=1
sampler stage=4 state=7 value=0
sampler stage=4 state=10 value=1
sampler stage=4 state=11 value=0
sampler stage=4 state=8 value=0 bias=0
sampler stage=4 state=9 value=0
sampler stage=5 state=6 value=1
sampler stage=5 state=5 value=1
sampler stage=5 state=7 value=0
sampler stage=5 state=10 value=1
sampler stage=5 state=11 value=0
sampler stage=5 state=8 value=0 bias=0
sampler stage=5 state=9 value=0
sampler stage=6 state=6 value=1
sampler stage=6 state=5 value=1
sampler stage=6 state=7 value=0
sampler stage=6 state=10 value=1
sampler stage=6 state=11 value=0
sampler stage=6 state=8 value=0 bias=0
sampler stage=6 state=9 value=0
sampler stage=7 state=6 value=1
sampler stage=7 state=5 value=1
sampler stage=7 state=7 value=0
sampler stage=7 state=10 value=1
sampler stage=7 state=11 value=0
sampler stage=7 state=8 value=0 bias=0
sampler stage=7 state=9 value=0
sampler stage=8 state=6 value=1
sampler stage=8 state=5 value=1
sampler stage=8 state=7 value=0
sampler stage=8 state=10 value=1
sampler stage=8 state=11 value=0
sampler stage=8 state=8 value=0 bias=0
sampler stage=8 state=9 value=0
sampler stage=9 state=6 value=1
sampler stage=9 state=5 value=1
sampler stage=9 state=7 value=0
sampler stage=9 state=10 value=1
sampler stage=9 state=11 value=0
sampler stage=9 state=8 value=0 bias=0
sampler stage=9 state=9 value=0
sampler stage=10 state=6 value=1
sampler stage=10 state=5 value=1
sampler stage=10 state=7 value=0
sampler stage=10 state=10 value=1
sampler stage=10 state=11 value=0
sampler stage=10 state=8 value=0 bias=0
sampler stage=10 state=9 value=0
sampler stage=11 state=6 value=1
sampler stage=11 state=5 value=1
sampler stage=11 state=7 value=0
sampler stage=11 state=10 value=1
sampler stage=11 state=11 value=0
sampler stage=11 state=8 value=0 bias=0
sampler stage=11 state=9 value=0
sampler stage=12 state=6 value=1
sampler stage=12 state=5 value=1
sampler stage=12 state=7 value=0
sampler stage=12 state=10 value=1
sampler stage=12 state=11 value=0
sampler stage=12 state=8 value=0 bias=0
sampler stage=12 state=9 value=0
sampler stage=13 state=6 value=1
sampler stage=13 state=5 value=1
sampler stage=13 state=7 value=0
sampler stage=13 state=10 value=1
sampler stage=13 state=11 value=0
sampler stage=13 state=8 value=0 bias=0
sampler stage=13 state=9 value=0
sampler stage=14 state=6 value=1
sampler stage=14 state=5 value=1
sampler stage=14 state=7 value=0
sampler stage=14 state=10 value=1
sampler stage=14 state=11 value=0
sampler stage=14 state=8 value=0 bias=0
sampler stage=14 state=9 value=0
sampler stage=15 state=6 value=1
sampler stage=15 state=5 value=1
sampler stage=15 state=7 value=0
sampler stage=15 state=10 value=1
sampler stage=15 state=11 value=0
sampler stage=15 state=8 value=0 bias=0
sampler stage=15 state=9 value=0
vertex_element stream=0 offset=0 type=16 method=0 usage=0 index=0
vertex_element stream=0 offset=8 type=16 method=0 usage=5 index=0
vertex_element stream=0 offset=16 type=16 method=0 usage=3 index=0
vertex_element stream=255 offset=0 type=17 method=0 usage=0 index=0
transform state=256 row=0 values=1,0,0,0
transform state=256 row=1 values=0,1,0,0
transform state=256 row=2 values=0,0,1,0
transform state=256 row=3 values=0,0,0,1
transform state=2 row=0 values=1,0,0,0
transform state=2 row=1 values=0,1,0,0
transform state=2 row=2 values=0,0,1,0
transform state=2 row=3 values=0,0,0,1
transform state=3 row=0 values=1,0,0,0
transform state=3 row=1 values=0,1,0,0
transform state=3 row=2 values=0,0,1,0
transform state=3 row=3 values=0,0,0,1
constants kind=vs type=f count=256 result=00000000 encoding=sparse_zero
constant kind=vs type=f reg=0 bits=bf800000,3f800000,40400000,00000000
constant kind=vs type=f reg=1 bits=3d23d70a,3ccccccd,3c75c28f,00000000
constant kind=vs type=f reg=2 bits=3f800000,3d4ccccd,00000000,00000000
constant kind=vs type=f reg=3 bits=00000000,3f800000,40400000,00000000
constant kind=vs type=f reg=4 bits=3d23d70a,3ccccccd,3c75c28f,00000000
constant kind=vs type=f reg=5 bits=3f800000,3d4ccccd,00000000,00000000
constant kind=vs type=f reg=6 bits=3f800000,3f800000,40400000,00000000
constant kind=vs type=f reg=7 bits=3d23d70a,3ccccccd,3c75c28f,00000000
constant kind=vs type=f reg=8 bits=3f800000,3d4ccccd,00000000,00000000
constant kind=vs type=f reg=9 bits=bf800000,3f800000,40400000,00000000
constant kind=vs type=f reg=10 bits=3d23d70a,3ccccccd,3c75c28f,00000000
constant kind=vs type=f reg=11 bits=3f800000,3d4ccccd,00000000,00000000
constant kind=vs type=f reg=12 bits=00000000,3f800000,40400000,00000000
constant kind=vs type=f reg=13 bits=3d23d70a,3ccccccd,3c75c28f,00000000
constant kind=vs type=f reg=14 bits=3f800000,3d4ccccd,00000000,00000000
constant kind=vs type=f reg=15 bits=3f800000,3f800000,40400000,00000000
constant kind=vs type=f reg=16 bits=3d23d70a,3ccccccd,3c75c28f,00000000
constant kind=vs type=f reg=17 bits=3f800000,3d4ccccd,00000000,00000000
constant kind=vs type=f reg=18 bits=bf800000,3f800000,40400000,00000000
constant kind=vs type=f reg=19 bits=3d23d70a,3ccccccd,3c75c28f,00000000
constant kind=vs type=f reg=20 bits=3f800000,3d4ccccd,00000000,00000000
constant kind=vs type=f reg=21 bits=00000000,3f800000,40400000,00000000
constant kind=vs type=f reg=22 bits=3d23d70a,3ccccccd,3c75c28f,00000000
constant kind=vs type=f reg=23 bits=3f800000,3d4ccccd,00000000,00000000
constant kind=vs type=f reg=24 bits=3f800000,00000000,00000000,3f4ccccd
constant kind=vs type=f reg=25 bits=00000000,3f800000,00000000,00000000
constant kind=vs type=f reg=26 bits=00000000,00000000,3f800000,00000000
constant kind=vs type=f reg=27 bits=3e000000,00000000,00000000,3f800000
constant kind=vs type=f reg=28 bits=3f800000,00000000,00000000,00000000
constant kind=vs type=f reg=29 bits=00000000,3f800000,00000000,00000000
constant kind=vs type=f reg=30 bits=00000000,00000000,3f800000,00000000
constant kind=vs type=f reg=31 bits=3f800000,00000000,00000000,00000000
constant kind=vs type=f reg=32 bits=00000000,3f800000,00000000,00000000
constant kind=vs type=f reg=33 bits=00000000,00000000,3f800000,00000000
constant kind=vs type=f reg=34 bits=3f800000,00000000,00000000,00000000
constant kind=vs type=f reg=35 bits=00000000,3f800000,00000000,00000000
constant kind=vs type=f reg=36 bits=00000000,00000000,3f800000,40800000
constant kind=vs type=f reg=37 bits=3f800000,00000000,00000000,00000000
constant kind=vs type=f reg=38 bits=00000000,3f800000,00000000,00000000
constant kind=vs type=f reg=39 bits=3f200000,00000000,00000000,00000000
constant kind=vs type=f reg=40 bits=3e4ccccd,3dcccccd,3d4ccccd,00000000
constant kind=vs type=f reg=41 bits=3f800000,00000000,00000000,00000000
constant kind=vs type=f reg=252 bits=42c80000,42ca0000,42cc0000,42ce0000
constant kind=vs type=f reg=253 bits=42d00000,42d20000,42d40000,42d60000
constant kind=vs type=f reg=254 bits=42d80000,42da0000,42dc0000,42de0000
constant kind=vs type=f reg=255 bits=42e00000,42e20000,42e40000,42e60000
constants kind=vs type=i count=16 result=00000000 encoding=full
constant kind=vs type=i reg=0 values=1,0,1,0
constant kind=vs type=i reg=1 values=0,0,0,0
constant kind=vs type=i reg=2 values=0,0,0,0
constant kind=vs type=i reg=3 values=0,0,0,0
constant kind=vs type=i reg=4 values=0,0,0,0
constant kind=vs type=i reg=5 values=0,0,0,0
constant kind=vs type=i reg=6 values=0,0,0,0
constant kind=vs type=i reg=7 values=0,0,0,0
constant kind=vs type=i reg=8 values=0,0,0,0
constant kind=vs type=i reg=9 values=0,0,0,0
constant kind=vs type=i reg=10 values=0,0,0,0
constant kind=vs type=i reg=11 values=0,0,0,0
constant kind=vs type=i reg=12 values=0,0,0,0
constant kind=vs type=i reg=13 values=0,0,0,0
constant kind=vs type=i reg=14 values=0,0,0,0
constant kind=vs type=i reg=15 values=0,0,0,0
constants kind=vs type=b count=16 result=00000000 encoding=full
constant kind=vs type=b reg=0 values=0
constant kind=vs type=b reg=1 values=0
constant kind=vs type=b reg=2 values=0
constant kind=vs type=b reg=3 values=0
constant kind=vs type=b reg=4 values=0
constant kind=vs type=b reg=5 values=0
constant kind=vs type=b reg=6 values=0
constant kind=vs type=b reg=7 values=0
constant kind=vs type=b reg=8 values=0
constant kind=vs type=b reg=9 values=0
constant kind=vs type=b reg=10 values=0
constant kind=vs type=b reg=11 values=0
constant kind=vs type=b reg=12 values=0
constant kind=vs type=b reg=13 values=0
constant kind=vs type=b reg=14 values=0
constant kind=vs type=b reg=15 values=0
constants kind=ps type=f count=224 result=00000000 encoding=sparse_zero
constant kind=ps type=f reg=0 bits=3f800000,00000000,00000000,00000000
constant kind=ps type=f reg=1 bits=00000000,3f800000,00000000,00000000
constant kind=ps type=f reg=2 bits=00000000,00000000,3f800000,00000000
constant kind=ps type=f reg=3 bits=3e800000,00000000,00000000,00000000
constant kind=ps type=f reg=4 bits=00000000,00000000,3f800000,00000000
constant kind=ps type=f reg=5 bits=3e99999a,3e4ccccd,3dcccccd,00000000
constant kind=ps type=f reg=6 bits=3f000000,00000000,3f000000,00000000
constant kind=ps type=f reg=7 bits=3dcccccd,3e19999a,3e4ccccd,00000000
constant kind=ps type=f reg=216 bits=43480000,43490000,434a0000,434b0000
constant kind=ps type=f reg=217 bits=434c0000,434d0000,434e0000,434f0000
constants kind=ps type=i count=16 result=00000000 encoding=full
constant kind=ps type=i reg=0 values=0,0,0,0
constant kind=ps type=i reg=1 values=0,0,0,0
constant kind=ps type=i reg=2 values=0,0,0,0
constant kind=ps type=i reg=3 values=0,0,0,0
constant kind=ps type=i reg=4 values=0,0,0,0
constant kind=ps type=i reg=5 values=0,0,0,0
constant kind=ps type=i reg=6 values=0,0,0,0
constant kind=ps type=i reg=7 values=0,0,0,0
constant kind=ps type=i reg=8 values=0,0,0,0
constant kind=ps type=i reg=9 values=0,0,0,0
constant kind=ps type=i reg=10 values=0,0,0,0
constant kind=ps type=i reg=11 values=0,0,0,0
constant kind=ps type=i reg=12 values=0,0,0,0
constant kind=ps type=i reg=13 values=0,0,0,0
constant kind=ps type=i reg=14 values=0,0,0,0
constant kind=ps type=i reg=15 values=0,0,0,0
constants kind=ps type=b count=16 result=00000000 encoding=full
constant kind=ps type=b reg=0 values=0
constant kind=ps type=b reg=1 values=0
constant kind=ps type=b reg=2 values=0
constant kind=ps type=b reg=3 values=0
constant kind=ps type=b reg=4 values=0
constant kind=ps type=b reg=5 values=0
constant kind=ps type=b reg=6 values=0
constant kind=ps type=b reg=7 values=0
constant kind=ps type=b reg=8 values=0
constant kind=ps type=b reg=9 values=0
constant kind=ps type=b reg=10 values=0
constant kind=ps type=b reg=11 values=0
constant kind=ps type=b reg=12 values=0
constant kind=ps type=b reg=13 values=0
constant kind=ps type=b reg=14 values=0
constant kind=ps type=b reg=15 values=0
draw_args start_vertex=0
motion_route device=1 frame=6 index=2 gate=6 routed=1 matched=0 depth=1 jittered=1 vs=53a0a641107ed76c ps=8759c7838bbc86c2 node=00001000 camera=00002000 node_handle=7 camera_handle=9 node_serial=11 camera_serial=21 load_epoch=3 registry_epoch=5 model=00000011 lod=00000002 vb=3 ib=0 declaration=0cdf6a8c884ad955 offset=0 stride=24 position_offset=0 position_type=16 topology=4 first=0 primitives=1 base_vertex=0 min_vertex=0 vertex_count=0 indexed=0 pass=1 rows_hash=6e1905db0b783f53 result=00000000
motion_input device=1 frame=6 index=2 blockers=00000210 proofs=28 position_path=1 vs=53a0a641107ed76c ps=8759c7838bbc86c2 declaration=0cdf6a8c884ad955 rows_hash=6e1905db0b783f53 color=1 depth=2 width=64 height=64 cull=1 vb=3 vb_revision=0 ib=0 ib_revision=0 position_offset=0 position_type=16 lifetime_verified=0 vertex_finite_verified=0
motion_geometry device=1 frame=6 index=2 source_qualified=1 source_hash=53a0a641107ed76c source_words=526 finite_requested=0 finite_state=0 finite_reason=4 finite_status=00000001 finite_generation=0 finite_revision=0 index_required=0 index_requested=0 index_known=0 index_range_verified=0 index_exact=0 index_min=0 index_max=0 index_reason=1 index_status=00000001 index_generation=0 index_revision=0
draw_result device=1 frame=6 index=2 result=00000000
capture_event device=1 frame=6 seq=5 after_draw=2 op=draw_begin result=00000000 qpc=9616817801620
draw device=1 frame=6 index=3 kind=primitive topology=4 primitives=1 vs=53a0a641107ed76c ps=8759c7838bbc86c2
geometry source=buffers
stream slot=0 result=00000000 identity=6 offset=0 stride=24 frequency=1 frequency_result=00000000
vertex_buffer identity=6 bytes=72 usage=0 pool=1 fvf=0
buffer_content kind=vertex identity=6 result=00000000 status=00000001 requested=0 known=0 ambiguous=0 revision=0 pending=0 flags=00000000
stream slot=1 result=00000000 identity=0
stream slot=2 result=00000000 identity=0
stream slot=3 result=00000000 identity=0
stream slot=4 result=00000000 identity=0
stream slot=5 result=00000000 identity=0
stream slot=6 result=00000000 identity=0
stream slot=7 result=00000000 identity=0
stream slot=8 result=00000000 identity=0
stream slot=9 result=00000000 identity=0
stream slot=10 result=00000000 identity=0
stream slot=11 result=00000000 identity=0
stream slot=12 result=00000000 identity=0
stream slot=13 result=00000000 identity=0
stream slot=14 result=00000000 identity=0
stream slot=15 result=00000000 identity=0
indices result=00000000 identity=0
surface role=rt0 ptr=02158cc0 identity=1 width=64 height=64 format=21 usage=1 msaa=0 container=0 container_type=0 container_result=80004002
surface role=depth ptr=02158cf0 identity=2 width=64 height=64 format=77 usage=2 msaa=0 container=0 container_type=0 container_result=80004002
state id=7 value=1
state id=14 value=1
state id=23 value=4
state id=15 value=0
state id=24 value=0
state id=25 value=8
state id=27 value=0
state id=19 value=2
state id=20 value=1
state id=171 value=1
state id=22 value=1
state id=168 value=15
state id=194 value=0
state id=206 value=0
state id=52 value=0
state id=56 value=8
state id=57 value=0
state id=58 value=4294967295
state id=59 value=4294967295
state id=53 value=1
state id=54 value=1
state id=55 value=1
state id=185 value=0
state id=189 value=8
state id=186 value=1
state id=187 value=1
state id=188 value=1
viewport x=0 y=0 w=64 h=64 minz=0 maxz=1
texture stage=0 ptr=02158b70 type=3 identity=9 levels=1
texture_desc stage=0 w=2 h=2 format=21
sampler stage=0 state=6 value=1
sampler stage=0 state=5 value=1
sampler stage=0 state=7 value=0
sampler stage=0 state=10 value=1
sampler stage=0 state=11 value=0
sampler stage=0 state=8 value=0 bias=0
sampler stage=0 state=9 value=0
texture stage=1 ptr=02158bd0 type=3 identity=10 levels=1
texture_desc stage=1 w=2 h=2 format=21
sampler stage=1 state=6 value=1
sampler stage=1 state=5 value=1
sampler stage=1 state=7 value=0
sampler stage=1 state=10 value=1
sampler stage=1 state=11 value=0
sampler stage=1 state=8 value=0 bias=0
sampler stage=1 state=9 value=0
texture stage=2 ptr=02158c30 type=3 identity=11 levels=1
texture_desc stage=2 w=2 h=2 format=21
sampler stage=2 state=6 value=1
sampler stage=2 state=5 value=1
sampler stage=2 state=7 value=0
sampler stage=2 state=10 value=1
sampler stage=2 state=11 value=0
sampler stage=2 state=8 value=0 bias=0
sampler stage=2 state=9 value=0
texture stage=3 ptr=02158c90 type=5 identity=12 levels=1
sampler stage=3 state=6 value=1
sampler stage=3 state=5 value=1
sampler stage=3 state=7 value=0
sampler stage=3 state=10 value=1
sampler stage=3 state=11 value=0
sampler stage=3 state=8 value=0 bias=0
sampler stage=3 state=9 value=0
sampler stage=4 state=6 value=1
sampler stage=4 state=5 value=1
sampler stage=4 state=7 value=0
sampler stage=4 state=10 value=1
sampler stage=4 state=11 value=0
sampler stage=4 state=8 value=0 bias=0
sampler stage=4 state=9 value=0
sampler stage=5 state=6 value=1
sampler stage=5 state=5 value=1
sampler stage=5 state=7 value=0
sampler stage=5 state=10 value=1
sampler stage=5 state=11 value=0
sampler stage=5 state=8 value=0 bias=0
sampler stage=5 state=9 value=0
sampler stage=6 state=6 value=1
sampler stage=6 state=5 value=1
sampler stage=6 state=7 value=0
sampler stage=6 state=10 value=1
sampler stage=6 state=11 value=0
sampler stage=6 state=8 value=0 bias=0
sampler stage=6 state=9 value=0
sampler stage=7 state=6 value=1
sampler stage=7 state=5 value=1
sampler stage=7 state=7 value=0
sampler stage=7 state=10 value=1
sampler stage=7 state=11 value=0
sampler stage=7 state=8 value=0 bias=0
sampler stage=7 state=9 value=0
sampler stage=8 state=6 value=1
sampler stage=8 state=5 value=1
sampler stage=8 state=7 value=0
sampler stage=8 state=10 value=1
sampler stage=8 state=11 value=0
sampler stage=8 state=8 value=0 bias=0
sampler stage=8 state=9 value=0
sampler stage=9 state=6 value=1
sampler stage=9 state=5 value=1
sampler stage=9 state=7 value=0
sampler stage=9 state=10 value=1
sampler stage=9 state=11 value=0
sampler stage=9 state=8 value=0 bias=0
sampler stage=9 state=9 value=0
sampler stage=10 state=6 value=1
sampler stage=10 state=5 value=1
sampler stage=10 state=7 value=0
sampler stage=10 state=10 value=1
sampler stage=10 state=11 value=0
sampler stage=10 state=8 value=0 bias=0
sampler stage=10 state=9 value=0
sampler stage=11 state=6 value=1
sampler stage=11 state=5 value=1
sampler stage=11 state=7 value=0
sampler stage=11 state=10 value=1
sampler stage=11 state=11 value=0
sampler stage=11 state=8 value=0 bias=0
sampler stage=11 state=9 value=0
sampler stage=12 state=6 value=1
sampler stage=12 state=5 value=1
sampler stage=12 state=7 value=0
sampler stage=12 state=10 value=1
sampler stage=12 state=11 value=0
sampler stage=12 state=8 value=0 bias=0
sampler stage=12 state=9 value=0
sampler stage=13 state=6 value=1
sampler stage=13 state=5 value=1
sampler stage=13 state=7 value=0
sampler stage=13 state=10 value=1
sampler stage=13 state=11 value=0
sampler stage=13 state=8 value=0 bias=0
sampler stage=13 state=9 value=0
sampler stage=14 state=6 value=1
sampler stage=14 state=5 value=1
sampler stage=14 state=7 value=0
sampler stage=14 state=10 value=1
sampler stage=14 state=11 value=0
sampler stage=14 state=8 value=0 bias=0
sampler stage=14 state=9 value=0
sampler stage=15 state=6 value=1
sampler stage=15 state=5 value=1
sampler stage=15 state=7 value=0
sampler stage=15 state=10 value=1
sampler stage=15 state=11 value=0
sampler stage=15 state=8 value=0 bias=0
sampler stage=15 state=9 value=0
vertex_element stream=0 offset=0 type=16 method=0 usage=0 index=0
vertex_element stream=0 offset=8 type=16 method=0 usage=5 index=0
vertex_element stream=0 offset=16 type=16 method=0 usage=3 index=0
vertex_element stream=255 offset=0 type=17 method=0 usage=0 index=0
transform state=256 row=0 values=1,0,0,0
transform state=256 row=1 values=0,1,0,0
transform state=256 row=2 values=0,0,1,0
transform state=256 row=3 values=0,0,0,1
transform state=2 row=0 values=1,0,0,0
transform state=2 row=1 values=0,1,0,0
transform state=2 row=2 values=0,0,1,0
transform state=2 row=3 values=0,0,0,1
transform state=3 row=0 values=1,0,0,0
transform state=3 row=1 values=0,1,0,0
transform state=3 row=2 values=0,0,1,0
transform state=3 row=3 values=0,0,0,1
constants kind=vs type=f count=256 result=00000000 encoding=sparse_zero
constant kind=vs type=f reg=0 bits=bf800000,3f800000,40400000,00000000
constant kind=vs type=f reg=1 bits=3d23d70a,3ccccccd,3c75c28f,00000000
constant kind=vs type=f reg=2 bits=3f800000,3d4ccccd,00000000,00000000
constant kind=vs type=f reg=3 bits=00000000,3f800000,40400000,00000000
constant kind=vs type=f reg=4 bits=3d23d70a,3ccccccd,3c75c28f,00000000
constant kind=vs type=f reg=5 bits=3f800000,3d4ccccd,00000000,00000000
constant kind=vs type=f reg=6 bits=3f800000,3f800000,40400000,00000000
constant kind=vs type=f reg=7 bits=3d23d70a,3ccccccd,3c75c28f,00000000
constant kind=vs type=f reg=8 bits=3f800000,3d4ccccd,00000000,00000000
constant kind=vs type=f reg=9 bits=bf800000,3f800000,40400000,00000000
constant kind=vs type=f reg=10 bits=3d23d70a,3ccccccd,3c75c28f,00000000
constant kind=vs type=f reg=11 bits=3f800000,3d4ccccd,00000000,00000000
constant kind=vs type=f reg=12 bits=00000000,3f800000,40400000,00000000
constant kind=vs type=f reg=13 bits=3d23d70a,3ccccccd,3c75c28f,00000000
constant kind=vs type=f reg=14 bits=3f800000,3d4ccccd,00000000,00000000
constant kind=vs type=f reg=15 bits=3f800000,3f800000,40400000,00000000
constant kind=vs type=f reg=16 bits=3d23d70a,3ccccccd,3c75c28f,00000000
constant kind=vs type=f reg=17 bits=3f800000,3d4ccccd,00000000,00000000
constant kind=vs type=f reg=18 bits=bf800000,3f800000,40400000,00000000
constant kind=vs type=f reg=19 bits=3d23d70a,3ccccccd,3c75c28f,00000000
constant kind=vs type=f reg=20 bits=3f800000,3d4ccccd,00000000,00000000
constant kind=vs type=f reg=21 bits=00000000,3f800000,40400000,00000000
constant kind=vs type=f reg=22 bits=3d23d70a,3ccccccd,3c75c28f,00000000
constant kind=vs type=f reg=23 bits=3f800000,3d4ccccd,00000000,00000000
constant kind=vs type=f reg=24 bits=3f800000,00000000,00000000,bd4ccccd
constant kind=vs type=f reg=25 bits=00000000,3f800000,00000000,00000000
constant kind=vs type=f reg=26 bits=00000000,00000000,3f800000,3dcccccd
constant kind=vs type=f reg=27 bits=00000000,00000000,00000000,3f800000
constant kind=vs type=f reg=28 bits=3f800000,00000000,00000000,00000000
constant kind=vs type=f reg=29 bits=00000000,3f800000,00000000,00000000
constant kind=vs type=f reg=30 bits=00000000,00000000,3f800000,00000000
constant kind=vs type=f reg=31 bits=3f800000,00000000,00000000,00000000
constant kind=vs type=f reg=32 bits=00000000,3f800000,00000000,00000000
constant kind=vs type=f reg=33 bits=00000000,00000000,3f800000,00000000
constant kind=vs type=f reg=34 bits=3f800000,00000000,00000000,00000000
constant kind=vs type=f reg=35 bits=00000000,3f800000,00000000,00000000
constant kind=vs type=f reg=36 bits=00000000,00000000,3f800000,40800000
constant kind=vs type=f reg=37 bits=3f800000,00000000,00000000,00000000
constant kind=vs type=f reg=38 bits=00000000,3f800000,00000000,00000000
constant kind=vs type=f reg=39 bits=3f200000,00000000,00000000,00000000
constant kind=vs type=f reg=40 bits=3e4ccccd,3dcccccd,3d4ccccd,00000000
constant kind=vs type=f reg=41 bits=3f800000,00000000,00000000,00000000
constant kind=vs type=f reg=252 bits=42c80000,42ca0000,42cc0000,42ce0000
constant kind=vs type=f reg=253 bits=42d00000,42d20000,42d40000,42d60000
constant kind=vs type=f reg=254 bits=42d80000,42da0000,42dc0000,42de0000
constant kind=vs type=f reg=255 bits=42e00000,42e20000,42e40000,42e60000
constants kind=vs type=i count=16 result=00000000 encoding=full
constant kind=vs type=i reg=0 values=1,0,1,0
constant kind=vs type=i reg=1 values=0,0,0,0
constant kind=vs type=i reg=2 values=0,0,0,0
constant kind=vs type=i reg=3 values=0,0,0,0
constant kind=vs type=i reg=4 values=0,0,0,0
constant kind=vs type=i reg=5 values=0,0,0,0
constant kind=vs type=i reg=6 values=0,0,0,0
constant kind=vs type=i reg=7 values=0,0,0,0
constant kind=vs type=i reg=8 values=0,0,0,0
constant kind=vs type=i reg=9 values=0,0,0,0
constant kind=vs type=i reg=10 values=0,0,0,0
constant kind=vs type=i reg=11 values=0,0,0,0
constant kind=vs type=i reg=12 values=0,0,0,0
constant kind=vs type=i reg=13 values=0,0,0,0
constant kind=vs type=i reg=14 values=0,0,0,0
constant kind=vs type=i reg=15 values=0,0,0,0
constants kind=vs type=b count=16 result=00000000 encoding=full
constant kind=vs type=b reg=0 values=0
constant kind=vs type=b reg=1 values=0
constant kind=vs type=b reg=2 values=0
constant kind=vs type=b reg=3 values=0
constant kind=vs type=b reg=4 values=0
constant kind=vs type=b reg=5 values=0
constant kind=vs type=b reg=6 values=0
constant kind=vs type=b reg=7 values=0
constant kind=vs type=b reg=8 values=0
constant kind=vs type=b reg=9 values=0
constant kind=vs type=b reg=10 values=0
constant kind=vs type=b reg=11 values=0
constant kind=vs type=b reg=12 values=0
constant kind=vs type=b reg=13 values=0
constant kind=vs type=b reg=14 values=0
constant kind=vs type=b reg=15 values=0
constants kind=ps type=f count=224 result=00000000 encoding=sparse_zero
constant kind=ps type=f reg=0 bits=3f800000,00000000,00000000,00000000
constant kind=ps type=f reg=1 bits=00000000,3f800000,00000000,00000000
constant kind=ps type=f reg=2 bits=00000000,00000000,3f800000,00000000
constant kind=ps type=f reg=3 bits=3e800000,00000000,00000000,00000000
constant kind=ps type=f reg=4 bits=00000000,00000000,3f800000,00000000
constant kind=ps type=f reg=5 bits=3e99999a,3e4ccccd,3dcccccd,00000000
constant kind=ps type=f reg=6 bits=3f000000,00000000,3f000000,00000000
constant kind=ps type=f reg=7 bits=3dcccccd,3e19999a,3e4ccccd,00000000
constant kind=ps type=f reg=216 bits=43480000,43490000,434a0000,434b0000
constant kind=ps type=f reg=217 bits=434c0000,434d0000,434e0000,434f0000
constants kind=ps type=i count=16 result=00000000 encoding=full
constant kind=ps type=i reg=0 values=0,0,0,0
constant kind=ps type=i reg=1 values=0,0,0,0
constant kind=ps type=i reg=2 values=0,0,0,0
constant kind=ps type=i reg=3 values=0,0,0,0
constant kind=ps type=i reg=4 values=0,0,0,0
constant kind=ps type=i reg=5 values=0,0,0,0
constant kind=ps type=i reg=6 values=0,0,0,0
constant kind=ps type=i reg=7 values=0,0,0,0
constant kind=ps type=i reg=8 values=0,0,0,0
constant kind=ps type=i reg=9 values=0,0,0,0
constant kind=ps type=i reg=10 values=0,0,0,0
constant kind=ps type=i reg=11 values=0,0,0,0
constant kind=ps type=i reg=12 values=0,0,0,0
constant kind=ps type=i reg=13 values=0,0,0,0
constant kind=ps type=i reg=14 values=0,0,0,0
constant kind=ps type=i reg=15 values=0,0,0,0
constants kind=ps type=b count=16 result=00000000 encoding=full
constant kind=ps type=b reg=0 values=0
constant kind=ps type=b reg=1 values=0
constant kind=ps type=b reg=2 values=0
constant kind=ps type=b reg=3 values=0
constant kind=ps type=b reg=4 values=0
constant kind=ps type=b reg=5 values=0
constant kind=ps type=b reg=6 values=0
constant kind=ps type=b reg=7 values=0
constant kind=ps type=b reg=8 values=0
constant kind=ps type=b reg=9 values=0
constant kind=ps type=b reg=10 values=0
constant kind=ps type=b reg=11 values=0
constant kind=ps type=b reg=12 values=0
constant kind=ps type=b reg=13 values=0
constant kind=ps type=b reg=14 values=0
constant kind=ps type=b reg=15 values=0
draw_args start_vertex=0
motion_route device=1 frame=6 index=3 gate=0 routed=1 matched=1 depth=1 jittered=1 vs=53a0a641107ed76c ps=8759c7838bbc86c2 node=00001100 camera=00002000 node_handle=8 camera_handle=9 node_serial=12 camera_serial=21 load_epoch=3 registry_epoch=5 model=00000012 lod=00000002 vb=6 ib=0 declaration=0cdf6a8c884ad955 offset=0 stride=24 position_offset=0 position_type=16 topology=4 first=0 primitives=1 base_vertex=0 min_vertex=0 vertex_count=0 indexed=0 pass=1 rows_hash=8804f37c47da2009 result=00000000
motion_input device=1 frame=6 index=3 blockers=00000210 proofs=28 position_path=1 vs=53a0a641107ed76c ps=8759c7838bbc86c2 declaration=0cdf6a8c884ad955 rows_hash=8804f37c47da2009 color=1 depth=2 width=64 height=64 cull=1 vb=6 vb_revision=0 ib=0 ib_revision=0 position_offset=0 position_type=16 lifetime_verified=0 vertex_finite_verified=0
motion_geometry device=1 frame=6 index=3 source_qualified=1 source_hash=53a0a641107ed76c source_words=526 finite_requested=0 finite_state=0 finite_reason=4 finite_status=00000001 finite_generation=0 finite_revision=0 index_required=0 index_requested=0 index_known=0 index_range_verified=0 index_exact=0 index_min=0 index_max=0 index_reason=1 index_status=00000001 index_generation=0 index_revision=0
draw_result device=1 frame=6 index=3 result=00000000
motion_output_cut device=1 frame=6 samples=1 median_px=1.6000 keyed=2 missing=1 missing_fraction=0.5000 bound_px=2.400 bound_missing=0.250 cut=1
capture_event device=1 frame=6 seq=6 after_draw=3 op=set_depth result=00000000 qpc=9616817814403
set_depth ptr=00000000 result=00000000
surface role=depth_binding ptr=0 identity=0
hdr_readback device=1 frame=6 file=hdr_1_6.rgba16f width=64 height=64 format=rgba16f_row_major result=00000000 bytes=32768
motion_output_color_readback device=1 frame=6 file=color_1_6.bgra8 width=64 height=64 format=bgra8_row_major result=00000000 bytes=16384
motion_output_taa_readback device=1 frame=6 file=taa_1_6.rgba16f width=64 height=64 format=rgba16f_row_major result=00000000 bytes=32768
capture_event device=1 frame=6 seq=7 after_draw=3 op=stretch_rect result=00000000 qpc=9616817888517
stretch_rect source=02158cc0 dest=02158d50 filter=0 source_rect_null=1 dest_rect_null=1
surface role=stretch_source ptr=02158cc0 identity=1 width=64 height=64 format=21 usage=1 msaa=0 container=0 container_type=0 container_result=80004002
surface role=stretch_dest ptr=02158d50 identity=7 width=64 height=64 format=21 usage=1 msaa=0 container=8 container_type=3 container_result=00000000
capture_event device=1 frame=6 seq=8 after_draw=3 op=set_depth result=00000000 qpc=9616817938930
set_depth ptr=02158cf0 result=00000000
surface role=depth_binding ptr=02158cf0 identity=2 width=64 height=64 format=77 usage=2 msaa=0 container=0 container_type=0 container_result=80004002
motion_output_readback device=1 frame=6 file=motion_1_6.rgba32f width=64 height=64 format=rgba32f_row_major result=00000000 bytes=65536
motion_output_depth_readback device=1 frame=6 file=depth_1_6.r32f width=64 height=64 format=r32f_row_major result=00000000 bytes=16384
motion_output_frame device=1 frame=6 latched=1 filled=1 fill_result=00000000 fill_restore=00000000 draws=3 routed=2 matched=1 gate1=0 gate2=1 gate3=0 gate4=0 gate5=0 gate6=1 apply_failures=0 restore_failures=0 history_previous=2 history_current=0 committed=1 selector_state=9 present=00000000 depth=1 depth_routed=2 jitter=1 jitter_index=6 jitter_x=0.375000 jitter_y=0.055556 jitter_previous_x=-0.125000 jitter_previous_y=-0.277778 jittered=2 cut=1 cut_median_px=1.6000 cut_missing=0.5000 cut_samples=1 taa=1 taa_attempted=1 taa_resolved=1 taa_history=0 taa_skip=0 taa_result=00000000 taa_restore=00000000 taa_copy=00000001 taa_hdr=1 taa_k=1.00000 taa_sharpen=0 scene_open=0 active_queries=0 taa_references=10 camera_valid=0 camera_background_valid=0 camera_reads=0 camera_policy=1 camera_reason=2 camera_cut=0 camera_rotation_deg=0.0000 rt_mode=perdraw timing=cpu_qpc set_rt=8 lazy_flushes=0 jitter_writes=4 readbacks=5 gate_us=15.4 route_draw_us=21.3 set_rt_us=10.1 lazy_flush_us=0.0 jitter_us=1.5 fill_us=103.1 taa_run_us=232.9 taa_capture_us=7.9 taa_copy_color_us=0.2 taa_copy_depth_us=4.6 taa_draw_us=196.6 taa_apply_us=15.2 taa_copy_back_us=0.0 readback_us=7577.1 state_shadow=1 rs_queries=18 rs_hits=18 rs_gets=14 rs_resyncs=0 sb_resyncs=0 scene_hook=0 scene_end_source=stretchrect scene_end_check=3 hook_signals=0 hook_outside_scene=0 hook_state=0 draws_after_hook=0 bloom_copy_seen=1 mip_bias=0 mip_bias_sets=0 mip_bias_restores=0 mip_bias_draws=0 mip_bias_stages=0000 mip_bias_reads=0 mip_bias_game_writes=0 mip_bias_game_writes_total=0 mip_bias_failures=0 mip_bias_biased_now=0000
camera_state device=1 frame=6 status=executable_mismatch reads=0 valid=0 read_failure=0 failure=0 projection=00000000 view=00000000 p00=0 p11=0 p20=0 p21=0 r00=0 r01=0 r02=0 r10=0 r11=0 r12=0 r20=0 r21=0 r22=0 t=0,0,0 background_valid=0 background_p00=0 background_p11=0 background_rotation_deg=0.0000 history_view_valid=0 history_view_frame=6 rotation_deg=0.0000 policy=1 reason=2 camera_cut=0 mode=0 cut_deg=20.00
hdr_frame device=1 frame=6 hdr=1 redirected=1 end=bloom_copy writebacks=2 flushes=1 writeback_source=shader unwind=0 unwind_reason=none unwind_draw=00000001 unwind_restore=00000001 unwind_stretch=00000001 unwind_bind=00000001 blocked=0 recheck=none suspended=0 resumed=0 dirty_at_present=0 refused_msaa=0 target_create=00000000 latch_bind=00000000 target=64x64 target_bytes=32768 caps=ok stretch_conversion=00000000 timing=cpu_qpc redirect_us=6.4 writeback_us=175.6 writeback_draw_us=173.0 writeback_stretch_us=0.0 bind_us=0.0 recheck_us=0.0 tonemap=agx tonemapped=1 look=none decode=gamma2.2 clamp=0 exposure=manual ev=0.00000 ev_adapted=0.00000 ev_target=0.00000 avg_log_l=0.00000 luma_mean=1 dt_ms=0.000 stepped=0 steps=0 meter=00000001 readback=00000001 tonemap_draw=00000000 fallback=0 meter_us=0.0 readback_us=0.0 k=1.00000 chain_bytes=0 sharpen=off sharpened=0 sharpen_fallback=0
frame_end device=1 frame=6 draws=3 capture=1 present=00000000 elapsed_ms=1273 dt_ms=17 qpc=9616817954763
ownership_copy_depth phase=present device=1 frame=6 result=00000000 status=00000001 requested=0 available=0 source_bound=0 copy_valid=0 generation=0 source_epoch=0 copy_epoch=0 source_width=0 source_height=0 source_format=0 source_type=0 source_usage=0 source_pool=0 source_msaa=0 source_quality=0
frame_begin device=1 frame=7
capture_event device=1 frame=7 seq=1 after_draw=0 op=clear result=00000000 qpc=9616817955484
clear flags=3 color=ff203040 z=1 stencil=0 rect_count=0 rect_ptr=00000000
surface role=clear_rt0 ptr=02158cc0 identity=1 width=64 height=64 format=21 usage=1 msaa=0 container=0 container_type=0 container_result=80004002
surface role=clear_depth ptr=02158cf0 identity=2 width=64 height=64 format=77 usage=2 msaa=0 container=0 container_type=0 container_result=80004002
clear_viewport result=00000000 x=0 y=0 w=64 h=64 minz=0 maxz=1
capture_event device=1 frame=7 seq=2 after_draw=0 op=draw_begin result=00000000 qpc=9616817956836
draw device=1 frame=7 index=1 kind=primitive topology=4 primitives=1 vs=53a0a641107ed76c ps=98731d5594e36226
geometry source=buffers
stream slot=0 result=00000000 identity=3 offset=0 stride=24 frequency=1 frequency_result=00000000
vertex_buffer identity=3 bytes=72 usage=0 pool=1 fvf=0
buffer_content kind=vertex identity=3 result=00000000 status=00000001 requested=0 known=0 ambiguous=0 revision=0 pending=0 flags=00000000
stream slot=1 result=00000000 identity=0
stream slot=2 result=00000000 identity=0
stream slot=3 result=00000000 identity=0
stream slot=4 result=00000000 identity=0
stream slot=5 result=00000000 identity=0
stream slot=6 result=00000000 identity=0
stream slot=7 result=00000000 identity=0
stream slot=8 result=00000000 identity=0
stream slot=9 result=00000000 identity=0
stream slot=10 result=00000000 identity=0
stream slot=11 result=00000000 identity=0
stream slot=12 result=00000000 identity=0
stream slot=13 result=00000000 identity=0
stream slot=14 result=00000000 identity=0
stream slot=15 result=00000000 identity=0
indices result=00000000 identity=0
surface role=rt0 ptr=02158cc0 identity=1 width=64 height=64 format=21 usage=1 msaa=0 container=0 container_type=0 container_result=80004002
surface role=depth ptr=02158cf0 identity=2 width=64 height=64 format=77 usage=2 msaa=0 container=0 container_type=0 container_result=80004002
state id=7 value=0
state id=14 value=0
state id=23 value=4
state id=15 value=1
state id=24 value=0
state id=25 value=8
state id=27 value=1
state id=19 value=2
state id=20 value=1
state id=171 value=1
state id=22 value=2
state id=168 value=7
state id=194 value=0
state id=206 value=0
state id=52 value=1
state id=56 value=8
state id=57 value=0
state id=58 value=4294967295
state id=59 value=4294967295
state id=53 value=1
state id=54 value=1
state id=55 value=1
state id=185 value=0
state id=189 value=8
state id=186 value=1
state id=187 value=1
state id=188 value=1
viewport x=0 y=0 w=64 h=64 minz=0 maxz=1
texture stage=0 ptr=02158b70 type=3 identity=9 levels=1
texture_desc stage=0 w=2 h=2 format=21
sampler stage=0 state=6 value=1
sampler stage=0 state=5 value=1
sampler stage=0 state=7 value=0
sampler stage=0 state=10 value=1
sampler stage=0 state=11 value=0
sampler stage=0 state=8 value=0 bias=0
sampler stage=0 state=9 value=0
texture stage=1 ptr=02158bd0 type=3 identity=10 levels=1
texture_desc stage=1 w=2 h=2 format=21
sampler stage=1 state=6 value=1
sampler stage=1 state=5 value=1
sampler stage=1 state=7 value=0
sampler stage=1 state=10 value=1
sampler stage=1 state=11 value=0
sampler stage=1 state=8 value=0 bias=0
sampler stage=1 state=9 value=0
texture stage=2 ptr=02158c30 type=3 identity=11 levels=1
texture_desc stage=2 w=2 h=2 format=21
sampler stage=2 state=6 value=1
sampler stage=2 state=5 value=1
sampler stage=2 state=7 value=0
sampler stage=2 state=10 value=1
sampler stage=2 state=11 value=0
sampler stage=2 state=8 value=0 bias=0
sampler stage=2 state=9 value=0
texture stage=3 ptr=02158c90 type=5 identity=12 levels=1
sampler stage=3 state=6 value=1
sampler stage=3 state=5 value=1
sampler stage=3 state=7 value=0
sampler stage=3 state=10 value=1
sampler stage=3 state=11 value=0
sampler stage=3 state=8 value=0 bias=0
sampler stage=3 state=9 value=0
sampler stage=4 state=6 value=1
sampler stage=4 state=5 value=1
sampler stage=4 state=7 value=0
sampler stage=4 state=10 value=1
sampler stage=4 state=11 value=0
sampler stage=4 state=8 value=0 bias=0
sampler stage=4 state=9 value=0
sampler stage=5 state=6 value=1
sampler stage=5 state=5 value=1
sampler stage=5 state=7 value=0
sampler stage=5 state=10 value=1
sampler stage=5 state=11 value=0
sampler stage=5 state=8 value=0 bias=0
sampler stage=5 state=9 value=0
sampler stage=6 state=6 value=1
sampler stage=6 state=5 value=1
sampler stage=6 state=7 value=0
sampler stage=6 state=10 value=1
sampler stage=6 state=11 value=0
sampler stage=6 state=8 value=0 bias=0
sampler stage=6 state=9 value=0
sampler stage=7 state=6 value=1
sampler stage=7 state=5 value=1
sampler stage=7 state=7 value=0
sampler stage=7 state=10 value=1
sampler stage=7 state=11 value=0
sampler stage=7 state=8 value=0 bias=0
sampler stage=7 state=9 value=0
sampler stage=8 state=6 value=1
sampler stage=8 state=5 value=1
sampler stage=8 state=7 value=0
sampler stage=8 state=10 value=1
sampler stage=8 state=11 value=0
sampler stage=8 state=8 value=0 bias=0
sampler stage=8 state=9 value=0
sampler stage=9 state=6 value=1
sampler stage=9 state=5 value=1
sampler stage=9 state=7 value=0
sampler stage=9 state=10 value=1
sampler stage=9 state=11 value=0
sampler stage=9 state=8 value=0 bias=0
sampler stage=9 state=9 value=0
sampler stage=10 state=6 value=1
sampler stage=10 state=5 value=1
sampler stage=10 state=7 value=0
sampler stage=10 state=10 value=1
sampler stage=10 state=11 value=0
sampler stage=10 state=8 value=0 bias=0
sampler stage=10 state=9 value=0
sampler stage=11 state=6 value=1
sampler stage=11 state=5 value=1
sampler stage=11 state=7 value=0
sampler stage=11 state=10 value=1
sampler stage=11 state=11 value=0
sampler stage=11 state=8 value=0 bias=0
sampler stage=11 state=9 value=0
sampler stage=12 state=6 value=1
sampler stage=12 state=5 value=1
sampler stage=12 state=7 value=0
sampler stage=12 state=10 value=1
sampler stage=12 state=11 value=0
sampler stage=12 state=8 value=0 bias=0
sampler stage=12 state=9 value=0
sampler stage=13 state=6 value=1
sampler stage=13 state=5 value=1
sampler stage=13 state=7 value=0
sampler stage=13 state=10 value=1
sampler stage=13 state=11 value=0
sampler stage=13 state=8 value=0 bias=0
sampler stage=13 state=9 value=0
sampler stage=14 state=6 value=1
sampler stage=14 state=5 value=1
sampler stage=14 state=7 value=0
sampler stage=14 state=10 value=1
sampler stage=14 state=11 value=0
sampler stage=14 state=8 value=0 bias=0
sampler stage=14 state=9 value=0
sampler stage=15 state=6 value=1
sampler stage=15 state=5 value=1
sampler stage=15 state=7 value=0
sampler stage=15 state=10 value=1
sampler stage=15 state=11 value=0
sampler stage=15 state=8 value=0 bias=0
sampler stage=15 state=9 value=0
vertex_element stream=0 offset=0 type=16 method=0 usage=0 index=0
vertex_element stream=0 offset=8 type=16 method=0 usage=5 index=0
vertex_element stream=0 offset=16 type=16 method=0 usage=3 index=0
vertex_element stream=255 offset=0 type=17 method=0 usage=0 index=0
transform state=256 row=0 values=1,0,0,0
transform state=256 row=1 values=0,1,0,0
transform state=256 row=2 values=0,0,1,0
transform state=256 row=3 values=0,0,0,1
transform state=2 row=0 values=1,0,0,0
transform state=2 row=1 values=0,1,0,0
transform state=2 row=2 values=0,0,1,0
transform state=2 row=3 values=0,0,0,1
transform state=3 row=0 values=1,0,0,0
transform state=3 row=1 values=0,1,0,0
transform state=3 row=2 values=0,0,1,0
transform state=3 row=3 values=0,0,0,1
constants kind=vs type=f count=256 result=00000000 encoding=sparse_zero
constant kind=vs type=f reg=0 bits=bf800000,3f800000,40400000,00000000
constant kind=vs type=f reg=1 bits=3d23d70a,3ccccccd,3c75c28f,00000000
constant kind=vs type=f reg=2 bits=3f800000,3d4ccccd,00000000,00000000
constant kind=vs type=f reg=3 bits=00000000,3f800000,40400000,00000000
constant kind=vs type=f reg=4 bits=3d23d70a,3ccccccd,3c75c28f,00000000
constant kind=vs type=f reg=5 bits=3f800000,3d4ccccd,00000000,00000000
constant kind=vs type=f reg=6 bits=3f800000,3f800000,40400000,00000000
constant kind=vs type=f reg=7 bits=3d23d70a,3ccccccd,3c75c28f,00000000
constant kind=vs type=f reg=8 bits=3f800000,3d4ccccd,00000000,00000000
constant kind=vs type=f reg=9 bits=bf800000,3f800000,40400000,00000000
constant kind=vs type=f reg=10 bits=3d23d70a,3ccccccd,3c75c28f,00000000
constant kind=vs type=f reg=11 bits=3f800000,3d4ccccd,00000000,00000000
constant kind=vs type=f reg=12 bits=00000000,3f800000,40400000,00000000
constant kind=vs type=f reg=13 bits=3d23d70a,3ccccccd,3c75c28f,00000000
constant kind=vs type=f reg=14 bits=3f800000,3d4ccccd,00000000,00000000
constant kind=vs type=f reg=15 bits=3f800000,3f800000,40400000,00000000
constant kind=vs type=f reg=16 bits=3d23d70a,3ccccccd,3c75c28f,00000000
constant kind=vs type=f reg=17 bits=3f800000,3d4ccccd,00000000,00000000
constant kind=vs type=f reg=18 bits=bf800000,3f800000,40400000,00000000
constant kind=vs type=f reg=19 bits=3d23d70a,3ccccccd,3c75c28f,00000000
constant kind=vs type=f reg=20 bits=3f800000,3d4ccccd,00000000,00000000
constant kind=vs type=f reg=21 bits=00000000,3f800000,40400000,00000000
constant kind=vs type=f reg=22 bits=3d23d70a,3ccccccd,3c75c28f,00000000
constant kind=vs type=f reg=23 bits=3f800000,3d4ccccd,00000000,00000000
constant kind=vs type=f reg=24 bits=3f800000,00000000,00000000,00000000
constant kind=vs type=f reg=25 bits=00000000,3f800000,00000000,00000000
constant kind=vs type=f reg=26 bits=00000000,00000000,3f800000,00000000
constant kind=vs type=f reg=27 bits=00000000,00000000,00000000,3f800000
constant kind=vs type=f reg=28 bits=3f800000,00000000,00000000,00000000
constant kind=vs type=f reg=29 bits=00000000,3f800000,00000000,00000000
constant kind=vs type=f reg=30 bits=00000000,00000000,3f800000,00000000
constant kind=vs type=f reg=31 bits=3f800000,00000000,00000000,00000000
constant kind=vs type=f reg=32 bits=00000000,3f800000,00000000,00000000
constant kind=vs type=f reg=33 bits=00000000,00000000,3f800000,00000000
constant kind=vs type=f reg=34 bits=3f800000,00000000,00000000,00000000
constant kind=vs type=f reg=35 bits=00000000,3f800000,00000000,00000000
constant kind=vs type=f reg=36 bits=00000000,00000000,3f800000,40800000
constant kind=vs type=f reg=37 bits=3f800000,00000000,00000000,00000000
constant kind=vs type=f reg=38 bits=00000000,3f800000,00000000,00000000
constant kind=vs type=f reg=39 bits=3f200000,00000000,00000000,00000000
constant kind=vs type=f reg=40 bits=3e4ccccd,3dcccccd,3d4ccccd,00000000
constant kind=vs type=f reg=41 bits=3f800000,00000000,00000000,00000000
constant kind=vs type=f reg=252 bits=42c80000,42ca0000,42cc0000,42ce0000
constant kind=vs type=f reg=253 bits=42d00000,42d20000,42d40000,42d60000
constant kind=vs type=f reg=254 bits=42d80000,42da0000,42dc0000,42de0000
constant kind=vs type=f reg=255 bits=42e00000,42e20000,42e40000,42e60000
constants kind=vs type=i count=16 result=00000000 encoding=full
constant kind=vs type=i reg=0 values=1,0,1,0
constant kind=vs type=i reg=1 values=0,0,0,0
constant kind=vs type=i reg=2 values=0,0,0,0
constant kind=vs type=i reg=3 values=0,0,0,0
constant kind=vs type=i reg=4 values=0,0,0,0
constant kind=vs type=i reg=5 values=0,0,0,0
constant kind=vs type=i reg=6 values=0,0,0,0
constant kind=vs type=i reg=7 values=0,0,0,0
constant kind=vs type=i reg=8 values=0,0,0,0
constant kind=vs type=i reg=9 values=0,0,0,0
constant kind=vs type=i reg=10 values=0,0,0,0
constant kind=vs type=i reg=11 values=0,0,0,0
constant kind=vs type=i reg=12 values=0,0,0,0
constant kind=vs type=i reg=13 values=0,0,0,0
constant kind=vs type=i reg=14 values=0,0,0,0
constant kind=vs type=i reg=15 values=0,0,0,0
constants kind=vs type=b count=16 result=00000000 encoding=full
constant kind=vs type=b reg=0 values=0
constant kind=vs type=b reg=1 values=0
constant kind=vs type=b reg=2 values=0
constant kind=vs type=b reg=3 values=0
constant kind=vs type=b reg=4 values=0
constant kind=vs type=b reg=5 values=0
constant kind=vs type=b reg=6 values=0
constant kind=vs type=b reg=7 values=0
constant kind=vs type=b reg=8 values=0
constant kind=vs type=b reg=9 values=0
constant kind=vs type=b reg=10 values=0
constant kind=vs type=b reg=11 values=0
constant kind=vs type=b reg=12 values=0
constant kind=vs type=b reg=13 values=0
constant kind=vs type=b reg=14 values=0
constant kind=vs type=b reg=15 values=0
constants kind=ps type=f count=224 result=00000000 encoding=sparse_zero
constant kind=ps type=f reg=0 bits=3f800000,00000000,00000000,00000000
constant kind=ps type=f reg=1 bits=00000000,3f800000,00000000,00000000
constant kind=ps type=f reg=2 bits=00000000,00000000,3f800000,00000000
constant kind=ps type=f reg=3 bits=3e800000,00000000,00000000,00000000
constant kind=ps type=f reg=4 bits=00000000,00000000,3f800000,00000000
constant kind=ps type=f reg=5 bits=3e99999a,3e4ccccd,3dcccccd,00000000
constant kind=ps type=f reg=6 bits=3f000000,00000000,3f000000,00000000
constant kind=ps type=f reg=7 bits=3dcccccd,3e19999a,3e4ccccd,00000000
constant kind=ps type=f reg=216 bits=43480000,43490000,434a0000,434b0000
constant kind=ps type=f reg=217 bits=434c0000,434d0000,434e0000,434f0000
constants kind=ps type=i count=16 result=00000000 encoding=full
constant kind=ps type=i reg=0 values=0,0,0,0
constant kind=ps type=i reg=1 values=0,0,0,0
constant kind=ps type=i reg=2 values=0,0,0,0
constant kind=ps type=i reg=3 values=0,0,0,0
constant kind=ps type=i reg=4 values=0,0,0,0
constant kind=ps type=i reg=5 values=0,0,0,0
constant kind=ps type=i reg=6 values=0,0,0,0
constant kind=ps type=i reg=7 values=0,0,0,0
constant kind=ps type=i reg=8 values=0,0,0,0
constant kind=ps type=i reg=9 values=0,0,0,0
constant kind=ps type=i reg=10 values=0,0,0,0
constant kind=ps type=i reg=11 values=0,0,0,0
constant kind=ps type=i reg=12 values=0,0,0,0
constant kind=ps type=i reg=13 values=0,0,0,0
constant kind=ps type=i reg=14 values=0,0,0,0
constant kind=ps type=i reg=15 values=0,0,0,0
constants kind=ps type=b count=16 result=00000000 encoding=full
constant kind=ps type=b reg=0 values=0
constant kind=ps type=b reg=1 values=0
constant kind=ps type=b reg=2 values=0
constant kind=ps type=b reg=3 values=0
constant kind=ps type=b reg=4 values=0
constant kind=ps type=b reg=5 values=0
constant kind=ps type=b reg=6 values=0
constant kind=ps type=b reg=7 values=0
constant kind=ps type=b reg=8 values=0
constant kind=ps type=b reg=9 values=0
constant kind=ps type=b reg=10 values=0
constant kind=ps type=b reg=11 values=0
constant kind=ps type=b reg=12 values=0
constant kind=ps type=b reg=13 values=0
constant kind=ps type=b reg=14 values=0
constant kind=ps type=b reg=15 values=0
draw_args start_vertex=0
motion_input device=1 frame=7 index=1 blockers=00000252 proofs=20 position_path=1 vs=53a0a641107ed76c ps=98731d5594e36226 declaration=0cdf6a8c884ad955 rows_hash=1b0c97ae01a7ec05 color=1 depth=2 width=64 height=64 cull=2 vb=3 vb_revision=0 ib=0 ib_revision=0 position_offset=0 position_type=16 lifetime_verified=0 vertex_finite_verified=0
motion_geometry device=1 frame=7 index=1 source_qualified=1 source_hash=53a0a641107ed76c source_words=526 finite_requested=0 finite_state=0 finite_reason=4 finite_status=00000001 finite_generation=0 finite_revision=0 index_required=0 index_requested=0 index_known=0 index_range_verified=0 index_exact=0 index_min=0 index_max=0 index_reason=1 index_status=00000001 index_generation=0 index_revision=0
draw_result device=1 frame=7 index=1 result=00000000
capture_event device=1 frame=7 seq=3 after_draw=1 op=clear result=00000000 qpc=9616817968185
clear flags=2 color=00000000 z=1 stencil=0 rect_count=0 rect_ptr=00000000
surface role=clear_rt0 ptr=02158cc0 identity=1 width=64 height=64 format=21 usage=1 msaa=0 container=0 container_type=0 container_result=80004002
surface role=clear_depth ptr=02158cf0 identity=2 width=64 height=64 format=77 usage=2 msaa=0 container=0 container_type=0 container_result=80004002
clear_viewport result=00000000 x=0 y=0 w=64 h=64 minz=0 maxz=1
capture_event device=1 frame=7 seq=4 after_draw=1 op=draw_begin result=00000000 qpc=9616817973186
draw device=1 frame=7 index=2 kind=primitive topology=4 primitives=1 vs=53a0a641107ed76c ps=98731d5594e36226
geometry source=buffers
stream slot=0 result=00000000 identity=3 offset=0 stride=24 frequency=1 frequency_result=00000000
vertex_buffer identity=3 bytes=72 usage=0 pool=1 fvf=0
buffer_content kind=vertex identity=3 result=00000000 status=00000001 requested=0 known=0 ambiguous=0 revision=0 pending=0 flags=00000000
stream slot=1 result=00000000 identity=0
stream slot=2 result=00000000 identity=0
stream slot=3 result=00000000 identity=0
stream slot=4 result=00000000 identity=0
stream slot=5 result=00000000 identity=0
stream slot=6 result=00000000 identity=0
stream slot=7 result=00000000 identity=0
stream slot=8 result=00000000 identity=0
stream slot=9 result=00000000 identity=0
stream slot=10 result=00000000 identity=0
stream slot=11 result=00000000 identity=0
stream slot=12 result=00000000 identity=0
stream slot=13 result=00000000 identity=0
stream slot=14 result=00000000 identity=0
stream slot=15 result=00000000 identity=0
indices result=00000000 identity=0
surface role=rt0 ptr=02158cc0 identity=1 width=64 height=64 format=21 usage=1 msaa=0 container=0 container_type=0 container_result=80004002
surface role=depth ptr=02158cf0 identity=2 width=64 height=64 format=77 usage=2 msaa=0 container=0 container_type=0 container_result=80004002
state id=7 value=1
state id=14 value=1
state id=23 value=4
state id=15 value=0
state id=24 value=0
state id=25 value=8
state id=27 value=0
state id=19 value=2
state id=20 value=1
state id=171 value=1
state id=22 value=1
state id=168 value=15
state id=194 value=0
state id=206 value=0
state id=52 value=0
state id=56 value=8
state id=57 value=0
state id=58 value=4294967295
state id=59 value=4294967295
state id=53 value=1
state id=54 value=1
state id=55 value=1
state id=185 value=0
state id=189 value=8
state id=186 value=1
state id=187 value=1
state id=188 value=1
viewport x=0 y=0 w=64 h=64 minz=0 maxz=1
texture stage=0 ptr=02158b70 type=3 identity=9 levels=1
texture_desc stage=0 w=2 h=2 format=21
sampler stage=0 state=6 value=1
sampler stage=0 state=5 value=1
sampler stage=0 state=7 value=0
sampler stage=0 state=10 value=1
sampler stage=0 state=11 value=0
sampler stage=0 state=8 value=0 bias=0
sampler stage=0 state=9 value=0
texture stage=1 ptr=02158bd0 type=3 identity=10 levels=1
texture_desc stage=1 w=2 h=2 format=21
sampler stage=1 state=6 value=1
sampler stage=1 state=5 value=1
sampler stage=1 state=7 value=0
sampler stage=1 state=10 value=1
sampler stage=1 state=11 value=0
sampler stage=1 state=8 value=0 bias=0
sampler stage=1 state=9 value=0
texture stage=2 ptr=02158c30 type=3 identity=11 levels=1
texture_desc stage=2 w=2 h=2 format=21
sampler stage=2 state=6 value=1
sampler stage=2 state=5 value=1
sampler stage=2 state=7 value=0
sampler stage=2 state=10 value=1
sampler stage=2 state=11 value=0
sampler stage=2 state=8 value=0 bias=0
sampler stage=2 state=9 value=0
texture stage=3 ptr=02158c90 type=5 identity=12 levels=1
sampler stage=3 state=6 value=1
sampler stage=3 state=5 value=1
sampler stage=3 state=7 value=0
sampler stage=3 state=10 value=1
sampler stage=3 state=11 value=0
sampler stage=3 state=8 value=0 bias=0
sampler stage=3 state=9 value=0
sampler stage=4 state=6 value=1
sampler stage=4 state=5 value=1
sampler stage=4 state=7 value=0
sampler stage=4 state=10 value=1
sampler stage=4 state=11 value=0
sampler stage=4 state=8 value=0 bias=0
sampler stage=4 state=9 value=0
sampler stage=5 state=6 value=1
sampler stage=5 state=5 value=1
sampler stage=5 state=7 value=0
sampler stage=5 state=10 value=1
sampler stage=5 state=11 value=0
sampler stage=5 state=8 value=0 bias=0
sampler stage=5 state=9 value=0
sampler stage=6 state=6 value=1
sampler stage=6 state=5 value=1
sampler stage=6 state=7 value=0
sampler stage=6 state=10 value=1
sampler stage=6 state=11 value=0
sampler stage=6 state=8 value=0 bias=0
sampler stage=6 state=9 value=0
sampler stage=7 state=6 value=1
sampler stage=7 state=5 value=1
sampler stage=7 state=7 value=0
sampler stage=7 state=10 value=1
sampler stage=7 state=11 value=0
sampler stage=7 state=8 value=0 bias=0
sampler stage=7 state=9 value=0
sampler stage=8 state=6 value=1
sampler stage=8 state=5 value=1
sampler stage=8 state=7 value=0
sampler stage=8 state=10 value=1
sampler stage=8 state=11 value=0
sampler stage=8 state=8 value=0 bias=0
sampler stage=8 state=9 value=0
sampler stage=9 state=6 value=1
sampler stage=9 state=5 value=1
sampler stage=9 state=7 value=0
sampler stage=9 state=10 value=1
sampler stage=9 state=11 value=0
sampler stage=9 state=8 value=0 bias=0
sampler stage=9 state=9 value=0
sampler stage=10 state=6 value=1
sampler stage=10 state=5 value=1
sampler stage=10 state=7 value=0
sampler stage=10 state=10 value=1
sampler stage=10 state=11 value=0
sampler stage=10 state=8 value=0 bias=0
sampler stage=10 state=9 value=0
sampler stage=11 state=6 value=1
sampler stage=11 state=5 value=1
sampler stage=11 state=7 value=0
sampler stage=11 state=10 value=1
sampler stage=11 state=11 value=0
sampler stage=11 state=8 value=0 bias=0
sampler stage=11 state=9 value=0
sampler stage=12 state=6 value=1
sampler stage=12 state=5 value=1
sampler stage=12 state=7 value=0
sampler stage=12 state=10 value=1
sampler stage=12 state=11 value=0
sampler stage=12 state=8 value=0 bias=0
sampler stage=12 state=9 value=0
sampler stage=13 state=6 value=1
sampler stage=13 state=5 value=1
sampler stage=13 state=7 value=0
sampler stage=13 state=10 value=1
sampler stage=13 state=11 value=0
sampler stage=13 state=8 value=0 bias=0
sampler stage=13 state=9 value=0
sampler stage=14 state=6 value=1
sampler stage=14 state=5 value=1
sampler stage=14 state=7 value=0
sampler stage=14 state=10 value=1
sampler stage=14 state=11 value=0
sampler stage=14 state=8 value=0 bias=0
sampler stage=14 state=9 value=0
sampler stage=15 state=6 value=1
sampler stage=15 state=5 value=1
sampler stage=15 state=7 value=0
sampler stage=15 state=10 value=1
sampler stage=15 state=11 value=0
sampler stage=15 state=8 value=0 bias=0
sampler stage=15 state=9 value=0
vertex_element stream=0 offset=0 type=16 method=0 usage=0 index=0
vertex_element stream=0 offset=8 type=16 method=0 usage=5 index=0
vertex_element stream=0 offset=16 type=16 method=0 usage=3 index=0
vertex_element stream=255 offset=0 type=17 method=0 usage=0 index=0
transform state=256 row=0 values=1,0,0,0
transform state=256 row=1 values=0,1,0,0
transform state=256 row=2 values=0,0,1,0
transform state=256 row=3 values=0,0,0,1
transform state=2 row=0 values=1,0,0,0
transform state=2 row=1 values=0,1,0,0
transform state=2 row=2 values=0,0,1,0
transform state=2 row=3 values=0,0,0,1
transform state=3 row=0 values=1,0,0,0
transform state=3 row=1 values=0,1,0,0
transform state=3 row=2 values=0,0,1,0
transform state=3 row=3 values=0,0,0,1
constants kind=vs type=f count=256 result=00000000 encoding=sparse_zero
constant kind=vs type=f reg=0 bits=bf800000,3f800000,40400000,00000000
constant kind=vs type=f reg=1 bits=3d23d70a,3ccccccd,3c75c28f,00000000
constant kind=vs type=f reg=2 bits=3f800000,3d4ccccd,00000000,00000000
constant kind=vs type=f reg=3 bits=00000000,3f800000,40400000,00000000
constant kind=vs type=f reg=4 bits=3d23d70a,3ccccccd,3c75c28f,00000000
constant kind=vs type=f reg=5 bits=3f800000,3d4ccccd,00000000,00000000
constant kind=vs type=f reg=6 bits=3f800000,3f800000,40400000,00000000
constant kind=vs type=f reg=7 bits=3d23d70a,3ccccccd,3c75c28f,00000000
constant kind=vs type=f reg=8 bits=3f800000,3d4ccccd,00000000,00000000
constant kind=vs type=f reg=9 bits=bf800000,3f800000,40400000,00000000
constant kind=vs type=f reg=10 bits=3d23d70a,3ccccccd,3c75c28f,00000000
constant kind=vs type=f reg=11 bits=3f800000,3d4ccccd,00000000,00000000
constant kind=vs type=f reg=12 bits=00000000,3f800000,40400000,00000000
constant kind=vs type=f reg=13 bits=3d23d70a,3ccccccd,3c75c28f,00000000
constant kind=vs type=f reg=14 bits=3f800000,3d4ccccd,00000000,00000000
constant kind=vs type=f reg=15 bits=3f800000,3f800000,40400000,00000000
constant kind=vs type=f reg=16 bits=3d23d70a,3ccccccd,3c75c28f,00000000
constant kind=vs type=f reg=17 bits=3f800000,3d4ccccd,00000000,00000000
constant kind=vs type=f reg=18 bits=bf800000,3f800000,40400000,00000000
constant kind=vs type=f reg=19 bits=3d23d70a,3ccccccd,3c75c28f,00000000
constant kind=vs type=f reg=20 bits=3f800000,3d4ccccd,00000000,00000000
constant kind=vs type=f reg=21 bits=00000000,3f800000,40400000,00000000
constant kind=vs type=f reg=22 bits=3d23d70a,3ccccccd,3c75c28f,00000000
constant kind=vs type=f reg=23 bits=3f800000,3d4ccccd,00000000,00000000
constant kind=vs type=f reg=24 bits=3f800000,00000000,00000000,3f400000
constant kind=vs type=f reg=25 bits=00000000,3f800000,00000000,00000000
constant kind=vs type=f reg=26 bits=00000000,00000000,3f800000,00000000
constant kind=vs type=f reg=27 bits=00000000,00000000,00000000,3f800000
constant kind=vs type=f reg=28 bits=3f800000,00000000,00000000,00000000
constant kind=vs type=f reg=29 bits=00000000,3f800000,00000000,00000000
constant kind=vs type=f reg=30 bits=00000000,00000000,3f800000,00000000
constant kind=vs type=f reg=31 bits=3f800000,00000000,00000000,00000000
constant kind=vs type=f reg=32 bits=00000000,3f800000,00000000,00000000
constant kind=vs type=f reg=33 bits=00000000,00000000,3f800000,00000000
constant kind=vs type=f reg=34 bits=3f800000,00000000,00000000,00000000
constant kind=vs type=f reg=35 bits=00000000,3f800000,00000000,00000000
constant kind=vs type=f reg=36 bits=00000000,00000000,3f800000,40800000
constant kind=vs type=f reg=37 bits=3f800000,00000000,00000000,00000000
constant kind=vs type=f reg=38 bits=00000000,3f800000,00000000,00000000
constant kind=vs type=f reg=39 bits=3f200000,00000000,00000000,00000000
constant kind=vs type=f reg=40 bits=3e4ccccd,3dcccccd,3d4ccccd,00000000
constant kind=vs type=f reg=41 bits=3f800000,00000000,00000000,00000000
constant kind=vs type=f reg=252 bits=42c80000,42ca0000,42cc0000,42ce0000
constant kind=vs type=f reg=253 bits=42d00000,42d20000,42d40000,42d60000
constant kind=vs type=f reg=254 bits=42d80000,42da0000,42dc0000,42de0000
constant kind=vs type=f reg=255 bits=42e00000,42e20000,42e40000,42e60000
constants kind=vs type=i count=16 result=00000000 encoding=full
constant kind=vs type=i reg=0 values=1,0,1,0
constant kind=vs type=i reg=1 values=0,0,0,0
constant kind=vs type=i reg=2 values=0,0,0,0
constant kind=vs type=i reg=3 values=0,0,0,0
constant kind=vs type=i reg=4 values=0,0,0,0
constant kind=vs type=i reg=5 values=0,0,0,0
constant kind=vs type=i reg=6 values=0,0,0,0
constant kind=vs type=i reg=7 values=0,0,0,0
constant kind=vs type=i reg=8 values=0,0,0,0
constant kind=vs type=i reg=9 values=0,0,0,0
constant kind=vs type=i reg=10 values=0,0,0,0
constant kind=vs type=i reg=11 values=0,0,0,0
constant kind=vs type=i reg=12 values=0,0,0,0
constant kind=vs type=i reg=13 values=0,0,0,0
constant kind=vs type=i reg=14 values=0,0,0,0
constant kind=vs type=i reg=15 values=0,0,0,0
constants kind=vs type=b count=16 result=00000000 encoding=full
constant kind=vs type=b reg=0 values=0
constant kind=vs type=b reg=1 values=0
constant kind=vs type=b reg=2 values=0
constant kind=vs type=b reg=3 values=0
constant kind=vs type=b reg=4 values=0
constant kind=vs type=b reg=5 values=0
constant kind=vs type=b reg=6 values=0
constant kind=vs type=b reg=7 values=0
constant kind=vs type=b reg=8 values=0
constant kind=vs type=b reg=9 values=0
constant kind=vs type=b reg=10 values=0
constant kind=vs type=b reg=11 values=0
constant kind=vs type=b reg=12 values=0
constant kind=vs type=b reg=13 values=0
constant kind=vs type=b reg=14 values=0
constant kind=vs type=b reg=15 values=0
constants kind=ps type=f count=224 result=00000000 encoding=sparse_zero
constant kind=ps type=f reg=0 bits=3f800000,00000000,00000000,00000000
constant kind=ps type=f reg=1 bits=00000000,3f800000,00000000,00000000
constant kind=ps type=f reg=2 bits=00000000,00000000,3f800000,00000000
constant kind=ps type=f reg=3 bits=3e800000,00000000,00000000,00000000
constant kind=ps type=f reg=4 bits=00000000,00000000,3f800000,00000000
constant kind=ps type=f reg=5 bits=3e99999a,3e4ccccd,3dcccccd,00000000
constant kind=ps type=f reg=6 bits=3f000000,00000000,3f000000,00000000
constant kind=ps type=f reg=7 bits=3dcccccd,3e19999a,3e4ccccd,00000000
constant kind=ps type=f reg=216 bits=43480000,43490000,434a0000,434b0000
constant kind=ps type=f reg=217 bits=434c0000,434d0000,434e0000,434f0000
constants kind=ps type=i count=16 result=00000000 encoding=full
constant kind=ps type=i reg=0 values=0,0,0,0
constant kind=ps type=i reg=1 values=0,0,0,0
constant kind=ps type=i reg=2 values=0,0,0,0
constant kind=ps type=i reg=3 values=0,0,0,0
constant kind=ps type=i reg=4 values=0,0,0,0
constant kind=ps type=i reg=5 values=0,0,0,0
constant kind=ps type=i reg=6 values=0,0,0,0
constant kind=ps type=i reg=7 values=0,0,0,0
constant kind=ps type=i reg=8 values=0,0,0,0
constant kind=ps type=i reg=9 values=0,0,0,0
constant kind=ps type=i reg=10 values=0,0,0,0
constant kind=ps type=i reg=11 values=0,0,0,0
constant kind=ps type=i reg=12 values=0,0,0,0
constant kind=ps type=i reg=13 values=0,0,0,0
constant kind=ps type=i reg=14 values=0,0,0,0
constant kind=ps type=i reg=15 values=0,0,0,0
constants kind=ps type=b count=16 result=00000000 encoding=full
constant kind=ps type=b reg=0 values=0
constant kind=ps type=b reg=1 values=0
constant kind=ps type=b reg=2 values=0
constant kind=ps type=b reg=3 values=0
constant kind=ps type=b reg=4 values=0
constant kind=ps type=b reg=5 values=0
constant kind=ps type=b reg=6 values=0
constant kind=ps type=b reg=7 values=0
constant kind=ps type=b reg=8 values=0
constant kind=ps type=b reg=9 values=0
constant kind=ps type=b reg=10 values=0
constant kind=ps type=b reg=11 values=0
constant kind=ps type=b reg=12 values=0
constant kind=ps type=b reg=13 values=0
constant kind=ps type=b reg=14 values=0
constant kind=ps type=b reg=15 values=0
draw_args start_vertex=0
motion_route device=1 frame=7 index=2 gate=3 routed=0 matched=0 depth=0 jittered=1 vs=53a0a641107ed76c ps=98731d5594e36226 node=00000000 camera=00000000 node_handle=0 camera_handle=0 node_serial=0 camera_serial=0 load_epoch=0 registry_epoch=0 model=00000000 lod=00000000 vb=0 ib=0 declaration=0000000000000000 offset=0 stride=0 position_offset=0 position_type=0 topology=0 first=0 primitives=0 base_vertex=0 min_vertex=0 vertex_count=0 indexed=0 pass=0 rows_hash=0000000000000000 result=00000000
motion_input device=1 frame=7 index=2 blockers=00000212 proofs=20 position_path=1 vs=53a0a641107ed76c ps=98731d5594e36226 declaration=0cdf6a8c884ad955 rows_hash=712d59ff944d11a8 color=1 depth=2 width=64 height=64 cull=1 vb=3 vb_revision=0 ib=0 ib_revision=0 position_offset=0 position_type=16 lifetime_verified=0 vertex_finite_verified=0
motion_geometry device=1 frame=7 index=2 source_qualified=1 source_hash=53a0a641107ed76c source_words=526 finite_requested=0 finite_state=0 finite_reason=4 finite_status=00000001 finite_generation=0 finite_revision=0 index_required=0 index_requested=0 index_known=0 index_range_verified=0 index_exact=0 index_min=0 index_max=0 index_reason=1 index_status=00000001 index_generation=0 index_revision=0
draw_result device=1 frame=7 index=2 result=00000000
capture_event device=1 frame=7 seq=5 after_draw=2 op=draw_begin result=00000000 qpc=9616817989575
draw device=1 frame=7 index=3 kind=primitive topology=4 primitives=1 vs=53a0a641107ed76c ps=8759c7838bbc86c2
geometry source=buffers
stream slot=0 result=00000000 identity=6 offset=0 stride=24 frequency=1 frequency_result=00000000
vertex_buffer identity=6 bytes=72 usage=0 pool=1 fvf=0
buffer_content kind=vertex identity=6 result=00000000 status=00000001 requested=0 known=0 ambiguous=0 revision=0 pending=0 flags=00000000
stream slot=1 result=00000000 identity=0
stream slot=2 result=00000000 identity=0
stream slot=3 result=00000000 identity=0
stream slot=4 result=00000000 identity=0
stream slot=5 result=00000000 identity=0
stream slot=6 result=00000000 identity=0
stream slot=7 result=00000000 identity=0
stream slot=8 result=00000000 identity=0
stream slot=9 result=00000000 identity=0
stream slot=10 result=00000000 identity=0
stream slot=11 result=00000000 identity=0
stream slot=12 result=00000000 identity=0
stream slot=13 result=00000000 identity=0
stream slot=14 result=00000000 identity=0
stream slot=15 result=00000000 identity=0
indices result=00000000 identity=0
surface role=rt0 ptr=02158cc0 identity=1 width=64 height=64 format=21 usage=1 msaa=0 container=0 container_type=0 container_result=80004002
surface role=depth ptr=02158cf0 identity=2 width=64 height=64 format=77 usage=2 msaa=0 container=0 container_type=0 container_result=80004002
state id=7 value=1
state id=14 value=1
state id=23 value=4
state id=15 value=0
state id=24 value=0
state id=25 value=8
state id=27 value=0
state id=19 value=2
state id=20 value=1
state id=171 value=1
state id=22 value=1
state id=168 value=15
state id=194 value=0
state id=206 value=0
state id=52 value=0
state id=56 value=8
state id=57 value=0
state id=58 value=4294967295
state id=59 value=4294967295
state id=53 value=1
state id=54 value=1
state id=55 value=1
state id=185 value=0
state id=189 value=8
state id=186 value=1
state id=187 value=1
state id=188 value=1
viewport x=0 y=0 w=64 h=64 minz=0 maxz=1
texture stage=0 ptr=02158b70 type=3 identity=9 levels=1
texture_desc stage=0 w=2 h=2 format=21
sampler stage=0 state=6 value=1
sampler stage=0 state=5 value=1
sampler stage=0 state=7 value=0
sampler stage=0 state=10 value=1
sampler stage=0 state=11 value=0
sampler stage=0 state=8 value=0 bias=0
sampler stage=0 state=9 value=0
texture stage=1 ptr=02158bd0 type=3 identity=10 levels=1
texture_desc stage=1 w=2 h=2 format=21
sampler stage=1 state=6 value=1
sampler stage=1 state=5 value=1
sampler stage=1 state=7 value=0
sampler stage=1 state=10 value=1
sampler stage=1 state=11 value=0
sampler stage=1 state=8 value=0 bias=0
sampler stage=1 state=9 value=0
texture stage=2 ptr=02158c30 type=3 identity=11 levels=1
texture_desc stage=2 w=2 h=2 format=21
sampler stage=2 state=6 value=1
sampler stage=2 state=5 value=1
sampler stage=2 state=7 value=0
sampler stage=2 state=10 value=1
sampler stage=2 state=11 value=0
sampler stage=2 state=8 value=0 bias=0
sampler stage=2 state=9 value=0
texture stage=3 ptr=02158c90 type=5 identity=12 levels=1
sampler stage=3 state=6 value=1
sampler stage=3 state=5 value=1
sampler stage=3 state=7 value=0
sampler stage=3 state=10 value=1
sampler stage=3 state=11 value=0
sampler stage=3 state=8 value=0 bias=0
sampler stage=3 state=9 value=0
sampler stage=4 state=6 value=1
sampler stage=4 state=5 value=1
sampler stage=4 state=7 value=0
sampler stage=4 state=10 value=1
sampler stage=4 state=11 value=0
sampler stage=4 state=8 value=0 bias=0
sampler stage=4 state=9 value=0
sampler stage=5 state=6 value=1
sampler stage=5 state=5 value=1
sampler stage=5 state=7 value=0
sampler stage=5 state=10 value=1
sampler stage=5 state=11 value=0
sampler stage=5 state=8 value=0 bias=0
sampler stage=5 state=9 value=0
sampler stage=6 state=6 value=1
sampler stage=6 state=5 value=1
sampler stage=6 state=7 value=0
sampler stage=6 state=10 value=1
sampler stage=6 state=11 value=0
sampler stage=6 state=8 value=0 bias=0
sampler stage=6 state=9 value=0
sampler stage=7 state=6 value=1
sampler stage=7 state=5 value=1
sampler stage=7 state=7 value=0
sampler stage=7 state=10 value=1
sampler stage=7 state=11 value=0
sampler stage=7 state=8 value=0 bias=0
sampler stage=7 state=9 value=0
sampler stage=8 state=6 value=1
sampler stage=8 state=5 value=1
sampler stage=8 state=7 value=0
sampler stage=8 state=10 value=1
sampler stage=8 state=11 value=0
sampler stage=8 state=8 value=0 bias=0
sampler stage=8 state=9 value=0
sampler stage=9 state=6 value=1
sampler stage=9 state=5 value=1
sampler stage=9 state=7 value=0
sampler stage=9 state=10 value=1
sampler stage=9 state=11 value=0
sampler stage=9 state=8 value=0 bias=0
sampler stage=9 state=9 value=0
sampler stage=10 state=6 value=1
sampler stage=10 state=5 value=1
sampler stage=10 state=7 value=0
sampler stage=10 state=10 value=1
sampler stage=10 state=11 value=0
sampler stage=10 state=8 value=0 bias=0
sampler stage=10 state=9 value=0
sampler stage=11 state=6 value=1
sampler stage=11 state=5 value=1
sampler stage=11 state=7 value=0
sampler stage=11 state=10 value=1
sampler stage=11 state=11 value=0
sampler stage=11 state=8 value=0 bias=0
sampler stage=11 state=9 value=0
sampler stage=12 state=6 value=1
sampler stage=12 state=5 value=1
sampler stage=12 state=7 value=0
sampler stage=12 state=10 value=1
sampler stage=12 state=11 value=0
sampler stage=12 state=8 value=0 bias=0
sampler stage=12 state=9 value=0
sampler stage=13 state=6 value=1
sampler stage=13 state=5 value=1
sampler stage=13 state=7 value=0
sampler stage=13 state=10 value=1
sampler stage=13 state=11 value=0
sampler stage=13 state=8 value=0 bias=0
sampler stage=13 state=9 value=0
sampler stage=14 state=6 value=1
sampler stage=14 state=5 value=1
sampler stage=14 state=7 value=0
sampler stage=14 state=10 value=1
sampler stage=14 state=11 value=0
sampler stage=14 state=8 value=0 bias=0
sampler stage=14 state=9 value=0
sampler stage=15 state=6 value=1
sampler stage=15 state=5 value=1
sampler stage=15 state=7 value=0
sampler stage=15 state=10 value=1
sampler stage=15 state=11 value=0
sampler stage=15 state=8 value=0 bias=0
sampler stage=15 state=9 value=0
vertex_element stream=0 offset=0 type=16 method=0 usage=0 index=0
vertex_element stream=0 offset=8 type=16 method=0 usage=5 index=0
vertex_element stream=0 offset=16 type=16 method=0 usage=3 index=0
vertex_element stream=255 offset=0 type=17 method=0 usage=0 index=0
transform state=256 row=0 values=1,0,0,0
transform state=256 row=1 values=0,1,0,0
transform state=256 row=2 values=0,0,1,0
transform state=256 row=3 values=0,0,0,1
transform state=2 row=0 values=1,0,0,0
transform state=2 row=1 values=0,1,0,0
transform state=2 row=2 values=0,0,1,0
transform state=2 row=3 values=0,0,0,1
transform state=3 row=0 values=1,0,0,0
transform state=3 row=1 values=0,1,0,0
transform state=3 row=2 values=0,0,1,0
transform state=3 row=3 values=0,0,0,1
constants kind=vs type=f count=256 result=00000000 encoding=sparse_zero
constant kind=vs type=f reg=0 bits=bf800000,3f800000,40400000,00000000
constant kind=vs type=f reg=1 bits=3d23d70a,3ccccccd,3c75c28f,00000000
constant kind=vs type=f reg=2 bits=3f800000,3d4ccccd,00000000,00000000
constant kind=vs type=f reg=3 bits=00000000,3f800000,40400000,00000000
constant kind=vs type=f reg=4 bits=3d23d70a,3ccccccd,3c75c28f,00000000
constant kind=vs type=f reg=5 bits=3f800000,3d4ccccd,00000000,00000000
constant kind=vs type=f reg=6 bits=3f800000,3f800000,40400000,00000000
constant kind=vs type=f reg=7 bits=3d23d70a,3ccccccd,3c75c28f,00000000
constant kind=vs type=f reg=8 bits=3f800000,3d4ccccd,00000000,00000000
constant kind=vs type=f reg=9 bits=bf800000,3f800000,40400000,00000000
constant kind=vs type=f reg=10 bits=3d23d70a,3ccccccd,3c75c28f,00000000
constant kind=vs type=f reg=11 bits=3f800000,3d4ccccd,00000000,00000000
constant kind=vs type=f reg=12 bits=00000000,3f800000,40400000,00000000
constant kind=vs type=f reg=13 bits=3d23d70a,3ccccccd,3c75c28f,00000000
constant kind=vs type=f reg=14 bits=3f800000,3d4ccccd,00000000,00000000
constant kind=vs type=f reg=15 bits=3f800000,3f800000,40400000,00000000
constant kind=vs type=f reg=16 bits=3d23d70a,3ccccccd,3c75c28f,00000000
constant kind=vs type=f reg=17 bits=3f800000,3d4ccccd,00000000,00000000
constant kind=vs type=f reg=18 bits=bf800000,3f800000,40400000,00000000
constant kind=vs type=f reg=19 bits=3d23d70a,3ccccccd,3c75c28f,00000000
constant kind=vs type=f reg=20 bits=3f800000,3d4ccccd,00000000,00000000
constant kind=vs type=f reg=21 bits=00000000,3f800000,40400000,00000000
constant kind=vs type=f reg=22 bits=3d23d70a,3ccccccd,3c75c28f,00000000
constant kind=vs type=f reg=23 bits=3f800000,3d4ccccd,00000000,00000000
constant kind=vs type=f reg=24 bits=3f800000,00000000,00000000,00000000
constant kind=vs type=f reg=25 bits=00000000,3f800000,00000000,00000000
constant kind=vs type=f reg=26 bits=00000000,00000000,3f800000,00000000
constant kind=vs type=f reg=27 bits=00000000,00000000,00000000,3f800000
constant kind=vs type=f reg=28 bits=3f800000,00000000,00000000,00000000
constant kind=vs type=f reg=29 bits=00000000,3f800000,00000000,00000000
constant kind=vs type=f reg=30 bits=00000000,00000000,3f800000,00000000
constant kind=vs type=f reg=31 bits=3f800000,00000000,00000000,00000000
constant kind=vs type=f reg=32 bits=00000000,3f800000,00000000,00000000
constant kind=vs type=f reg=33 bits=00000000,00000000,3f800000,00000000
constant kind=vs type=f reg=34 bits=3f800000,00000000,00000000,00000000
constant kind=vs type=f reg=35 bits=00000000,3f800000,00000000,00000000
constant kind=vs type=f reg=36 bits=00000000,00000000,3f800000,40800000
constant kind=vs type=f reg=37 bits=3f800000,00000000,00000000,00000000
constant kind=vs type=f reg=38 bits=00000000,3f800000,00000000,00000000
constant kind=vs type=f reg=39 bits=3f200000,00000000,00000000,00000000
constant kind=vs type=f reg=40 bits=3e4ccccd,3dcccccd,3d4ccccd,00000000
constant kind=vs type=f reg=41 bits=3f800000,00000000,00000000,00000000
constant kind=vs type=f reg=252 bits=42c80000,42ca0000,42cc0000,42ce0000
constant kind=vs type=f reg=253 bits=42d00000,42d20000,42d40000,42d60000
constant kind=vs type=f reg=254 bits=42d80000,42da0000,42dc0000,42de0000
constant kind=vs type=f reg=255 bits=42e00000,42e20000,42e40000,42e60000
constants kind=vs type=i count=16 result=00000000 encoding=full
constant kind=vs type=i reg=0 values=1,0,1,0
constant kind=vs type=i reg=1 values=0,0,0,0
constant kind=vs type=i reg=2 values=0,0,0,0
constant kind=vs type=i reg=3 values=0,0,0,0
constant kind=vs type=i reg=4 values=0,0,0,0
constant kind=vs type=i reg=5 values=0,0,0,0
constant kind=vs type=i reg=6 values=0,0,0,0
constant kind=vs type=i reg=7 values=0,0,0,0
constant kind=vs type=i reg=8 values=0,0,0,0
constant kind=vs type=i reg=9 values=0,0,0,0
constant kind=vs type=i reg=10 values=0,0,0,0
constant kind=vs type=i reg=11 values=0,0,0,0
constant kind=vs type=i reg=12 values=0,0,0,0
constant kind=vs type=i reg=13 values=0,0,0,0
constant kind=vs type=i reg=14 values=0,0,0,0
constant kind=vs type=i reg=15 values=0,0,0,0
constants kind=vs type=b count=16 result=00000000 encoding=full
constant kind=vs type=b reg=0 values=0
constant kind=vs type=b reg=1 values=0
constant kind=vs type=b reg=2 values=0
constant kind=vs type=b reg=3 values=0
constant kind=vs type=b reg=4 values=0
constant kind=vs type=b reg=5 values=0
constant kind=vs type=b reg=6 values=0
constant kind=vs type=b reg=7 values=0
constant kind=vs type=b reg=8 values=0
constant kind=vs type=b reg=9 values=0
constant kind=vs type=b reg=10 values=0
constant kind=vs type=b reg=11 values=0
constant kind=vs type=b reg=12 values=0
constant kind=vs type=b reg=13 values=0
constant kind=vs type=b reg=14 values=0
constant kind=vs type=b reg=15 values=0
constants kind=ps type=f count=224 result=00000000 encoding=sparse_zero
constant kind=ps type=f reg=0 bits=3f800000,00000000,00000000,00000000
constant kind=ps type=f reg=1 bits=00000000,3f800000,00000000,00000000
constant kind=ps type=f reg=2 bits=00000000,00000000,3f800000,00000000
constant kind=ps type=f reg=3 bits=3e800000,00000000,00000000,00000000
constant kind=ps type=f reg=4 bits=00000000,00000000,3f800000,00000000
constant kind=ps type=f reg=5 bits=3e99999a,3e4ccccd,3dcccccd,00000000
constant kind=ps type=f reg=6 bits=3f000000,00000000,3f000000,00000000
constant kind=ps type=f reg=7 bits=3dcccccd,3e19999a,3e4ccccd,00000000
constant kind=ps type=f reg=216 bits=43480000,43490000,434a0000,434b0000
constant kind=ps type=f reg=217 bits=434c0000,434d0000,434e0000,434f0000
constants kind=ps type=i count=16 result=00000000 encoding=full
constant kind=ps type=i reg=0 values=0,0,0,0
constant kind=ps type=i reg=1 values=0,0,0,0
constant kind=ps type=i reg=2 values=0,0,0,0
constant kind=ps type=i reg=3 values=0,0,0,0
constant kind=ps type=i reg=4 values=0,0,0,0
constant kind=ps type=i reg=5 values=0,0,0,0
constant kind=ps type=i reg=6 values=0,0,0,0
constant kind=ps type=i reg=7 values=0,0,0,0
constant kind=ps type=i reg=8 values=0,0,0,0
constant kind=ps type=i reg=9 values=0,0,0,0
constant kind=ps type=i reg=10 values=0,0,0,0
constant kind=ps type=i reg=11 values=0,0,0,0
constant kind=ps type=i reg=12 values=0,0,0,0
constant kind=ps type=i reg=13 values=0,0,0,0
constant kind=ps type=i reg=14 values=0,0,0,0
constant kind=ps type=i reg=15 values=0,0,0,0
constants kind=ps type=b count=16 result=00000000 encoding=full
constant kind=ps type=b reg=0 values=0
constant kind=ps type=b reg=1 values=0
constant kind=ps type=b reg=2 values=0
constant kind=ps type=b reg=3 values=0
constant kind=ps type=b reg=4 values=0
constant kind=ps type=b reg=5 values=0
constant kind=ps type=b reg=6 values=0
constant kind=ps type=b reg=7 values=0
constant kind=ps type=b reg=8 values=0
constant kind=ps type=b reg=9 values=0
constant kind=ps type=b reg=10 values=0
constant kind=ps type=b reg=11 values=0
constant kind=ps type=b reg=12 values=0
constant kind=ps type=b reg=13 values=0
constant kind=ps type=b reg=14 values=0
constant kind=ps type=b reg=15 values=0
draw_args start_vertex=0
motion_route device=1 frame=7 index=3 gate=0 routed=1 matched=1 depth=1 jittered=1 vs=53a0a641107ed76c ps=8759c7838bbc86c2 node=00001100 camera=00002000 node_handle=8 camera_handle=9 node_serial=12 camera_serial=21 load_epoch=3 registry_epoch=5 model=00000012 lod=00000002 vb=6 ib=0 declaration=0cdf6a8c884ad955 offset=0 stride=24 position_offset=0 position_type=16 topology=4 first=0 primitives=1 base_vertex=0 min_vertex=0 vertex_count=0 indexed=0 pass=1 rows_hash=1b0c97ae01a7ec05 result=00000000
motion_input device=1 frame=7 index=3 blockers=00000210 proofs=28 position_path=1 vs=53a0a641107ed76c ps=8759c7838bbc86c2 declaration=0cdf6a8c884ad955 rows_hash=1b0c97ae01a7ec05 color=1 depth=2 width=64 height=64 cull=1 vb=6 vb_revision=0 ib=0 ib_revision=0 position_offset=0 position_type=16 lifetime_verified=0 vertex_finite_verified=0
motion_geometry device=1 frame=7 index=3 source_qualified=1 source_hash=53a0a641107ed76c source_words=526 finite_requested=0 finite_state=0 finite_reason=4 finite_status=00000001 finite_generation=0 finite_revision=0 index_required=0 index_requested=0 index_known=0 index_range_verified=0 index_exact=0 index_min=0 index_max=0 index_reason=1 index_status=00000001 index_generation=0 index_revision=0
draw_result device=1 frame=7 index=3 result=00000000
motion_output_cut device=1 frame=7 samples=1 median_px=1.6000 keyed=1 missing=0 missing_fraction=0.0000 bound_px=2.400 bound_missing=0.250 cut=0
capture_event device=1 frame=7 seq=6 after_draw=3 op=set_depth result=00000000 qpc=9616818002087
set_depth ptr=00000000 result=00000000
surface role=depth_binding ptr=0 identity=0
hdr_readback device=1 frame=7 file=hdr_1_7.rgba16f width=64 height=64 format=rgba16f_row_major result=00000000 bytes=32768
motion_output_color_readback device=1 frame=7 file=color_1_7.bgra8 width=64 height=64 format=bgra8_row_major result=00000000 bytes=16384
motion_output_taa_readback device=1 frame=7 file=taa_1_7.rgba16f width=64 height=64 format=rgba16f_row_major result=00000000 bytes=32768
capture_event device=1 frame=7 seq=7 after_draw=3 op=stretch_rect result=00000000 qpc=9616818037193
stretch_rect source=02158cc0 dest=02158d50 filter=0 source_rect_null=1 dest_rect_null=1
surface role=stretch_source ptr=02158cc0 identity=1 width=64 height=64 format=21 usage=1 msaa=0 container=0 container_type=0 container_result=80004002
surface role=stretch_dest ptr=02158d50 identity=7 width=64 height=64 format=21 usage=1 msaa=0 container=8 container_type=3 container_result=00000000
capture_event device=1 frame=7 seq=8 after_draw=3 op=set_depth result=00000000 qpc=9616818090403
set_depth ptr=02158cf0 result=00000000
surface role=depth_binding ptr=02158cf0 identity=2 width=64 height=64 format=77 usage=2 msaa=0 container=0 container_type=0 container_result=80004002
motion_output_readback device=1 frame=7 file=motion_1_7.rgba32f width=64 height=64 format=rgba32f_row_major result=00000000 bytes=65536
motion_output_depth_readback device=1 frame=7 file=depth_1_7.r32f width=64 height=64 format=r32f_row_major result=00000000 bytes=16384
motion_output_frame device=1 frame=7 latched=1 filled=1 fill_result=00000000 fill_restore=00000000 draws=3 routed=1 matched=1 gate1=0 gate2=1 gate3=1 gate4=0 gate5=0 gate6=0 apply_failures=0 restore_failures=0 history_previous=1 history_current=0 committed=1 selector_state=9 present=00000000 depth=1 depth_routed=1 jitter=1 jitter_index=7 jitter_x=-0.437500 jitter_y=0.388889 jitter_previous_x=0.375000 jitter_previous_y=0.055556 jittered=2 cut=0 cut_median_px=1.6000 cut_missing=0.0000 cut_samples=1 taa=1 taa_attempted=1 taa_resolved=1 taa_history=1 taa_skip=0 taa_result=00000000 taa_restore=00000000 taa_copy=00000001 taa_hdr=1 taa_k=1.00000 taa_sharpen=0 scene_open=0 active_queries=0 taa_references=10 camera_valid=0 camera_background_valid=0 camera_reads=0 camera_policy=1 camera_reason=2 camera_cut=0 camera_rotation_deg=0.0000 rt_mode=perdraw timing=cpu_qpc set_rt=4 lazy_flushes=0 jitter_writes=4 readbacks=5 gate_us=13.8 route_draw_us=14.0 set_rt_us=7.0 lazy_flush_us=0.0 jitter_us=1.5 fill_us=70.5 taa_run_us=204.4 taa_capture_us=6.7 taa_copy_color_us=0.2 taa_copy_depth_us=4.7 taa_draw_us=168.3 taa_apply_us=16.2 taa_copy_back_us=0.0 readback_us=3585.7 state_shadow=1 rs_queries=12 rs_hits=2 rs_gets=24 rs_resyncs=2 sb_resyncs=2 scene_hook=0 scene_end_source=stretchrect scene_end_check=3 hook_signals=0 hook_outside_scene=0 hook_state=0 draws_after_hook=0 bloom_copy_seen=1 mip_bias=0 mip_bias_sets=0 mip_bias_restores=0 mip_bias_draws=0 mip_bias_stages=0000 mip_bias_reads=0 mip_bias_game_writes=0 mip_bias_game_writes_total=0 mip_bias_failures=0 mip_bias_biased_now=0000
camera_state device=1 frame=7 status=executable_mismatch reads=0 valid=0 read_failure=0 failure=0 projection=00000000 view=00000000 p00=0 p11=0 p20=0 p21=0 r00=0 r01=0 r02=0 r10=0 r11=0 r12=0 r20=0 r21=0 r22=0 t=0,0,0 background_valid=0 background_p00=0 background_p11=0 background_rotation_deg=0.0000 history_view_valid=0 history_view_frame=7 rotation_deg=0.0000 policy=1 reason=2 camera_cut=0 mode=0 cut_deg=20.00
hdr_frame device=1 frame=7 hdr=1 redirected=1 end=bloom_copy writebacks=2 flushes=1 writeback_source=shader unwind=0 unwind_reason=none unwind_draw=00000001 unwind_restore=00000001 unwind_stretch=00000001 unwind_bind=00000001 blocked=0 recheck=none suspended=0 resumed=0 dirty_at_present=0 refused_msaa=0 target_create=00000000 latch_bind=00000000 target=64x64 target_bytes=32768 caps=ok stretch_conversion=00000000 timing=cpu_qpc redirect_us=5.2 writeback_us=243.6 writeback_draw_us=241.2 writeback_stretch_us=0.0 bind_us=0.0 recheck_us=0.0 tonemap=agx tonemapped=1 look=none decode=gamma2.2 clamp=0 exposure=manual ev=0.00000 ev_adapted=0.00000 ev_target=0.00000 avg_log_l=0.00000 luma_mean=1 dt_ms=0.000 stepped=0 steps=0 meter=00000001 readback=00000001 tonemap_draw=00000000 fallback=0 meter_us=0.0 readback_us=0.0 k=1.00000 chain_bytes=0 sharpen=off sharpened=0 sharpen_fallback=0
frame_end device=1 frame=7 draws=3 capture=1 present=00000000 elapsed_ms=1288 dt_ms=14 qpc=9616818103386
ownership_copy_depth phase=present device=1 frame=7 result=00000000 status=00000001 requested=0 available=0 source_bound=0 copy_valid=0 generation=0 source_epoch=0 copy_epoch=0 source_width=0 source_height=0 source_format=0 source_type=0 source_usage=0 source_pool=0 source_msaa=0 source_quality=0
frame_begin device=1 frame=8
capture_event device=1 frame=8 seq=1 after_draw=0 op=clear result=00000000 qpc=9616818104147
clear flags=3 color=ff203040 z=1 stencil=0 rect_count=0 rect_ptr=00000000
surface role=clear_rt0 ptr=02158cc0 identity=1 width=64 height=64 format=21 usage=1 msaa=0 container=0 container_type=0 container_result=80004002
surface role=clear_depth ptr=02158cf0 identity=2 width=64 height=64 format=77 usage=2 msaa=0 container=0 container_type=0 container_result=80004002
clear_viewport result=00000000 x=0 y=0 w=64 h=64 minz=0 maxz=1
capture_event device=1 frame=8 seq=2 after_draw=0 op=draw_begin result=00000000 qpc=9616818105426
draw device=1 frame=8 index=1 kind=primitive topology=4 primitives=1 vs=53a0a641107ed76c ps=98731d5594e36226
geometry source=buffers
stream slot=0 result=00000000 identity=3 offset=0 stride=24 frequency=1 frequency_result=00000000
vertex_buffer identity=3 bytes=72 usage=0 pool=1 fvf=0
buffer_content kind=vertex identity=3 result=00000000 status=00000001 requested=0 known=0 ambiguous=0 revision=0 pending=0 flags=00000000
stream slot=1 result=00000000 identity=0
stream slot=2 result=00000000 identity=0
stream slot=3 result=00000000 identity=0
stream slot=4 result=00000000 identity=0
stream slot=5 result=00000000 identity=0
stream slot=6 result=00000000 identity=0
stream slot=7 result=00000000 identity=0
stream slot=8 result=00000000 identity=0
stream slot=9 result=00000000 identity=0
stream slot=10 result=00000000 identity=0
stream slot=11 result=00000000 identity=0
stream slot=12 result=00000000 identity=0
stream slot=13 result=00000000 identity=0
stream slot=14 result=00000000 identity=0
stream slot=15 result=00000000 identity=0
indices result=00000000 identity=0
surface role=rt0 ptr=02158cc0 identity=1 width=64 height=64 format=21 usage=1 msaa=0 container=0 container_type=0 container_result=80004002
surface role=depth ptr=02158cf0 identity=2 width=64 height=64 format=77 usage=2 msaa=0 container=0 container_type=0 container_result=80004002
state id=7 value=0
state id=14 value=0
state id=23 value=4
state id=15 value=1
state id=24 value=0
state id=25 value=8
state id=27 value=1
state id=19 value=2
state id=20 value=1
state id=171 value=1
state id=22 value=2
state id=168 value=7
state id=194 value=0
state id=206 value=0
state id=52 value=1
state id=56 value=8
state id=57 value=0
state id=58 value=4294967295
state id=59 value=4294967295
state id=53 value=1
state id=54 value=1
state id=55 value=1
state id=185 value=0
state id=189 value=8
state id=186 value=1
state id=187 value=1
state id=188 value=1
viewport x=0 y=0 w=64 h=64 minz=0 maxz=1
texture stage=0 ptr=02158b70 type=3 identity=9 levels=1
texture_desc stage=0 w=2 h=2 format=21
sampler stage=0 state=6 value=1
sampler stage=0 state=5 value=1
sampler stage=0 state=7 value=0
sampler stage=0 state=10 value=1
sampler stage=0 state=11 value=0
sampler stage=0 state=8 value=0 bias=0
sampler stage=0 state=9 value=0
texture stage=1 ptr=02158bd0 type=3 identity=10 levels=1
texture_desc stage=1 w=2 h=2 format=21
sampler stage=1 state=6 value=1
sampler stage=1 state=5 value=1
sampler stage=1 state=7 value=0
sampler stage=1 state=10 value=1
sampler stage=1 state=11 value=0
sampler stage=1 state=8 value=0 bias=0
sampler stage=1 state=9 value=0
texture stage=2 ptr=02158c30 type=3 identity=11 levels=1
texture_desc stage=2 w=2 h=2 format=21
sampler stage=2 state=6 value=1
sampler stage=2 state=5 value=1
sampler stage=2 state=7 value=0
sampler stage=2 state=10 value=1
sampler stage=2 state=11 value=0
sampler stage=2 state=8 value=0 bias=0
sampler stage=2 state=9 value=0
texture stage=3 ptr=02158c90 type=5 identity=12 levels=1
sampler stage=3 state=6 value=1
sampler stage=3 state=5 value=1
sampler stage=3 state=7 value=0
sampler stage=3 state=10 value=1
sampler stage=3 state=11 value=0
sampler stage=3 state=8 value=0 bias=0
sampler stage=3 state=9 value=0
sampler stage=4 state=6 value=1
sampler stage=4 state=5 value=1
sampler stage=4 state=7 value=0
sampler stage=4 state=10 value=1
sampler stage=4 state=11 value=0
sampler stage=4 state=8 value=0 bias=0
sampler stage=4 state=9 value=0
sampler stage=5 state=6 value=1
sampler stage=5 state=5 value=1
sampler stage=5 state=7 value=0
sampler stage=5 state=10 value=1
sampler stage=5 state=11 value=0
sampler stage=5 state=8 value=0 bias=0
sampler stage=5 state=9 value=0
sampler stage=6 state=6 value=1
sampler stage=6 state=5 value=1
sampler stage=6 state=7 value=0
sampler stage=6 state=10 value=1
sampler stage=6 state=11 value=0
sampler stage=6 state=8 value=0 bias=0
sampler stage=6 state=9 value=0
sampler stage=7 state=6 value=1
sampler stage=7 state=5 value=1
sampler stage=7 state=7 value=0
sampler stage=7 state=10 value=1
sampler stage=7 state=11 value=0
sampler stage=7 state=8 value=0 bias=0
sampler stage=7 state=9 value=0
sampler stage=8 state=6 value=1
sampler stage=8 state=5 value=1
sampler stage=8 state=7 value=0
sampler stage=8 state=10 value=1
sampler stage=8 state=11 value=0
sampler stage=8 state=8 value=0 bias=0
sampler stage=8 state=9 value=0
sampler stage=9 state=6 value=1
sampler stage=9 state=5 value=1
sampler stage=9 state=7 value=0
sampler stage=9 state=10 value=1
sampler stage=9 state=11 value=0
sampler stage=9 state=8 value=0 bias=0
sampler stage=9 state=9 value=0
sampler stage=10 state=6 value=1
sampler stage=10 state=5 value=1
sampler stage=10 state=7 value=0
sampler stage=10 state=10 value=1
sampler stage=10 state=11 value=0
sampler stage=10 state=8 value=0 bias=0
sampler stage=10 state=9 value=0
sampler stage=11 state=6 value=1
sampler stage=11 state=5 value=1
sampler stage=11 state=7 value=0
sampler stage=11 state=10 value=1
sampler stage=11 state=11 value=0
sampler stage=11 state=8 value=0 bias=0
sampler stage=11 state=9 value=0
sampler stage=12 state=6 value=1
sampler stage=12 state=5 value=1
sampler stage=12 state=7 value=0
sampler stage=12 state=10 value=1
sampler stage=12 state=11 value=0
sampler stage=12 state=8 value=0 bias=0
sampler stage=12 state=9 value=0
sampler stage=13 state=6 value=1
sampler stage=13 state=5 value=1
sampler stage=13 state=7 value=0
sampler stage=13 state=10 value=1
sampler stage=13 state=11 value=0
sampler stage=13 state=8 value=0 bias=0
sampler stage=13 state=9 value=0
sampler stage=14 state=6 value=1
sampler stage=14 state=5 value=1
sampler stage=14 state=7 value=0
sampler stage=14 state=10 value=1
sampler stage=14 state=11 value=0
sampler stage=14 state=8 value=0 bias=0
sampler stage=14 state=9 value=0
sampler stage=15 state=6 value=1
sampler stage=15 state=5 value=1
sampler stage=15 state=7 value=0
sampler stage=15 state=10 value=1
sampler stage=15 state=11 value=0
sampler stage=15 state=8 value=0 bias=0
sampler stage=15 state=9 value=0
vertex_element stream=0 offset=0 type=16 method=0 usage=0 index=0
vertex_element stream=0 offset=8 type=16 method=0 usage=5 index=0
vertex_element stream=0 offset=16 type=16 method=0 usage=3 index=0
vertex_element stream=255 offset=0 type=17 method=0 usage=0 index=0
transform state=256 row=0 values=1,0,0,0
transform state=256 row=1 values=0,1,0,0
transform state=256 row=2 values=0,0,1,0
transform state=256 row=3 values=0,0,0,1
transform state=2 row=0 values=1,0,0,0
transform state=2 row=1 values=0,1,0,0
transform state=2 row=2 values=0,0,1,0
transform state=2 row=3 values=0,0,0,1
transform state=3 row=0 values=1,0,0,0
transform state=3 row=1 values=0,1,0,0
transform state=3 row=2 values=0,0,1,0
transform state=3 row=3 values=0,0,0,1
constants kind=vs type=f count=256 result=00000000 encoding=sparse_zero
constant kind=vs type=f reg=0 bits=bf800000,3f800000,40400000,00000000
constant kind=vs type=f reg=1 bits=3d23d70a,3ccccccd,3c75c28f,00000000
constant kind=vs type=f reg=2 bits=3f800000,3d4ccccd,00000000,00000000
constant kind=vs type=f reg=3 bits=00000000,3f800000,40400000,00000000
constant kind=vs type=f reg=4 bits=3d23d70a,3ccccccd,3c75c28f,00000000
constant kind=vs type=f reg=5 bits=3f800000,3d4ccccd,00000000,00000000
constant kind=vs type=f reg=6 bits=3f800000,3f800000,40400000,00000000
constant kind=vs type=f reg=7 bits=3d23d70a,3ccccccd,3c75c28f,00000000
constant kind=vs type=f reg=8 bits=3f800000,3d4ccccd,00000000,00000000
constant kind=vs type=f reg=9 bits=bf800000,3f800000,40400000,00000000
constant kind=vs type=f reg=10 bits=3d23d70a,3ccccccd,3c75c28f,00000000
constant kind=vs type=f reg=11 bits=3f800000,3d4ccccd,00000000,00000000
constant kind=vs type=f reg=12 bits=00000000,3f800000,40400000,00000000
constant kind=vs type=f reg=13 bits=3d23d70a,3ccccccd,3c75c28f,00000000
constant kind=vs type=f reg=14 bits=3f800000,3d4ccccd,00000000,00000000
constant kind=vs type=f reg=15 bits=3f800000,3f800000,40400000,00000000
constant kind=vs type=f reg=16 bits=3d23d70a,3ccccccd,3c75c28f,00000000
constant kind=vs type=f reg=17 bits=3f800000,3d4ccccd,00000000,00000000
constant kind=vs type=f reg=18 bits=bf800000,3f800000,40400000,00000000
constant kind=vs type=f reg=19 bits=3d23d70a,3ccccccd,3c75c28f,00000000
constant kind=vs type=f reg=20 bits=3f800000,3d4ccccd,00000000,00000000
constant kind=vs type=f reg=21 bits=00000000,3f800000,40400000,00000000
constant kind=vs type=f reg=22 bits=3d23d70a,3ccccccd,3c75c28f,00000000
constant kind=vs type=f reg=23 bits=3f800000,3d4ccccd,00000000,00000000
constant kind=vs type=f reg=24 bits=3f800000,00000000,00000000,00000000
constant kind=vs type=f reg=25 bits=00000000,3f800000,00000000,00000000
constant kind=vs type=f reg=26 bits=00000000,00000000,3f800000,00000000
constant kind=vs type=f reg=27 bits=00000000,00000000,00000000,3f800000
constant kind=vs type=f reg=28 bits=3f800000,00000000,00000000,00000000
constant kind=vs type=f reg=29 bits=00000000,3f800000,00000000,00000000
constant kind=vs type=f reg=30 bits=00000000,00000000,3f800000,00000000
constant kind=vs type=f reg=31 bits=3f800000,00000000,00000000,00000000
constant kind=vs type=f reg=32 bits=00000000,3f800000,00000000,00000000
constant kind=vs type=f reg=33 bits=00000000,00000000,3f800000,00000000
constant kind=vs type=f reg=34 bits=3f800000,00000000,00000000,00000000
constant kind=vs type=f reg=35 bits=00000000,3f800000,00000000,00000000
constant kind=vs type=f reg=36 bits=00000000,00000000,3f800000,40800000
constant kind=vs type=f reg=37 bits=3f800000,00000000,00000000,00000000
constant kind=vs type=f reg=38 bits=00000000,3f800000,00000000,00000000
constant kind=vs type=f reg=39 bits=3f200000,00000000,00000000,00000000
constant kind=vs type=f reg=40 bits=3e4ccccd,3dcccccd,3d4ccccd,00000000
constant kind=vs type=f reg=41 bits=3f800000,00000000,00000000,00000000
constant kind=vs type=f reg=252 bits=42c80000,42ca0000,42cc0000,42ce0000
constant kind=vs type=f reg=253 bits=42d00000,42d20000,42d40000,42d60000
constant kind=vs type=f reg=254 bits=42d80000,42da0000,42dc0000,42de0000
constant kind=vs type=f reg=255 bits=42e00000,42e20000,42e40000,42e60000
constants kind=vs type=i count=16 result=00000000 encoding=full
constant kind=vs type=i reg=0 values=1,0,1,0
constant kind=vs type=i reg=1 values=0,0,0,0
constant kind=vs type=i reg=2 values=0,0,0,0
constant kind=vs type=i reg=3 values=0,0,0,0
constant kind=vs type=i reg=4 values=0,0,0,0
constant kind=vs type=i reg=5 values=0,0,0,0
constant kind=vs type=i reg=6 values=0,0,0,0
constant kind=vs type=i reg=7 values=0,0,0,0
constant kind=vs type=i reg=8 values=0,0,0,0
constant kind=vs type=i reg=9 values=0,0,0,0
constant kind=vs type=i reg=10 values=0,0,0,0
constant kind=vs type=i reg=11 values=0,0,0,0
constant kind=vs type=i reg=12 values=0,0,0,0
constant kind=vs type=i reg=13 values=0,0,0,0
constant kind=vs type=i reg=14 values=0,0,0,0
constant kind=vs type=i reg=15 values=0,0,0,0
constants kind=vs type=b count=16 result=00000000 encoding=full
constant kind=vs type=b reg=0 values=0
constant kind=vs type=b reg=1 values=0
constant kind=vs type=b reg=2 values=0
constant kind=vs type=b reg=3 values=0
constant kind=vs type=b reg=4 values=0
constant kind=vs type=b reg=5 values=0
constant kind=vs type=b reg=6 values=0
constant kind=vs type=b reg=7 values=0
constant kind=vs type=b reg=8 values=0
constant kind=vs type=b reg=9 values=0
constant kind=vs type=b reg=10 values=0
constant kind=vs type=b reg=11 values=0
constant kind=vs type=b reg=12 values=0
constant kind=vs type=b reg=13 values=0
constant kind=vs type=b reg=14 values=0
constant kind=vs type=b reg=15 values=0
constants kind=ps type=f count=224 result=00000000 encoding=sparse_zero
constant kind=ps type=f reg=0 bits=3f800000,00000000,00000000,00000000
constant kind=ps type=f reg=1 bits=00000000,3f800000,00000000,00000000
constant kind=ps type=f reg=2 bits=00000000,00000000,3f800000,00000000
constant kind=ps type=f reg=3 bits=3e800000,00000000,00000000,00000000
constant kind=ps type=f reg=4 bits=00000000,00000000,3f800000,00000000
constant kind=ps type=f reg=5 bits=3e99999a,3e4ccccd,3dcccccd,00000000
constant kind=ps type=f reg=6 bits=3f000000,00000000,3f000000,00000000
constant kind=ps type=f reg=7 bits=3dcccccd,3e19999a,3e4ccccd,00000000
constant kind=ps type=f reg=216 bits=43480000,43490000,434a0000,434b0000
constant kind=ps type=f reg=217 bits=434c0000,434d0000,434e0000,434f0000
constants kind=ps type=i count=16 result=00000000 encoding=full
constant kind=ps type=i reg=0 values=0,0,0,0
constant kind=ps type=i reg=1 values=0,0,0,0
constant kind=ps type=i reg=2 values=0,0,0,0
constant kind=ps type=i reg=3 values=0,0,0,0
constant kind=ps type=i reg=4 values=0,0,0,0
constant kind=ps type=i reg=5 values=0,0,0,0
constant kind=ps type=i reg=6 values=0,0,0,0
constant kind=ps type=i reg=7 values=0,0,0,0
constant kind=ps type=i reg=8 values=0,0,0,0
constant kind=ps type=i reg=9 values=0,0,0,0
constant kind=ps type=i reg=10 values=0,0,0,0
constant kind=ps type=i reg=11 values=0,0,0,0
constant kind=ps type=i reg=12 values=0,0,0,0
constant kind=ps type=i reg=13 values=0,0,0,0
constant kind=ps type=i reg=14 values=0,0,0,0
constant kind=ps type=i reg=15 values=0,0,0,0
constants kind=ps type=b count=16 result=00000000 encoding=full
constant kind=ps type=b reg=0 values=0
constant kind=ps type=b reg=1 values=0
constant kind=ps type=b reg=2 values=0
constant kind=ps type=b reg=3 values=0
constant kind=ps type=b reg=4 values=0
constant kind=ps type=b reg=5 values=0
constant kind=ps type=b reg=6 values=0
constant kind=ps type=b reg=7 values=0
constant kind=ps type=b reg=8 values=0
constant kind=ps type=b reg=9 values=0
constant kind=ps type=b reg=10 values=0
constant kind=ps type=b reg=11 values=0
constant kind=ps type=b reg=12 values=0
constant kind=ps type=b reg=13 values=0
constant kind=ps type=b reg=14 values=0
constant kind=ps type=b reg=15 values=0
draw_args start_vertex=0
motion_input device=1 frame=8 index=1 blockers=00000252 proofs=20 position_path=1 vs=53a0a641107ed76c ps=98731d5594e36226 declaration=0cdf6a8c884ad955 rows_hash=1b0c97ae01a7ec05 color=1 depth=2 width=64 height=64 cull=2 vb=3 vb_revision=0 ib=0 ib_revision=0 position_offset=0 position_type=16 lifetime_verified=0 vertex_finite_verified=0
motion_geometry device=1 frame=8 index=1 source_qualified=1 source_hash=53a0a641107ed76c source_words=526 finite_requested=0 finite_state=0 finite_reason=4 finite_status=00000001 finite_generation=0 finite_revision=0 index_required=0 index_requested=0 index_known=0 index_range_verified=0 index_exact=0 index_min=0 index_max=0 index_reason=1 index_status=00000001 index_generation=0 index_revision=0
draw_result device=1 frame=8 index=1 result=00000000
capture_event device=1 frame=8 seq=3 after_draw=1 op=clear result=00000000 qpc=9616818116285
clear flags=2 color=00000000 z=1 stencil=0 rect_count=0 rect_ptr=00000000
surface role=clear_rt0 ptr=02158cc0 identity=1 width=64 height=64 format=21 usage=1 msaa=0 container=0 container_type=0 container_result=80004002
surface role=clear_depth ptr=02158cf0 identity=2 width=64 height=64 format=77 usage=2 msaa=0 container=0 container_type=0 container_result=80004002
clear_viewport result=00000000 x=0 y=0 w=64 h=64 minz=0 maxz=1
capture_event device=1 frame=8 seq=4 after_draw=1 op=draw_begin result=00000000 qpc=9616818125698
draw device=1 frame=8 index=2 kind=primitive topology=4 primitives=1 vs=53a0a641107ed76c ps=8759c7838bbc86c2
geometry source=buffers
stream slot=0 result=00000000 identity=3 offset=0 stride=24 frequency=1 frequency_result=00000000
vertex_buffer identity=3 bytes=72 usage=0 pool=1 fvf=0
buffer_content kind=vertex identity=3 result=00000000 status=00000001 requested=0 known=0 ambiguous=0 revision=0 pending=0 flags=00000000
stream slot=1 result=00000000 identity=0
stream slot=2 result=00000000 identity=0
stream slot=3 result=00000000 identity=0
stream slot=4 result=00000000 identity=0
stream slot=5 result=00000000 identity=0
stream slot=6 result=00000000 identity=0
stream slot=7 result=00000000 identity=0
stream slot=8 result=00000000 identity=0
stream slot=9 result=00000000 identity=0
stream slot=10 result=00000000 identity=0
stream slot=11 result=00000000 identity=0
stream slot=12 result=00000000 identity=0
stream slot=13 result=00000000 identity=0
stream slot=14 result=00000000 identity=0
stream slot=15 result=00000000 identity=0
indices result=00000000 identity=0
surface role=rt0 ptr=02158cc0 identity=1 width=64 height=64 format=21 usage=1 msaa=0 container=0 container_type=0 container_result=80004002
surface role=depth ptr=02158cf0 identity=2 width=64 height=64 format=77 usage=2 msaa=0 container=0 container_type=0 container_result=80004002
state id=7 value=1
state id=14 value=1
state id=23 value=4
state id=15 value=0
state id=24 value=0
state id=25 value=8
state id=27 value=0
state id=19 value=2
state id=20 value=1
state id=171 value=1
state id=22 value=1
state id=168 value=15
state id=194 value=0
state id=206 value=0
state id=52 value=0
state id=56 value=8
state id=57 value=0
state id=58 value=4294967295
state id=59 value=4294967295
state id=53 value=1
state id=54 value=1
state id=55 value=1
state id=185 value=0
state id=189 value=8
state id=186 value=1
state id=187 value=1
state id=188 value=1
viewport x=0 y=0 w=64 h=64 minz=0 maxz=1
texture stage=0 ptr=02158b70 type=3 identity=9 levels=1
texture_desc stage=0 w=2 h=2 format=21
sampler stage=0 state=6 value=1
sampler stage=0 state=5 value=1
sampler stage=0 state=7 value=0
sampler stage=0 state=10 value=1
sampler stage=0 state=11 value=0
sampler stage=0 state=8 value=0 bias=0
sampler stage=0 state=9 value=0
texture stage=1 ptr=02158bd0 type=3 identity=10 levels=1
texture_desc stage=1 w=2 h=2 format=21
sampler stage=1 state=6 value=1
sampler stage=1 state=5 value=1
sampler stage=1 state=7 value=0
sampler stage=1 state=10 value=1
sampler stage=1 state=11 value=0
sampler stage=1 state=8 value=0 bias=0
sampler stage=1 state=9 value=0
texture stage=2 ptr=02158c30 type=3 identity=11 levels=1
texture_desc stage=2 w=2 h=2 format=21
sampler stage=2 state=6 value=1
sampler stage=2 state=5 value=1
sampler stage=2 state=7 value=0
sampler stage=2 state=10 value=1
sampler stage=2 state=11 value=0
sampler stage=2 state=8 value=0 bias=0
sampler stage=2 state=9 value=0
texture stage=3 ptr=02158c90 type=5 identity=12 levels=1
sampler stage=3 state=6 value=1
sampler stage=3 state=5 value=1
sampler stage=3 state=7 value=0
sampler stage=3 state=10 value=1
sampler stage=3 state=11 value=0
sampler stage=3 state=8 value=0 bias=0
sampler stage=3 state=9 value=0
sampler stage=4 state=6 value=1
sampler stage=4 state=5 value=1
sampler stage=4 state=7 value=0
sampler stage=4 state=10 value=1
sampler stage=4 state=11 value=0
sampler stage=4 state=8 value=0 bias=0
sampler stage=4 state=9 value=0
sampler stage=5 state=6 value=1
sampler stage=5 state=5 value=1
sampler stage=5 state=7 value=0
sampler stage=5 state=10 value=1
sampler stage=5 state=11 value=0
sampler stage=5 state=8 value=0 bias=0
sampler stage=5 state=9 value=0
sampler stage=6 state=6 value=1
sampler stage=6 state=5 value=1
sampler stage=6 state=7 value=0
sampler stage=6 state=10 value=1
sampler stage=6 state=11 value=0
sampler stage=6 state=8 value=0 bias=0
sampler stage=6 state=9 value=0
sampler stage=7 state=6 value=1
sampler stage=7 state=5 value=1
sampler stage=7 state=7 value=0
sampler stage=7 state=10 value=1
sampler stage=7 state=11 value=0
sampler stage=7 state=8 value=0 bias=0
sampler stage=7 state=9 value=0
sampler stage=8 state=6 value=1
sampler stage=8 state=5 value=1
sampler stage=8 state=7 value=0
sampler stage=8 state=10 value=1
sampler stage=8 state=11 value=0
sampler stage=8 state=8 value=0 bias=0
sampler stage=8 state=9 value=0
sampler stage=9 state=6 value=1
sampler stage=9 state=5 value=1
sampler stage=9 state=7 value=0
sampler stage=9 state=10 value=1
sampler stage=9 state=11 value=0
sampler stage=9 state=8 value=0 bias=0
sampler stage=9 state=9 value=0
sampler stage=10 state=6 value=1
sampler stage=10 state=5 value=1
sampler stage=10 state=7 value=0
sampler stage=10 state=10 value=1
sampler stage=10 state=11 value=0
sampler stage=10 state=8 value=0 bias=0
sampler stage=10 state=9 value=0
sampler stage=11 state=6 value=1
sampler stage=11 state=5 value=1
sampler stage=11 state=7 value=0
sampler stage=11 state=10 value=1
sampler stage=11 state=11 value=0
sampler stage=11 state=8 value=0 bias=0
sampler stage=11 state=9 value=0
sampler stage=12 state=6 value=1
sampler stage=12 state=5 value=1
sampler stage=12 state=7 value=0
sampler stage=12 state=10 value=1
sampler stage=12 state=11 value=0
sampler stage=12 state=8 value=0 bias=0
sampler stage=12 state=9 value=0
sampler stage=13 state=6 value=1
sampler stage=13 state=5 value=1
sampler stage=13 state=7 value=0
sampler stage=13 state=10 value=1
sampler stage=13 state=11 value=0
sampler stage=13 state=8 value=0 bias=0
sampler stage=13 state=9 value=0
sampler stage=14 state=6 value=1
sampler stage=14 state=5 value=1
sampler stage=14 state=7 value=0
sampler stage=14 state=10 value=1
sampler stage=14 state=11 value=0
sampler stage=14 state=8 value=0 bias=0
sampler stage=14 state=9 value=0
sampler stage=15 state=6 value=1
sampler stage=15 state=5 value=1
sampler stage=15 state=7 value=0
sampler stage=15 state=10 value=1
sampler stage=15 state=11 value=0
sampler stage=15 state=8 value=0 bias=0
sampler stage=15 state=9 value=0
vertex_element stream=0 offset=0 type=16 method=0 usage=0 index=0
vertex_element stream=0 offset=8 type=16 method=0 usage=5 index=0
vertex_element stream=0 offset=16 type=16 method=0 usage=3 index=0
vertex_element stream=255 offset=0 type=17 method=0 usage=0 index=0
transform state=256 row=0 values=1,0,0,0
transform state=256 row=1 values=0,1,0,0
transform state=256 row=2 values=0,0,1,0
transform state=256 row=3 values=0,0,0,1
transform state=2 row=0 values=1,0,0,0
transform state=2 row=1 values=0,1,0,0
transform state=2 row=2 values=0,0,1,0
transform state=2 row=3 values=0,0,0,1
transform state=3 row=0 values=1,0,0,0
transform state=3 row=1 values=0,1,0,0
transform state=3 row=2 values=0,0,1,0
transform state=3 row=3 values=0,0,0,1
constants kind=vs type=f count=256 result=00000000 encoding=sparse_zero
constant kind=vs type=f reg=0 bits=bf800000,3f800000,40400000,00000000
constant kind=vs type=f reg=1 bits=3d23d70a,3ccccccd,3c75c28f,00000000
constant kind=vs type=f reg=2 bits=3f800000,3d4ccccd,00000000,00000000
constant kind=vs type=f reg=3 bits=00000000,3f800000,40400000,00000000
constant kind=vs type=f reg=4 bits=3d23d70a,3ccccccd,3c75c28f,00000000
constant kind=vs type=f reg=5 bits=3f800000,3d4ccccd,00000000,00000000
constant kind=vs type=f reg=6 bits=3f800000,3f800000,40400000,00000000
constant kind=vs type=f reg=7 bits=3d23d70a,3ccccccd,3c75c28f,00000000
constant kind=vs type=f reg=8 bits=3f800000,3d4ccccd,00000000,00000000
constant kind=vs type=f reg=9 bits=bf800000,3f800000,40400000,00000000
constant kind=vs type=f reg=10 bits=3d23d70a,3ccccccd,3c75c28f,00000000
constant kind=vs type=f reg=11 bits=3f800000,3d4ccccd,00000000,00000000
constant kind=vs type=f reg=12 bits=00000000,3f800000,40400000,00000000
constant kind=vs type=f reg=13 bits=3d23d70a,3ccccccd,3c75c28f,00000000
constant kind=vs type=f reg=14 bits=3f800000,3d4ccccd,00000000,00000000
constant kind=vs type=f reg=15 bits=3f800000,3f800000,40400000,00000000
constant kind=vs type=f reg=16 bits=3d23d70a,3ccccccd,3c75c28f,00000000
constant kind=vs type=f reg=17 bits=3f800000,3d4ccccd,00000000,00000000
constant kind=vs type=f reg=18 bits=bf800000,3f800000,40400000,00000000
constant kind=vs type=f reg=19 bits=3d23d70a,3ccccccd,3c75c28f,00000000
constant kind=vs type=f reg=20 bits=3f800000,3d4ccccd,00000000,00000000
constant kind=vs type=f reg=21 bits=00000000,3f800000,40400000,00000000
constant kind=vs type=f reg=22 bits=3d23d70a,3ccccccd,3c75c28f,00000000
constant kind=vs type=f reg=23 bits=3f800000,3d4ccccd,00000000,00000000
constant kind=vs type=f reg=24 bits=3f800000,00000000,00000000,3f400000
constant kind=vs type=f reg=25 bits=00000000,3f800000,00000000,00000000
constant kind=vs type=f reg=26 bits=00000000,00000000,3f800000,00000000
constant kind=vs type=f reg=27 bits=00000000,00000000,00000000,3f800000
constant kind=vs type=f reg=28 bits=3f800000,00000000,00000000,00000000
constant kind=vs type=f reg=29 bits=00000000,3f800000,00000000,00000000
constant kind=vs type=f reg=30 bits=00000000,00000000,3f800000,00000000
constant kind=vs type=f reg=31 bits=3f800000,00000000,00000000,00000000
constant kind=vs type=f reg=32 bits=00000000,3f800000,00000000,00000000
constant kind=vs type=f reg=33 bits=00000000,00000000,3f800000,00000000
constant kind=vs type=f reg=34 bits=3f800000,00000000,00000000,00000000
constant kind=vs type=f reg=35 bits=00000000,3f800000,00000000,00000000
constant kind=vs type=f reg=36 bits=00000000,00000000,3f800000,40800000
constant kind=vs type=f reg=37 bits=3f800000,00000000,00000000,00000000
constant kind=vs type=f reg=38 bits=00000000,3f800000,00000000,00000000
constant kind=vs type=f reg=39 bits=3f200000,00000000,00000000,00000000
constant kind=vs type=f reg=40 bits=3e4ccccd,3dcccccd,3d4ccccd,00000000
constant kind=vs type=f reg=41 bits=3f800000,00000000,00000000,00000000
constant kind=vs type=f reg=252 bits=42c80000,42ca0000,42cc0000,42ce0000
constant kind=vs type=f reg=253 bits=42d00000,42d20000,42d40000,42d60000
constant kind=vs type=f reg=254 bits=42d80000,42da0000,42dc0000,42de0000
constant kind=vs type=f reg=255 bits=42e00000,42e20000,42e40000,42e60000
constants kind=vs type=i count=16 result=00000000 encoding=full
constant kind=vs type=i reg=0 values=1,0,1,0
constant kind=vs type=i reg=1 values=0,0,0,0
constant kind=vs type=i reg=2 values=0,0,0,0
constant kind=vs type=i reg=3 values=0,0,0,0
constant kind=vs type=i reg=4 values=0,0,0,0
constant kind=vs type=i reg=5 values=0,0,0,0
constant kind=vs type=i reg=6 values=0,0,0,0
constant kind=vs type=i reg=7 values=0,0,0,0
constant kind=vs type=i reg=8 values=0,0,0,0
constant kind=vs type=i reg=9 values=0,0,0,0
constant kind=vs type=i reg=10 values=0,0,0,0
constant kind=vs type=i reg=11 values=0,0,0,0
constant kind=vs type=i reg=12 values=0,0,0,0
constant kind=vs type=i reg=13 values=0,0,0,0
constant kind=vs type=i reg=14 values=0,0,0,0
constant kind=vs type=i reg=15 values=0,0,0,0
constants kind=vs type=b count=16 result=00000000 encoding=full
constant kind=vs type=b reg=0 values=0
constant kind=vs type=b reg=1 values=0
constant kind=vs type=b reg=2 values=0
constant kind=vs type=b reg=3 values=0
constant kind=vs type=b reg=4 values=0
constant kind=vs type=b reg=5 values=0
constant kind=vs type=b reg=6 values=0
constant kind=vs type=b reg=7 values=0
constant kind=vs type=b reg=8 values=0
constant kind=vs type=b reg=9 values=0
constant kind=vs type=b reg=10 values=0
constant kind=vs type=b reg=11 values=0
constant kind=vs type=b reg=12 values=0
constant kind=vs type=b reg=13 values=0
constant kind=vs type=b reg=14 values=0
constant kind=vs type=b reg=15 values=0
constants kind=ps type=f count=224 result=00000000 encoding=sparse_zero
constant kind=ps type=f reg=0 bits=3f800000,00000000,00000000,00000000
constant kind=ps type=f reg=1 bits=00000000,3f800000,00000000,00000000
constant kind=ps type=f reg=2 bits=00000000,00000000,3f800000,00000000
constant kind=ps type=f reg=3 bits=3e800000,00000000,00000000,00000000
constant kind=ps type=f reg=4 bits=00000000,00000000,3f800000,00000000
constant kind=ps type=f reg=5 bits=3e99999a,3e4ccccd,3dcccccd,00000000
constant kind=ps type=f reg=6 bits=3f000000,00000000,3f000000,00000000
constant kind=ps type=f reg=7 bits=3dcccccd,3e19999a,3e4ccccd,00000000
constant kind=ps type=f reg=216 bits=43480000,43490000,434a0000,434b0000
constant kind=ps type=f reg=217 bits=434c0000,434d0000,434e0000,434f0000
constants kind=ps type=i count=16 result=00000000 encoding=full
constant kind=ps type=i reg=0 values=0,0,0,0
constant kind=ps type=i reg=1 values=0,0,0,0
constant kind=ps type=i reg=2 values=0,0,0,0
constant kind=ps type=i reg=3 values=0,0,0,0
constant kind=ps type=i reg=4 values=0,0,0,0
constant kind=ps type=i reg=5 values=0,0,0,0
constant kind=ps type=i reg=6 values=0,0,0,0
constant kind=ps type=i reg=7 values=0,0,0,0
constant kind=ps type=i reg=8 values=0,0,0,0
constant kind=ps type=i reg=9 values=0,0,0,0
constant kind=ps type=i reg=10 values=0,0,0,0
constant kind=ps type=i reg=11 values=0,0,0,0
constant kind=ps type=i reg=12 values=0,0,0,0
constant kind=ps type=i reg=13 values=0,0,0,0
constant kind=ps type=i reg=14 values=0,0,0,0
constant kind=ps type=i reg=15 values=0,0,0,0
constants kind=ps type=b count=16 result=00000000 encoding=full
constant kind=ps type=b reg=0 values=0
constant kind=ps type=b reg=1 values=0
constant kind=ps type=b reg=2 values=0
constant kind=ps type=b reg=3 values=0
constant kind=ps type=b reg=4 values=0
constant kind=ps type=b reg=5 values=0
constant kind=ps type=b reg=6 values=0
constant kind=ps type=b reg=7 values=0
constant kind=ps type=b reg=8 values=0
constant kind=ps type=b reg=9 values=0
constant kind=ps type=b reg=10 values=0
constant kind=ps type=b reg=11 values=0
constant kind=ps type=b reg=12 values=0
constant kind=ps type=b reg=13 values=0
constant kind=ps type=b reg=14 values=0
constant kind=ps type=b reg=15 values=0
draw_args start_vertex=0
motion_route device=1 frame=8 index=2 gate=6 routed=1 matched=0 depth=1 jittered=1 vs=53a0a641107ed76c ps=8759c7838bbc86c2 node=00001000 camera=00002000 node_handle=7 camera_handle=9 node_serial=11 camera_serial=21 load_epoch=3 registry_epoch=5 model=00000011 lod=00000002 vb=3 ib=0 declaration=0cdf6a8c884ad955 offset=0 stride=24 position_offset=0 position_type=16 topology=4 first=0 primitives=1 base_vertex=0 min_vertex=0 vertex_count=0 indexed=0 pass=1 rows_hash=712d59ff944d11a8 result=00000000
motion_input device=1 frame=8 index=2 blockers=00000210 proofs=28 position_path=1 vs=53a0a641107ed76c ps=8759c7838bbc86c2 declaration=0cdf6a8c884ad955 rows_hash=712d59ff944d11a8 color=1 depth=2 width=64 height=64 cull=1 vb=3 vb_revision=0 ib=0 ib_revision=0 position_offset=0 position_type=16 lifetime_verified=0 vertex_finite_verified=0
motion_geometry device=1 frame=8 index=2 source_qualified=1 source_hash=53a0a641107ed76c source_words=526 finite_requested=0 finite_state=0 finite_reason=4 finite_status=00000001 finite_generation=0 finite_revision=0 index_required=0 index_requested=0 index_known=0 index_range_verified=0 index_exact=0 index_min=0 index_max=0 index_reason=1 index_status=00000001 index_generation=0 index_revision=0
draw_result device=1 frame=8 index=2 result=00000000
capture_event device=1 frame=8 seq=5 after_draw=2 op=draw_begin result=00000000 qpc=9616818137150
draw device=1 frame=8 index=3 kind=primitive topology=4 primitives=1 vs=53a0a641107ed76c ps=8759c7838bbc86c2
geometry source=buffers
stream slot=0 result=00000000 identity=6 offset=0 stride=24 frequency=1 frequency_result=00000000
vertex_buffer identity=6 bytes=72 usage=0 pool=1 fvf=0
buffer_content kind=vertex identity=6 result=00000000 status=00000001 requested=0 known=0 ambiguous=0 revision=0 pending=0 flags=00000000
stream slot=1 result=00000000 identity=0
stream slot=2 result=00000000 identity=0
stream slot=3 result=00000000 identity=0
stream slot=4 result=00000000 identity=0
stream slot=5 result=00000000 identity=0
stream slot=6 result=00000000 identity=0
stream slot=7 result=00000000 identity=0
stream slot=8 result=00000000 identity=0
stream slot=9 result=00000000 identity=0
stream slot=10 result=00000000 identity=0
stream slot=11 result=00000000 identity=0
stream slot=12 result=00000000 identity=0
stream slot=13 result=00000000 identity=0
stream slot=14 result=00000000 identity=0
stream slot=15 result=00000000 identity=0
indices result=00000000 identity=0
surface role=rt0 ptr=02158cc0 identity=1 width=64 height=64 format=21 usage=1 msaa=0 container=0 container_type=0 container_result=80004002
surface role=depth ptr=02158cf0 identity=2 width=64 height=64 format=77 usage=2 msaa=0 container=0 container_type=0 container_result=80004002
state id=7 value=1
state id=14 value=1
state id=23 value=4
state id=15 value=0
state id=24 value=0
state id=25 value=8
state id=27 value=0
state id=19 value=2
state id=20 value=1
state id=171 value=1
state id=22 value=1
state id=168 value=15
state id=194 value=0
state id=206 value=0
state id=52 value=0
state id=56 value=8
state id=57 value=0
state id=58 value=4294967295
state id=59 value=4294967295
state id=53 value=1
state id=54 value=1
state id=55 value=1
state id=185 value=0
state id=189 value=8
state id=186 value=1
state id=187 value=1
state id=188 value=1
viewport x=0 y=0 w=64 h=64 minz=0 maxz=1
texture stage=0 ptr=02158b70 type=3 identity=9 levels=1
texture_desc stage=0 w=2 h=2 format=21
sampler stage=0 state=6 value=1
sampler stage=0 state=5 value=1
sampler stage=0 state=7 value=0
sampler stage=0 state=10 value=1
sampler stage=0 state=11 value=0
sampler stage=0 state=8 value=0 bias=0
sampler stage=0 state=9 value=0
texture stage=1 ptr=02158bd0 type=3 identity=10 levels=1
texture_desc stage=1 w=2 h=2 format=21
sampler stage=1 state=6 value=1
sampler stage=1 state=5 value=1
sampler stage=1 state=7 value=0
sampler stage=1 state=10 value=1
sampler stage=1 state=11 value=0
sampler stage=1 state=8 value=0 bias=0
sampler stage=1 state=9 value=0
texture stage=2 ptr=02158c30 type=3 identity=11 levels=1
texture_desc stage=2 w=2 h=2 format=21
sampler stage=2 state=6 value=1
sampler stage=2 state=5 value=1
sampler stage=2 state=7 value=0
sampler stage=2 state=10 value=1
sampler stage=2 state=11 value=0
sampler stage=2 state=8 value=0 bias=0
sampler stage=2 state=9 value=0
texture stage=3 ptr=02158c90 type=5 identity=12 levels=1
sampler stage=3 state=6 value=1
sampler stage=3 state=5 value=1
sampler stage=3 state=7 value=0
sampler stage=3 state=10 value=1
sampler stage=3 state=11 value=0
sampler stage=3 state=8 value=0 bias=0
sampler stage=3 state=9 value=0
sampler stage=4 state=6 value=1
sampler stage=4 state=5 value=1
sampler stage=4 state=7 value=0
sampler stage=4 state=10 value=1
sampler stage=4 state=11 value=0
sampler stage=4 state=8 value=0 bias=0
sampler stage=4 state=9 value=0
sampler stage=5 state=6 value=1
sampler stage=5 state=5 value=1
sampler stage=5 state=7 value=0
sampler stage=5 state=10 value=1
sampler stage=5 state=11 value=0
sampler stage=5 state=8 value=0 bias=0
sampler stage=5 state=9 value=0
sampler stage=6 state=6 value=1
sampler stage=6 state=5 value=1
sampler stage=6 state=7 value=0
sampler stage=6 state=10 value=1
sampler stage=6 state=11 value=0
sampler stage=6 state=8 value=0 bias=0
sampler stage=6 state=9 value=0
sampler stage=7 state=6 value=1
sampler stage=7 state=5 value=1
sampler stage=7 state=7 value=0
sampler stage=7 state=10 value=1
sampler stage=7 state=11 value=0
sampler stage=7 state=8 value=0 bias=0
sampler stage=7 state=9 value=0
sampler stage=8 state=6 value=1
sampler stage=8 state=5 value=1
sampler stage=8 state=7 value=0
sampler stage=8 state=10 value=1
sampler stage=8 state=11 value=0
sampler stage=8 state=8 value=0 bias=0
sampler stage=8 state=9 value=0
sampler stage=9 state=6 value=1
sampler stage=9 state=5 value=1
sampler stage=9 state=7 value=0
sampler stage=9 state=10 value=1
sampler stage=9 state=11 value=0
sampler stage=9 state=8 value=0 bias=0
sampler stage=9 state=9 value=0
sampler stage=10 state=6 value=1
sampler stage=10 state=5 value=1
sampler stage=10 state=7 value=0
sampler stage=10 state=10 value=1
sampler stage=10 state=11 value=0
sampler stage=10 state=8 value=0 bias=0
sampler stage=10 state=9 value=0
sampler stage=11 state=6 value=1
sampler stage=11 state=5 value=1
sampler stage=11 state=7 value=0
sampler stage=11 state=10 value=1
sampler stage=11 state=11 value=0
sampler stage=11 state=8 value=0 bias=0
sampler stage=11 state=9 value=0
sampler stage=12 state=6 value=1
sampler stage=12 state=5 value=1
sampler stage=12 state=7 value=0
sampler stage=12 state=10 value=1
sampler stage=12 state=11 value=0
sampler stage=12 state=8 value=0 bias=0
sampler stage=12 state=9 value=0
sampler stage=13 state=6 value=1
sampler stage=13 state=5 value=1
sampler stage=13 state=7 value=0
sampler stage=13 state=10 value=1
sampler stage=13 state=11 value=0
sampler stage=13 state=8 value=0 bias=0
sampler stage=13 state=9 value=0
sampler stage=14 state=6 value=1
sampler stage=14 state=5 value=1
sampler stage=14 state=7 value=0
sampler stage=14 state=10 value=1
sampler stage=14 state=11 value=0
sampler stage=14 state=8 value=0 bias=0
sampler stage=14 state=9 value=0
sampler stage=15 state=6 value=1
sampler stage=15 state=5 value=1
sampler stage=15 state=7 value=0
sampler stage=15 state=10 value=1
sampler stage=15 state=11 value=0
sampler stage=15 state=8 value=0 bias=0
sampler stage=15 state=9 value=0
vertex_element stream=0 offset=0 type=16 method=0 usage=0 index=0
vertex_element stream=0 offset=8 type=16 method=0 usage=5 index=0
vertex_element stream=0 offset=16 type=16 method=0 usage=3 index=0
vertex_element stream=255 offset=0 type=17 method=0 usage=0 index=0
transform state=256 row=0 values=1,0,0,0
transform state=256 row=1 values=0,1,0,0
transform state=256 row=2 values=0,0,1,0
transform state=256 row=3 values=0,0,0,1
transform state=2 row=0 values=1,0,0,0
transform state=2 row=1 values=0,1,0,0
transform state=2 row=2 values=0,0,1,0
transform state=2 row=3 values=0,0,0,1
transform state=3 row=0 values=1,0,0,0
transform state=3 row=1 values=0,1,0,0
transform state=3 row=2 values=0,0,1,0
transform state=3 row=3 values=0,0,0,1
constants kind=vs type=f count=256 result=00000000 encoding=sparse_zero
constant kind=vs type=f reg=0 bits=bf800000,3f800000,40400000,00000000
constant kind=vs type=f reg=1 bits=3d23d70a,3ccccccd,3c75c28f,00000000
constant kind=vs type=f reg=2 bits=3f800000,3d4ccccd,00000000,00000000
constant kind=vs type=f reg=3 bits=00000000,3f800000,40400000,00000000
constant kind=vs type=f reg=4 bits=3d23d70a,3ccccccd,3c75c28f,00000000
constant kind=vs type=f reg=5 bits=3f800000,3d4ccccd,00000000,00000000
constant kind=vs type=f reg=6 bits=3f800000,3f800000,40400000,00000000
constant kind=vs type=f reg=7 bits=3d23d70a,3ccccccd,3c75c28f,00000000
constant kind=vs type=f reg=8 bits=3f800000,3d4ccccd,00000000,00000000
constant kind=vs type=f reg=9 bits=bf800000,3f800000,40400000,00000000
constant kind=vs type=f reg=10 bits=3d23d70a,3ccccccd,3c75c28f,00000000
constant kind=vs type=f reg=11 bits=3f800000,3d4ccccd,00000000,00000000
constant kind=vs type=f reg=12 bits=00000000,3f800000,40400000,00000000
constant kind=vs type=f reg=13 bits=3d23d70a,3ccccccd,3c75c28f,00000000
constant kind=vs type=f reg=14 bits=3f800000,3d4ccccd,00000000,00000000
constant kind=vs type=f reg=15 bits=3f800000,3f800000,40400000,00000000
constant kind=vs type=f reg=16 bits=3d23d70a,3ccccccd,3c75c28f,00000000
constant kind=vs type=f reg=17 bits=3f800000,3d4ccccd,00000000,00000000
constant kind=vs type=f reg=18 bits=bf800000,3f800000,40400000,00000000
constant kind=vs type=f reg=19 bits=3d23d70a,3ccccccd,3c75c28f,00000000
constant kind=vs type=f reg=20 bits=3f800000,3d4ccccd,00000000,00000000
constant kind=vs type=f reg=21 bits=00000000,3f800000,40400000,00000000
constant kind=vs type=f reg=22 bits=3d23d70a,3ccccccd,3c75c28f,00000000
constant kind=vs type=f reg=23 bits=3f800000,3d4ccccd,00000000,00000000
constant kind=vs type=f reg=24 bits=3f800000,00000000,00000000,bd4ccccd
constant kind=vs type=f reg=25 bits=00000000,3f800000,00000000,00000000
constant kind=vs type=f reg=26 bits=00000000,00000000,3f800000,3dcccccd
constant kind=vs type=f reg=27 bits=00000000,00000000,00000000,3f800000
constant kind=vs type=f reg=28 bits=3f800000,00000000,00000000,00000000
constant kind=vs type=f reg=29 bits=00000000,3f800000,00000000,00000000
constant kind=vs type=f reg=30 bits=00000000,00000000,3f800000,00000000
constant kind=vs type=f reg=31 bits=3f800000,00000000,00000000,00000000
constant kind=vs type=f reg=32 bits=00000000,3f800000,00000000,00000000
constant kind=vs type=f reg=33 bits=00000000,00000000,3f800000,00000000
constant kind=vs type=f reg=34 bits=3f800000,00000000,00000000,00000000
constant kind=vs type=f reg=35 bits=00000000,3f800000,00000000,00000000
constant kind=vs type=f reg=36 bits=00000000,00000000,3f800000,40800000
constant kind=vs type=f reg=37 bits=3f800000,00000000,00000000,00000000
constant kind=vs type=f reg=38 bits=00000000,3f800000,00000000,00000000
constant kind=vs type=f reg=39 bits=3f200000,00000000,00000000,00000000
constant kind=vs type=f reg=40 bits=3e4ccccd,3dcccccd,3d4ccccd,00000000
constant kind=vs type=f reg=41 bits=3f800000,00000000,00000000,00000000
constant kind=vs type=f reg=252 bits=42c80000,42ca0000,42cc0000,42ce0000
constant kind=vs type=f reg=253 bits=42d00000,42d20000,42d40000,42d60000
constant kind=vs type=f reg=254 bits=42d80000,42da0000,42dc0000,42de0000
constant kind=vs type=f reg=255 bits=42e00000,42e20000,42e40000,42e60000
constants kind=vs type=i count=16 result=00000000 encoding=full
constant kind=vs type=i reg=0 values=1,0,1,0
constant kind=vs type=i reg=1 values=0,0,0,0
constant kind=vs type=i reg=2 values=0,0,0,0
constant kind=vs type=i reg=3 values=0,0,0,0
constant kind=vs type=i reg=4 values=0,0,0,0
constant kind=vs type=i reg=5 values=0,0,0,0
constant kind=vs type=i reg=6 values=0,0,0,0
constant kind=vs type=i reg=7 values=0,0,0,0
constant kind=vs type=i reg=8 values=0,0,0,0
constant kind=vs type=i reg=9 values=0,0,0,0
constant kind=vs type=i reg=10 values=0,0,0,0
constant kind=vs type=i reg=11 values=0,0,0,0
constant kind=vs type=i reg=12 values=0,0,0,0
constant kind=vs type=i reg=13 values=0,0,0,0
constant kind=vs type=i reg=14 values=0,0,0,0
constant kind=vs type=i reg=15 values=0,0,0,0
constants kind=vs type=b count=16 result=00000000 encoding=full
constant kind=vs type=b reg=0 values=0
constant kind=vs type=b reg=1 values=0
constant kind=vs type=b reg=2 values=0
constant kind=vs type=b reg=3 values=0
constant kind=vs type=b reg=4 values=0
constant kind=vs type=b reg=5 values=0
constant kind=vs type=b reg=6 values=0
constant kind=vs type=b reg=7 values=0
constant kind=vs type=b reg=8 values=0
constant kind=vs type=b reg=9 values=0
constant kind=vs type=b reg=10 values=0
constant kind=vs type=b reg=11 values=0
constant kind=vs type=b reg=12 values=0
constant kind=vs type=b reg=13 values=0
constant kind=vs type=b reg=14 values=0
constant kind=vs type=b reg=15 values=0
constants kind=ps type=f count=224 result=00000000 encoding=sparse_zero
constant kind=ps type=f reg=0 bits=3f800000,00000000,00000000,00000000
constant kind=ps type=f reg=1 bits=00000000,3f800000,00000000,00000000
constant kind=ps type=f reg=2 bits=00000000,00000000,3f800000,00000000
constant kind=ps type=f reg=3 bits=3e800000,00000000,00000000,00000000
constant kind=ps type=f reg=4 bits=00000000,00000000,3f800000,00000000
constant kind=ps type=f reg=5 bits=3e99999a,3e4ccccd,3dcccccd,00000000
constant kind=ps type=f reg=6 bits=3f000000,00000000,3f000000,00000000
constant kind=ps type=f reg=7 bits=3dcccccd,3e19999a,3e4ccccd,00000000
constant kind=ps type=f reg=216 bits=43480000,43490000,434a0000,434b0000
constant kind=ps type=f reg=217 bits=434c0000,434d0000,434e0000,434f0000
constants kind=ps type=i count=16 result=00000000 encoding=full
constant kind=ps type=i reg=0 values=0,0,0,0
constant kind=ps type=i reg=1 values=0,0,0,0
constant kind=ps type=i reg=2 values=0,0,0,0
constant kind=ps type=i reg=3 values=0,0,0,0
constant kind=ps type=i reg=4 values=0,0,0,0
constant kind=ps type=i reg=5 values=0,0,0,0
constant kind=ps type=i reg=6 values=0,0,0,0
constant kind=ps type=i reg=7 values=0,0,0,0
constant kind=ps type=i reg=8 values=0,0,0,0
constant kind=ps type=i reg=9 values=0,0,0,0
constant kind=ps type=i reg=10 values=0,0,0,0
constant kind=ps type=i reg=11 values=0,0,0,0
constant kind=ps type=i reg=12 values=0,0,0,0
constant kind=ps type=i reg=13 values=0,0,0,0
constant kind=ps type=i reg=14 values=0,0,0,0
constant kind=ps type=i reg=15 values=0,0,0,0
constants kind=ps type=b count=16 result=00000000 encoding=full
constant kind=ps type=b reg=0 values=0
constant kind=ps type=b reg=1 values=0
constant kind=ps type=b reg=2 values=0
constant kind=ps type=b reg=3 values=0
constant kind=ps type=b reg=4 values=0
constant kind=ps type=b reg=5 values=0
constant kind=ps type=b reg=6 values=0
constant kind=ps type=b reg=7 values=0
constant kind=ps type=b reg=8 values=0
constant kind=ps type=b reg=9 values=0
constant kind=ps type=b reg=10 values=0
constant kind=ps type=b reg=11 values=0
constant kind=ps type=b reg=12 values=0
constant kind=ps type=b reg=13 values=0
constant kind=ps type=b reg=14 values=0
constant kind=ps type=b reg=15 values=0
draw_args start_vertex=0
motion_route device=1 frame=8 index=3 gate=0 routed=1 matched=1 depth=1 jittered=1 vs=53a0a641107ed76c ps=8759c7838bbc86c2 node=00001100 camera=00002000 node_handle=8 camera_handle=9 node_serial=12 camera_serial=21 load_epoch=3 registry_epoch=5 model=00000012 lod=00000002 vb=6 ib=0 declaration=0cdf6a8c884ad955 offset=0 stride=24 position_offset=0 position_type=16 topology=4 first=0 primitives=1 base_vertex=0 min_vertex=0 vertex_count=0 indexed=0 pass=1 rows_hash=8804f37c47da2009 result=00000000
motion_input device=1 frame=8 index=3 blockers=00000210 proofs=28 position_path=1 vs=53a0a641107ed76c ps=8759c7838bbc86c2 declaration=0cdf6a8c884ad955 rows_hash=8804f37c47da2009 color=1 depth=2 width=64 height=64 cull=1 vb=6 vb_revision=0 ib=0 ib_revision=0 position_offset=0 position_type=16 lifetime_verified=0 vertex_finite_verified=0
motion_geometry device=1 frame=8 index=3 source_qualified=1 source_hash=53a0a641107ed76c source_words=526 finite_requested=0 finite_state=0 finite_reason=4 finite_status=00000001 finite_generation=0 finite_revision=0 index_required=0 index_requested=0 index_known=0 index_range_verified=0 index_exact=0 index_min=0 index_max=0 index_reason=1 index_status=00000001 index_generation=0 index_revision=0
draw_result device=1 frame=8 index=3 result=00000000
motion_output_cut device=1 frame=8 samples=1 median_px=1.6000 keyed=2 missing=1 missing_fraction=0.5000 bound_px=2.400 bound_missing=0.250 cut=1
capture_event device=1 frame=8 seq=6 after_draw=3 op=set_depth result=00000000 qpc=9616818149460
set_depth ptr=00000000 result=00000000
surface role=depth_binding ptr=0 identity=0
hdr_readback device=1 frame=8 file=hdr_1_8.rgba16f width=64 height=64 format=rgba16f_row_major result=00000000 bytes=32768
motion_output_color_readback device=1 frame=8 file=color_1_8.bgra8 width=64 height=64 format=bgra8_row_major result=00000000 bytes=16384
motion_output_taa_readback device=1 frame=8 file=taa_1_8.rgba16f width=64 height=64 format=rgba16f_row_major result=00000000 bytes=32768
capture_event device=1 frame=8 seq=7 after_draw=3 op=stretch_rect result=00000000 qpc=9616818189732
stretch_rect source=02158cc0 dest=02158d50 filter=0 source_rect_null=1 dest_rect_null=1
surface role=stretch_source ptr=02158cc0 identity=1 width=64 height=64 format=21 usage=1 msaa=0 container=0 container_type=0 container_result=80004002
surface role=stretch_dest ptr=02158d50 identity=7 width=64 height=64 format=21 usage=1 msaa=0 container=8 container_type=3 container_result=00000000
capture_event device=1 frame=8 seq=8 after_draw=3 op=set_depth result=00000000 qpc=9616818245180
set_depth ptr=02158cf0 result=00000000
surface role=depth_binding ptr=02158cf0 identity=2 width=64 height=64 format=77 usage=2 msaa=0 container=0 container_type=0 container_result=80004002
motion_output_readback device=1 frame=8 file=motion_1_8.rgba32f width=64 height=64 format=rgba32f_row_major result=00000000 bytes=65536
motion_output_depth_readback device=1 frame=8 file=depth_1_8.r32f width=64 height=64 format=r32f_row_major result=00000000 bytes=16384
motion_output_frame device=1 frame=8 latched=1 filled=1 fill_result=00000000 fill_restore=00000000 draws=3 routed=2 matched=1 gate1=0 gate2=1 gate3=0 gate4=0 gate5=0 gate6=1 apply_failures=0 restore_failures=0 history_previous=2 history_current=0 committed=1 selector_state=9 present=00000000 depth=1 depth_routed=2 jitter=1 jitter_index=0 jitter_x=0.000000 jitter_y=-0.166667 jitter_previous_x=-0.437500 jitter_previous_y=0.388889 jittered=2 cut=1 cut_median_px=1.6000 cut_missing=0.5000 cut_samples=1 taa=1 taa_attempted=1 taa_resolved=1 taa_history=0 taa_skip=0 taa_result=00000000 taa_restore=00000000 taa_copy=00000001 taa_hdr=1 taa_k=1.00000 taa_sharpen=0 scene_open=0 active_queries=0 taa_references=10 camera_valid=0 camera_background_valid=0 camera_reads=0 camera_policy=1 camera_reason=2 camera_cut=0 camera_rotation_deg=0.0000 rt_mode=perdraw timing=cpu_qpc set_rt=8 lazy_flushes=0 jitter_writes=4 readbacks=5 gate_us=15.3 route_draw_us=19.5 set_rt_us=9.1 lazy_flush_us=0.0 jitter_us=1.3 fill_us=87.8 taa_run_us=220.3 taa_capture_us=8.1 taa_copy_color_us=0.3 taa_copy_depth_us=5.0 taa_draw_us=182.6 taa_apply_us=16.4 taa_copy_back_us=0.0 readback_us=4357.2 state_shadow=1 rs_queries=18 rs_hits=10 rs_gets=22 rs_resyncs=1 sb_resyncs=1 scene_hook=0 scene_end_source=stretchrect scene_end_check=3 hook_signals=0 hook_outside_scene=0 hook_state=0 draws_after_hook=0 bloom_copy_seen=1 mip_bias=0 mip_bias_sets=0 mip_bias_restores=0 mip_bias_draws=0 mip_bias_stages=0000 mip_bias_reads=0 mip_bias_game_writes=0 mip_bias_game_writes_total=0 mip_bias_failures=0 mip_bias_biased_now=0000
camera_state device=1 frame=8 status=executable_mismatch reads=0 valid=0 read_failure=0 failure=0 projection=00000000 view=00000000 p00=0 p11=0 p20=0 p21=0 r00=0 r01=0 r02=0 r10=0 r11=0 r12=0 r20=0 r21=0 r22=0 t=0,0,0 background_valid=0 background_p00=0 background_p11=0 background_rotation_deg=0.0000 history_view_valid=0 history_view_frame=8 rotation_deg=0.0000 policy=1 reason=2 camera_cut=0 mode=0 cut_deg=20.00
hdr_frame device=1 frame=8 hdr=1 redirected=1 end=bloom_copy writebacks=2 flushes=1 writeback_source=shader unwind=0 unwind_reason=none unwind_draw=00000001 unwind_restore=00000001 unwind_stretch=00000001 unwind_bind=00000001 blocked=0 recheck=none suspended=0 resumed=0 dirty_at_present=0 refused_msaa=0 target_create=00000000 latch_bind=00000000 target=64x64 target_bytes=32768 caps=ok stretch_conversion=00000000 timing=cpu_qpc redirect_us=6.3 writeback_us=167.5 writeback_draw_us=165.1 writeback_stretch_us=0.0 bind_us=0.0 recheck_us=0.0 tonemap=agx tonemapped=1 look=none decode=gamma2.2 clamp=0 exposure=manual ev=0.00000 ev_adapted=0.00000 ev_target=0.00000 avg_log_l=0.00000 luma_mean=1 dt_ms=0.000 stepped=0 steps=0 meter=00000001 readback=00000001 tonemap_draw=00000000 fallback=0 meter_us=0.0 readback_us=0.0 k=1.00000 chain_bytes=0 sharpen=off sharpened=0 sharpen_fallback=0
frame_end device=1 frame=8 draws=3 capture=1 present=00000000 elapsed_ms=1303 dt_ms=15 qpc=9616818258561
ownership_copy_depth phase=present device=1 frame=8 result=00000000 status=00000001 requested=0 available=0 source_bound=0 copy_valid=0 generation=0 source_epoch=0 copy_epoch=0 source_width=0 source_height=0 source_format=0 source_type=0 source_usage=0 source_pool=0 source_msaa=0 source_quality=0
telemetry_presentation phase=reset_before device=1 thread=1304 focus_window=0058005e device_window=0058005e width=64 height=64 format=21 count=1 msaa=0 quality=0 swap_effect=1 windowed=1 auto_depth=1 depth_format=77 flags=00000000 refresh=0 interval=2147483648
reset_begin ptr=0167f1c0 device=1
telemetry_presentation phase=reset_after device=1 thread=1304 focus_window=0058005e device_window=0058005e width=64 height=64 format=21 count=1 msaa=0 quality=0 swap_effect=1 windowed=1 auto_depth=1 depth_format=77 flags=00000000 refresh=0 interval=2147483648
resource identity=13 ptr=02243188 type=1
resource identity=14 ptr=02243188 type=1
motion_output_reset device=1 result=00000000 generation=2 taa_references=1
ownership_copy_depth phase=reset_after device=1 frame=9 result=00000000 status=00000001 requested=0 available=0 source_bound=0 copy_valid=0 generation=0 source_epoch=0 copy_epoch=0 source_width=0 source_height=0 source_format=0 source_type=0 source_usage=0 source_pool=0 source_msaa=0 source_quality=0
telemetry_summary device=1 frame=9 reason=reset qpc=9616818325890 since_start_us=1301859.300 interval_us=343665.400 position_suppressed=0 cursor_changes_suppressed=0
telemetry_metric device=1 name=present_normal count=1 failures=0 total_us=1208.100 min_us=1208.100 max_us=1208.100 bytes=0 buckets=0,0,0,1,0,0
telemetry_metric device=1 name=present_capture count=8 failures=0 total_us=904.200 min_us=100.900 max_us=167.500 bytes=0 buckets=0,0,8,0,0,0
telemetry_metric device=1 name=frame_capture count=8 failures=0 total_us=137178.400 min_us=14374.700 max_us=23065.700 bytes=0 buckets=0,0,0,0,8,0
telemetry_metric device=1 name=draw_backend count=30 failures=0 total_us=542.500 min_us=2.400 max_us=191.600 bytes=0 buckets=22,6,2,0,0,0
telemetry_metric device=1 name=capture_cpu count=67 failures=0 total_us=46134.300 min_us=21.400 max_us=4104.700 bytes=0 buckets=0,31,19,17,0,0
telemetry_metric device=1 name=snapshot count=27 failures=0 total_us=23358.300 min_us=786.200 max_us=1304.000 bytes=0 buckets=0,0,26,1,0,0
telemetry_metric device=1 name=shader_vs_backend count=1 failures=0 total_us=384.300 min_us=384.300 max_us=384.300 bytes=0 buckets=0,0,1,0,0,0
telemetry_metric device=1 name=shader_ps_backend count=6 failures=0 total_us=71.800 min_us=3.500 max_us=40.100 bytes=0 buckets=4,2,0,0,0,0
telemetry_metric device=1 name=texture count=5 failures=0 total_us=37.100 min_us=1.400 max_us=21.900 bytes=0 buckets=4,1,0,0,0,0
telemetry_metric device=1 name=cube_texture count=1 failures=0 total_us=140.900 min_us=140.900 max_us=140.900 bytes=0 buckets=0,0,1,0,0,0
telemetry_metric device=1 name=vertex_buffer count=2 failures=0 total_us=432.400 min_us=2.500 max_us=429.900 bytes=144 buckets=1,0,1,0,0,0
telemetry_metric device=1 name=reset count=1 failures=0 total_us=6293.000 min_us=6293.000 max_us=6293.000 bytes=0 buckets=0,0,0,1,0,0
telemetry_metric device=1 name=log_flush count=9 failures=0 total_us=7.800 min_us=0.400 max_us=3.200 bytes=0 buckets=9,0,0,0,0,0
telemetry_metric device=1 name=stretch_backend count=9 failures=0 total_us=18.300 min_us=1.500 max_us=4.600 bytes=0 buckets=9,0,0,0,0,0
telemetry_metric device=1 name=route_gate count=30 failures=0 total_us=688.400 min_us=1.600 max_us=344.700 bytes=0 buckets=25,3,2,0,0,0
telemetry_metric device=1 name=route_draw count=18 failures=0 total_us=446.500 min_us=4.600 max_us=274.300 bytes=0 buckets=8,9,1,0,0,0
telemetry_metric device=1 name=route_set_rt count=72 failures=0 total_us=86.300 min_us=0.200 max_us=6.500 bytes=0 buckets=72,0,0,0,0,0
telemetry_metric device=1 name=route_jitter count=42 failures=0 total_us=16.000 min_us=0.200 max_us=0.800 bytes=0 buckets=42,0,0,0,0,0
telemetry_metric device=1 name=route_fill count=9 failures=0 total_us=801.200 min_us=66.500 max_us=143.600 bytes=0 buckets=0,6,3,0,0,0
telemetry_metric device=1 name=route_readback count=40 failures=0 total_us=46789.500 min_us=389.100 max_us=6694.500 bytes=1310720 buckets=0,0,29,11,0,0
telemetry_metric device=1 name=taa_run count=9 failures=0 total_us=3988.900 min_us=204.400 max_us=1902.700 bytes=0 buckets=0,0,8,1,0,0
telemetry_metric device=1 name=taa_state_capture count=9 failures=0 total_us=133.200 min_us=6.700 max_us=52.500 bytes=0 buckets=6,3,0,0,0,0
telemetry_metric device=1 name=taa_copy_color count=9 failures=0 total_us=142.600 min_us=0.200 max_us=140.600 bytes=0 buckets=8,0,1,0,0,0
telemetry_metric device=1 name=taa_copy_depth count=9 failures=0 total_us=43.100 min_us=3.800 max_us=7.400 bytes=0 buckets=9,0,0,0,0,0
telemetry_metric device=1 name=taa_resolve_draw count=9 failures=0 total_us=2279.000 min_us=168.300 max_us=538.700 bytes=0 buckets=0,0,9,0,0,0
telemetry_metric device=1 name=taa_state_apply count=9 failures=0 total_us=548.300 min_us=14.400 max_us=394.600 bytes=0 buckets=0,8,1,0,0,0
telemetry_metric device=1 name=hdr_redirect count=9 failures=0 total_us=59.100 min_us=2.600 max_us=9.400 bytes=0 buckets=9,0,0,0,0,0
telemetry_metric device=1 name=hdr_writeback count=18 failures=0 total_us=33582.100 min_us=64.000 max_us=27145.000 bytes=0 buckets=0,9,7,1,1,0
telemetry_metric device=1 name=hdr_writeback_draw count=18 failures=0 total_us=33440.000 min_us=63.100 max_us=27143.000 bytes=0 buckets=0,9,7,1,1,0
reset_end device=1 result=00000000
hdr_target device=1 frame=9 width=64 height=64 format=A16B16G16R16F bytes=32768 create=00000000 chain_levels=0 chain_bytes=0 meter=0 meter_reason=off
resource identity=15 ptr=022432d8 type=1
resource identity=16 ptr=02243308 type=3
motion_output_target device=1 width=64 height=64 create=00000000 level=00000000 depth=1 depth_create=00000000 depth_level=00000000
resource identity=17 ptr=02243278 type=1
resource identity=18 ptr=02243248 type=3
telemetry_first_present device=1 frame=9 qpc=9616818836472 since_start_us=1352917.500 capture=0 reset_count=1
motion_output_variant device=1 kind=vs original=53a0a641107ed76c transform=0 create=00000000 words=556 depth=1
motion_output_variant device=1 kind=ps original=8759c7838bbc86c2 transform=0 create=00000000 words=1402 depth=1
motion_output_release device=1 held=21 count=23 released=1
telemetry_summary device=1 frame=12 reason=device_destroy qpc=9616819127720 since_start_us=1382042.300 interval_us=80183.000 position_suppressed=0 cursor_changes_suppressed=0
telemetry_metric device=1 name=present_normal count=3 failures=0 total_us=84.200 min_us=12.200 max_us=54.700 bytes=0 buckets=0,3,0,0,0,0
telemetry_metric device=1 name=frame_normal count=2 failures=0 total_us=23731.300 min_us=6136.500 max_us=17594.800 bytes=0 buckets=0,0,0,1,1,0
telemetry_metric device=1 name=draw_backend count=9 failures=0 total_us=43.200 min_us=2.400 max_us=7.900 bytes=0 buckets=9,0,0,0,0,0
telemetry_metric device=1 name=shader_vs_backend count=1 failures=0 total_us=24.100 min_us=24.100 max_us=24.100 bytes=0 buckets=0,1,0,0,0,0
telemetry_metric device=1 name=shader_ps_backend count=1 failures=0 total_us=11.900 min_us=11.900 max_us=11.900 bytes=0 buckets=0,1,0,0,0,0
telemetry_metric device=1 name=texture count=1 failures=0 total_us=5.700 min_us=5.700 max_us=5.700 bytes=0 buckets=1,0,0,0,0,0
telemetry_metric device=1 name=log_flush count=4 failures=0 total_us=1.800 min_us=0.400 max_us=0.500 bytes=0 buckets=4,0,0,0,0,0
telemetry_metric device=1 name=stretch_backend count=3 failures=0 total_us=4.300 min_us=1.000 max_us=2.100 bytes=0 buckets=3,0,0,0,0,0
telemetry_metric device=1 name=route_gate count=9 failures=0 total_us=34.400 min_us=2.000 max_us=7.400 bytes=0 buckets=9,0,0,0,0,0
telemetry_metric device=1 name=route_draw count=6 failures=0 total_us=36.800 min_us=4.800 max_us=7.300 bytes=0 buckets=6,0,0,0,0,0
telemetry_metric device=1 name=route_set_rt count=24 failures=0 total_us=10.800 min_us=0.200 max_us=0.800 bytes=0 buckets=24,0,0,0,0,0
telemetry_metric device=1 name=route_jitter count=12 failures=0 total_us=3.700 min_us=0.200 max_us=0.500 bytes=0 buckets=12,0,0,0,0,0
telemetry_metric device=1 name=route_fill count=3 failures=0 total_us=472.800 min_us=44.400 max_us=377.900 bytes=0 buckets=0,2,1,0,0,0
telemetry_metric device=1 name=taa_run count=3 failures=0 total_us=652.900 min_us=171.800 max_us=285.300 bytes=0 buckets=0,0,3,0,0,0
telemetry_metric device=1 name=taa_state_capture count=3 failures=0 total_us=48.100 min_us=3.500 max_us=38.500 bytes=0 buckets=2,1,0,0,0,0
telemetry_metric device=1 name=taa_copy_color count=3 failures=0 total_us=0.800 min_us=0.200 max_us=0.300 bytes=0 buckets=3,0,0,0,0,0
telemetry_metric device=1 name=taa_copy_depth count=3 failures=0 total_us=11.000 min_us=2.900 max_us=4.700 bytes=0 buckets=3,0,0,0,0,0
telemetry_metric device=1 name=taa_resolve_draw count=3 failures=0 total_us=495.700 min_us=98.600 max_us=231.200 bytes=0 buckets=0,1,2,0,0,0
telemetry_metric device=1 name=taa_state_apply count=3 failures=0 total_us=53.200 min_us=13.500 max_us=24.000 bytes=0 buckets=0,3,0,0,0,0
telemetry_metric device=1 name=hdr_redirect count=3 failures=0 total_us=13.100 min_us=2.800 max_us=6.600 bytes=0 buckets=3,0,0,0,0,0
telemetry_metric device=1 name=hdr_writeback count=6 failures=0 total_us=33783.400 min_us=53.300 max_us=28125.600 bytes=0 buckets=0,2,1,2,1,0
telemetry_metric device=1 name=hdr_writeback_draw count=6 failures=0 total_us=33775.500 min_us=52.100 max_us=28123.600 bytes=0 buckets=0,2,1,2,1,0
telemetry_summary device=0 frame=12 reason=device_destroy qpc=9616819129484 since_start_us=1382218.700 interval_us=311796.000 position_suppressed=0 cursor_changes_suppressed=0
telemetry_metric device=0 name=lock_wait count=1104 failures=0 total_us=399.400 min_us=0.000 max_us=148.400 bytes=0 buckets=1102,1,1,0,0,0
telemetry_metric device=0 name=shader_inspect count=56 failures=0 total_us=423.800 min_us=1.500 max_us=13.000 bytes=0 buckets=38,18,0,0,0,0
telemetry_metric device=0 name=shader_getfunction count=56 failures=0 total_us=49.700 min_us=0.500 max_us=1.600 bytes=0 buckets=56,0,0,0,0,0
telemetry_metric device=0 name=shader_hash count=56 failures=0 total_us=299.800 min_us=0.100 max_us=10.400 bytes=150072 buckets=53,3,0,0,0,0
telemetry_metric device=0 name=log_flush count=1 failures=0 total_us=28.400 min_us=28.400 max_us=28.400 bytes=0 buckets=0,1,0,0,0,0
device_destroy ptr=0167f1c0 device=1
application_admission_final phase=device active_roots=0 waiting_roots=0 admitted_roots=0 promotions=0 vetoes=0 first_veto=0 enabled=0
application_admission_final phase=factory active_roots=0 waiting_roots=0 admitted_roots=0 promotions=0 vetoes=0 first_veto=0 enabled=0
