capture_dir=Y:\x3-mod\verification\probe\build\motion-output-seam-hdr-tonemap-shader-absent-20260913-031559-877038\x3-modern-captures source=game
motion_capture_mode requested=0 enabled=0 reason=write_exclusion_unavailable scope=private_rigid_diagnostic temporal_consumer=0
motion_output_mode requested=1 scope=live_same_draw_diagnostic history_requires=object_trace,object_lifetime temporal_consumer=0 taa=0 taa_debug=0 jitter=0 jitter_samples=8 cut_median_px=48.000 cut_missing=0.250 rt_mode=perdraw frame_log=1 sentinel=auto camera_cut_deg=20.00 camera_log=300 state_shadow=1 scene_hook=0 hdr=1 taa_k=-1.00000 mip_bias=0 taa_sharpen=0.000
x3-modern-renderer version=0.4 schema=2 capture_start=1 capture_frames=8 pointer_bits=32
telemetry_start schema=1 qpc_frequency=10000000 qpc=9844007793042 anchor=proxy_initialize cpu_only=1 per_draw=1
mesh_cache requested=0 enabled=0 activation=await_public_mesh_and_buffer_contract adjacency_metric_scope=hook_service restart_on_cleanup_failure=1
mesh_adjacency mode=native scope=hook_service equivalence=d3dx_rules+exact_position_equality fp_domain=pc53_nearest_masked_empty_mxcsr_1f80_or_9fc0 normal_gate=sse2_no_competing gate=public_systemmem_readonly+declaration_float3+no_attribute_table order=cache_lookup,compute,cache_store native_fallback=1 dump=0 rsqrt=rsqrtss math_table=sse2 normalize=sse2
loading_hook name=CreateFileA installed=0
loading_hook name=ReadFile installed=0
loading_hook name=SetFilePointer installed=0
loading_hook name=D3DXCreateEffect installed=0
loading_hook name=D3DXCreateTextureFromFileInMemoryEx installed=0
loading_hook name=D3DXCreateCubeTextureFromFileInMemoryEx installed=0
loading_hook name=D3DXLoadSurfaceFromFileInMemory installed=0
loading_hook name=SetCursor installed=0
loading_hook name=SetCursorPos installed=0
loading_hook name=gzopen installed=0
loading_hook name=gzread installed=0
loading_hook name=gzseek installed=0
loading_hook name=inflate installed=0
loading_hook name=xmlReadMemory installed=0
loading_hook name=D3DXCreateMesh installed=0
loading_hook name=D3DXCleanMesh installed=0
loading_hook name=FindFirstFileA installed=0
loading_hook name=FindNextFileA installed=0
loading_hook name=FindClose installed=0
loading_hook name=gzgetc installed=0
loading_hook name=gztell installed=0
loading_hook name=gzclose installed=0
loading_hook name=gzwrite installed=0
loading_trace coverage_begin=9844007804445 frequency=10000000 hooks=0 module=main inclusive=1 paths=0 qualification=named_pe32_imports light_rows=1 nesting=1 probes=0 crypt_cache=0
application_admission_mode requested=0 enabled=0 live_replay=0 coverage_complete=0
telemetry_span name=backend_load qpc_begin=9844007805712 qpc_end=9844007864565 thread=1088 success=1 error=0
backend path=C:\windows\system32\d3d9.dll
object_trace active=0 status=disabled recovery_required=0
camera_state active=0 status=disabled
scene_hook active=0 status=disabled
object_lifetime active=0 status=disabled recovery_required=0 baseline_complete=0 baseline_entries=0
telemetry_span name=direct3d_create9 qpc_begin=9844007867104 qpc_end=9844018579440 thread=1088 success=1
adapter description=NVIDIA GeForce 8800 GTX driver=nvd3dum.dll vendor=000010de device=00000191
telemetry_summary device=0 frame=0 reason=interval qpc=9844018589349 since_start_us=1079630.700 interval_us=1079630.700 position_suppressed=0 cursor_changes_suppressed=0
telemetry_metric device=0 name=lock_wait count=1 failures=0 total_us=0.500 min_us=0.500 max_us=0.500 bytes=0 buckets=1,0,0,0,0,0
engine_memory phase=summary device=0 path=direct reads=0 queries=0 hits=0 rejected=0 rpm_calls=0 frame=1
telemetry_presentation phase=create_before device=0 thread=1088 focus_window=0050005e device_window=0050005e width=64 height=64 format=21 count=0 msaa=0 quality=0 swap_effect=1 windowed=1 auto_depth=1 depth_format=77 flags=00000000 refresh=0 interval=2147483648
create_device adapter=0 flags=00000040 width=64 height=64 format=21 windowed=1 msaa=0 interval=2147483648
telemetry_presentation phase=create_after device=0 thread=1088 focus_window=0050005e device_window=0050005e width=64 height=64 format=21 count=1 msaa=0 quality=0 swap_effect=1 windowed=1 auto_depth=1 depth_format=77 flags=00000000 refresh=0 interval=2147483648
create_device_result hr=00000000
capture_caps result=00000000 streams=16 vs_float_count=256 ps_version=ffff0300
device_hooked ptr=0011c1a8 device=1 ex=0
resource identity=1 ptr=00119cb8 type=1
resource identity=2 ptr=00119cf8 type=1
hdr_device device=1 enabled=1 reason=ok fp16_target=00000000 fp16_blending=00000000 fp16_filter=00000000 fp16_sampling=00000000 stretch_conversion=00000000 main_format=21 mrt_blending=1 self_test_targets=3 self_test=stage=compare result=00000000 draw=00000000 blend=00000000 copy=00000000 restore=00000000 copy_restore=00000000 scene=00000000 stretch=00000000 scene_errors=0 sum_errors=0 motion_errors=0 depth_errors=0 copy_errors=0 stretch_errors=0 targets=3 tonemap=00000001 tonemap_errors=0 meter=00000001 meter_errors=0 meter_value=0.00000 meter_max=0.00000 meter_expected=0.00000 route=1 depth=1
hdr_tonemap device=1 enabled=1 requested=agx tonemap=0 tonemap_reason=shader meter=0 meter_reason=tonemap look=none decode=gamma2.2 clamp=0 exposure=auto ev_manual=0.0000 ev_offset=0.0000 key=0.1800 ev_min=-3.00 ev_max=2.00 tau_up=0.400 tau_down=1.200 meter_floor=0.0001 meter_clip=64 meter_bg=0.00195312 meter_min_lit=0.01 white_target=0.9 key_pull=0.25 ev_deadband=0.25 edge_weight=0.35 tile_max=128 fixed_dt_ms=16.000 tonemap_shader=80004005 meter_shader=00000001 chain_format=- chain_target=00000001 chain_sampling=00000001
motion_output_device device=1 enabled=1 reason=ok detail=stage=compare result=00000000 draw=00000000 restore=00000000 scene=00000000 color_errors=0 motion_errors=0 depth_errors=0 targets=3 mrt=4 vs_constants=256 misc=002ecff2 vs=fffe0300 ps=ffff0300 rgba32f=00000000 history_available=0 history_capacity=4096 depth=1 depth_reason=ok depth_detail=stage=compare result=00000000 draw=00000000 restore=00000000 scene=00000000 color_errors=0 motion_errors=0 depth_errors=0 targets=3 r32f=00000000 jitter=0 jitter_samples=8 taa=0 taa_reason=off taa_format=00000000 taa_copy=off taa_stretch_query=00000000 taa_stretch_test=off taa_debug=0 rt_mode=perdraw camera=disabled sentinel=0 camera_cut_deg=20.00 camera_log=300 state_shadow=1 scene_hook=0 hdr=1 mip_bias=0 quad_fvf=0
engine_memory phase=create device=1 path=direct reads=0 queries=0 hits=0 rejected=0 rpm_calls=0 frame=2
shader kind=ps id=98731d5594e36226 bytes=44 dumped=1
shader kind=ps id=3874adb0f396a660 bytes=44 dumped=1
shader kind=ps id=d4e1373f69f51f0f bytes=44 dumped=1
shader kind=ps id=d85fbde1cbde6f6d bytes=44 dumped=1
shader kind=ps id=8d44a07e3f479b00 bytes=20 dumped=1
shader kind=vs id=53a0a641107ed76c bytes=2104 dumped=1
motion_output_variant device=1 kind=vs original=53a0a641107ed76c transform=0 create=00000000 words=556 depth=1
shader kind=ps id=8759c7838bbc86c2 bytes=5040 dumped=1
motion_output_variant device=1 kind=ps original=8759c7838bbc86c2 transform=0 create=00000000 words=1402 depth=1
resource identity=3 ptr=0215ccb0 type=6
hdr_target device=1 frame=0 width=64 height=64 format=A16B16G16R16F bytes=32768 create=00000000 chain_levels=0 chain_bytes=0 meter=0 meter_reason=tonemap
resource identity=4 ptr=02160470 type=1
resource identity=5 ptr=02160430 type=3
motion_output_target device=1 width=64 height=64 create=00000000 level=00000000 depth=1 depth_create=00000000 depth_level=00000000
resource identity=6 ptr=0215cce0 type=6
motion_output_frame device=1 frame=0 latched=1 msaa=0 filled=1 fill_result=00000000 fill_restore=00000000 draws=3 routed=1 matched=0 gate1=0 gate2=1 gate3=1 gate4=0 gate5=1 gate6=0 apply_failures=0 restore_failures=0 history_previous=0 history_current=0 committed=1 selector_state=2 present=00000000 depth=1 depth_routed=1 jitter=0 jitter_index=0 jitter_x=0.000000 jitter_y=0.000000 jitter_previous_x=0.000000 jitter_previous_y=0.000000 jittered=0 cut=0 cut_median_px=0.0000 cut_missing=0.0000 cut_samples=0 taa=0 taa_attempted=0 taa_resolved=0 taa_history=0 taa_skip=1 taa_result=00000001 taa_restore=00000000 taa_copy=00000001 taa_hdr=0 taa_k=0.00000 taa_sharpen=0 scene_open=0 active_queries=0 taa_references=0 camera_valid=0 camera_background_valid=0 camera_reads=0 camera_policy=1 camera_reason=1 camera_cut=0 camera_rotation_deg=0.0000 rt_mode=perdraw timing=cpu_qpc set_rt=4 lazy_flushes=0 jitter_writes=0 readbacks=0 gate_us=280.9 route_draw_us=149.7 set_rt_us=21.7 lazy_flush_us=0.0 jitter_us=0.0 fill_us=150.4 taa_run_us=0.0 taa_capture_us=0.0 taa_copy_color_us=0.0 taa_copy_depth_us=0.0 taa_draw_us=0.0 taa_apply_us=0.0 taa_copy_back_us=0.0 readback_us=0.0 state_shadow=1 rs_queries=12 rs_hits=12 rs_gets=14 rs_resyncs=0 sb_resyncs=0 scene_hook=0 scene_end_source=none scene_end_check=0 hook_signals=0 hook_outside_scene=0 hook_state=0 draws_after_hook=0 bloom_copy_seen=0 mip_bias=0 mip_bias_sets=0 mip_bias_restores=0 mip_bias_draws=0 mip_bias_stages=0000 mip_bias_reads=0 mip_bias_game_writes=0 mip_bias_game_writes_total=0 mip_bias_failures=0 mip_bias_biased_now=0000
hdr_frame device=1 frame=0 hdr=1 redirected=1 end=present writebacks=1 flushes=1 writeback_source=shader unwind=0 unwind_reason=none unwind_draw=00000001 unwind_restore=00000001 unwind_stretch=00000001 unwind_bind=00000001 blocked=0 recheck=none suspended=0 resumed=0 dirty_at_present=0 refused_msaa=0 target_create=00000000 latch_bind=00000000 target=64x64 target_bytes=32768 caps=ok stretch_conversion=00000000 timing=cpu_qpc redirect_us=22.0 writeback_us=290.5 writeback_draw_us=177.2 writeback_stretch_us=0.0 bind_us=5.7 recheck_us=0.0 tonemap=identity tonemapped=0 look=none decode=gamma2.2 clamp=0 exposure=auto ev=0.00000 ev_adapted=0.00000 ev_target=0.00000 avg_log_l=0.00000 luma_mean=1 lit_fraction=0.0000 luma_lit=1 luma_p99=1 ev_key=0.00000 ev_limit=0.00000 ev_fresh=0.00000 tiles=0 lit=0 dt_ms=0.000 stepped=0 steps=0 meter=00000001 readback=00000001 tonemap_draw=00000001 fallback=0 meter_us=0.0 readback_us=0.0 k=0.00000 chain_bytes=0 sharpen=off sharpened=0 sharpen_fallback=0
telemetry_first_present device=1 frame=0 qpc=9844019295257 since_start_us=1150221.500 capture=0 reset_count=0
telemetry_window_context device=1 frame=0 render_thread=1088 window_thread=1088 gui_ok=1 gui_active=00000000 gui_focus=00000000 gui_capture=00000000 clip_ok=1 clip=-1512,0,5120,1440 monitor_ok=1 monitor=0,0,5120,1440 work=0,31,5120,1440
telemetry_window device=1 frame=0 qpc=9844019299277 window=0050005e foreground=00000000 thread_focus=00000000 iconic=0 visible=0 style=04cf0000 exstyle=00000100 window_rect=0,0,119,96 client_rect=0,0,111,62
telemetry_cursor_poll device=1 frame=0 qpc=9844019299277 flags=1 cursor=00000000 x=4319 y=642
telemetry_present_window device=1 frame=0 override=00000000 device_window=0050005e result=00000000
frame_end device=1 frame=0 draws=3 capture=0 present=00000000 elapsed_ms=1159 dt_ms=0 qpc=9844019303535
frame_begin device=1 frame=1
capture_event device=1 frame=1 seq=1 after_draw=0 op=clear result=00000000 qpc=9844019305992
clear flags=3 color=ff203040 z=1 stencil=0 rect_count=0 rect_ptr=00000000
surface role=clear_rt0 ptr=00119cb8 identity=1 width=64 height=64 format=21 usage=1 msaa=0 container=0 container_type=0 container_result=80004002
surface role=clear_depth ptr=00119cf8 identity=2 width=64 height=64 format=77 usage=2 msaa=0 container=0 container_type=0 container_result=80004002
clear_viewport result=00000000 x=0 y=0 w=64 h=64 minz=0 maxz=1
capture_event device=1 frame=1 seq=2 after_draw=0 op=draw_begin result=00000000 qpc=9844019315820
draw device=1 frame=1 index=1 kind=primitive topology=4 primitives=1 vs=53a0a641107ed76c ps=98731d5594e36226
geometry source=buffers
stream slot=0 result=00000000 identity=3 offset=0 stride=24 frequency=1 frequency_result=00000000
vertex_buffer identity=3 bytes=72 usage=0 pool=1 fvf=0
buffer_content kind=vertex identity=3 result=80070057 status=00000001 requested=0 known=0 ambiguous=0 revision=0 pending=0 flags=00000000
stream slot=1 result=00000000 identity=0
stream slot=2 result=00000000 identity=0
stream slot=3 result=00000000 identity=0
stream slot=4 result=00000000 identity=0
stream slot=5 result=00000000 identity=0
stream slot=6 result=00000000 identity=0
stream slot=7 result=00000000 identity=0
stream slot=8 result=00000000 identity=0
stream slot=9 result=00000000 identity=0
stream slot=10 result=00000000 identity=0
stream slot=11 result=00000000 identity=0
stream slot=12 result=00000000 identity=0
stream slot=13 result=00000000 identity=0
stream slot=14 result=00000000 identity=0
stream slot=15 result=00000000 identity=0
indices result=00000000 identity=0
surface role=rt0 ptr=00119cb8 identity=1 width=64 height=64 format=21 usage=1 msaa=0 container=0 container_type=0 container_result=80004002
surface role=depth ptr=00119cf8 identity=2 width=64 height=64 format=77 usage=2 msaa=0 container=0 container_type=0 container_result=80004002
state id=7 value=0
state id=14 value=0
state id=23 value=4
state id=15 value=1
state id=24 value=0
state id=25 value=8
state id=27 value=1
state id=19 value=2
state id=20 value=1
state id=171 value=1
state id=22 value=2
state id=168 value=7
state id=194 value=0
state id=206 value=0
state id=52 value=1
state id=56 value=8
state id=57 value=0
state id=58 value=4294967295
state id=59 value=4294967295
state id=53 value=1
state id=54 value=1
state id=55 value=1
state id=185 value=0
state id=189 value=8
state id=186 value=1
state id=187 value=1
state id=188 value=1
viewport x=0 y=0 w=64 h=64 minz=0 maxz=1
resource identity=7 ptr=016ad578 type=3
texture stage=0 ptr=016ad578 type=3 identity=7 levels=1
texture_desc stage=0 w=2 h=2 format=21
sampler stage=0 state=6 value=1
sampler stage=0 state=5 value=1
sampler stage=0 state=7 value=0
sampler stage=0 state=10 value=1
sampler stage=0 state=11 value=0
sampler stage=0 state=8 value=0 bias=0
sampler stage=0 state=9 value=0
resource identity=8 ptr=016ad5f8 type=3
texture stage=1 ptr=016ad5f8 type=3 identity=8 levels=1
texture_desc stage=1 w=2 h=2 format=21
sampler stage=1 state=6 value=1
sampler stage=1 state=5 value=1
sampler stage=1 state=7 value=0
sampler stage=1 state=10 value=1
sampler stage=1 state=11 value=0
sampler stage=1 state=8 value=0 bias=0
sampler stage=1 state=9 value=0
resource identity=9 ptr=016ad678 type=3
texture stage=2 ptr=016ad678 type=3 identity=9 levels=1
texture_desc stage=2 w=2 h=2 format=21
sampler stage=2 state=6 value=1
sampler stage=2 state=5 value=1
sampler stage=2 state=7 value=0
sampler stage=2 state=10 value=1
sampler stage=2 state=11 value=0
sampler stage=2 state=8 value=0 bias=0
sampler stage=2 state=9 value=0
resource identity=10 ptr=016ad9f8 type=5
texture stage=3 ptr=016ad9f8 type=5 identity=10 levels=1
sampler stage=3 state=6 value=1
sampler stage=3 state=5 value=1
sampler stage=3 state=7 value=0
sampler stage=3 state=10 value=1
sampler stage=3 state=11 value=0
sampler stage=3 state=8 value=0 bias=0
sampler stage=3 state=9 value=0
sampler stage=4 state=6 value=1
sampler stage=4 state=5 value=1
sampler stage=4 state=7 value=0
sampler stage=4 state=10 value=1
sampler stage=4 state=11 value=0
sampler stage=4 state=8 value=0 bias=0
sampler stage=4 state=9 value=0
sampler stage=5 state=6 value=1
sampler stage=5 state=5 value=1
sampler stage=5 state=7 value=0
sampler stage=5 state=10 value=1
sampler stage=5 state=11 value=0
sampler stage=5 state=8 value=0 bias=0
sampler stage=5 state=9 value=0
sampler stage=6 state=6 value=1
sampler stage=6 state=5 value=1
sampler stage=6 state=7 value=0
sampler stage=6 state=10 value=1
sampler stage=6 state=11 value=0
sampler stage=6 state=8 value=0 bias=0
sampler stage=6 state=9 value=0
sampler stage=7 state=6 value=1
sampler stage=7 state=5 value=1
sampler stage=7 state=7 value=0
sampler stage=7 state=10 value=1
sampler stage=7 state=11 value=0
sampler stage=7 state=8 value=0 bias=0
sampler stage=7 state=9 value=0
sampler stage=8 state=6 value=1
sampler stage=8 state=5 value=1
sampler stage=8 state=7 value=0
sampler stage=8 state=10 value=1
sampler stage=8 state=11 value=0
sampler stage=8 state=8 value=0 bias=0
sampler stage=8 state=9 value=0
sampler stage=9 state=6 value=1
sampler stage=9 state=5 value=1
sampler stage=9 state=7 value=0
sampler stage=9 state=10 value=1
sampler stage=9 state=11 value=0
sampler stage=9 state=8 value=0 bias=0
sampler stage=9 state=9 value=0
sampler stage=10 state=6 value=1
sampler stage=10 state=5 value=1
sampler stage=10 state=7 value=0
sampler stage=10 state=10 value=1
sampler stage=10 state=11 value=0
sampler stage=10 state=8 value=0 bias=0
sampler stage=10 state=9 value=0
sampler stage=11 state=6 value=1
sampler stage=11 state=5 value=1
sampler stage=11 state=7 value=0
sampler stage=11 state=10 value=1
sampler stage=11 state=11 value=0
sampler stage=11 state=8 value=0 bias=0
sampler stage=11 state=9 value=0
sampler stage=12 state=6 value=1
sampler stage=12 state=5 value=1
sampler stage=12 state=7 value=0
sampler stage=12 state=10 value=1
sampler stage=12 state=11 value=0
sampler stage=12 state=8 value=0 bias=0
sampler stage=12 state=9 value=0
sampler stage=13 state=6 value=1
sampler stage=13 state=5 value=1
sampler stage=13 state=7 value=0
sampler stage=13 state=10 value=1
sampler stage=13 state=11 value=0
sampler stage=13 state=8 value=0 bias=0
sampler stage=13 state=9 value=0
sampler stage=14 state=6 value=1
sampler stage=14 state=5 value=1
sampler stage=14 state=7 value=0
sampler stage=14 state=10 value=1
sampler stage=14 state=11 value=0
sampler stage=14 state=8 value=0 bias=0
sampler stage=14 state=9 value=0
sampler stage=15 state=6 value=1
sampler stage=15 state=5 value=1
sampler stage=15 state=7 value=0
sampler stage=15 state=10 value=1
sampler stage=15 state=11 value=0
sampler stage=15 state=8 value=0 bias=0
sampler stage=15 state=9 value=0
vertex_element stream=0 offset=0 type=16 method=0 usage=0 index=0
vertex_element stream=0 offset=8 type=16 method=0 usage=5 index=0
vertex_element stream=0 offset=16 type=16 method=0 usage=3 index=0
vertex_element stream=255 offset=0 type=17 method=0 usage=0 index=0
transform state=256 row=0 values=1,0,0,0
transform state=256 row=1 values=0,1,0,0
transform state=256 row=2 values=0,0,1,0
transform state=256 row=3 values=0,0,0,1
transform state=2 row=0 values=1,0,0,0
transform state=2 row=1 values=0,1,0,0
transform state=2 row=2 values=0,0,1,0
transform state=2 row=3 values=0,0,0,1
transform state=3 row=0 values=1,0,0,0
transform state=3 row=1 values=0,1,0,0
transform state=3 row=2 values=0,0,1,0
transform state=3 row=3 values=0,0,0,1
constants kind=vs type=f count=256 result=00000000 encoding=sparse_zero
constant kind=vs type=f reg=0 bits=bf800000,3f800000,40400000,00000000
constant kind=vs type=f reg=1 bits=3d23d70a,3ccccccd,3c75c28f,00000000
constant kind=vs type=f reg=2 bits=3f800000,3d4ccccd,00000000,00000000
constant kind=vs type=f reg=3 bits=00000000,3f800000,40400000,00000000
constant kind=vs type=f reg=4 bits=3d23d70a,3ccccccd,3c75c28f,00000000
constant kind=vs type=f reg=5 bits=3f800000,3d4ccccd,00000000,00000000
constant kind=vs type=f reg=6 bits=3f800000,3f800000,40400000,00000000
constant kind=vs type=f reg=7 bits=3d23d70a,3ccccccd,3c75c28f,00000000
constant kind=vs type=f reg=8 bits=3f800000,3d4ccccd,00000000,00000000
constant kind=vs type=f reg=9 bits=bf800000,3f800000,40400000,00000000
constant kind=vs type=f reg=10 bits=3d23d70a,3ccccccd,3c75c28f,00000000
constant kind=vs type=f reg=11 bits=3f800000,3d4ccccd,00000000,00000000
constant kind=vs type=f reg=12 bits=00000000,3f800000,40400000,00000000
constant kind=vs type=f reg=13 bits=3d23d70a,3ccccccd,3c75c28f,00000000
constant kind=vs type=f reg=14 bits=3f800000,3d4ccccd,00000000,00000000
constant kind=vs type=f reg=15 bits=3f800000,3f800000,40400000,00000000
constant kind=vs type=f reg=16 bits=3d23d70a,3ccccccd,3c75c28f,00000000
constant kind=vs type=f reg=17 bits=3f800000,3d4ccccd,00000000,00000000
constant kind=vs type=f reg=18 bits=bf800000,3f800000,40400000,00000000
constant kind=vs type=f reg=19 bits=3d23d70a,3ccccccd,3c75c28f,00000000
constant kind=vs type=f reg=20 bits=3f800000,3d4ccccd,00000000,00000000
constant kind=vs type=f reg=21 bits=00000000,3f800000,40400000,00000000
constant kind=vs type=f reg=22 bits=3d23d70a,3ccccccd,3c75c28f,00000000
constant kind=vs type=f reg=23 bits=3f800000,3d4ccccd,00000000,00000000
constant kind=vs type=f reg=24 bits=3f800000,00000000,00000000,00000000
constant kind=vs type=f reg=25 bits=00000000,3f800000,00000000,00000000
constant kind=vs type=f reg=26 bits=00000000,00000000,3f800000,00000000
constant kind=vs type=f reg=27 bits=00000000,00000000,00000000,3f800000
constant kind=vs type=f reg=28 bits=3f800000,00000000,00000000,00000000
constant kind=vs type=f reg=29 bits=00000000,3f800000,00000000,00000000
constant kind=vs type=f reg=30 bits=00000000,00000000,3f800000,00000000
constant kind=vs type=f reg=31 bits=3f800000,00000000,00000000,00000000
constant kind=vs type=f reg=32 bits=00000000,3f800000,00000000,00000000
constant kind=vs type=f reg=33 bits=00000000,00000000,3f800000,00000000
constant kind=vs type=f reg=34 bits=3f800000,00000000,00000000,00000000
constant kind=vs type=f reg=35 bits=00000000,3f800000,00000000,00000000
constant kind=vs type=f reg=36 bits=00000000,00000000,3f800000,40800000
constant kind=vs type=f reg=37 bits=3f800000,00000000,00000000,00000000
constant kind=vs type=f reg=38 bits=00000000,3f800000,00000000,00000000
constant kind=vs type=f reg=39 bits=3f200000,00000000,00000000,00000000
constant kind=vs type=f reg=40 bits=3e4ccccd,3dcccccd,3d4ccccd,00000000
constant kind=vs type=f reg=41 bits=3f800000,00000000,00000000,00000000
constants kind=vs type=i count=16 result=00000000 encoding=full
constant kind=vs type=i reg=0 values=1,0,1,0
constant kind=vs type=i reg=1 values=0,0,0,0
constant kind=vs type=i reg=2 values=0,0,0,0
constant kind=vs type=i reg=3 values=0,0,0,0
constant kind=vs type=i reg=4 values=0,0,0,0
constant kind=vs type=i reg=5 values=0,0,0,0
constant kind=vs type=i reg=6 values=0,0,0,0
constant kind=vs type=i reg=7 values=0,0,0,0
constant kind=vs type=i reg=8 values=0,0,0,0
constant kind=vs type=i reg=9 values=0,0,0,0
constant kind=vs type=i reg=10 values=0,0,0,0
constant kind=vs type=i reg=11 values=0,0,0,0
constant kind=vs type=i reg=12 values=0,0,0,0
constant kind=vs type=i reg=13 values=0,0,0,0
constant kind=vs type=i reg=14 values=0,0,0,0
constant kind=vs type=i reg=15 values=0,0,0,0
constants kind=vs type=b count=16 result=00000000 encoding=full
constant kind=vs type=b reg=0 values=0
constant kind=vs type=b reg=1 values=0
constant kind=vs type=b reg=2 values=0
constant kind=vs type=b reg=3 values=0
constant kind=vs type=b reg=4 values=0
constant kind=vs type=b reg=5 values=0
constant kind=vs type=b reg=6 values=0
constant kind=vs type=b reg=7 values=0
constant kind=vs type=b reg=8 values=0
constant kind=vs type=b reg=9 values=0
constant kind=vs type=b reg=10 values=0
constant kind=vs type=b reg=11 values=0
constant kind=vs type=b reg=12 values=0
constant kind=vs type=b reg=13 values=0
constant kind=vs type=b reg=14 values=0
constant kind=vs type=b reg=15 values=0
constants kind=ps type=f count=224 result=00000000 encoding=sparse_zero
constant kind=ps type=f reg=0 bits=3f800000,00000000,00000000,00000000
constant kind=ps type=f reg=1 bits=00000000,3f800000,00000000,00000000
constant kind=ps type=f reg=2 bits=00000000,00000000,3f800000,00000000
constant kind=ps type=f reg=3 bits=3e800000,00000000,00000000,00000000
constant kind=ps type=f reg=4 bits=00000000,00000000,3f800000,00000000
constant kind=ps type=f reg=5 bits=3e99999a,3e4ccccd,3dcccccd,00000000
constant kind=ps type=f reg=6 bits=3f000000,00000000,3f000000,00000000
constant kind=ps type=f reg=7 bits=3dcccccd,3e19999a,3e4ccccd,00000000
constants kind=ps type=i count=16 result=00000000 encoding=full
constant kind=ps type=i reg=0 values=0,0,0,0
constant kind=ps type=i reg=1 values=0,0,0,0
constant kind=ps type=i reg=2 values=0,0,0,0
constant kind=ps type=i reg=3 values=0,0,0,0
constant kind=ps type=i reg=4 values=0,0,0,0
constant kind=ps type=i reg=5 values=0,0,0,0
constant kind=ps type=i reg=6 values=0,0,0,0
constant kind=ps type=i reg=7 values=0,0,0,0
constant kind=ps type=i reg=8 values=0,0,0,0
constant kind=ps type=i reg=9 values=0,0,0,0
constant kind=ps type=i reg=10 values=0,0,0,0
constant kind=ps type=i reg=11 values=0,0,0,0
constant kind=ps type=i reg=12 values=0,0,0,0
constant kind=ps type=i reg=13 values=0,0,0,0
constant kind=ps type=i reg=14 values=0,0,0,0
constant kind=ps type=i reg=15 values=0,0,0,0
constants kind=ps type=b count=16 result=00000000 encoding=full
constant kind=ps type=b reg=0 values=0
constant kind=ps type=b reg=1 values=0
constant kind=ps type=b reg=2 values=0
constant kind=ps type=b reg=3 values=0
constant kind=ps type=b reg=4 values=0
constant kind=ps type=b reg=5 values=0
constant kind=ps type=b reg=6 values=0
constant kind=ps type=b reg=7 values=0
constant kind=ps type=b reg=8 values=0
constant kind=ps type=b reg=9 values=0
constant kind=ps type=b reg=10 values=0
constant kind=ps type=b reg=11 values=0
constant kind=ps type=b reg=12 values=0
constant kind=ps type=b reg=13 values=0
constant kind=ps type=b reg=14 values=0
constant kind=ps type=b reg=15 values=0
draw_args start_vertex=0
motion_input device=1 frame=1 index=1 blockers=00000252 proofs=20 position_path=1 vs=53a0a641107ed76c ps=98731d5594e36226 declaration=0cdf6a8c884ad955 rows_hash=1b0c97ae01a7ec05 color=1 depth=2 width=64 height=64 cull=2 vb=3 vb_revision=0 ib=0 ib_revision=0 position_offset=0 position_type=16 lifetime_verified=0 vertex_finite_verified=0
motion_geometry device=1 frame=1 index=1 source_qualified=1 source_hash=53a0a641107ed76c source_words=526 finite_requested=0 finite_state=0 finite_reason=4 finite_status=00000001 finite_generation=0 finite_revision=0 index_required=0 index_requested=0 index_known=0 index_range_verified=0 index_exact=0 index_min=0 index_max=0 index_reason=1 index_status=00000001 index_generation=0 index_revision=0
draw_result device=1 frame=1 index=1 result=00000000
capture_event device=1 frame=1 seq=3 after_draw=1 op=clear result=00000000 qpc=9844019328891
clear flags=2 color=00000000 z=1 stencil=0 rect_count=0 rect_ptr=00000000
surface role=clear_rt0 ptr=00119cb8 identity=1 width=64 height=64 format=21 usage=1 msaa=0 container=0 container_type=0 container_result=80004002
surface role=clear_depth ptr=00119cf8 identity=2 width=64 height=64 format=77 usage=2 msaa=0 container=0 container_type=0 container_result=80004002
clear_viewport result=00000000 x=0 y=0 w=64 h=64 minz=0 maxz=1
capture_event device=1 frame=1 seq=4 after_draw=1 op=draw_begin result=00000000 qpc=9844019333935
draw device=1 frame=1 index=2 kind=primitive topology=4 primitives=1 vs=53a0a641107ed76c ps=8759c7838bbc86c2
geometry source=buffers
stream slot=0 result=00000000 identity=3 offset=0 stride=24 frequency=1 frequency_result=00000000
vertex_buffer identity=3 bytes=72 usage=0 pool=1 fvf=0
buffer_content kind=vertex identity=3 result=80070057 status=00000001 requested=0 known=0 ambiguous=0 revision=0 pending=0 flags=00000000
stream slot=1 result=00000000 identity=0
stream slot=2 result=00000000 identity=0
stream slot=3 result=00000000 identity=0
stream slot=4 result=00000000 identity=0
stream slot=5 result=00000000 identity=0
stream slot=6 result=00000000 identity=0
stream slot=7 result=00000000 identity=0
stream slot=8 result=00000000 identity=0
stream slot=9 result=00000000 identity=0
stream slot=10 result=00000000 identity=0
stream slot=11 result=00000000 identity=0
stream slot=12 result=00000000 identity=0
stream slot=13 result=00000000 identity=0
stream slot=14 result=00000000 identity=0
stream slot=15 result=00000000 identity=0
indices result=00000000 identity=0
surface role=rt0 ptr=00119cb8 identity=1 width=64 height=64 format=21 usage=1 msaa=0 container=0 container_type=0 container_result=80004002
surface role=depth ptr=00119cf8 identity=2 width=64 height=64 format=77 usage=2 msaa=0 container=0 container_type=0 container_result=80004002
state id=7 value=1
state id=14 value=1
state id=23 value=4
state id=15 value=0
state id=24 value=0
state id=25 value=8
state id=27 value=0
state id=19 value=2
state id=20 value=1
state id=171 value=1
state id=22 value=1
state id=168 value=15
state id=194 value=0
state id=206 value=0
state id=52 value=0
state id=56 value=8
state id=57 value=0
state id=58 value=4294967295
state id=59 value=4294967295
state id=53 value=1
state id=54 value=1
state id=55 value=1
state id=185 value=0
state id=189 value=8
state id=186 value=1
state id=187 value=1
state id=188 value=1
viewport x=0 y=0 w=64 h=64 minz=0 maxz=1
texture stage=0 ptr=016ad578 type=3 identity=7 levels=1
texture_desc stage=0 w=2 h=2 format=21
sampler stage=0 state=6 value=1
sampler stage=0 state=5 value=1
sampler stage=0 state=7 value=0
sampler stage=0 state=10 value=1
sampler stage=0 state=11 value=0
sampler stage=0 state=8 value=0 bias=0
sampler stage=0 state=9 value=0
texture stage=1 ptr=016ad5f8 type=3 identity=8 levels=1
texture_desc stage=1 w=2 h=2 format=21
sampler stage=1 state=6 value=1
sampler stage=1 state=5 value=1
sampler stage=1 state=7 value=0
sampler stage=1 state=10 value=1
sampler stage=1 state=11 value=0
sampler stage=1 state=8 value=0 bias=0
sampler stage=1 state=9 value=0
texture stage=2 ptr=016ad678 type=3 identity=9 levels=1
texture_desc stage=2 w=2 h=2 format=21
sampler stage=2 state=6 value=1
sampler stage=2 state=5 value=1
sampler stage=2 state=7 value=0
sampler stage=2 state=10 value=1
sampler stage=2 state=11 value=0
sampler stage=2 state=8 value=0 bias=0
sampler stage=2 state=9 value=0
texture stage=3 ptr=016ad9f8 type=5 identity=10 levels=1
sampler stage=3 state=6 value=1
sampler stage=3 state=5 value=1
sampler stage=3 state=7 value=0
sampler stage=3 state=10 value=1
sampler stage=3 state=11 value=0
sampler stage=3 state=8 value=0 bias=0
sampler stage=3 state=9 value=0
sampler stage=4 state=6 value=1
sampler stage=4 state=5 value=1
sampler stage=4 state=7 value=0
sampler stage=4 state=10 value=1
sampler stage=4 state=11 value=0
sampler stage=4 state=8 value=0 bias=0
sampler stage=4 state=9 value=0
sampler stage=5 state=6 value=1
sampler stage=5 state=5 value=1
sampler stage=5 state=7 value=0
sampler stage=5 state=10 value=1
sampler stage=5 state=11 value=0
sampler stage=5 state=8 value=0 bias=0
sampler stage=5 state=9 value=0
sampler stage=6 state=6 value=1
sampler stage=6 state=5 value=1
sampler stage=6 state=7 value=0
sampler stage=6 state=10 value=1
sampler stage=6 state=11 value=0
sampler stage=6 state=8 value=0 bias=0
sampler stage=6 state=9 value=0
sampler stage=7 state=6 value=1
sampler stage=7 state=5 value=1
sampler stage=7 state=7 value=0
sampler stage=7 state=10 value=1
sampler stage=7 state=11 value=0
sampler stage=7 state=8 value=0 bias=0
sampler stage=7 state=9 value=0
sampler stage=8 state=6 value=1
sampler stage=8 state=5 value=1
sampler stage=8 state=7 value=0
sampler stage=8 state=10 value=1
sampler stage=8 state=11 value=0
sampler stage=8 state=8 value=0 bias=0
sampler stage=8 state=9 value=0
sampler stage=9 state=6 value=1
sampler stage=9 state=5 value=1
sampler stage=9 state=7 value=0
sampler stage=9 state=10 value=1
sampler stage=9 state=11 value=0
sampler stage=9 state=8 value=0 bias=0
sampler stage=9 state=9 value=0
sampler stage=10 state=6 value=1
sampler stage=10 state=5 value=1
sampler stage=10 state=7 value=0
sampler stage=10 state=10 value=1
sampler stage=10 state=11 value=0
sampler stage=10 state=8 value=0 bias=0
sampler stage=10 state=9 value=0
sampler stage=11 state=6 value=1
sampler stage=11 state=5 value=1
sampler stage=11 state=7 value=0
sampler stage=11 state=10 value=1
sampler stage=11 state=11 value=0
sampler stage=11 state=8 value=0 bias=0
sampler stage=11 state=9 value=0
sampler stage=12 state=6 value=1
sampler stage=12 state=5 value=1
sampler stage=12 state=7 value=0
sampler stage=12 state=10 value=1
sampler stage=12 state=11 value=0
sampler stage=12 state=8 value=0 bias=0
sampler stage=12 state=9 value=0
sampler stage=13 state=6 value=1
sampler stage=13 state=5 value=1
sampler stage=13 state=7 value=0
sampler stage=13 state=10 value=1
sampler stage=13 state=11 value=0
sampler stage=13 state=8 value=0 bias=0
sampler stage=13 state=9 value=0
sampler stage=14 state=6 value=1
sampler stage=14 state=5 value=1
sampler stage=14 state=7 value=0
sampler stage=14 state=10 value=1
sampler stage=14 state=11 value=0
sampler stage=14 state=8 value=0 bias=0
sampler stage=14 state=9 value=0
sampler stage=15 state=6 value=1
sampler stage=15 state=5 value=1
sampler stage=15 state=7 value=0
sampler stage=15 state=10 value=1
sampler stage=15 state=11 value=0
sampler stage=15 state=8 value=0 bias=0
sampler stage=15 state=9 value=0
vertex_element stream=0 offset=0 type=16 method=0 usage=0 index=0
vertex_element stream=0 offset=8 type=16 method=0 usage=5 index=0
vertex_element stream=0 offset=16 type=16 method=0 usage=3 index=0
vertex_element stream=255 offset=0 type=17 method=0 usage=0 index=0
transform state=256 row=0 values=1,0,0,0
transform state=256 row=1 values=0,1,0,0
transform state=256 row=2 values=0,0,1,0
transform state=256 row=3 values=0,0,0,1
transform state=2 row=0 values=1,0,0,0
transform state=2 row=1 values=0,1,0,0
transform state=2 row=2 values=0,0,1,0
transform state=2 row=3 values=0,0,0,1
transform state=3 row=0 values=1,0,0,0
transform state=3 row=1 values=0,1,0,0
transform state=3 row=2 values=0,0,1,0
transform state=3 row=3 values=0,0,0,1
constants kind=vs type=f count=256 result=00000000 encoding=sparse_zero
constant kind=vs type=f reg=0 bits=bf800000,3f800000,40400000,00000000
constant kind=vs type=f reg=1 bits=3d23d70a,3ccccccd,3c75c28f,00000000
constant kind=vs type=f reg=2 bits=3f800000,3d4ccccd,00000000,00000000
constant kind=vs type=f reg=3 bits=00000000,3f800000,40400000,00000000
constant kind=vs type=f reg=4 bits=3d23d70a,3ccccccd,3c75c28f,00000000
constant kind=vs type=f reg=5 bits=3f800000,3d4ccccd,00000000,00000000
constant kind=vs type=f reg=6 bits=3f800000,3f800000,40400000,00000000
constant kind=vs type=f reg=7 bits=3d23d70a,3ccccccd,3c75c28f,00000000
constant kind=vs type=f reg=8 bits=3f800000,3d4ccccd,00000000,00000000
constant kind=vs type=f reg=9 bits=bf800000,3f800000,40400000,00000000
constant kind=vs type=f reg=10 bits=3d23d70a,3ccccccd,3c75c28f,00000000
constant kind=vs type=f reg=11 bits=3f800000,3d4ccccd,00000000,00000000
constant kind=vs type=f reg=12 bits=00000000,3f800000,40400000,00000000
constant kind=vs type=f reg=13 bits=3d23d70a,3ccccccd,3c75c28f,00000000
constant kind=vs type=f reg=14 bits=3f800000,3d4ccccd,00000000,00000000
constant kind=vs type=f reg=15 bits=3f800000,3f800000,40400000,00000000
constant kind=vs type=f reg=16 bits=3d23d70a,3ccccccd,3c75c28f,00000000
constant kind=vs type=f reg=17 bits=3f800000,3d4ccccd,00000000,00000000
constant kind=vs type=f reg=18 bits=bf800000,3f800000,40400000,00000000
constant kind=vs type=f reg=19 bits=3d23d70a,3ccccccd,3c75c28f,00000000
constant kind=vs type=f reg=20 bits=3f800000,3d4ccccd,00000000,00000000
constant kind=vs type=f reg=21 bits=00000000,3f800000,40400000,00000000
constant kind=vs type=f reg=22 bits=3d23d70a,3ccccccd,3c75c28f,00000000
constant kind=vs type=f reg=23 bits=3f800000,3d4ccccd,00000000,00000000
constant kind=vs type=f reg=24 bits=3f800000,00000000,00000000,3f400000
constant kind=vs type=f reg=25 bits=00000000,3f800000,00000000,00000000
constant kind=vs type=f reg=26 bits=00000000,00000000,3f800000,00000000
constant kind=vs type=f reg=27 bits=00000000,00000000,00000000,3f800000
constant kind=vs type=f reg=28 bits=3f800000,00000000,00000000,00000000
constant kind=vs type=f reg=29 bits=00000000,3f800000,00000000,00000000
constant kind=vs type=f reg=30 bits=00000000,00000000,3f800000,00000000
constant kind=vs type=f reg=31 bits=3f800000,00000000,00000000,00000000
constant kind=vs type=f reg=32 bits=00000000,3f800000,00000000,00000000
constant kind=vs type=f reg=33 bits=00000000,00000000,3f800000,00000000
constant kind=vs type=f reg=34 bits=3f800000,00000000,00000000,00000000
constant kind=vs type=f reg=35 bits=00000000,3f800000,00000000,00000000
constant kind=vs type=f reg=36 bits=00000000,00000000,3f800000,40800000
constant kind=vs type=f reg=37 bits=3f800000,00000000,00000000,00000000
constant kind=vs type=f reg=38 bits=00000000,3f800000,00000000,00000000
constant kind=vs type=f reg=39 bits=3f200000,00000000,00000000,00000000
constant kind=vs type=f reg=40 bits=3e4ccccd,3dcccccd,3d4ccccd,00000000
constant kind=vs type=f reg=41 bits=3f800000,00000000,00000000,00000000
constants kind=vs type=i count=16 result=00000000 encoding=full
constant kind=vs type=i reg=0 values=1,0,1,0
constant kind=vs type=i reg=1 values=0,0,0,0
constant kind=vs type=i reg=2 values=0,0,0,0
constant kind=vs type=i reg=3 values=0,0,0,0
constant kind=vs type=i reg=4 values=0,0,0,0
constant kind=vs type=i reg=5 values=0,0,0,0
constant kind=vs type=i reg=6 values=0,0,0,0
constant kind=vs type=i reg=7 values=0,0,0,0
constant kind=vs type=i reg=8 values=0,0,0,0
constant kind=vs type=i reg=9 values=0,0,0,0
constant kind=vs type=i reg=10 values=0,0,0,0
constant kind=vs type=i reg=11 values=0,0,0,0
constant kind=vs type=i reg=12 values=0,0,0,0
constant kind=vs type=i reg=13 values=0,0,0,0
constant kind=vs type=i reg=14 values=0,0,0,0
constant kind=vs type=i reg=15 values=0,0,0,0
constants kind=vs type=b count=16 result=00000000 encoding=full
constant kind=vs type=b reg=0 values=0
constant kind=vs type=b reg=1 values=0
constant kind=vs type=b reg=2 values=0
constant kind=vs type=b reg=3 values=0
constant kind=vs type=b reg=4 values=0
constant kind=vs type=b reg=5 values=0
constant kind=vs type=b reg=6 values=0
constant kind=vs type=b reg=7 values=0
constant kind=vs type=b reg=8 values=0
constant kind=vs type=b reg=9 values=0
constant kind=vs type=b reg=10 values=0
constant kind=vs type=b reg=11 values=0
constant kind=vs type=b reg=12 values=0
constant kind=vs type=b reg=13 values=0
constant kind=vs type=b reg=14 values=0
constant kind=vs type=b reg=15 values=0
constants kind=ps type=f count=224 result=00000000 encoding=sparse_zero
constant kind=ps type=f reg=0 bits=3f800000,00000000,00000000,00000000
constant kind=ps type=f reg=1 bits=00000000,3f800000,00000000,00000000
constant kind=ps type=f reg=2 bits=00000000,00000000,3f800000,00000000
constant kind=ps type=f reg=3 bits=3e800000,00000000,00000000,00000000
constant kind=ps type=f reg=4 bits=00000000,00000000,3f800000,00000000
constant kind=ps type=f reg=5 bits=3e99999a,3e4ccccd,3dcccccd,00000000
constant kind=ps type=f reg=6 bits=3f000000,00000000,3f000000,00000000
constant kind=ps type=f reg=7 bits=3dcccccd,3e19999a,3e4ccccd,00000000
constants kind=ps type=i count=16 result=00000000 encoding=full
constant kind=ps type=i reg=0 values=0,0,0,0
constant kind=ps type=i reg=1 values=0,0,0,0
constant kind=ps type=i reg=2 values=0,0,0,0
constant kind=ps type=i reg=3 values=0,0,0,0
constant kind=ps type=i reg=4 values=0,0,0,0
constant kind=ps type=i reg=5 values=0,0,0,0
constant kind=ps type=i reg=6 values=0,0,0,0
constant kind=ps type=i reg=7 values=0,0,0,0
constant kind=ps type=i reg=8 values=0,0,0,0
constant kind=ps type=i reg=9 values=0,0,0,0
constant kind=ps type=i reg=10 values=0,0,0,0
constant kind=ps type=i reg=11 values=0,0,0,0
constant kind=ps type=i reg=12 values=0,0,0,0
constant kind=ps type=i reg=13 values=0,0,0,0
constant kind=ps type=i reg=14 values=0,0,0,0
constant kind=ps type=i reg=15 values=0,0,0,0
constants kind=ps type=b count=16 result=00000000 encoding=full
constant kind=ps type=b reg=0 values=0
constant kind=ps type=b reg=1 values=0
constant kind=ps type=b reg=2 values=0
constant kind=ps type=b reg=3 values=0
constant kind=ps type=b reg=4 values=0
constant kind=ps type=b reg=5 values=0
constant kind=ps type=b reg=6 values=0
constant kind=ps type=b reg=7 values=0
constant kind=ps type=b reg=8 values=0
constant kind=ps type=b reg=9 values=0
constant kind=ps type=b reg=10 values=0
constant kind=ps type=b reg=11 values=0
constant kind=ps type=b reg=12 values=0
constant kind=ps type=b reg=13 values=0
constant kind=ps type=b reg=14 values=0
constant kind=ps type=b reg=15 values=0
draw_args start_vertex=0
motion_route device=1 frame=1 index=2 gate=5 routed=1 matched=0 depth=1 jittered=0 vs=53a0a641107ed76c ps=8759c7838bbc86c2 node=00000000 camera=00000000 node_handle=0 camera_handle=0 node_serial=0 camera_serial=0 load_epoch=0 registry_epoch=0 model=00000000 lod=00000000 vb=3 ib=0 declaration=0cdf6a8c884ad955 offset=0 stride=24 position_offset=0 position_type=16 topology=4 first=0 primitives=1 base_vertex=0 min_vertex=0 vertex_count=0 indexed=0 pass=1 rows_hash=712d59ff944d11a8 result=00000000
motion_input device=1 frame=1 index=2 blockers=00000210 proofs=28 position_path=1 vs=53a0a641107ed76c ps=8759c7838bbc86c2 declaration=0cdf6a8c884ad955 rows_hash=712d59ff944d11a8 color=1 depth=2 width=64 height=64 cull=1 vb=3 vb_revision=0 ib=0 ib_revision=0 position_offset=0 position_type=16 lifetime_verified=0 vertex_finite_verified=0
motion_geometry device=1 frame=1 index=2 source_qualified=1 source_hash=53a0a641107ed76c source_words=526 finite_requested=0 finite_state=0 finite_reason=4 finite_status=00000001 finite_generation=0 finite_revision=0 index_required=0 index_requested=0 index_known=0 index_range_verified=0 index_exact=0 index_min=0 index_max=0 index_reason=1 index_status=00000001 index_generation=0 index_revision=0
draw_result device=1 frame=1 index=2 result=00000000
capture_event device=1 frame=1 seq=5 after_draw=2 op=draw_begin result=00000000 qpc=9844019343757
draw device=1 frame=1 index=3 kind=primitive topology=4 primitives=1 vs=53a0a641107ed76c ps=98731d5594e36226
geometry source=buffers
stream slot=0 result=00000000 identity=6 offset=0 stride=24 frequency=1 frequency_result=00000000
vertex_buffer identity=6 bytes=72 usage=0 pool=1 fvf=0
buffer_content kind=vertex identity=6 result=80070057 status=00000001 requested=0 known=0 ambiguous=0 revision=0 pending=0 flags=00000000
stream slot=1 result=00000000 identity=0
stream slot=2 result=00000000 identity=0
stream slot=3 result=00000000 identity=0
stream slot=4 result=00000000 identity=0
stream slot=5 result=00000000 identity=0
stream slot=6 result=00000000 identity=0
stream slot=7 result=00000000 identity=0
stream slot=8 result=00000000 identity=0
stream slot=9 result=00000000 identity=0
stream slot=10 result=00000000 identity=0
stream slot=11 result=00000000 identity=0
stream slot=12 result=00000000 identity=0
stream slot=13 result=00000000 identity=0
stream slot=14 result=00000000 identity=0
stream slot=15 result=00000000 identity=0
indices result=00000000 identity=0
surface role=rt0 ptr=00119cb8 identity=1 width=64 height=64 format=21 usage=1 msaa=0 container=0 container_type=0 container_result=80004002
surface role=depth ptr=00119cf8 identity=2 width=64 height=64 format=77 usage=2 msaa=0 container=0 container_type=0 container_result=80004002
state id=7 value=1
state id=14 value=1
state id=23 value=4
state id=15 value=0
state id=24 value=0
state id=25 value=8
state id=27 value=0
state id=19 value=2
state id=20 value=1
state id=171 value=1
state id=22 value=1
state id=168 value=15
state id=194 value=0
state id=206 value=0
state id=52 value=0
state id=56 value=8
state id=57 value=0
state id=58 value=4294967295
state id=59 value=4294967295
state id=53 value=1
state id=54 value=1
state id=55 value=1
state id=185 value=0
state id=189 value=8
state id=186 value=1
state id=187 value=1
state id=188 value=1
viewport x=0 y=0 w=64 h=64 minz=0 maxz=1
texture stage=0 ptr=016ad578 type=3 identity=7 levels=1
texture_desc stage=0 w=2 h=2 format=21
sampler stage=0 state=6 value=1
sampler stage=0 state=5 value=1
sampler stage=0 state=7 value=0
sampler stage=0 state=10 value=1
sampler stage=0 state=11 value=0
sampler stage=0 state=8 value=0 bias=0
sampler stage=0 state=9 value=0
texture stage=1 ptr=016ad5f8 type=3 identity=8 levels=1
texture_desc stage=1 w=2 h=2 format=21
sampler stage=1 state=6 value=1
sampler stage=1 state=5 value=1
sampler stage=1 state=7 value=0
sampler stage=1 state=10 value=1
sampler stage=1 state=11 value=0
sampler stage=1 state=8 value=0 bias=0
sampler stage=1 state=9 value=0
texture stage=2 ptr=016ad678 type=3 identity=9 levels=1
texture_desc stage=2 w=2 h=2 format=21
sampler stage=2 state=6 value=1
sampler stage=2 state=5 value=1
sampler stage=2 state=7 value=0
sampler stage=2 state=10 value=1
sampler stage=2 state=11 value=0
sampler stage=2 state=8 value=0 bias=0
sampler stage=2 state=9 value=0
texture stage=3 ptr=016ad9f8 type=5 identity=10 levels=1
sampler stage=3 state=6 value=1
sampler stage=3 state=5 value=1
sampler stage=3 state=7 value=0
sampler stage=3 state=10 value=1
sampler stage=3 state=11 value=0
sampler stage=3 state=8 value=0 bias=0
sampler stage=3 state=9 value=0
sampler stage=4 state=6 value=1
sampler stage=4 state=5 value=1
sampler stage=4 state=7 value=0
sampler stage=4 state=10 value=1
sampler stage=4 state=11 value=0
sampler stage=4 state=8 value=0 bias=0
sampler stage=4 state=9 value=0
sampler stage=5 state=6 value=1
sampler stage=5 state=5 value=1
sampler stage=5 state=7 value=0
sampler stage=5 state=10 value=1
sampler stage=5 state=11 value=0
sampler stage=5 state=8 value=0 bias=0
sampler stage=5 state=9 value=0
sampler stage=6 state=6 value=1
sampler stage=6 state=5 value=1
sampler stage=6 state=7 value=0
sampler stage=6 state=10 value=1
sampler stage=6 state=11 value=0
sampler stage=6 state=8 value=0 bias=0
sampler stage=6 state=9 value=0
sampler stage=7 state=6 value=1
sampler stage=7 state=5 value=1
sampler stage=7 state=7 value=0
sampler stage=7 state=10 value=1
sampler stage=7 state=11 value=0
sampler stage=7 state=8 value=0 bias=0
sampler stage=7 state=9 value=0
sampler stage=8 state=6 value=1
sampler stage=8 state=5 value=1
sampler stage=8 state=7 value=0
sampler stage=8 state=10 value=1
sampler stage=8 state=11 value=0
sampler stage=8 state=8 value=0 bias=0
sampler stage=8 state=9 value=0
sampler stage=9 state=6 value=1
sampler stage=9 state=5 value=1
sampler stage=9 state=7 value=0
sampler stage=9 state=10 value=1
sampler stage=9 state=11 value=0
sampler stage=9 state=8 value=0 bias=0
sampler stage=9 state=9 value=0
sampler stage=10 state=6 value=1
sampler stage=10 state=5 value=1
sampler stage=10 state=7 value=0
sampler stage=10 state=10 value=1
sampler stage=10 state=11 value=0
sampler stage=10 state=8 value=0 bias=0
sampler stage=10 state=9 value=0
sampler stage=11 state=6 value=1
sampler stage=11 state=5 value=1
sampler stage=11 state=7 value=0
sampler stage=11 state=10 value=1
sampler stage=11 state=11 value=0
sampler stage=11 state=8 value=0 bias=0
sampler stage=11 state=9 value=0
sampler stage=12 state=6 value=1
sampler stage=12 state=5 value=1
sampler stage=12 state=7 value=0
sampler stage=12 state=10 value=1
sampler stage=12 state=11 value=0
sampler stage=12 state=8 value=0 bias=0
sampler stage=12 state=9 value=0
sampler stage=13 state=6 value=1
sampler stage=13 state=5 value=1
sampler stage=13 state=7 value=0
sampler stage=13 state=10 value=1
sampler stage=13 state=11 value=0
sampler stage=13 state=8 value=0 bias=0
sampler stage=13 state=9 value=0
sampler stage=14 state=6 value=1
sampler stage=14 state=5 value=1
sampler stage=14 state=7 value=0
sampler stage=14 state=10 value=1
sampler stage=14 state=11 value=0
sampler stage=14 state=8 value=0 bias=0
sampler stage=14 state=9 value=0
sampler stage=15 state=6 value=1
sampler stage=15 state=5 value=1
sampler stage=15 state=7 value=0
sampler stage=15 state=10 value=1
sampler stage=15 state=11 value=0
sampler stage=15 state=8 value=0 bias=0
sampler stage=15 state=9 value=0
vertex_element stream=0 offset=0 type=16 method=0 usage=0 index=0
vertex_element stream=0 offset=8 type=16 method=0 usage=5 index=0
vertex_element stream=0 offset=16 type=16 method=0 usage=3 index=0
vertex_element stream=255 offset=0 type=17 method=0 usage=0 index=0
transform state=256 row=0 values=1,0,0,0
transform state=256 row=1 values=0,1,0,0
transform state=256 row=2 values=0,0,1,0
transform state=256 row=3 values=0,0,0,1
transform state=2 row=0 values=1,0,0,0
transform state=2 row=1 values=0,1,0,0
transform state=2 row=2 values=0,0,1,0
transform state=2 row=3 values=0,0,0,1
transform state=3 row=0 values=1,0,0,0
transform state=3 row=1 values=0,1,0,0
transform state=3 row=2 values=0,0,1,0
transform state=3 row=3 values=0,0,0,1
constants kind=vs type=f count=256 result=00000000 encoding=sparse_zero
constant kind=vs type=f reg=0 bits=bf800000,3f800000,40400000,00000000
constant kind=vs type=f reg=1 bits=3d23d70a,3ccccccd,3c75c28f,00000000
constant kind=vs type=f reg=2 bits=3f800000,3d4ccccd,00000000,00000000
constant kind=vs type=f reg=3 bits=00000000,3f800000,40400000,00000000
constant kind=vs type=f reg=4 bits=3d23d70a,3ccccccd,3c75c28f,00000000
constant kind=vs type=f reg=5 bits=3f800000,3d4ccccd,00000000,00000000
constant kind=vs type=f reg=6 bits=3f800000,3f800000,40400000,00000000
constant kind=vs type=f reg=7 bits=3d23d70a,3ccccccd,3c75c28f,00000000
constant kind=vs type=f reg=8 bits=3f800000,3d4ccccd,00000000,00000000
constant kind=vs type=f reg=9 bits=bf800000,3f800000,40400000,00000000
constant kind=vs type=f reg=10 bits=3d23d70a,3ccccccd,3c75c28f,00000000
constant kind=vs type=f reg=11 bits=3f800000,3d4ccccd,00000000,00000000
constant kind=vs type=f reg=12 bits=00000000,3f800000,40400000,00000000
constant kind=vs type=f reg=13 bits=3d23d70a,3ccccccd,3c75c28f,00000000
constant kind=vs type=f reg=14 bits=3f800000,3d4ccccd,00000000,00000000
constant kind=vs type=f reg=15 bits=3f800000,3f800000,40400000,00000000
constant kind=vs type=f reg=16 bits=3d23d70a,3ccccccd,3c75c28f,00000000
constant kind=vs type=f reg=17 bits=3f800000,3d4ccccd,00000000,00000000
constant kind=vs type=f reg=18 bits=bf800000,3f800000,40400000,00000000
constant kind=vs type=f reg=19 bits=3d23d70a,3ccccccd,3c75c28f,00000000
constant kind=vs type=f reg=20 bits=3f800000,3d4ccccd,00000000,00000000
constant kind=vs type=f reg=21 bits=00000000,3f800000,40400000,00000000
constant kind=vs type=f reg=22 bits=3d23d70a,3ccccccd,3c75c28f,00000000
constant kind=vs type=f reg=23 bits=3f800000,3d4ccccd,00000000,00000000
constant kind=vs type=f reg=24 bits=3f800000,00000000,00000000,00000000
constant kind=vs type=f reg=25 bits=00000000,3f800000,00000000,00000000
constant kind=vs type=f reg=26 bits=00000000,00000000,3f800000,00000000
constant kind=vs type=f reg=27 bits=00000000,00000000,00000000,3f800000
constant kind=vs type=f reg=28 bits=3f800000,00000000,00000000,00000000
constant kind=vs type=f reg=29 bits=00000000,3f800000,00000000,00000000
constant kind=vs type=f reg=30 bits=00000000,00000000,3f800000,00000000
constant kind=vs type=f reg=31 bits=3f800000,00000000,00000000,00000000
constant kind=vs type=f reg=32 bits=00000000,3f800000,00000000,00000000
constant kind=vs type=f reg=33 bits=00000000,00000000,3f800000,00000000
constant kind=vs type=f reg=34 bits=3f800000,00000000,00000000,00000000
constant kind=vs type=f reg=35 bits=00000000,3f800000,00000000,00000000
constant kind=vs type=f reg=36 bits=00000000,00000000,3f800000,40800000
constant kind=vs type=f reg=37 bits=3f800000,00000000,00000000,00000000
constant kind=vs type=f reg=38 bits=00000000,3f800000,00000000,00000000
constant kind=vs type=f reg=39 bits=3f200000,00000000,00000000,00000000
constant kind=vs type=f reg=40 bits=3e4ccccd,3dcccccd,3d4ccccd,00000000
constant kind=vs type=f reg=41 bits=3f800000,00000000,00000000,00000000
constants kind=vs type=i count=16 result=00000000 encoding=full
constant kind=vs type=i reg=0 values=1,0,1,0
constant kind=vs type=i reg=1 values=0,0,0,0
constant kind=vs type=i reg=2 values=0,0,0,0
constant kind=vs type=i reg=3 values=0,0,0,0
constant kind=vs type=i reg=4 values=0,0,0,0
constant kind=vs type=i reg=5 values=0,0,0,0
constant kind=vs type=i reg=6 values=0,0,0,0
constant kind=vs type=i reg=7 values=0,0,0,0
constant kind=vs type=i reg=8 values=0,0,0,0
constant kind=vs type=i reg=9 values=0,0,0,0
constant kind=vs type=i reg=10 values=0,0,0,0
constant kind=vs type=i reg=11 values=0,0,0,0
constant kind=vs type=i reg=12 values=0,0,0,0
constant kind=vs type=i reg=13 values=0,0,0,0
constant kind=vs type=i reg=14 values=0,0,0,0
constant kind=vs type=i reg=15 values=0,0,0,0
constants kind=vs type=b count=16 result=00000000 encoding=full
constant kind=vs type=b reg=0 values=0
constant kind=vs type=b reg=1 values=0
constant kind=vs type=b reg=2 values=0
constant kind=vs type=b reg=3 values=0
constant kind=vs type=b reg=4 values=0
constant kind=vs type=b reg=5 values=0
constant kind=vs type=b reg=6 values=0
constant kind=vs type=b reg=7 values=0
constant kind=vs type=b reg=8 values=0
constant kind=vs type=b reg=9 values=0
constant kind=vs type=b reg=10 values=0
constant kind=vs type=b reg=11 values=0
constant kind=vs type=b reg=12 values=0
constant kind=vs type=b reg=13 values=0
constant kind=vs type=b reg=14 values=0
constant kind=vs type=b reg=15 values=0
constants kind=ps type=f count=224 result=00000000 encoding=sparse_zero
constant kind=ps type=f reg=0 bits=3f800000,00000000,00000000,00000000
constant kind=ps type=f reg=1 bits=00000000,3f800000,00000000,00000000
constant kind=ps type=f reg=2 bits=00000000,00000000,3f800000,00000000
constant kind=ps type=f reg=3 bits=3e800000,00000000,00000000,00000000
constant kind=ps type=f reg=4 bits=00000000,00000000,3f800000,00000000
constant kind=ps type=f reg=5 bits=3e99999a,3e4ccccd,3dcccccd,00000000
constant kind=ps type=f reg=6 bits=3f000000,00000000,3f000000,00000000
constant kind=ps type=f reg=7 bits=3dcccccd,3e19999a,3e4ccccd,00000000
constants kind=ps type=i count=16 result=00000000 encoding=full
constant kind=ps type=i reg=0 values=0,0,0,0
constant kind=ps type=i reg=1 values=0,0,0,0
constant kind=ps type=i reg=2 values=0,0,0,0
constant kind=ps type=i reg=3 values=0,0,0,0
constant kind=ps type=i reg=4 values=0,0,0,0
constant kind=ps type=i reg=5 values=0,0,0,0
constant kind=ps type=i reg=6 values=0,0,0,0
constant kind=ps type=i reg=7 values=0,0,0,0
constant kind=ps type=i reg=8 values=0,0,0,0
constant kind=ps type=i reg=9 values=0,0,0,0
constant kind=ps type=i reg=10 values=0,0,0,0
constant kind=ps type=i reg=11 values=0,0,0,0
constant kind=ps type=i reg=12 values=0,0,0,0
constant kind=ps type=i reg=13 values=0,0,0,0
constant kind=ps type=i reg=14 values=0,0,0,0
constant kind=ps type=i reg=15 values=0,0,0,0
constants kind=ps type=b count=16 result=00000000 encoding=full
constant kind=ps type=b reg=0 values=0
constant kind=ps type=b reg=1 values=0
constant kind=ps type=b reg=2 values=0
constant kind=ps type=b reg=3 values=0
constant kind=ps type=b reg=4 values=0
constant kind=ps type=b reg=5 values=0
constant kind=ps type=b reg=6 values=0
constant kind=ps type=b reg=7 values=0
constant kind=ps type=b reg=8 values=0
constant kind=ps type=b reg=9 values=0
constant kind=ps type=b reg=10 values=0
constant kind=ps type=b reg=11 values=0
constant kind=ps type=b reg=12 values=0
constant kind=ps type=b reg=13 values=0
constant kind=ps type=b reg=14 values=0
constant kind=ps type=b reg=15 values=0
draw_args start_vertex=0
motion_route device=1 frame=1 index=3 gate=3 routed=0 matched=0 depth=0 jittered=0 vs=53a0a641107ed76c ps=98731d5594e36226 node=00000000 camera=00000000 node_handle=0 camera_handle=0 node_serial=0 camera_serial=0 load_epoch=0 registry_epoch=0 model=00000000 lod=00000000 vb=0 ib=0 declaration=0000000000000000 offset=0 stride=0 position_offset=0 position_type=0 topology=0 first=0 primitives=0 base_vertex=0 min_vertex=0 vertex_count=0 indexed=0 pass=0 rows_hash=0000000000000000 result=00000000
motion_input device=1 frame=1 index=3 blockers=00000212 proofs=20 position_path=1 vs=53a0a641107ed76c ps=98731d5594e36226 declaration=0cdf6a8c884ad955 rows_hash=1b0c97ae01a7ec05 color=1 depth=2 width=64 height=64 cull=1 vb=6 vb_revision=0 ib=0 ib_revision=0 position_offset=0 position_type=16 lifetime_verified=0 vertex_finite_verified=0
motion_geometry device=1 frame=1 index=3 source_qualified=1 source_hash=53a0a641107ed76c source_words=526 finite_requested=0 finite_state=0 finite_reason=4 finite_status=00000001 finite_generation=0 finite_revision=0 index_required=0 index_requested=0 index_known=0 index_range_verified=0 index_exact=0 index_min=0 index_max=0 index_reason=1 index_status=00000001 index_generation=0 index_revision=0
draw_result device=1 frame=1 index=3 result=00000000
hdr_readback device=1 frame=1 file=hdr_1_1.rgba16f width=64 height=64 format=rgba16f_row_major result=00000000 bytes=32768
motion_output_cut device=1 frame=1 samples=0 median_px=0.0000 keyed=0 missing=0 missing_fraction=0.0000 bound_px=2.400 bound_missing=0.250 cut=0
motion_output_readback device=1 frame=1 file=motion_1_1.rgba32f width=64 height=64 format=rgba32f_row_major result=00000000 bytes=65536
motion_output_depth_readback device=1 frame=1 file=depth_1_1.r32f width=64 height=64 format=r32f_row_major result=00000000 bytes=16384
motion_output_frame device=1 frame=1 latched=1 msaa=0 filled=1 fill_result=00000000 fill_restore=00000000 draws=3 routed=1 matched=0 gate1=0 gate2=1 gate3=1 gate4=0 gate5=1 gate6=0 apply_failures=0 restore_failures=0 history_previous=0 history_current=0 committed=1 selector_state=2 present=00000000 depth=1 depth_routed=1 jitter=0 jitter_index=1 jitter_x=0.000000 jitter_y=0.000000 jitter_previous_x=0.000000 jitter_previous_y=0.000000 jittered=0 cut=0 cut_median_px=0.0000 cut_missing=0.0000 cut_samples=0 taa=0 taa_attempted=0 taa_resolved=0 taa_history=0 taa_skip=1 taa_result=00000001 taa_restore=00000000 taa_copy=00000001 taa_hdr=0 taa_k=0.00000 taa_sharpen=0 scene_open=0 active_queries=0 taa_references=0 camera_valid=0 camera_background_valid=0 camera_reads=0 camera_policy=1 camera_reason=1 camera_cut=0 camera_rotation_deg=0.0000 rt_mode=perdraw timing=cpu_qpc set_rt=4 lazy_flushes=0 jitter_writes=0 readbacks=3 gate_us=5.6 route_draw_us=9.5 set_rt_us=5.4 lazy_flush_us=0.0 jitter_us=0.0 fill_us=51.2 taa_run_us=0.0 taa_capture_us=0.0 taa_copy_color_us=0.0 taa_copy_depth_us=0.0 taa_draw_us=0.0 taa_apply_us=0.0 taa_copy_back_us=0.0 readback_us=2754.6 state_shadow=1 rs_queries=12 rs_hits=12 rs_gets=14 rs_resyncs=0 sb_resyncs=0 scene_hook=0 scene_end_source=none scene_end_check=0 hook_signals=0 hook_outside_scene=0 hook_state=0 draws_after_hook=0 bloom_copy_seen=0 mip_bias=0 mip_bias_sets=0 mip_bias_restores=0 mip_bias_draws=0 mip_bias_stages=0000 mip_bias_reads=0 mip_bias_game_writes=0 mip_bias_game_writes_total=0 mip_bias_failures=0 mip_bias_biased_now=0000
hdr_frame device=1 frame=1 hdr=1 redirected=1 end=present writebacks=1 flushes=1 writeback_source=shader unwind=0 unwind_reason=none unwind_draw=00000001 unwind_restore=00000001 unwind_stretch=00000001 unwind_bind=00000001 blocked=0 recheck=none suspended=0 resumed=0 dirty_at_present=0 refused_msaa=0 target_create=00000000 latch_bind=00000000 target=64x64 target_bytes=32768 caps=ok stretch_conversion=00000000 timing=cpu_qpc redirect_us=3.9 writeback_us=43.5 writeback_draw_us=42.2 writeback_stretch_us=0.0 bind_us=3.2 recheck_us=0.0 tonemap=identity tonemapped=0 look=none decode=gamma2.2 clamp=0 exposure=auto ev=0.00000 ev_adapted=0.00000 ev_target=0.00000 avg_log_l=0.00000 luma_mean=1 lit_fraction=0.0000 luma_lit=1 luma_p99=1 ev_key=0.00000 ev_limit=0.00000 ev_fresh=0.00000 tiles=0 lit=0 dt_ms=0.000 stepped=0 steps=0 meter=00000001 readback=00000001 tonemap_draw=00000001 fallback=0 meter_us=0.0 readback_us=0.0 k=0.00000 chain_bytes=0 sharpen=off sharpened=0 sharpen_fallback=0
frame_end device=1 frame=1 draws=3 capture=1 present=00000000 elapsed_ms=1169 dt_ms=9 qpc=9844019403180
frame_begin device=1 frame=2
capture_event device=1 frame=2 seq=1 after_draw=0 op=clear result=00000000 qpc=9844019404172
clear flags=3 color=ff203040 z=1 stencil=0 rect_count=0 rect_ptr=00000000
surface role=clear_rt0 ptr=00119cb8 identity=1 width=64 height=64 format=21 usage=1 msaa=0 container=0 container_type=0 container_result=80004002
surface role=clear_depth ptr=00119cf8 identity=2 width=64 height=64 format=77 usage=2 msaa=0 container=0 container_type=0 container_result=80004002
clear_viewport result=00000000 x=0 y=0 w=64 h=64 minz=0 maxz=1
capture_event device=1 frame=2 seq=2 after_draw=0 op=draw_begin result=00000000 qpc=9844019404954
draw device=1 frame=2 index=1 kind=primitive topology=4 primitives=1 vs=53a0a641107ed76c ps=98731d5594e36226
geometry source=buffers
stream slot=0 result=00000000 identity=3 offset=0 stride=24 frequency=1 frequency_result=00000000
vertex_buffer identity=3 bytes=72 usage=0 pool=1 fvf=0
buffer_content kind=vertex identity=3 result=80070057 status=00000001 requested=0 known=0 ambiguous=0 revision=0 pending=0 flags=00000000
stream slot=1 result=00000000 identity=0
stream slot=2 result=00000000 identity=0
stream slot=3 result=00000000 identity=0
stream slot=4 result=00000000 identity=0
stream slot=5 result=00000000 identity=0
stream slot=6 result=00000000 identity=0
stream slot=7 result=00000000 identity=0
stream slot=8 result=00000000 identity=0
stream slot=9 result=00000000 identity=0
stream slot=10 result=00000000 identity=0
stream slot=11 result=00000000 identity=0
stream slot=12 result=00000000 identity=0
stream slot=13 result=00000000 identity=0
stream slot=14 result=00000000 identity=0
stream slot=15 result=00000000 identity=0
indices result=00000000 identity=0
surface role=rt0 ptr=00119cb8 identity=1 width=64 height=64 format=21 usage=1 msaa=0 container=0 container_type=0 container_result=80004002
surface role=depth ptr=00119cf8 identity=2 width=64 height=64 format=77 usage=2 msaa=0 container=0 container_type=0 container_result=80004002
state id=7 value=0
state id=14 value=0
state id=23 value=4
state id=15 value=1
state id=24 value=0
state id=25 value=8
state id=27 value=1
state id=19 value=2
state id=20 value=1
state id=171 value=1
state id=22 value=2
state id=168 value=7
state id=194 value=0
state id=206 value=0
state id=52 value=1
state id=56 value=8
state id=57 value=0
state id=58 value=4294967295
state id=59 value=4294967295
state id=53 value=1
state id=54 value=1
state id=55 value=1
state id=185 value=0
state id=189 value=8
state id=186 value=1
state id=187 value=1
state id=188 value=1
viewport x=0 y=0 w=64 h=64 minz=0 maxz=1
texture stage=0 ptr=016ad578 type=3 identity=7 levels=1
texture_desc stage=0 w=2 h=2 format=21
sampler stage=0 state=6 value=1
sampler stage=0 state=5 value=1
sampler stage=0 state=7 value=0
sampler stage=0 state=10 value=1
sampler stage=0 state=11 value=0
sampler stage=0 state=8 value=0 bias=0
sampler stage=0 state=9 value=0
texture stage=1 ptr=016ad5f8 type=3 identity=8 levels=1
texture_desc stage=1 w=2 h=2 format=21
sampler stage=1 state=6 value=1
sampler stage=1 state=5 value=1
sampler stage=1 state=7 value=0
sampler stage=1 state=10 value=1
sampler stage=1 state=11 value=0
sampler stage=1 state=8 value=0 bias=0
sampler stage=1 state=9 value=0
texture stage=2 ptr=016ad678 type=3 identity=9 levels=1
texture_desc stage=2 w=2 h=2 format=21
sampler stage=2 state=6 value=1
sampler stage=2 state=5 value=1
sampler stage=2 state=7 value=0
sampler stage=2 state=10 value=1
sampler stage=2 state=11 value=0
sampler stage=2 state=8 value=0 bias=0
sampler stage=2 state=9 value=0
texture stage=3 ptr=016ad9f8 type=5 identity=10 levels=1
sampler stage=3 state=6 value=1
sampler stage=3 state=5 value=1
sampler stage=3 state=7 value=0
sampler stage=3 state=10 value=1
sampler stage=3 state=11 value=0
sampler stage=3 state=8 value=0 bias=0
sampler stage=3 state=9 value=0
sampler stage=4 state=6 value=1
sampler stage=4 state=5 value=1
sampler stage=4 state=7 value=0
sampler stage=4 state=10 value=1
sampler stage=4 state=11 value=0
sampler stage=4 state=8 value=0 bias=0
sampler stage=4 state=9 value=0
sampler stage=5 state=6 value=1
sampler stage=5 state=5 value=1
sampler stage=5 state=7 value=0
sampler stage=5 state=10 value=1
sampler stage=5 state=11 value=0
sampler stage=5 state=8 value=0 bias=0
sampler stage=5 state=9 value=0
sampler stage=6 state=6 value=1
sampler stage=6 state=5 value=1
sampler stage=6 state=7 value=0
sampler stage=6 state=10 value=1
sampler stage=6 state=11 value=0
sampler stage=6 state=8 value=0 bias=0
sampler stage=6 state=9 value=0
sampler stage=7 state=6 value=1
sampler stage=7 state=5 value=1
sampler stage=7 state=7 value=0
sampler stage=7 state=10 value=1
sampler stage=7 state=11 value=0
sampler stage=7 state=8 value=0 bias=0
sampler stage=7 state=9 value=0
sampler stage=8 state=6 value=1
sampler stage=8 state=5 value=1
sampler stage=8 state=7 value=0
sampler stage=8 state=10 value=1
sampler stage=8 state=11 value=0
sampler stage=8 state=8 value=0 bias=0
sampler stage=8 state=9 value=0
sampler stage=9 state=6 value=1
sampler stage=9 state=5 value=1
sampler stage=9 state=7 value=0
sampler stage=9 state=10 value=1
sampler stage=9 state=11 value=0
sampler stage=9 state=8 value=0 bias=0
sampler stage=9 state=9 value=0
sampler stage=10 state=6 value=1
sampler stage=10 state=5 value=1
sampler stage=10 state=7 value=0
sampler stage=10 state=10 value=1
sampler stage=10 state=11 value=0
sampler stage=10 state=8 value=0 bias=0
sampler stage=10 state=9 value=0
sampler stage=11 state=6 value=1
sampler stage=11 state=5 value=1
sampler stage=11 state=7 value=0
sampler stage=11 state=10 value=1
sampler stage=11 state=11 value=0
sampler stage=11 state=8 value=0 bias=0
sampler stage=11 state=9 value=0
sampler stage=12 state=6 value=1
sampler stage=12 state=5 value=1
sampler stage=12 state=7 value=0
sampler stage=12 state=10 value=1
sampler stage=12 state=11 value=0
sampler stage=12 state=8 value=0 bias=0
sampler stage=12 state=9 value=0
sampler stage=13 state=6 value=1
sampler stage=13 state=5 value=1
sampler stage=13 state=7 value=0
sampler stage=13 state=10 value=1
sampler stage=13 state=11 value=0
sampler stage=13 state=8 value=0 bias=0
sampler stage=13 state=9 value=0
sampler stage=14 state=6 value=1
sampler stage=14 state=5 value=1
sampler stage=14 state=7 value=0
sampler stage=14 state=10 value=1
sampler stage=14 state=11 value=0
sampler stage=14 state=8 value=0 bias=0
sampler stage=14 state=9 value=0
sampler stage=15 state=6 value=1
sampler stage=15 state=5 value=1
sampler stage=15 state=7 value=0
sampler stage=15 state=10 value=1
sampler stage=15 state=11 value=0
sampler stage=15 state=8 value=0 bias=0
sampler stage=15 state=9 value=0
vertex_element stream=0 offset=0 type=16 method=0 usage=0 index=0
vertex_element stream=0 offset=8 type=16 method=0 usage=5 index=0
vertex_element stream=0 offset=16 type=16 method=0 usage=3 index=0
vertex_element stream=255 offset=0 type=17 method=0 usage=0 index=0
transform state=256 row=0 values=1,0,0,0
transform state=256 row=1 values=0,1,0,0
transform state=256 row=2 values=0,0,1,0
transform state=256 row=3 values=0,0,0,1
transform state=2 row=0 values=1,0,0,0
transform state=2 row=1 values=0,1,0,0
transform state=2 row=2 values=0,0,1,0
transform state=2 row=3 values=0,0,0,1
transform state=3 row=0 values=1,0,0,0
transform state=3 row=1 values=0,1,0,0
transform state=3 row=2 values=0,0,1,0
transform state=3 row=3 values=0,0,0,1
constants kind=vs type=f count=256 result=00000000 encoding=sparse_zero
constant kind=vs type=f reg=0 bits=bf800000,3f800000,40400000,00000000
constant kind=vs type=f reg=1 bits=3d23d70a,3ccccccd,3c75c28f,00000000
constant kind=vs type=f reg=2 bits=3f800000,3d4ccccd,00000000,00000000
constant kind=vs type=f reg=3 bits=00000000,3f800000,40400000,00000000
constant kind=vs type=f reg=4 bits=3d23d70a,3ccccccd,3c75c28f,00000000
constant kind=vs type=f reg=5 bits=3f800000,3d4ccccd,00000000,00000000
constant kind=vs type=f reg=6 bits=3f800000,3f800000,40400000,00000000
constant kind=vs type=f reg=7 bits=3d23d70a,3ccccccd,3c75c28f,00000000
constant kind=vs type=f reg=8 bits=3f800000,3d4ccccd,00000000,00000000
constant kind=vs type=f reg=9 bits=bf800000,3f800000,40400000,00000000
constant kind=vs type=f reg=10 bits=3d23d70a,3ccccccd,3c75c28f,00000000
constant kind=vs type=f reg=11 bits=3f800000,3d4ccccd,00000000,00000000
constant kind=vs type=f reg=12 bits=00000000,3f800000,40400000,00000000
constant kind=vs type=f reg=13 bits=3d23d70a,3ccccccd,3c75c28f,00000000
constant kind=vs type=f reg=14 bits=3f800000,3d4ccccd,00000000,00000000
constant kind=vs type=f reg=15 bits=3f800000,3f800000,40400000,00000000
constant kind=vs type=f reg=16 bits=3d23d70a,3ccccccd,3c75c28f,00000000
constant kind=vs type=f reg=17 bits=3f800000,3d4ccccd,00000000,00000000
constant kind=vs type=f reg=18 bits=bf800000,3f800000,40400000,00000000
constant kind=vs type=f reg=19 bits=3d23d70a,3ccccccd,3c75c28f,00000000
constant kind=vs type=f reg=20 bits=3f800000,3d4ccccd,00000000,00000000
constant kind=vs type=f reg=21 bits=00000000,3f800000,40400000,00000000
constant kind=vs type=f reg=22 bits=3d23d70a,3ccccccd,3c75c28f,00000000
constant kind=vs type=f reg=23 bits=3f800000,3d4ccccd,00000000,00000000
constant kind=vs type=f reg=24 bits=3f800000,00000000,00000000,00000000
constant kind=vs type=f reg=25 bits=00000000,3f800000,00000000,00000000
constant kind=vs type=f reg=26 bits=00000000,00000000,3f800000,00000000
constant kind=vs type=f reg=27 bits=00000000,00000000,00000000,3f800000
constant kind=vs type=f reg=28 bits=3f800000,00000000,00000000,00000000
constant kind=vs type=f reg=29 bits=00000000,3f800000,00000000,00000000
constant kind=vs type=f reg=30 bits=00000000,00000000,3f800000,00000000
constant kind=vs type=f reg=31 bits=3f800000,00000000,00000000,00000000
constant kind=vs type=f reg=32 bits=00000000,3f800000,00000000,00000000
constant kind=vs type=f reg=33 bits=00000000,00000000,3f800000,00000000
constant kind=vs type=f reg=34 bits=3f800000,00000000,00000000,00000000
constant kind=vs type=f reg=35 bits=00000000,3f800000,00000000,00000000
constant kind=vs type=f reg=36 bits=00000000,00000000,3f800000,40800000
constant kind=vs type=f reg=37 bits=3f800000,00000000,00000000,00000000
constant kind=vs type=f reg=38 bits=00000000,3f800000,00000000,00000000
constant kind=vs type=f reg=39 bits=3f200000,00000000,00000000,00000000
constant kind=vs type=f reg=40 bits=3e4ccccd,3dcccccd,3d4ccccd,00000000
constant kind=vs type=f reg=41 bits=3f800000,00000000,00000000,00000000
constants kind=vs type=i count=16 result=00000000 encoding=full
constant kind=vs type=i reg=0 values=1,0,1,0
constant kind=vs type=i reg=1 values=0,0,0,0
constant kind=vs type=i reg=2 values=0,0,0,0
constant kind=vs type=i reg=3 values=0,0,0,0
constant kind=vs type=i reg=4 values=0,0,0,0
constant kind=vs type=i reg=5 values=0,0,0,0
constant kind=vs type=i reg=6 values=0,0,0,0
constant kind=vs type=i reg=7 values=0,0,0,0
constant kind=vs type=i reg=8 values=0,0,0,0
constant kind=vs type=i reg=9 values=0,0,0,0
constant kind=vs type=i reg=10 values=0,0,0,0
constant kind=vs type=i reg=11 values=0,0,0,0
constant kind=vs type=i reg=12 values=0,0,0,0
constant kind=vs type=i reg=13 values=0,0,0,0
constant kind=vs type=i reg=14 values=0,0,0,0
constant kind=vs type=i reg=15 values=0,0,0,0
constants kind=vs type=b count=16 result=00000000 encoding=full
constant kind=vs type=b reg=0 values=0
constant kind=vs type=b reg=1 values=0
constant kind=vs type=b reg=2 values=0
constant kind=vs type=b reg=3 values=0
constant kind=vs type=b reg=4 values=0
constant kind=vs type=b reg=5 values=0
constant kind=vs type=b reg=6 values=0
constant kind=vs type=b reg=7 values=0
constant kind=vs type=b reg=8 values=0
constant kind=vs type=b reg=9 values=0
constant kind=vs type=b reg=10 values=0
constant kind=vs type=b reg=11 values=0
constant kind=vs type=b reg=12 values=0
constant kind=vs type=b reg=13 values=0
constant kind=vs type=b reg=14 values=0
constant kind=vs type=b reg=15 values=0
constants kind=ps type=f count=224 result=00000000 encoding=sparse_zero
constant kind=ps type=f reg=0 bits=3f800000,00000000,00000000,00000000
constant kind=ps type=f reg=1 bits=00000000,3f800000,00000000,00000000
constant kind=ps type=f reg=2 bits=00000000,00000000,3f800000,00000000
constant kind=ps type=f reg=3 bits=3e800000,00000000,00000000,00000000
constant kind=ps type=f reg=4 bits=00000000,00000000,3f800000,00000000
constant kind=ps type=f reg=5 bits=3e99999a,3e4ccccd,3dcccccd,00000000
constant kind=ps type=f reg=6 bits=3f000000,00000000,3f000000,00000000
constant kind=ps type=f reg=7 bits=3dcccccd,3e19999a,3e4ccccd,00000000
constants kind=ps type=i count=16 result=00000000 encoding=full
constant kind=ps type=i reg=0 values=0,0,0,0
constant kind=ps type=i reg=1 values=0,0,0,0
constant kind=ps type=i reg=2 values=0,0,0,0
constant kind=ps type=i reg=3 values=0,0,0,0
constant kind=ps type=i reg=4 values=0,0,0,0
constant kind=ps type=i reg=5 values=0,0,0,0
constant kind=ps type=i reg=6 values=0,0,0,0
constant kind=ps type=i reg=7 values=0,0,0,0
constant kind=ps type=i reg=8 values=0,0,0,0
constant kind=ps type=i reg=9 values=0,0,0,0
constant kind=ps type=i reg=10 values=0,0,0,0
constant kind=ps type=i reg=11 values=0,0,0,0
constant kind=ps type=i reg=12 values=0,0,0,0
constant kind=ps type=i reg=13 values=0,0,0,0
constant kind=ps type=i reg=14 values=0,0,0,0
constant kind=ps type=i reg=15 values=0,0,0,0
constants kind=ps type=b count=16 result=00000000 encoding=full
constant kind=ps type=b reg=0 values=0
constant kind=ps type=b reg=1 values=0
constant kind=ps type=b reg=2 values=0
constant kind=ps type=b reg=3 values=0
constant kind=ps type=b reg=4 values=0
constant kind=ps type=b reg=5 values=0
constant kind=ps type=b reg=6 values=0
constant kind=ps type=b reg=7 values=0
constant kind=ps type=b reg=8 values=0
constant kind=ps type=b reg=9 values=0
constant kind=ps type=b reg=10 values=0
constant kind=ps type=b reg=11 values=0
constant kind=ps type=b reg=12 values=0
constant kind=ps type=b reg=13 values=0
constant kind=ps type=b reg=14 values=0
constant kind=ps type=b reg=15 values=0
draw_args start_vertex=0
motion_input device=1 frame=2 index=1 blockers=00000252 proofs=20 position_path=1 vs=53a0a641107ed76c ps=98731d5594e36226 declaration=0cdf6a8c884ad955 rows_hash=1b0c97ae01a7ec05 color=1 depth=2 width=64 height=64 cull=2 vb=3 vb_revision=0 ib=0 ib_revision=0 position_offset=0 position_type=16 lifetime_verified=0 vertex_finite_verified=0
motion_geometry device=1 frame=2 index=1 source_qualified=1 source_hash=53a0a641107ed76c source_words=526 finite_requested=0 finite_state=0 finite_reason=4 finite_status=00000001 finite_generation=0 finite_revision=0 index_required=0 index_requested=0 index_known=0 index_range_verified=0 index_exact=0 index_min=0 index_max=0 index_reason=1 index_status=00000001 index_generation=0 index_revision=0
draw_result device=1 frame=2 index=1 result=00000000
capture_event device=1 frame=2 seq=3 after_draw=1 op=clear result=00000000 qpc=9844019413387
clear flags=2 color=00000000 z=1 stencil=0 rect_count=0 rect_ptr=00000000
surface role=clear_rt0 ptr=00119cb8 identity=1 width=64 height=64 format=21 usage=1 msaa=0 container=0 container_type=0 container_result=80004002
surface role=clear_depth ptr=00119cf8 identity=2 width=64 height=64 format=77 usage=2 msaa=0 container=0 container_type=0 container_result=80004002
clear_viewport result=00000000 x=0 y=0 w=64 h=64 minz=0 maxz=1
capture_event device=1 frame=2 seq=4 after_draw=1 op=draw_begin result=00000000 qpc=9844019416678
draw device=1 frame=2 index=2 kind=primitive topology=4 primitives=1 vs=53a0a641107ed76c ps=8759c7838bbc86c2
geometry source=buffers
stream slot=0 result=00000000 identity=3 offset=0 stride=24 frequency=1 frequency_result=00000000
vertex_buffer identity=3 bytes=72 usage=0 pool=1 fvf=0
buffer_content kind=vertex identity=3 result=80070057 status=00000001 requested=0 known=0 ambiguous=0 revision=0 pending=0 flags=00000000
stream slot=1 result=00000000 identity=0
stream slot=2 result=00000000 identity=0
stream slot=3 result=00000000 identity=0
stream slot=4 result=00000000 identity=0
stream slot=5 result=00000000 identity=0
stream slot=6 result=00000000 identity=0
stream slot=7 result=00000000 identity=0
stream slot=8 result=00000000 identity=0
stream slot=9 result=00000000 identity=0
stream slot=10 result=00000000 identity=0
stream slot=11 result=00000000 identity=0
stream slot=12 result=00000000 identity=0
stream slot=13 result=00000000 identity=0
stream slot=14 result=00000000 identity=0
stream slot=15 result=00000000 identity=0
indices result=00000000 identity=0
surface role=rt0 ptr=00119cb8 identity=1 width=64 height=64 format=21 usage=1 msaa=0 container=0 container_type=0 container_result=80004002
surface role=depth ptr=00119cf8 identity=2 width=64 height=64 format=77 usage=2 msaa=0 container=0 container_type=0 container_result=80004002
state id=7 value=1
state id=14 value=1
state id=23 value=4
state id=15 value=0
state id=24 value=0
state id=25 value=8
state id=27 value=0
state id=19 value=2
state id=20 value=1
state id=171 value=1
state id=22 value=1
state id=168 value=15
state id=194 value=0
state id=206 value=0
state id=52 value=0
state id=56 value=8
state id=57 value=0
state id=58 value=4294967295
state id=59 value=4294967295
state id=53 value=1
state id=54 value=1
state id=55 value=1
state id=185 value=0
state id=189 value=8
state id=186 value=1
state id=187 value=1
state id=188 value=1
viewport x=0 y=0 w=64 h=64 minz=0 maxz=1
texture stage=0 ptr=016ad578 type=3 identity=7 levels=1
texture_desc stage=0 w=2 h=2 format=21
sampler stage=0 state=6 value=1
sampler stage=0 state=5 value=1
sampler stage=0 state=7 value=0
sampler stage=0 state=10 value=1
sampler stage=0 state=11 value=0
sampler stage=0 state=8 value=0 bias=0
sampler stage=0 state=9 value=0
texture stage=1 ptr=016ad5f8 type=3 identity=8 levels=1
texture_desc stage=1 w=2 h=2 format=21
sampler stage=1 state=6 value=1
sampler stage=1 state=5 value=1
sampler stage=1 state=7 value=0
sampler stage=1 state=10 value=1
sampler stage=1 state=11 value=0
sampler stage=1 state=8 value=0 bias=0
sampler stage=1 state=9 value=0
texture stage=2 ptr=016ad678 type=3 identity=9 levels=1
texture_desc stage=2 w=2 h=2 format=21
sampler stage=2 state=6 value=1
sampler stage=2 state=5 value=1
sampler stage=2 state=7 value=0
sampler stage=2 state=10 value=1
sampler stage=2 state=11 value=0
sampler stage=2 state=8 value=0 bias=0
sampler stage=2 state=9 value=0
texture stage=3 ptr=016ad9f8 type=5 identity=10 levels=1
sampler stage=3 state=6 value=1
sampler stage=3 state=5 value=1
sampler stage=3 state=7 value=0
sampler stage=3 state=10 value=1
sampler stage=3 state=11 value=0
sampler stage=3 state=8 value=0 bias=0
sampler stage=3 state=9 value=0
sampler stage=4 state=6 value=1
sampler stage=4 state=5 value=1
sampler stage=4 state=7 value=0
sampler stage=4 state=10 value=1
sampler stage=4 state=11 value=0
sampler stage=4 state=8 value=0 bias=0
sampler stage=4 state=9 value=0
sampler stage=5 state=6 value=1
sampler stage=5 state=5 value=1
sampler stage=5 state=7 value=0
sampler stage=5 state=10 value=1
sampler stage=5 state=11 value=0
sampler stage=5 state=8 value=0 bias=0
sampler stage=5 state=9 value=0
sampler stage=6 state=6 value=1
sampler stage=6 state=5 value=1
sampler stage=6 state=7 value=0
sampler stage=6 state=10 value=1
sampler stage=6 state=11 value=0
sampler stage=6 state=8 value=0 bias=0
sampler stage=6 state=9 value=0
sampler stage=7 state=6 value=1
sampler stage=7 state=5 value=1
sampler stage=7 state=7 value=0
sampler stage=7 state=10 value=1
sampler stage=7 state=11 value=0
sampler stage=7 state=8 value=0 bias=0
sampler stage=7 state=9 value=0
sampler stage=8 state=6 value=1
sampler stage=8 state=5 value=1
sampler stage=8 state=7 value=0
sampler stage=8 state=10 value=1
sampler stage=8 state=11 value=0
sampler stage=8 state=8 value=0 bias=0
sampler stage=8 state=9 value=0
sampler stage=9 state=6 value=1
sampler stage=9 state=5 value=1
sampler stage=9 state=7 value=0
sampler stage=9 state=10 value=1
sampler stage=9 state=11 value=0
sampler stage=9 state=8 value=0 bias=0
sampler stage=9 state=9 value=0
sampler stage=10 state=6 value=1
sampler stage=10 state=5 value=1
sampler stage=10 state=7 value=0
sampler stage=10 state=10 value=1
sampler stage=10 state=11 value=0
sampler stage=10 state=8 value=0 bias=0
sampler stage=10 state=9 value=0
sampler stage=11 state=6 value=1
sampler stage=11 state=5 value=1
sampler stage=11 state=7 value=0
sampler stage=11 state=10 value=1
sampler stage=11 state=11 value=0
sampler stage=11 state=8 value=0 bias=0
sampler stage=11 state=9 value=0
sampler stage=12 state=6 value=1
sampler stage=12 state=5 value=1
sampler stage=12 state=7 value=0
sampler stage=12 state=10 value=1
sampler stage=12 state=11 value=0
sampler stage=12 state=8 value=0 bias=0
sampler stage=12 state=9 value=0
sampler stage=13 state=6 value=1
sampler stage=13 state=5 value=1
sampler stage=13 state=7 value=0
sampler stage=13 state=10 value=1
sampler stage=13 state=11 value=0
sampler stage=13 state=8 value=0 bias=0
sampler stage=13 state=9 value=0
sampler stage=14 state=6 value=1
sampler stage=14 state=5 value=1
sampler stage=14 state=7 value=0
sampler stage=14 state=10 value=1
sampler stage=14 state=11 value=0
sampler stage=14 state=8 value=0 bias=0
sampler stage=14 state=9 value=0
sampler stage=15 state=6 value=1
sampler stage=15 state=5 value=1
sampler stage=15 state=7 value=0
sampler stage=15 state=10 value=1
sampler stage=15 state=11 value=0
sampler stage=15 state=8 value=0 bias=0
sampler stage=15 state=9 value=0
vertex_element stream=0 offset=0 type=16 method=0 usage=0 index=0
vertex_element stream=0 offset=8 type=16 method=0 usage=5 index=0
vertex_element stream=0 offset=16 type=16 method=0 usage=3 index=0
vertex_element stream=255 offset=0 type=17 method=0 usage=0 index=0
transform state=256 row=0 values=1,0,0,0
transform state=256 row=1 values=0,1,0,0
transform state=256 row=2 values=0,0,1,0
transform state=256 row=3 values=0,0,0,1
transform state=2 row=0 values=1,0,0,0
transform state=2 row=1 values=0,1,0,0
transform state=2 row=2 values=0,0,1,0
transform state=2 row=3 values=0,0,0,1
transform state=3 row=0 values=1,0,0,0
transform state=3 row=1 values=0,1,0,0
transform state=3 row=2 values=0,0,1,0
transform state=3 row=3 values=0,0,0,1
constants kind=vs type=f count=256 result=00000000 encoding=sparse_zero
constant kind=vs type=f reg=0 bits=bf800000,3f800000,40400000,00000000
constant kind=vs type=f reg=1 bits=3d23d70a,3ccccccd,3c75c28f,00000000
constant kind=vs type=f reg=2 bits=3f800000,3d4ccccd,00000000,00000000
constant kind=vs type=f reg=3 bits=00000000,3f800000,40400000,00000000
constant kind=vs type=f reg=4 bits=3d23d70a,3ccccccd,3c75c28f,00000000
constant kind=vs type=f reg=5 bits=3f800000,3d4ccccd,00000000,00000000
constant kind=vs type=f reg=6 bits=3f800000,3f800000,40400000,00000000
constant kind=vs type=f reg=7 bits=3d23d70a,3ccccccd,3c75c28f,00000000
constant kind=vs type=f reg=8 bits=3f800000,3d4ccccd,00000000,00000000
constant kind=vs type=f reg=9 bits=bf800000,3f800000,40400000,00000000
constant kind=vs type=f reg=10 bits=3d23d70a,3ccccccd,3c75c28f,00000000
constant kind=vs type=f reg=11 bits=3f800000,3d4ccccd,00000000,00000000
constant kind=vs type=f reg=12 bits=00000000,3f800000,40400000,00000000
constant kind=vs type=f reg=13 bits=3d23d70a,3ccccccd,3c75c28f,00000000
constant kind=vs type=f reg=14 bits=3f800000,3d4ccccd,00000000,00000000
constant kind=vs type=f reg=15 bits=3f800000,3f800000,40400000,00000000
constant kind=vs type=f reg=16 bits=3d23d70a,3ccccccd,3c75c28f,00000000
constant kind=vs type=f reg=17 bits=3f800000,3d4ccccd,00000000,00000000
constant kind=vs type=f reg=18 bits=bf800000,3f800000,40400000,00000000
constant kind=vs type=f reg=19 bits=3d23d70a,3ccccccd,3c75c28f,00000000
constant kind=vs type=f reg=20 bits=3f800000,3d4ccccd,00000000,00000000
constant kind=vs type=f reg=21 bits=00000000,3f800000,40400000,00000000
constant kind=vs type=f reg=22 bits=3d23d70a,3ccccccd,3c75c28f,00000000
constant kind=vs type=f reg=23 bits=3f800000,3d4ccccd,00000000,00000000
constant kind=vs type=f reg=24 bits=3f800000,00000000,00000000,3f400000
constant kind=vs type=f reg=25 bits=00000000,3f800000,00000000,00000000
constant kind=vs type=f reg=26 bits=00000000,00000000,3f800000,00000000
constant kind=vs type=f reg=27 bits=00000000,00000000,00000000,3f800000
constant kind=vs type=f reg=28 bits=3f800000,00000000,00000000,00000000
constant kind=vs type=f reg=29 bits=00000000,3f800000,00000000,00000000
constant kind=vs type=f reg=30 bits=00000000,00000000,3f800000,00000000
constant kind=vs type=f reg=31 bits=3f800000,00000000,00000000,00000000
constant kind=vs type=f reg=32 bits=00000000,3f800000,00000000,00000000
constant kind=vs type=f reg=33 bits=00000000,00000000,3f800000,00000000
constant kind=vs type=f reg=34 bits=3f800000,00000000,00000000,00000000
constant kind=vs type=f reg=35 bits=00000000,3f800000,00000000,00000000
constant kind=vs type=f reg=36 bits=00000000,00000000,3f800000,40800000
constant kind=vs type=f reg=37 bits=3f800000,00000000,00000000,00000000
constant kind=vs type=f reg=38 bits=00000000,3f800000,00000000,00000000
constant kind=vs type=f reg=39 bits=3f200000,00000000,00000000,00000000
constant kind=vs type=f reg=40 bits=3e4ccccd,3dcccccd,3d4ccccd,00000000
constant kind=vs type=f reg=41 bits=3f800000,00000000,00000000,00000000
constants kind=vs type=i count=16 result=00000000 encoding=full
constant kind=vs type=i reg=0 values=1,0,1,0
constant kind=vs type=i reg=1 values=0,0,0,0
constant kind=vs type=i reg=2 values=0,0,0,0
constant kind=vs type=i reg=3 values=0,0,0,0
constant kind=vs type=i reg=4 values=0,0,0,0
constant kind=vs type=i reg=5 values=0,0,0,0
constant kind=vs type=i reg=6 values=0,0,0,0
constant kind=vs type=i reg=7 values=0,0,0,0
constant kind=vs type=i reg=8 values=0,0,0,0
constant kind=vs type=i reg=9 values=0,0,0,0
constant kind=vs type=i reg=10 values=0,0,0,0
constant kind=vs type=i reg=11 values=0,0,0,0
constant kind=vs type=i reg=12 values=0,0,0,0
constant kind=vs type=i reg=13 values=0,0,0,0
constant kind=vs type=i reg=14 values=0,0,0,0
constant kind=vs type=i reg=15 values=0,0,0,0
constants kind=vs type=b count=16 result=00000000 encoding=full
constant kind=vs type=b reg=0 values=0
constant kind=vs type=b reg=1 values=0
constant kind=vs type=b reg=2 values=0
constant kind=vs type=b reg=3 values=0
constant kind=vs type=b reg=4 values=0
constant kind=vs type=b reg=5 values=0
constant kind=vs type=b reg=6 values=0
constant kind=vs type=b reg=7 values=0
constant kind=vs type=b reg=8 values=0
constant kind=vs type=b reg=9 values=0
constant kind=vs type=b reg=10 values=0
constant kind=vs type=b reg=11 values=0
constant kind=vs type=b reg=12 values=0
constant kind=vs type=b reg=13 values=0
constant kind=vs type=b reg=14 values=0
constant kind=vs type=b reg=15 values=0
constants kind=ps type=f count=224 result=00000000 encoding=sparse_zero
constant kind=ps type=f reg=0 bits=3f800000,00000000,00000000,00000000
constant kind=ps type=f reg=1 bits=00000000,3f800000,00000000,00000000
constant kind=ps type=f reg=2 bits=00000000,00000000,3f800000,00000000
constant kind=ps type=f reg=3 bits=3e800000,00000000,00000000,00000000
constant kind=ps type=f reg=4 bits=00000000,00000000,3f800000,00000000
constant kind=ps type=f reg=5 bits=3e99999a,3e4ccccd,3dcccccd,00000000
constant kind=ps type=f reg=6 bits=3f000000,00000000,3f000000,00000000
constant kind=ps type=f reg=7 bits=3dcccccd,3e19999a,3e4ccccd,00000000
constants kind=ps type=i count=16 result=00000000 encoding=full
constant kind=ps type=i reg=0 values=0,0,0,0
constant kind=ps type=i reg=1 values=0,0,0,0
constant kind=ps type=i reg=2 values=0,0,0,0
constant kind=ps type=i reg=3 values=0,0,0,0
constant kind=ps type=i reg=4 values=0,0,0,0
constant kind=ps type=i reg=5 values=0,0,0,0
constant kind=ps type=i reg=6 values=0,0,0,0
constant kind=ps type=i reg=7 values=0,0,0,0
constant kind=ps type=i reg=8 values=0,0,0,0
constant kind=ps type=i reg=9 values=0,0,0,0
constant kind=ps type=i reg=10 values=0,0,0,0
constant kind=ps type=i reg=11 values=0,0,0,0
constant kind=ps type=i reg=12 values=0,0,0,0
constant kind=ps type=i reg=13 values=0,0,0,0
constant kind=ps type=i reg=14 values=0,0,0,0
constant kind=ps type=i reg=15 values=0,0,0,0
constants kind=ps type=b count=16 result=00000000 encoding=full
constant kind=ps type=b reg=0 values=0
constant kind=ps type=b reg=1 values=0
constant kind=ps type=b reg=2 values=0
constant kind=ps type=b reg=3 values=0
constant kind=ps type=b reg=4 values=0
constant kind=ps type=b reg=5 values=0
constant kind=ps type=b reg=6 values=0
constant kind=ps type=b reg=7 values=0
constant kind=ps type=b reg=8 values=0
constant kind=ps type=b reg=9 values=0
constant kind=ps type=b reg=10 values=0
constant kind=ps type=b reg=11 values=0
constant kind=ps type=b reg=12 values=0
constant kind=ps type=b reg=13 values=0
constant kind=ps type=b reg=14 values=0
constant kind=ps type=b reg=15 values=0
draw_args start_vertex=0
motion_route device=1 frame=2 index=2 gate=5 routed=1 matched=0 depth=1 jittered=0 vs=53a0a641107ed76c ps=8759c7838bbc86c2 node=00000000 camera=00000000 node_handle=0 camera_handle=0 node_serial=0 camera_serial=0 load_epoch=0 registry_epoch=0 model=00000000 lod=00000000 vb=3 ib=0 declaration=0cdf6a8c884ad955 offset=0 stride=24 position_offset=0 position_type=16 topology=4 first=0 primitives=1 base_vertex=0 min_vertex=0 vertex_count=0 indexed=0 pass=1 rows_hash=712d59ff944d11a8 result=00000000
motion_input device=1 frame=2 index=2 blockers=00000210 proofs=28 position_path=1 vs=53a0a641107ed76c ps=8759c7838bbc86c2 declaration=0cdf6a8c884ad955 rows_hash=712d59ff944d11a8 color=1 depth=2 width=64 height=64 cull=1 vb=3 vb_revision=0 ib=0 ib_revision=0 position_offset=0 position_type=16 lifetime_verified=0 vertex_finite_verified=0
motion_geometry device=1 frame=2 index=2 source_qualified=1 source_hash=53a0a641107ed76c source_words=526 finite_requested=0 finite_state=0 finite_reason=4 finite_status=00000001 finite_generation=0 finite_revision=0 index_required=0 index_requested=0 index_known=0 index_range_verified=0 index_exact=0 index_min=0 index_max=0 index_reason=1 index_status=00000001 index_generation=0 index_revision=0
draw_result device=1 frame=2 index=2 result=00000000
capture_event device=1 frame=2 seq=5 after_draw=2 op=draw_begin result=00000000 qpc=9844019426315
draw device=1 frame=2 index=3 kind=primitive topology=4 primitives=1 vs=53a0a641107ed76c ps=98731d5594e36226
geometry source=buffers
stream slot=0 result=00000000 identity=6 offset=0 stride=24 frequency=1 frequency_result=00000000
vertex_buffer identity=6 bytes=72 usage=0 pool=1 fvf=0
buffer_content kind=vertex identity=6 result=80070057 status=00000001 requested=0 known=0 ambiguous=0 revision=0 pending=0 flags=00000000
stream slot=1 result=00000000 identity=0
stream slot=2 result=00000000 identity=0
stream slot=3 result=00000000 identity=0
stream slot=4 result=00000000 identity=0
stream slot=5 result=00000000 identity=0
stream slot=6 result=00000000 identity=0
stream slot=7 result=00000000 identity=0
stream slot=8 result=00000000 identity=0
stream slot=9 result=00000000 identity=0
stream slot=10 result=00000000 identity=0
stream slot=11 result=00000000 identity=0
stream slot=12 result=00000000 identity=0
stream slot=13 result=00000000 identity=0
stream slot=14 result=00000000 identity=0
stream slot=15 result=00000000 identity=0
indices result=00000000 identity=0
surface role=rt0 ptr=00119cb8 identity=1 width=64 height=64 format=21 usage=1 msaa=0 container=0 container_type=0 container_result=80004002
surface role=depth ptr=00119cf8 identity=2 width=64 height=64 format=77 usage=2 msaa=0 container=0 container_type=0 container_result=80004002
state id=7 value=1
state id=14 value=1
state id=23 value=4
state id=15 value=0
state id=24 value=0
state id=25 value=8
state id=27 value=0
state id=19 value=2
state id=20 value=1
state id=171 value=1
state id=22 value=1
state id=168 value=15
state id=194 value=0
state id=206 value=0
state id=52 value=0
state id=56 value=8
state id=57 value=0
state id=58 value=4294967295
state id=59 value=4294967295
state id=53 value=1
state id=54 value=1
state id=55 value=1
state id=185 value=0
state id=189 value=8
state id=186 value=1
state id=187 value=1
state id=188 value=1
viewport x=0 y=0 w=64 h=64 minz=0 maxz=1
texture stage=0 ptr=016ad578 type=3 identity=7 levels=1
texture_desc stage=0 w=2 h=2 format=21
sampler stage=0 state=6 value=1
sampler stage=0 state=5 value=1
sampler stage=0 state=7 value=0
sampler stage=0 state=10 value=1
sampler stage=0 state=11 value=0
sampler stage=0 state=8 value=0 bias=0
sampler stage=0 state=9 value=0
texture stage=1 ptr=016ad5f8 type=3 identity=8 levels=1
texture_desc stage=1 w=2 h=2 format=21
sampler stage=1 state=6 value=1
sampler stage=1 state=5 value=1
sampler stage=1 state=7 value=0
sampler stage=1 state=10 value=1
sampler stage=1 state=11 value=0
sampler stage=1 state=8 value=0 bias=0
sampler stage=1 state=9 value=0
texture stage=2 ptr=016ad678 type=3 identity=9 levels=1
texture_desc stage=2 w=2 h=2 format=21
sampler stage=2 state=6 value=1
sampler stage=2 state=5 value=1
sampler stage=2 state=7 value=0
sampler stage=2 state=10 value=1
sampler stage=2 state=11 value=0
sampler stage=2 state=8 value=0 bias=0
sampler stage=2 state=9 value=0
texture stage=3 ptr=016ad9f8 type=5 identity=10 levels=1
sampler stage=3 state=6 value=1
sampler stage=3 state=5 value=1
sampler stage=3 state=7 value=0
sampler stage=3 state=10 value=1
sampler stage=3 state=11 value=0
sampler stage=3 state=8 value=0 bias=0
sampler stage=3 state=9 value=0
sampler stage=4 state=6 value=1
sampler stage=4 state=5 value=1
sampler stage=4 state=7 value=0
sampler stage=4 state=10 value=1
sampler stage=4 state=11 value=0
sampler stage=4 state=8 value=0 bias=0
sampler stage=4 state=9 value=0
sampler stage=5 state=6 value=1
sampler stage=5 state=5 value=1
sampler stage=5 state=7 value=0
sampler stage=5 state=10 value=1
sampler stage=5 state=11 value=0
sampler stage=5 state=8 value=0 bias=0
sampler stage=5 state=9 value=0
sampler stage=6 state=6 value=1
sampler stage=6 state=5 value=1
sampler stage=6 state=7 value=0
sampler stage=6 state=10 value=1
sampler stage=6 state=11 value=0
sampler stage=6 state=8 value=0 bias=0
sampler stage=6 state=9 value=0
sampler stage=7 state=6 value=1
sampler stage=7 state=5 value=1
sampler stage=7 state=7 value=0
sampler stage=7 state=10 value=1
sampler stage=7 state=11 value=0
sampler stage=7 state=8 value=0 bias=0
sampler stage=7 state=9 value=0
sampler stage=8 state=6 value=1
sampler stage=8 state=5 value=1
sampler stage=8 state=7 value=0
sampler stage=8 state=10 value=1
sampler stage=8 state=11 value=0
sampler stage=8 state=8 value=0 bias=0
sampler stage=8 state=9 value=0
sampler stage=9 state=6 value=1
sampler stage=9 state=5 value=1
sampler stage=9 state=7 value=0
sampler stage=9 state=10 value=1
sampler stage=9 state=11 value=0
sampler stage=9 state=8 value=0 bias=0
sampler stage=9 state=9 value=0
sampler stage=10 state=6 value=1
sampler stage=10 state=5 value=1
sampler stage=10 state=7 value=0
sampler stage=10 state=10 value=1
sampler stage=10 state=11 value=0
sampler stage=10 state=8 value=0 bias=0
sampler stage=10 state=9 value=0
sampler stage=11 state=6 value=1
sampler stage=11 state=5 value=1
sampler stage=11 state=7 value=0
sampler stage=11 state=10 value=1
sampler stage=11 state=11 value=0
sampler stage=11 state=8 value=0 bias=0
sampler stage=11 state=9 value=0
sampler stage=12 state=6 value=1
sampler stage=12 state=5 value=1
sampler stage=12 state=7 value=0
sampler stage=12 state=10 value=1
sampler stage=12 state=11 value=0
sampler stage=12 state=8 value=0 bias=0
sampler stage=12 state=9 value=0
sampler stage=13 state=6 value=1
sampler stage=13 state=5 value=1
sampler stage=13 state=7 value=0
sampler stage=13 state=10 value=1
sampler stage=13 state=11 value=0
sampler stage=13 state=8 value=0 bias=0
sampler stage=13 state=9 value=0
sampler stage=14 state=6 value=1
sampler stage=14 state=5 value=1
sampler stage=14 state=7 value=0
sampler stage=14 state=10 value=1
sampler stage=14 state=11 value=0
sampler stage=14 state=8 value=0 bias=0
sampler stage=14 state=9 value=0
sampler stage=15 state=6 value=1
sampler stage=15 state=5 value=1
sampler stage=15 state=7 value=0
sampler stage=15 state=10 value=1
sampler stage=15 state=11 value=0
sampler stage=15 state=8 value=0 bias=0
sampler stage=15 state=9 value=0
vertex_element stream=0 offset=0 type=16 method=0 usage=0 index=0
vertex_element stream=0 offset=8 type=16 method=0 usage=5 index=0
vertex_element stream=0 offset=16 type=16 method=0 usage=3 index=0
vertex_element stream=255 offset=0 type=17 method=0 usage=0 index=0
transform state=256 row=0 values=1,0,0,0
transform state=256 row=1 values=0,1,0,0
transform state=256 row=2 values=0,0,1,0
transform state=256 row=3 values=0,0,0,1
transform state=2 row=0 values=1,0,0,0
transform state=2 row=1 values=0,1,0,0
transform state=2 row=2 values=0,0,1,0
transform state=2 row=3 values=0,0,0,1
transform state=3 row=0 values=1,0,0,0
transform state=3 row=1 values=0,1,0,0
transform state=3 row=2 values=0,0,1,0
transform state=3 row=3 values=0,0,0,1
constants kind=vs type=f count=256 result=00000000 encoding=sparse_zero
constant kind=vs type=f reg=0 bits=bf800000,3f800000,40400000,00000000
constant kind=vs type=f reg=1 bits=3d23d70a,3ccccccd,3c75c28f,00000000
constant kind=vs type=f reg=2 bits=3f800000,3d4ccccd,00000000,00000000
constant kind=vs type=f reg=3 bits=00000000,3f800000,40400000,00000000
constant kind=vs type=f reg=4 bits=3d23d70a,3ccccccd,3c75c28f,00000000
constant kind=vs type=f reg=5 bits=3f800000,3d4ccccd,00000000,00000000
constant kind=vs type=f reg=6 bits=3f800000,3f800000,40400000,00000000
constant kind=vs type=f reg=7 bits=3d23d70a,3ccccccd,3c75c28f,00000000
constant kind=vs type=f reg=8 bits=3f800000,3d4ccccd,00000000,00000000
constant kind=vs type=f reg=9 bits=bf800000,3f800000,40400000,00000000
constant kind=vs type=f reg=10 bits=3d23d70a,3ccccccd,3c75c28f,00000000
constant kind=vs type=f reg=11 bits=3f800000,3d4ccccd,00000000,00000000
constant kind=vs type=f reg=12 bits=00000000,3f800000,40400000,00000000
constant kind=vs type=f reg=13 bits=3d23d70a,3ccccccd,3c75c28f,00000000
constant kind=vs type=f reg=14 bits=3f800000,3d4ccccd,00000000,00000000
constant kind=vs type=f reg=15 bits=3f800000,3f800000,40400000,00000000
constant kind=vs type=f reg=16 bits=3d23d70a,3ccccccd,3c75c28f,00000000
constant kind=vs type=f reg=17 bits=3f800000,3d4ccccd,00000000,00000000
constant kind=vs type=f reg=18 bits=bf800000,3f800000,40400000,00000000
constant kind=vs type=f reg=19 bits=3d23d70a,3ccccccd,3c75c28f,00000000
constant kind=vs type=f reg=20 bits=3f800000,3d4ccccd,00000000,00000000
constant kind=vs type=f reg=21 bits=00000000,3f800000,40400000,00000000
constant kind=vs type=f reg=22 bits=3d23d70a,3ccccccd,3c75c28f,00000000
constant kind=vs type=f reg=23 bits=3f800000,3d4ccccd,00000000,00000000
constant kind=vs type=f reg=24 bits=3f800000,00000000,00000000,00000000
constant kind=vs type=f reg=25 bits=00000000,3f800000,00000000,00000000
constant kind=vs type=f reg=26 bits=00000000,00000000,3f800000,00000000
constant kind=vs type=f reg=27 bits=00000000,00000000,00000000,3f800000
constant kind=vs type=f reg=28 bits=3f800000,00000000,00000000,00000000
constant kind=vs type=f reg=29 bits=00000000,3f800000,00000000,00000000
constant kind=vs type=f reg=30 bits=00000000,00000000,3f800000,00000000
constant kind=vs type=f reg=31 bits=3f800000,00000000,00000000,00000000
constant kind=vs type=f reg=32 bits=00000000,3f800000,00000000,00000000
constant kind=vs type=f reg=33 bits=00000000,00000000,3f800000,00000000
constant kind=vs type=f reg=34 bits=3f800000,00000000,00000000,00000000
constant kind=vs type=f reg=35 bits=00000000,3f800000,00000000,00000000
constant kind=vs type=f reg=36 bits=00000000,00000000,3f800000,40800000
constant kind=vs type=f reg=37 bits=3f800000,00000000,00000000,00000000
constant kind=vs type=f reg=38 bits=00000000,3f800000,00000000,00000000
constant kind=vs type=f reg=39 bits=3f200000,00000000,00000000,00000000
constant kind=vs type=f reg=40 bits=3e4ccccd,3dcccccd,3d4ccccd,00000000
constant kind=vs type=f reg=41 bits=3f800000,00000000,00000000,00000000
constants kind=vs type=i count=16 result=00000000 encoding=full
constant kind=vs type=i reg=0 values=1,0,1,0
constant kind=vs type=i reg=1 values=0,0,0,0
constant kind=vs type=i reg=2 values=0,0,0,0
constant kind=vs type=i reg=3 values=0,0,0,0
constant kind=vs type=i reg=4 values=0,0,0,0
constant kind=vs type=i reg=5 values=0,0,0,0
constant kind=vs type=i reg=6 values=0,0,0,0
constant kind=vs type=i reg=7 values=0,0,0,0
constant kind=vs type=i reg=8 values=0,0,0,0
constant kind=vs type=i reg=9 values=0,0,0,0
constant kind=vs type=i reg=10 values=0,0,0,0
constant kind=vs type=i reg=11 values=0,0,0,0
constant kind=vs type=i reg=12 values=0,0,0,0
constant kind=vs type=i reg=13 values=0,0,0,0
constant kind=vs type=i reg=14 values=0,0,0,0
constant kind=vs type=i reg=15 values=0,0,0,0
constants kind=vs type=b count=16 result=00000000 encoding=full
constant kind=vs type=b reg=0 values=0
constant kind=vs type=b reg=1 values=0
constant kind=vs type=b reg=2 values=0
constant kind=vs type=b reg=3 values=0
constant kind=vs type=b reg=4 values=0
constant kind=vs type=b reg=5 values=0
constant kind=vs type=b reg=6 values=0
constant kind=vs type=b reg=7 values=0
constant kind=vs type=b reg=8 values=0
constant kind=vs type=b reg=9 values=0
constant kind=vs type=b reg=10 values=0
constant kind=vs type=b reg=11 values=0
constant kind=vs type=b reg=12 values=0
constant kind=vs type=b reg=13 values=0
constant kind=vs type=b reg=14 values=0
constant kind=vs type=b reg=15 values=0
constants kind=ps type=f count=224 result=00000000 encoding=sparse_zero
constant kind=ps type=f reg=0 bits=3f800000,00000000,00000000,00000000
constant kind=ps type=f reg=1 bits=00000000,3f800000,00000000,00000000
constant kind=ps type=f reg=2 bits=00000000,00000000,3f800000,00000000
constant kind=ps type=f reg=3 bits=3e800000,00000000,00000000,00000000
constant kind=ps type=f reg=4 bits=00000000,00000000,3f800000,00000000
constant kind=ps type=f reg=5 bits=3e99999a,3e4ccccd,3dcccccd,00000000
constant kind=ps type=f reg=6 bits=3f000000,00000000,3f000000,00000000
constant kind=ps type=f reg=7 bits=3dcccccd,3e19999a,3e4ccccd,00000000
constants kind=ps type=i count=16 result=00000000 encoding=full
constant kind=ps type=i reg=0 values=0,0,0,0
constant kind=ps type=i reg=1 values=0,0,0,0
constant kind=ps type=i reg=2 values=0,0,0,0
constant kind=ps type=i reg=3 values=0,0,0,0
constant kind=ps type=i reg=4 values=0,0,0,0
constant kind=ps type=i reg=5 values=0,0,0,0
constant kind=ps type=i reg=6 values=0,0,0,0
constant kind=ps type=i reg=7 values=0,0,0,0
constant kind=ps type=i reg=8 values=0,0,0,0
constant kind=ps type=i reg=9 values=0,0,0,0
constant kind=ps type=i reg=10 values=0,0,0,0
constant kind=ps type=i reg=11 values=0,0,0,0
constant kind=ps type=i reg=12 values=0,0,0,0
constant kind=ps type=i reg=13 values=0,0,0,0
constant kind=ps type=i reg=14 values=0,0,0,0
constant kind=ps type=i reg=15 values=0,0,0,0
constants kind=ps type=b count=16 result=00000000 encoding=full
constant kind=ps type=b reg=0 values=0
constant kind=ps type=b reg=1 values=0
constant kind=ps type=b reg=2 values=0
constant kind=ps type=b reg=3 values=0
constant kind=ps type=b reg=4 values=0
constant kind=ps type=b reg=5 values=0
constant kind=ps type=b reg=6 values=0
constant kind=ps type=b reg=7 values=0
constant kind=ps type=b reg=8 values=0
constant kind=ps type=b reg=9 values=0
constant kind=ps type=b reg=10 values=0
constant kind=ps type=b reg=11 values=0
constant kind=ps type=b reg=12 values=0
constant kind=ps type=b reg=13 values=0
constant kind=ps type=b reg=14 values=0
constant kind=ps type=b reg=15 values=0
draw_args start_vertex=0
motion_route device=1 frame=2 index=3 gate=3 routed=0 matched=0 depth=0 jittered=0 vs=53a0a641107ed76c ps=98731d5594e36226 node=00000000 camera=00000000 node_handle=0 camera_handle=0 node_serial=0 camera_serial=0 load_epoch=0 registry_epoch=0 model=00000000 lod=00000000 vb=0 ib=0 declaration=0000000000000000 offset=0 stride=0 position_offset=0 position_type=0 topology=0 first=0 primitives=0 base_vertex=0 min_vertex=0 vertex_count=0 indexed=0 pass=0 rows_hash=0000000000000000 result=00000000
motion_input device=1 frame=2 index=3 blockers=00000212 proofs=20 position_path=1 vs=53a0a641107ed76c ps=98731d5594e36226 declaration=0cdf6a8c884ad955 rows_hash=1b0c97ae01a7ec05 color=1 depth=2 width=64 height=64 cull=1 vb=6 vb_revision=0 ib=0 ib_revision=0 position_offset=0 position_type=16 lifetime_verified=0 vertex_finite_verified=0
motion_geometry device=1 frame=2 index=3 source_qualified=1 source_hash=53a0a641107ed76c source_words=526 finite_requested=0 finite_state=0 finite_reason=4 finite_status=00000001 finite_generation=0 finite_revision=0 index_required=0 index_requested=0 index_known=0 index_range_verified=0 index_exact=0 index_min=0 index_max=0 index_reason=1 index_status=00000001 index_generation=0 index_revision=0
draw_result device=1 frame=2 index=3 result=00000000
hdr_readback device=1 frame=2 file=hdr_1_2.rgba16f width=64 height=64 format=rgba16f_row_major result=00000000 bytes=32768
motion_output_cut device=1 frame=2 samples=0 median_px=0.0000 keyed=0 missing=0 missing_fraction=0.0000 bound_px=2.400 bound_missing=0.250 cut=0
motion_output_readback device=1 frame=2 file=motion_1_2.rgba32f width=64 height=64 format=rgba32f_row_major result=00000000 bytes=65536
motion_output_depth_readback device=1 frame=2 file=depth_1_2.r32f width=64 height=64 format=r32f_row_major result=00000000 bytes=16384
motion_output_frame device=1 frame=2 latched=1 msaa=0 filled=1 fill_result=00000000 fill_restore=00000000 draws=3 routed=1 matched=0 gate1=0 gate2=1 gate3=1 gate4=0 gate5=1 gate6=0 apply_failures=0 restore_failures=0 history_previous=0 history_current=0 committed=1 selector_state=2 present=00000000 depth=1 depth_routed=1 jitter=0 jitter_index=2 jitter_x=0.000000 jitter_y=0.000000 jitter_previous_x=0.000000 jitter_previous_y=0.000000 jittered=0 cut=0 cut_median_px=0.0000 cut_missing=0.0000 cut_samples=0 taa=0 taa_attempted=0 taa_resolved=0 taa_history=0 taa_skip=1 taa_result=00000001 taa_restore=00000000 taa_copy=00000001 taa_hdr=0 taa_k=0.00000 taa_sharpen=0 scene_open=0 active_queries=0 taa_references=0 camera_valid=0 camera_background_valid=0 camera_reads=0 camera_policy=1 camera_reason=1 camera_cut=0 camera_rotation_deg=0.0000 rt_mode=perdraw timing=cpu_qpc set_rt=4 lazy_flushes=0 jitter_writes=0 readbacks=3 gate_us=4.8 route_draw_us=7.6 set_rt_us=3.4 lazy_flush_us=0.0 jitter_us=0.0 fill_us=38.7 taa_run_us=0.0 taa_capture_us=0.0 taa_copy_color_us=0.0 taa_copy_depth_us=0.0 taa_draw_us=0.0 taa_apply_us=0.0 taa_copy_back_us=0.0 readback_us=2167.2 state_shadow=1 rs_queries=12 rs_hits=12 rs_gets=14 rs_resyncs=0 sb_resyncs=0 scene_hook=0 scene_end_source=none scene_end_check=0 hook_signals=0 hook_outside_scene=0 hook_state=0 draws_after_hook=0 bloom_copy_seen=0 mip_bias=0 mip_bias_sets=0 mip_bias_restores=0 mip_bias_draws=0 mip_bias_stages=0000 mip_bias_reads=0 mip_bias_game_writes=0 mip_bias_game_writes_total=0 mip_bias_failures=0 mip_bias_biased_now=0000
hdr_frame device=1 frame=2 hdr=1 redirected=1 end=present writebacks=1 flushes=1 writeback_source=shader unwind=0 unwind_reason=none unwind_draw=00000001 unwind_restore=00000001 unwind_stretch=00000001 unwind_bind=00000001 blocked=0 recheck=none suspended=0 resumed=0 dirty_at_present=0 refused_msaa=0 target_create=00000000 latch_bind=00000000 target=64x64 target_bytes=32768 caps=ok stretch_conversion=00000000 timing=cpu_qpc redirect_us=2.3 writeback_us=32.1 writeback_draw_us=31.4 writeback_stretch_us=0.0 bind_us=3.2 recheck_us=0.0 tonemap=identity tonemapped=0 look=none decode=gamma2.2 clamp=0 exposure=auto ev=0.00000 ev_adapted=0.00000 ev_target=0.00000 avg_log_l=0.00000 luma_mean=1 lit_fraction=0.0000 luma_lit=1 luma_p99=1 ev_key=0.00000 ev_limit=0.00000 ev_fresh=0.00000 tiles=0 lit=0 dt_ms=0.000 stepped=0 steps=0 meter=00000001 readback=00000001 tonemap_draw=00000001 fallback=0 meter_us=0.0 readback_us=0.0 k=0.00000 chain_bytes=0 sharpen=off sharpened=0 sharpen_fallback=0
frame_end device=1 frame=2 draws=3 capture=1 present=00000000 elapsed_ms=1176 dt_ms=7 qpc=9844019478326
frame_begin device=1 frame=3
motion_output_release device=1 held=12 count=14 released=1
telemetry_summary device=1 frame=3 reason=device_destroy qpc=9844019515246 since_start_us=1172220.400 interval_us=53283.100 position_suppressed=0 cursor_changes_suppressed=0
telemetry_metric device=1 name=present_normal count=1 failures=0 total_us=888.800 min_us=888.800 max_us=888.800 bytes=0 buckets=0,0,1,0,0,0
telemetry_metric device=1 name=present_capture count=2 failures=0 total_us=136.300 min_us=60.200 max_us=76.100 bytes=0 buckets=0,2,0,0,0,0
telemetry_metric device=1 name=frame_capture count=2 failures=0 total_us=18304.700 min_us=7516.400 max_us=10788.300 bytes=0 buckets=0,0,0,1,1,0
telemetry_metric device=1 name=draw_backend count=9 failures=0 total_us=317.600 min_us=2.500 max_us=156.500 bytes=0 buckets=6,1,2,0,0,0
telemetry_metric device=1 name=capture_cpu count=10 failures=0 total_us=6625.300 min_us=21.600 max_us=2111.700 bytes=0 buckets=0,3,5,2,0,0
telemetry_metric device=1 name=snapshot count=6 failures=0 total_us=4799.200 min_us=716.900 max_us=1117.400 bytes=0 buckets=0,0,5,1,0,0
telemetry_metric device=1 name=shader_vs_backend count=1 failures=0 total_us=79.600 min_us=79.600 max_us=79.600 bytes=0 buckets=0,1,0,0,0,0
telemetry_metric device=1 name=shader_ps_backend count=6 failures=0 total_us=64.200 min_us=3.100 max_us=33.700 bytes=0 buckets=4,2,0,0,0,0
telemetry_metric device=1 name=texture count=4 failures=0 total_us=33.800 min_us=2.000 max_us=20.600 bytes=0 buckets=3,1,0,0,0,0
telemetry_metric device=1 name=cube_texture count=1 failures=0 total_us=97.300 min_us=97.300 max_us=97.300 bytes=0 buckets=0,1,0,0,0,0
telemetry_metric device=1 name=vertex_buffer count=2 failures=0 total_us=63.000 min_us=1.200 max_us=61.800 bytes=144 buckets=1,1,0,0,0,0
telemetry_metric device=1 name=log_flush count=3 failures=0 total_us=1.900 min_us=0.300 max_us=1.100 bytes=0 buckets=3,0,0,0,0,0
telemetry_metric device=1 name=route_gate count=9 failures=0 total_us=291.300 min_us=0.600 max_us=211.900 bytes=0 buckets=7,1,1,0,0,0
telemetry_metric device=1 name=route_draw count=3 failures=0 total_us=166.800 min_us=7.600 max_us=149.700 bytes=0 buckets=2,0,1,0,0,0
telemetry_metric device=1 name=route_set_rt count=12 failures=0 total_us=30.500 min_us=0.200 max_us=19.600 bytes=0 buckets=11,1,0,0,0,0
telemetry_metric device=1 name=route_fill count=3 failures=0 total_us=240.300 min_us=38.700 max_us=150.400 bytes=0 buckets=0,2,1,0,0,0
telemetry_metric device=1 name=route_readback count=6 failures=0 total_us=4921.800 min_us=545.400 max_us=1284.400 bytes=229376 buckets=0,0,4,2,0,0
telemetry_metric device=1 name=hdr_redirect count=3 failures=0 total_us=28.200 min_us=2.300 max_us=22.000 bytes=0 buckets=2,1,0,0,0,0
telemetry_metric device=1 name=hdr_writeback count=3 failures=0 total_us=366.100 min_us=32.100 max_us=290.500 bytes=0 buckets=0,2,1,0,0,0
telemetry_metric device=1 name=hdr_writeback_draw count=3 failures=0 total_us=250.800 min_us=31.400 max_us=177.200 bytes=0 buckets=0,2,1,0,0,0
telemetry_metric device=1 name=hdr_bind count=3 failures=0 total_us=12.100 min_us=3.200 max_us=5.700 bytes=0 buckets=3,0,0,0,0,0
engine_memory phase=summary device=1 path=direct reads=0 queries=0 hits=0 rejected=0 rpm_calls=0 frame=3
telemetry_summary device=0 frame=3 reason=device_destroy qpc=9844019516822 since_start_us=1172378.000 interval_us=92747.300 position_suppressed=0 cursor_changes_suppressed=0
telemetry_metric device=0 name=lock_wait count=237 failures=0 total_us=48.400 min_us=0.000 max_us=2.000 bytes=0 buckets=237,0,0,0,0,0
telemetry_metric device=0 name=create_device count=1 failures=0 total_us=8196.300 min_us=8196.300 max_us=8196.300 bytes=0 buckets=0,0,0,1,0,0
telemetry_metric device=0 name=shader_inspect count=19 failures=0 total_us=3483.200 min_us=1.300 max_us=1105.000 bytes=0 buckets=10,2,6,1,0,0
telemetry_metric device=0 name=shader_getfunction count=19 failures=0 total_us=172.600 min_us=0.300 max_us=146.300 bytes=0 buckets=17,1,1,0,0,0
telemetry_metric device=0 name=shader_hash count=19 failures=0 total_us=58.900 min_us=0.200 max_us=11.300 bytes=30220 buckets=18,1,0,0,0,0
telemetry_metric device=0 name=shader_dump count=7 failures=0 total_us=3156.000 min_us=327.200 max_us=929.800 bytes=7340 buckets=0,0,7,0,0,0
telemetry_metric device=0 name=log_flush count=1 failures=0 total_us=27.400 min_us=27.400 max_us=27.400 bytes=0 buckets=0,1,0,0,0,0
engine_memory phase=summary device=0 path=direct reads=0 queries=0 hits=0 rejected=0 rpm_calls=0 frame=3
device_destroy ptr=0011c1a8 device=1
application_admission_final phase=device active_roots=0 waiting_roots=0 admitted_roots=0 promotions=0 vetoes=0 first_veto=0 enabled=0
application_admission_final phase=factory active_roots=0 waiting_roots=0 admitted_roots=0 promotions=0 vetoes=0 first_veto=0 enabled=0
