motion_capture_mode requested=0 enabled=0 reason=write_exclusion_unavailable scope=private_rigid_diagnostic temporal_consumer=0
motion_output_mode requested=1 scope=live_same_draw_diagnostic history_requires=object_trace,object_lifetime temporal_consumer=0 jitter=0 jitter_samples=8 cut_median_px=48.000 cut_missing=0.250
x3-modern-renderer version=0.4 schema=2 capture_start=1 capture_frames=8 pointer_bits=32
telemetry_start schema=1 qpc_frequency=10000000 qpc=9073113996360 anchor=proxy_initialize cpu_only=1
application_admission_mode requested=1 enabled=1 live_replay=0 coverage_complete=0
ownership_mode requested=1 depth_copy_requested=0 depth_copy_enabled=0 scope=normal9 fallback=native
telemetry_span name=backend_load qpc_begin=9073114002219 qpc_end=9073114072830 thread=1396 success=1 error=0
backend path=C:\windows\system32\d3d9.dll
object_trace active=0 status=disabled recovery_required=0
object_lifetime active=0 status=disabled recovery_required=0 baseline_complete=0 baseline_entries=0
telemetry_span name=direct3d_create9 qpc_begin=9073114075084 qpc_end=9073123325426 thread=1396 success=1
ownership_factory mode=wrapped native=0011c180 public=015904b8 result=00000000
adapter description=NVIDIA GeForce 8800 GTX driver=nvd3dum.dll vendor=000010de device=00000191
telemetry_presentation phase=create_before device=0 thread=1396 focus_window=017001d0 device_window=017001d0 width=64 height=64 format=21 count=0 msaa=0 quality=0 swap_effect=1 windowed=1 auto_depth=1 depth_format=77 flags=00000000 refresh=0 interval=2147483648
create_device adapter=0 flags=00000040 width=64 height=64 format=21 windowed=1 msaa=0 interval=2147483648
telemetry_presentation phase=create_after device=0 thread=1396 focus_window=017001d0 device_window=017001d0 width=64 height=64 format=21 count=1 msaa=0 quality=0 swap_effect=1 windowed=1 auto_depth=1 depth_format=77 flags=00000000 refresh=0 interval=2147483648
create_device_result hr=00000000
capture_caps result=00000000 streams=16 vs_float_count=256 ps_version=ffff0300
device_hooked ptr=01671d90 device=1 ex=0
resource identity=1 ptr=0167f9f8 type=1
resource identity=2 ptr=0167f9f8 type=1
motion_output_device device=1 enabled=1 reason=ok detail=stage=compare result=00000000 draw=00000000 restore=00000000 scene=00000000 color_errors=0 motion_errors=0 depth_errors=0 targets=3 mrt=4 vs_constants=256 misc=002ecff2 vs=fffe0300 ps=ffff0300 rgba32f=00000000 history_available=0 history_capacity=4096 depth=1 depth_reason=ok depth_detail=stage=compare result=00000000 draw=00000000 restore=00000000 scene=00000000 color_errors=0 motion_errors=0 depth_errors=0 targets=3 r32f=00000000 jitter=0 jitter_samples=8
ownership_copy_depth phase=create_after device=1 frame=0 result=00000000 status=00000001 requested=0 available=0 source_bound=0 copy_valid=0 generation=0 source_epoch=0 copy_epoch=0 source_width=0 source_height=0 source_format=0 source_type=0 source_usage=0 source_pool=0 source_msaa=0 source_quality=0
shader kind=ps id=98731d5594e36226 bytes=44 dumped=1
shader kind=vs id=53a0a641107ed76c bytes=2104 dumped=1
motion_output_variant device=1 kind=vs original=53a0a641107ed76c transform=0 create=00000000 words=556 depth=1
shader kind=ps id=8759c7838bbc86c2 bytes=5040 dumped=1
motion_output_variant device=1 kind=ps original=8759c7838bbc86c2 transform=0 create=00000000 words=1402 depth=1
resource identity=3 ptr=021119d0 type=6
motion_output_target device=1 width=64 height=64 create=00000000 level=00000000 depth=1 depth_create=00000000 depth_level=00000000
resource identity=4 ptr=02111a30 type=6
motion_output_frame device=1 frame=0 latched=1 filled=1 fill_result=00000000 fill_restore=00000000 draws=3 routed=2 matched=0 gate1=0 gate2=1 gate3=0 gate4=0 gate5=2 gate6=0 apply_failures=0 restore_failures=0 history_previous=0 history_current=0 committed=1 selector_state=2 present=00000000 depth=1 depth_routed=2 jitter=0 jitter_index=0 jitter_x=0.000000 jitter_y=0.000000 jitter_previous_x=0.000000 jitter_previous_y=0.000000 jittered=0 cut=0 cut_median_px=0.0000 cut_missing=0.0000 cut_samples=0
telemetry_first_present device=1 frame=0 qpc=9073123866123 since_start_us=986976.300 capture=0 reset_count=0
telemetry_window_context device=1 frame=0 render_thread=1396 window_thread=1396 gui_ok=1 gui_active=00000000 gui_focus=00000000 gui_capture=00000000 clip_ok=1 clip=-1512,0,5120,1440 monitor_ok=1 monitor=0,0,5120,1440 work=0,31,5120,1440
telemetry_window device=1 frame=0 qpc=9073123871356 window=017001d0 foreground=00000000 thread_focus=00000000 iconic=0 visible=0 style=04cf0000 exstyle=00000100 window_rect=0,0,119,96 client_rect=0,0,111,62
telemetry_cursor_poll device=1 frame=0 qpc=9073123871356 flags=1 cursor=00000000 x=4332 y=686
telemetry_present_window device=1 frame=0 override=00000000 device_window=017001d0 result=00000000
frame_end device=1 frame=0 draws=3 capture=0 present=00000000
admission_metric device=1 frame=0 phase=present active_roots=1 waiting_roots=0 admitted_roots=353 promotions=0 veto_bits=0 first_reason=0 replay_active=0 live_replay_enabled=0 coverage_complete=0
frame_begin device=1 frame=1
capture_event device=1 frame=1 seq=1 after_draw=0 op=clear result=00000000 qpc=9073123878287
clear flags=3 color=ff203040 z=1 stencil=0 rect_count=0 rect_ptr=00000000
surface role=clear_rt0 ptr=02111bb0 identity=1 width=64 height=64 format=21 usage=1 msaa=0 container=0 container_type=0 container_result=80004002
surface role=clear_depth ptr=02111be0 identity=2 width=64 height=64 format=77 usage=2 msaa=0 container=0 container_type=0 container_result=80004002
clear_viewport result=00000000 x=0 y=0 w=64 h=64 minz=0 maxz=1
capture_event device=1 frame=1 seq=2 after_draw=0 op=draw_begin result=00000000 qpc=9073123890388
draw device=1 frame=1 index=1 kind=primitive topology=4 primitives=1 vs=53a0a641107ed76c ps=98731d5594e36226
geometry source=buffers
stream slot=0 result=00000000 identity=3 offset=0 stride=24 frequency=1 frequency_result=00000000
vertex_buffer identity=3 bytes=72 usage=0 pool=1 fvf=0
buffer_content kind=vertex identity=3 result=00000000 status=00000001 requested=0 known=0 ambiguous=0 revision=0 pending=0 flags=00000000
stream slot=1 result=00000000 identity=0
stream slot=2 result=00000000 identity=0
stream slot=3 result=00000000 identity=0
stream slot=4 result=00000000 identity=0
stream slot=5 result=00000000 identity=0
stream slot=6 result=00000000 identity=0
stream slot=7 result=00000000 identity=0
stream slot=8 result=00000000 identity=0
stream slot=9 result=00000000 identity=0
stream slot=10 result=00000000 identity=0
stream slot=11 result=00000000 identity=0
stream slot=12 result=00000000 identity=0
stream slot=13 result=00000000 identity=0
stream slot=14 result=00000000 identity=0
stream slot=15 result=00000000 identity=0
indices result=00000000 identity=0
surface role=rt0 ptr=02111bb0 identity=1 width=64 height=64 format=21 usage=1 msaa=0 container=0 container_type=0 container_result=80004002
surface role=depth ptr=02111be0 identity=2 width=64 height=64 format=77 usage=2 msaa=0 container=0 container_type=0 container_result=80004002
state id=7 value=0
state id=14 value=0
state id=23 value=4
state id=15 value=1
state id=24 value=0
state id=25 value=8
state id=27 value=1
state id=19 value=2
state id=20 value=1
state id=171 value=1
state id=22 value=2
state id=168 value=7
state id=194 value=0
state id=206 value=0
state id=52 value=1
state id=56 value=8
state id=57 value=0
state id=58 value=4294967295
state id=59 value=4294967295
state id=53 value=1
state id=54 value=1
state id=55 value=1
state id=185 value=0
state id=189 value=8
state id=186 value=1
state id=187 value=1
state id=188 value=1
viewport x=0 y=0 w=64 h=64 minz=0 maxz=1
resource identity=5 ptr=02111a90 type=3
texture stage=0 ptr=02111a90 type=3 identity=5
texture_desc stage=0 w=2 h=2 format=21
sampler stage=0 state=6 value=1
sampler stage=0 state=5 value=1
sampler stage=0 state=7 value=0
sampler stage=0 state=10 value=1
sampler stage=0 state=11 value=0
resource identity=6 ptr=02111af0 type=3
texture stage=1 ptr=02111af0 type=3 identity=6
texture_desc stage=1 w=2 h=2 format=21
sampler stage=1 state=6 value=1
sampler stage=1 state=5 value=1
sampler stage=1 state=7 value=0
sampler stage=1 state=10 value=1
sampler stage=1 state=11 value=0
resource identity=7 ptr=02111b50 type=3
texture stage=2 ptr=02111b50 type=3 identity=7
texture_desc stage=2 w=2 h=2 format=21
sampler stage=2 state=6 value=1
sampler stage=2 state=5 value=1
sampler stage=2 state=7 value=0
sampler stage=2 state=10 value=1
sampler stage=2 state=11 value=0
resource identity=8 ptr=02111b80 type=5
texture stage=3 ptr=02111b80 type=5 identity=8
sampler stage=3 state=6 value=1
sampler stage=3 state=5 value=1
sampler stage=3 state=7 value=0
sampler stage=3 state=10 value=1
sampler stage=3 state=11 value=0
sampler stage=4 state=6 value=1
sampler stage=4 state=5 value=1
sampler stage=4 state=7 value=0
sampler stage=4 state=10 value=1
sampler stage=4 state=11 value=0
sampler stage=5 state=6 value=1
sampler stage=5 state=5 value=1
sampler stage=5 state=7 value=0
sampler stage=5 state=10 value=1
sampler stage=5 state=11 value=0
sampler stage=6 state=6 value=1
sampler stage=6 state=5 value=1
sampler stage=6 state=7 value=0
sampler stage=6 state=10 value=1
sampler stage=6 state=11 value=0
sampler stage=7 state=6 value=1
sampler stage=7 state=5 value=1
sampler stage=7 state=7 value=0
sampler stage=7 state=10 value=1
sampler stage=7 state=11 value=0
sampler stage=8 state=6 value=1
sampler stage=8 state=5 value=1
sampler stage=8 state=7 value=0
sampler stage=8 state=10 value=1
sampler stage=8 state=11 value=0
sampler stage=9 state=6 value=1
sampler stage=9 state=5 value=1
sampler stage=9 state=7 value=0
sampler stage=9 state=10 value=1
sampler stage=9 state=11 value=0
sampler stage=10 state=6 value=1
sampler stage=10 state=5 value=1
sampler stage=10 state=7 value=0
sampler stage=10 state=10 value=1
sampler stage=10 state=11 value=0
sampler stage=11 state=6 value=1
sampler stage=11 state=5 value=1
sampler stage=11 state=7 value=0
sampler stage=11 state=10 value=1
sampler stage=11 state=11 value=0
sampler stage=12 state=6 value=1
sampler stage=12 state=5 value=1
sampler stage=12 state=7 value=0
sampler stage=12 state=10 value=1
sampler stage=12 state=11 value=0
sampler stage=13 state=6 value=1
sampler stage=13 state=5 value=1
sampler stage=13 state=7 value=0
sampler stage=13 state=10 value=1
sampler stage=13 state=11 value=0
sampler stage=14 state=6 value=1
sampler stage=14 state=5 value=1
sampler stage=14 state=7 value=0
sampler stage=14 state=10 value=1
sampler stage=14 state=11 value=0
sampler stage=15 state=6 value=1
sampler stage=15 state=5 value=1
sampler stage=15 state=7 value=0
sampler stage=15 state=10 value=1
sampler stage=15 state=11 value=0
vertex_element stream=0 offset=0 type=16 method=0 usage=0 index=0
vertex_element stream=0 offset=8 type=16 method=0 usage=5 index=0
vertex_element stream=0 offset=16 type=16 method=0 usage=3 index=0
vertex_element stream=255 offset=0 type=17 method=0 usage=0 index=0
transform state=256 row=0 values=1,0,0,0
transform state=256 row=1 values=0,1,0,0
transform state=256 row=2 values=0,0,1,0
transform state=256 row=3 values=0,0,0,1
transform state=2 row=0 values=1,0,0,0
transform state=2 row=1 values=0,1,0,0
transform state=2 row=2 values=0,0,1,0
transform state=2 row=3 values=0,0,0,1
transform state=3 row=0 values=1,0,0,0
transform state=3 row=1 values=0,1,0,0
transform state=3 row=2 values=0,0,1,0
transform state=3 row=3 values=0,0,0,1
constants kind=vs type=f count=256 result=00000000 encoding=sparse_zero
constant kind=vs type=f reg=0 bits=bf800000,3f800000,40400000,00000000
constant kind=vs type=f reg=1 bits=3d23d70a,3ccccccd,3c75c28f,00000000
constant kind=vs type=f reg=2 bits=3f800000,3d4ccccd,00000000,00000000
constant kind=vs type=f reg=3 bits=00000000,3f800000,40400000,00000000
constant kind=vs type=f reg=4 bits=3d23d70a,3ccccccd,3c75c28f,00000000
constant kind=vs type=f reg=5 bits=3f800000,3d4ccccd,00000000,00000000
constant kind=vs type=f reg=6 bits=3f800000,3f800000,40400000,00000000
constant kind=vs type=f reg=7 bits=3d23d70a,3ccccccd,3c75c28f,00000000
constant kind=vs type=f reg=8 bits=3f800000,3d4ccccd,00000000,00000000
constant kind=vs type=f reg=9 bits=bf800000,3f800000,40400000,00000000
constant kind=vs type=f reg=10 bits=3d23d70a,3ccccccd,3c75c28f,00000000
constant kind=vs type=f reg=11 bits=3f800000,3d4ccccd,00000000,00000000
constant kind=vs type=f reg=12 bits=00000000,3f800000,40400000,00000000
constant kind=vs type=f reg=13 bits=3d23d70a,3ccccccd,3c75c28f,00000000
constant kind=vs type=f reg=14 bits=3f800000,3d4ccccd,00000000,00000000
constant kind=vs type=f reg=15 bits=3f800000,3f800000,40400000,00000000
constant kind=vs type=f reg=16 bits=3d23d70a,3ccccccd,3c75c28f,00000000
constant kind=vs type=f reg=17 bits=3f800000,3d4ccccd,00000000,00000000
constant kind=vs type=f reg=18 bits=bf800000,3f800000,40400000,00000000
constant kind=vs type=f reg=19 bits=3d23d70a,3ccccccd,3c75c28f,00000000
constant kind=vs type=f reg=20 bits=3f800000,3d4ccccd,00000000,00000000
constant kind=vs type=f reg=21 bits=00000000,3f800000,40400000,00000000
constant kind=vs type=f reg=22 bits=3d23d70a,3ccccccd,3c75c28f,00000000
constant kind=vs type=f reg=23 bits=3f800000,3d4ccccd,00000000,00000000
constant kind=vs type=f reg=24 bits=3f800000,00000000,00000000,00000000
constant kind=vs type=f reg=25 bits=00000000,3f800000,00000000,00000000
constant kind=vs type=f reg=26 bits=00000000,00000000,3f800000,00000000
constant kind=vs type=f reg=27 bits=00000000,00000000,00000000,3f800000
constant kind=vs type=f reg=28 bits=3f800000,00000000,00000000,00000000
constant kind=vs type=f reg=29 bits=00000000,3f800000,00000000,00000000
constant kind=vs type=f reg=30 bits=00000000,00000000,3f800000,00000000
constant kind=vs type=f reg=31 bits=3f800000,00000000,00000000,00000000
constant kind=vs type=f reg=32 bits=00000000,3f800000,00000000,00000000
constant kind=vs type=f reg=33 bits=00000000,00000000,3f800000,00000000
constant kind=vs type=f reg=34 bits=3f800000,00000000,00000000,00000000
constant kind=vs type=f reg=35 bits=00000000,3f800000,00000000,00000000
constant kind=vs type=f reg=36 bits=00000000,00000000,3f800000,40800000
constant kind=vs type=f reg=37 bits=3f800000,00000000,00000000,00000000
constant kind=vs type=f reg=38 bits=00000000,3f800000,00000000,00000000
constant kind=vs type=f reg=39 bits=3f200000,00000000,00000000,00000000
constant kind=vs type=f reg=40 bits=3e4ccccd,3dcccccd,3d4ccccd,00000000
constant kind=vs type=f reg=41 bits=3f800000,00000000,00000000,00000000
constants kind=vs type=i count=16 result=00000000 encoding=full
constant kind=vs type=i reg=0 values=1,0,1,0
constant kind=vs type=i reg=1 values=0,0,0,0
constant kind=vs type=i reg=2 values=0,0,0,0
constant kind=vs type=i reg=3 values=0,0,0,0
constant kind=vs type=i reg=4 values=0,0,0,0
constant kind=vs type=i reg=5 values=0,0,0,0
constant kind=vs type=i reg=6 values=0,0,0,0
constant kind=vs type=i reg=7 values=0,0,0,0
constant kind=vs type=i reg=8 values=0,0,0,0
constant kind=vs type=i reg=9 values=0,0,0,0
constant kind=vs type=i reg=10 values=0,0,0,0
constant kind=vs type=i reg=11 values=0,0,0,0
constant kind=vs type=i reg=12 values=0,0,0,0
constant kind=vs type=i reg=13 values=0,0,0,0
constant kind=vs type=i reg=14 values=0,0,0,0
constant kind=vs type=i reg=15 values=0,0,0,0
constants kind=vs type=b count=16 result=00000000 encoding=full
constant kind=vs type=b reg=0 values=0
constant kind=vs type=b reg=1 values=0
constant kind=vs type=b reg=2 values=0
constant kind=vs type=b reg=3 values=0
constant kind=vs type=b reg=4 values=0
constant kind=vs type=b reg=5 values=0
constant kind=vs type=b reg=6 values=0
constant kind=vs type=b reg=7 values=0
constant kind=vs type=b reg=8 values=0
constant kind=vs type=b reg=9 values=0
constant kind=vs type=b reg=10 values=0
constant kind=vs type=b reg=11 values=0
constant kind=vs type=b reg=12 values=0
constant kind=vs type=b reg=13 values=0
constant kind=vs type=b reg=14 values=0
constant kind=vs type=b reg=15 values=0
constants kind=ps type=f count=224 result=00000000 encoding=sparse_zero
constant kind=ps type=f reg=0 bits=3f800000,00000000,00000000,00000000
constant kind=ps type=f reg=1 bits=00000000,3f800000,00000000,00000000
constant kind=ps type=f reg=2 bits=00000000,00000000,3f800000,00000000
constant kind=ps type=f reg=3 bits=3e800000,00000000,00000000,00000000
constant kind=ps type=f reg=4 bits=00000000,00000000,3f800000,00000000
constant kind=ps type=f reg=5 bits=3e99999a,3e4ccccd,3dcccccd,00000000
constant kind=ps type=f reg=6 bits=3f000000,00000000,3f000000,00000000
constant kind=ps type=f reg=7 bits=3dcccccd,3e19999a,3e4ccccd,00000000
constants kind=ps type=i count=16 result=00000000 encoding=full
constant kind=ps type=i reg=0 values=0,0,0,0
constant kind=ps type=i reg=1 values=0,0,0,0
constant kind=ps type=i reg=2 values=0,0,0,0
constant kind=ps type=i reg=3 values=0,0,0,0
constant kind=ps type=i reg=4 values=0,0,0,0
constant kind=ps type=i reg=5 values=0,0,0,0
constant kind=ps type=i reg=6 values=0,0,0,0
constant kind=ps type=i reg=7 values=0,0,0,0
constant kind=ps type=i reg=8 values=0,0,0,0
constant kind=ps type=i reg=9 values=0,0,0,0
constant kind=ps type=i reg=10 values=0,0,0,0
constant kind=ps type=i reg=11 values=0,0,0,0
constant kind=ps type=i reg=12 values=0,0,0,0
constant kind=ps type=i reg=13 values=0,0,0,0
constant kind=ps type=i reg=14 values=0,0,0,0
constant kind=ps type=i reg=15 values=0,0,0,0
constants kind=ps type=b count=16 result=00000000 encoding=full
constant kind=ps type=b reg=0 values=0
constant kind=ps type=b reg=1 values=0
constant kind=ps type=b reg=2 values=0
constant kind=ps type=b reg=3 values=0
constant kind=ps type=b reg=4 values=0
constant kind=ps type=b reg=5 values=0
constant kind=ps type=b reg=6 values=0
constant kind=ps type=b reg=7 values=0
constant kind=ps type=b reg=8 values=0
constant kind=ps type=b reg=9 values=0
constant kind=ps type=b reg=10 values=0
constant kind=ps type=b reg=11 values=0
constant kind=ps type=b reg=12 values=0
constant kind=ps type=b reg=13 values=0
constant kind=ps type=b reg=14 values=0
constant kind=ps type=b reg=15 values=0
draw_args start_vertex=0
motion_input device=1 frame=1 index=1 blockers=00000252 proofs=20 position_path=1 vs=53a0a641107ed76c ps=98731d5594e36226 declaration=0cdf6a8c884ad955 rows_hash=1b0c97ae01a7ec05 color=1 depth=2 width=64 height=64 cull=2 vb=3 vb_revision=0 ib=0 ib_revision=0 position_offset=0 position_type=16 lifetime_verified=0 vertex_finite_verified=0
motion_geometry device=1 frame=1 index=1 source_qualified=1 source_hash=53a0a641107ed76c source_words=526 finite_requested=0 finite_state=0 finite_reason=4 finite_status=00000001 finite_generation=0 finite_revision=0 index_required=0 index_requested=0 index_known=0 index_range_verified=0 index_exact=0 index_min=0 index_max=0 index_reason=1 index_status=00000001 index_generation=0 index_revision=0
draw_result device=1 frame=1 index=1 result=00000000
capture_event device=1 frame=1 seq=3 after_draw=1 op=clear result=00000000 qpc=9073123906020
clear flags=2 color=00000000 z=1 stencil=0 rect_count=0 rect_ptr=00000000
surface role=clear_rt0 ptr=02111bb0 identity=1 width=64 height=64 format=21 usage=1 msaa=0 container=0 container_type=0 container_result=80004002
surface role=clear_depth ptr=02111be0 identity=2 width=64 height=64 format=77 usage=2 msaa=0 container=0 container_type=0 container_result=80004002
clear_viewport result=00000000 x=0 y=0 w=64 h=64 minz=0 maxz=1
capture_event device=1 frame=1 seq=4 after_draw=1 op=draw_begin result=00000000 qpc=9073123908329
draw device=1 frame=1 index=2 kind=primitive topology=4 primitives=1 vs=53a0a641107ed76c ps=8759c7838bbc86c2
geometry source=buffers
stream slot=0 result=00000000 identity=3 offset=0 stride=24 frequency=1 frequency_result=00000000
vertex_buffer identity=3 bytes=72 usage=0 pool=1 fvf=0
buffer_content kind=vertex identity=3 result=00000000 status=00000001 requested=0 known=0 ambiguous=0 revision=0 pending=0 flags=00000000
stream slot=1 result=00000000 identity=0
stream slot=2 result=00000000 identity=0
stream slot=3 result=00000000 identity=0
stream slot=4 result=00000000 identity=0
stream slot=5 result=00000000 identity=0
stream slot=6 result=00000000 identity=0
stream slot=7 result=00000000 identity=0
stream slot=8 result=00000000 identity=0
stream slot=9 result=00000000 identity=0
stream slot=10 result=00000000 identity=0
stream slot=11 result=00000000 identity=0
stream slot=12 result=00000000 identity=0
stream slot=13 result=00000000 identity=0
stream slot=14 result=00000000 identity=0
stream slot=15 result=00000000 identity=0
indices result=00000000 identity=0
surface role=rt0 ptr=02111bb0 identity=1 width=64 height=64 format=21 usage=1 msaa=0 container=0 container_type=0 container_result=80004002
surface role=depth ptr=02111be0 identity=2 width=64 height=64 format=77 usage=2 msaa=0 container=0 container_type=0 container_result=80004002
state id=7 value=1
state id=14 value=1
state id=23 value=4
state id=15 value=0
state id=24 value=0
state id=25 value=8
state id=27 value=0
state id=19 value=2
state id=20 value=1
state id=171 value=1
state id=22 value=1
state id=168 value=15
state id=194 value=0
state id=206 value=0
state id=52 value=0
state id=56 value=8
state id=57 value=0
state id=58 value=4294967295
state id=59 value=4294967295
state id=53 value=1
state id=54 value=1
state id=55 value=1
state id=185 value=0
state id=189 value=8
state id=186 value=1
state id=187 value=1
state id=188 value=1
viewport x=0 y=0 w=64 h=64 minz=0 maxz=1
texture stage=0 ptr=02111a90 type=3 identity=5
texture_desc stage=0 w=2 h=2 format=21
sampler stage=0 state=6 value=1
sampler stage=0 state=5 value=1
sampler stage=0 state=7 value=0
sampler stage=0 state=10 value=1
sampler stage=0 state=11 value=0
texture stage=1 ptr=02111af0 type=3 identity=6
texture_desc stage=1 w=2 h=2 format=21
sampler stage=1 state=6 value=1
sampler stage=1 state=5 value=1
sampler stage=1 state=7 value=0
sampler stage=1 state=10 value=1
sampler stage=1 state=11 value=0
texture stage=2 ptr=02111b50 type=3 identity=7
texture_desc stage=2 w=2 h=2 format=21
sampler stage=2 state=6 value=1
sampler stage=2 state=5 value=1
sampler stage=2 state=7 value=0
sampler stage=2 state=10 value=1
sampler stage=2 state=11 value=0
texture stage=3 ptr=02111b80 type=5 identity=8
sampler stage=3 state=6 value=1
sampler stage=3 state=5 value=1
sampler stage=3 state=7 value=0
sampler stage=3 state=10 value=1
sampler stage=3 state=11 value=0
sampler stage=4 state=6 value=1
sampler stage=4 state=5 value=1
sampler stage=4 state=7 value=0
sampler stage=4 state=10 value=1
sampler stage=4 state=11 value=0
sampler stage=5 state=6 value=1
sampler stage=5 state=5 value=1
sampler stage=5 state=7 value=0
sampler stage=5 state=10 value=1
sampler stage=5 state=11 value=0
sampler stage=6 state=6 value=1
sampler stage=6 state=5 value=1
sampler stage=6 state=7 value=0
sampler stage=6 state=10 value=1
sampler stage=6 state=11 value=0
sampler stage=7 state=6 value=1
sampler stage=7 state=5 value=1
sampler stage=7 state=7 value=0
sampler stage=7 state=10 value=1
sampler stage=7 state=11 value=0
sampler stage=8 state=6 value=1
sampler stage=8 state=5 value=1
sampler stage=8 state=7 value=0
sampler stage=8 state=10 value=1
sampler stage=8 state=11 value=0
sampler stage=9 state=6 value=1
sampler stage=9 state=5 value=1
sampler stage=9 state=7 value=0
sampler stage=9 state=10 value=1
sampler stage=9 state=11 value=0
sampler stage=10 state=6 value=1
sampler stage=10 state=5 value=1
sampler stage=10 state=7 value=0
sampler stage=10 state=10 value=1
sampler stage=10 state=11 value=0
sampler stage=11 state=6 value=1
sampler stage=11 state=5 value=1
sampler stage=11 state=7 value=0
sampler stage=11 state=10 value=1
sampler stage=11 state=11 value=0
sampler stage=12 state=6 value=1
sampler stage=12 state=5 value=1
sampler stage=12 state=7 value=0
sampler stage=12 state=10 value=1
sampler stage=12 state=11 value=0
sampler stage=13 state=6 value=1
sampler stage=13 state=5 value=1
sampler stage=13 state=7 value=0
sampler stage=13 state=10 value=1
sampler stage=13 state=11 value=0
sampler stage=14 state=6 value=1
sampler stage=14 state=5 value=1
sampler stage=14 state=7 value=0
sampler stage=14 state=10 value=1
sampler stage=14 state=11 value=0
sampler stage=15 state=6 value=1
sampler stage=15 state=5 value=1
sampler stage=15 state=7 value=0
sampler stage=15 state=10 value=1
sampler stage=15 state=11 value=0
vertex_element stream=0 offset=0 type=16 method=0 usage=0 index=0
vertex_element stream=0 offset=8 type=16 method=0 usage=5 index=0
vertex_element stream=0 offset=16 type=16 method=0 usage=3 index=0
vertex_element stream=255 offset=0 type=17 method=0 usage=0 index=0
transform state=256 row=0 values=1,0,0,0
transform state=256 row=1 values=0,1,0,0
transform state=256 row=2 values=0,0,1,0
transform state=256 row=3 values=0,0,0,1
transform state=2 row=0 values=1,0,0,0
transform state=2 row=1 values=0,1,0,0
transform state=2 row=2 values=0,0,1,0
transform state=2 row=3 values=0,0,0,1
transform state=3 row=0 values=1,0,0,0
transform state=3 row=1 values=0,1,0,0
transform state=3 row=2 values=0,0,1,0
transform state=3 row=3 values=0,0,0,1
constants kind=vs type=f count=256 result=00000000 encoding=sparse_zero
constant kind=vs type=f reg=0 bits=bf800000,3f800000,40400000,00000000
constant kind=vs type=f reg=1 bits=3d23d70a,3ccccccd,3c75c28f,00000000
constant kind=vs type=f reg=2 bits=3f800000,3d4ccccd,00000000,00000000
constant kind=vs type=f reg=3 bits=00000000,3f800000,40400000,00000000
constant kind=vs type=f reg=4 bits=3d23d70a,3ccccccd,3c75c28f,00000000
constant kind=vs type=f reg=5 bits=3f800000,3d4ccccd,00000000,00000000
constant kind=vs type=f reg=6 bits=3f800000,3f800000,40400000,00000000
constant kind=vs type=f reg=7 bits=3d23d70a,3ccccccd,3c75c28f,00000000
constant kind=vs type=f reg=8 bits=3f800000,3d4ccccd,00000000,00000000
constant kind=vs type=f reg=9 bits=bf800000,3f800000,40400000,00000000
constant kind=vs type=f reg=10 bits=3d23d70a,3ccccccd,3c75c28f,00000000
constant kind=vs type=f reg=11 bits=3f800000,3d4ccccd,00000000,00000000
constant kind=vs type=f reg=12 bits=00000000,3f800000,40400000,00000000
constant kind=vs type=f reg=13 bits=3d23d70a,3ccccccd,3c75c28f,00000000
constant kind=vs type=f reg=14 bits=3f800000,3d4ccccd,00000000,00000000
constant kind=vs type=f reg=15 bits=3f800000,3f800000,40400000,00000000
constant kind=vs type=f reg=16 bits=3d23d70a,3ccccccd,3c75c28f,00000000
constant kind=vs type=f reg=17 bits=3f800000,3d4ccccd,00000000,00000000
constant kind=vs type=f reg=18 bits=bf800000,3f800000,40400000,00000000
constant kind=vs type=f reg=19 bits=3d23d70a,3ccccccd,3c75c28f,00000000
constant kind=vs type=f reg=20 bits=3f800000,3d4ccccd,00000000,00000000
constant kind=vs type=f reg=21 bits=00000000,3f800000,40400000,00000000
constant kind=vs type=f reg=22 bits=3d23d70a,3ccccccd,3c75c28f,00000000
constant kind=vs type=f reg=23 bits=3f800000,3d4ccccd,00000000,00000000
constant kind=vs type=f reg=24 bits=3f800000,00000000,00000000,3f4ccccd
constant kind=vs type=f reg=25 bits=00000000,3f800000,00000000,00000000
constant kind=vs type=f reg=26 bits=00000000,00000000,3f800000,00000000
constant kind=vs type=f reg=27 bits=3e000000,00000000,00000000,3f800000
constant kind=vs type=f reg=28 bits=3f800000,00000000,00000000,00000000
constant kind=vs type=f reg=29 bits=00000000,3f800000,00000000,00000000
constant kind=vs type=f reg=30 bits=00000000,00000000,3f800000,00000000
constant kind=vs type=f reg=31 bits=3f800000,00000000,00000000,00000000
constant kind=vs type=f reg=32 bits=00000000,3f800000,00000000,00000000
constant kind=vs type=f reg=33 bits=00000000,00000000,3f800000,00000000
constant kind=vs type=f reg=34 bits=3f800000,00000000,00000000,00000000
constant kind=vs type=f reg=35 bits=00000000,3f800000,00000000,00000000
constant kind=vs type=f reg=36 bits=00000000,00000000,3f800000,40800000
constant kind=vs type=f reg=37 bits=3f800000,00000000,00000000,00000000
constant kind=vs type=f reg=38 bits=00000000,3f800000,00000000,00000000
constant kind=vs type=f reg=39 bits=3f200000,00000000,00000000,00000000
constant kind=vs type=f reg=40 bits=3e4ccccd,3dcccccd,3d4ccccd,00000000
constant kind=vs type=f reg=41 bits=3f800000,00000000,00000000,00000000
constant kind=vs type=f reg=252 bits=42c80000,42ca0000,42cc0000,42ce0000
constant kind=vs type=f reg=253 bits=42d00000,42d20000,42d40000,42d60000
constant kind=vs type=f reg=254 bits=42d80000,42da0000,42dc0000,42de0000
constant kind=vs type=f reg=255 bits=42e00000,42e20000,42e40000,42e60000
constants kind=vs type=i count=16 result=00000000 encoding=full
constant kind=vs type=i reg=0 values=1,0,1,0
constant kind=vs type=i reg=1 values=0,0,0,0
constant kind=vs type=i reg=2 values=0,0,0,0
constant kind=vs type=i reg=3 values=0,0,0,0
constant kind=vs type=i reg=4 values=0,0,0,0
constant kind=vs type=i reg=5 values=0,0,0,0
constant kind=vs type=i reg=6 values=0,0,0,0
constant kind=vs type=i reg=7 values=0,0,0,0
constant kind=vs type=i reg=8 values=0,0,0,0
constant kind=vs type=i reg=9 values=0,0,0,0
constant kind=vs type=i reg=10 values=0,0,0,0
constant kind=vs type=i reg=11 values=0,0,0,0
constant kind=vs type=i reg=12 values=0,0,0,0
constant kind=vs type=i reg=13 values=0,0,0,0
constant kind=vs type=i reg=14 values=0,0,0,0
constant kind=vs type=i reg=15 values=0,0,0,0
constants kind=vs type=b count=16 result=00000000 encoding=full
constant kind=vs type=b reg=0 values=0
constant kind=vs type=b reg=1 values=0
constant kind=vs type=b reg=2 values=0
constant kind=vs type=b reg=3 values=0
constant kind=vs type=b reg=4 values=0
constant kind=vs type=b reg=5 values=0
constant kind=vs type=b reg=6 values=0
constant kind=vs type=b reg=7 values=0
constant kind=vs type=b reg=8 values=0
constant kind=vs type=b reg=9 values=0
constant kind=vs type=b reg=10 values=0
constant kind=vs type=b reg=11 values=0
constant kind=vs type=b reg=12 values=0
constant kind=vs type=b reg=13 values=0
constant kind=vs type=b reg=14 values=0
constant kind=vs type=b reg=15 values=0
constants kind=ps type=f count=224 result=00000000 encoding=sparse_zero
constant kind=ps type=f reg=0 bits=3f800000,00000000,00000000,00000000
constant kind=ps type=f reg=1 bits=00000000,3f800000,00000000,00000000
constant kind=ps type=f reg=2 bits=00000000,00000000,3f800000,00000000
constant kind=ps type=f reg=3 bits=3e800000,00000000,00000000,00000000
constant kind=ps type=f reg=4 bits=00000000,00000000,3f800000,00000000
constant kind=ps type=f reg=5 bits=3e99999a,3e4ccccd,3dcccccd,00000000
constant kind=ps type=f reg=6 bits=3f000000,00000000,3f000000,00000000
constant kind=ps type=f reg=7 bits=3dcccccd,3e19999a,3e4ccccd,00000000
constant kind=ps type=f reg=216 bits=43480000,43490000,434a0000,434b0000
constant kind=ps type=f reg=217 bits=434c0000,434d0000,434e0000,434f0000
constants kind=ps type=i count=16 result=00000000 encoding=full
constant kind=ps type=i reg=0 values=0,0,0,0
constant kind=ps type=i reg=1 values=0,0,0,0
constant kind=ps type=i reg=2 values=0,0,0,0
constant kind=ps type=i reg=3 values=0,0,0,0
constant kind=ps type=i reg=4 values=0,0,0,0
constant kind=ps type=i reg=5 values=0,0,0,0
constant kind=ps type=i reg=6 values=0,0,0,0
constant kind=ps type=i reg=7 values=0,0,0,0
constant kind=ps type=i reg=8 values=0,0,0,0
constant kind=ps type=i reg=9 values=0,0,0,0
constant kind=ps type=i reg=10 values=0,0,0,0
constant kind=ps type=i reg=11 values=0,0,0,0
constant kind=ps type=i reg=12 values=0,0,0,0
constant kind=ps type=i reg=13 values=0,0,0,0
constant kind=ps type=i reg=14 values=0,0,0,0
constant kind=ps type=i reg=15 values=0,0,0,0
constants kind=ps type=b count=16 result=00000000 encoding=full
constant kind=ps type=b reg=0 values=0
constant kind=ps type=b reg=1 values=0
constant kind=ps type=b reg=2 values=0
constant kind=ps type=b reg=3 values=0
constant kind=ps type=b reg=4 values=0
constant kind=ps type=b reg=5 values=0
constant kind=ps type=b reg=6 values=0
constant kind=ps type=b reg=7 values=0
constant kind=ps type=b reg=8 values=0
constant kind=ps type=b reg=9 values=0
constant kind=ps type=b reg=10 values=0
constant kind=ps type=b reg=11 values=0
constant kind=ps type=b reg=12 values=0
constant kind=ps type=b reg=13 values=0
constant kind=ps type=b reg=14 values=0
constant kind=ps type=b reg=15 values=0
draw_args start_vertex=0
motion_route device=1 frame=1 index=2 gate=5 routed=1 matched=0 depth=1 jittered=0 vs=53a0a641107ed76c ps=8759c7838bbc86c2 node=00000000 camera=00000000 node_handle=0 camera_handle=0 node_serial=0 camera_serial=0 load_epoch=0 registry_epoch=0 model=00000000 lod=00000000 vb=3 ib=0 declaration=0cdf6a8c884ad955 offset=0 stride=24 position_offset=0 position_type=16 topology=4 first=0 primitives=1 base_vertex=0 min_vertex=0 vertex_count=0 indexed=0 rows_hash=6e1905db0b783f53 result=00000000
motion_input device=1 frame=1 index=2 blockers=00000210 proofs=28 position_path=1 vs=53a0a641107ed76c ps=8759c7838bbc86c2 declaration=0cdf6a8c884ad955 rows_hash=6e1905db0b783f53 color=1 depth=2 width=64 height=64 cull=1 vb=3 vb_revision=0 ib=0 ib_revision=0 position_offset=0 position_type=16 lifetime_verified=0 vertex_finite_verified=0
motion_geometry device=1 frame=1 index=2 source_qualified=1 source_hash=53a0a641107ed76c source_words=526 finite_requested=0 finite_state=0 finite_reason=4 finite_status=00000001 finite_generation=0 finite_revision=0 index_required=0 index_requested=0 index_known=0 index_range_verified=0 index_exact=0 index_min=0 index_max=0 index_reason=1 index_status=00000001 index_generation=0 index_revision=0
draw_result device=1 frame=1 index=2 result=00000000
capture_event device=1 frame=1 seq=5 after_draw=2 op=draw_begin result=00000000 qpc=9073123917322
draw device=1 frame=1 index=3 kind=primitive topology=4 primitives=1 vs=53a0a641107ed76c ps=8759c7838bbc86c2
geometry source=buffers
stream slot=0 result=00000000 identity=4 offset=0 stride=24 frequency=1 frequency_result=00000000
vertex_buffer identity=4 bytes=72 usage=0 pool=1 fvf=0
buffer_content kind=vertex identity=4 result=00000000 status=00000001 requested=0 known=0 ambiguous=0 revision=0 pending=0 flags=00000000
stream slot=1 result=00000000 identity=0
stream slot=2 result=00000000 identity=0
stream slot=3 result=00000000 identity=0
stream slot=4 result=00000000 identity=0
stream slot=5 result=00000000 identity=0
stream slot=6 result=00000000 identity=0
stream slot=7 result=00000000 identity=0
stream slot=8 result=00000000 identity=0
stream slot=9 result=00000000 identity=0
stream slot=10 result=00000000 identity=0
stream slot=11 result=00000000 identity=0
stream slot=12 result=00000000 identity=0
stream slot=13 result=00000000 identity=0
stream slot=14 result=00000000 identity=0
stream slot=15 result=00000000 identity=0
indices result=00000000 identity=0
surface role=rt0 ptr=02111bb0 identity=1 width=64 height=64 format=21 usage=1 msaa=0 container=0 container_type=0 container_result=80004002
surface role=depth ptr=02111be0 identity=2 width=64 height=64 format=77 usage=2 msaa=0 container=0 container_type=0 container_result=80004002
state id=7 value=1
state id=14 value=1
state id=23 value=4
state id=15 value=0
state id=24 value=0
state id=25 value=8
state id=27 value=0
state id=19 value=2
state id=20 value=1
state id=171 value=1
state id=22 value=1
state id=168 value=15
state id=194 value=0
state id=206 value=0
state id=52 value=0
state id=56 value=8
state id=57 value=0
state id=58 value=4294967295
state id=59 value=4294967295
state id=53 value=1
state id=54 value=1
state id=55 value=1
state id=185 value=0
state id=189 value=8
state id=186 value=1
state id=187 value=1
state id=188 value=1
viewport x=0 y=0 w=64 h=64 minz=0 maxz=1
texture stage=0 ptr=02111a90 type=3 identity=5
texture_desc stage=0 w=2 h=2 format=21
sampler stage=0 state=6 value=1
sampler stage=0 state=5 value=1
sampler stage=0 state=7 value=0
sampler stage=0 state=10 value=1
sampler stage=0 state=11 value=0
texture stage=1 ptr=02111af0 type=3 identity=6
texture_desc stage=1 w=2 h=2 format=21
sampler stage=1 state=6 value=1
sampler stage=1 state=5 value=1
sampler stage=1 state=7 value=0
sampler stage=1 state=10 value=1
sampler stage=1 state=11 value=0
texture stage=2 ptr=02111b50 type=3 identity=7
texture_desc stage=2 w=2 h=2 format=21
sampler stage=2 state=6 value=1
sampler stage=2 state=5 value=1
sampler stage=2 state=7 value=0
sampler stage=2 state=10 value=1
sampler stage=2 state=11 value=0
texture stage=3 ptr=02111b80 type=5 identity=8
sampler stage=3 state=6 value=1
sampler stage=3 state=5 value=1
sampler stage=3 state=7 value=0
sampler stage=3 state=10 value=1
sampler stage=3 state=11 value=0
sampler stage=4 state=6 value=1
sampler stage=4 state=5 value=1
sampler stage=4 state=7 value=0
sampler stage=4 state=10 value=1
sampler stage=4 state=11 value=0
sampler stage=5 state=6 value=1
sampler stage=5 state=5 value=1
sampler stage=5 state=7 value=0
sampler stage=5 state=10 value=1
sampler stage=5 state=11 value=0
sampler stage=6 state=6 value=1
sampler stage=6 state=5 value=1
sampler stage=6 state=7 value=0
sampler stage=6 state=10 value=1
sampler stage=6 state=11 value=0
sampler stage=7 state=6 value=1
sampler stage=7 state=5 value=1
sampler stage=7 state=7 value=0
sampler stage=7 state=10 value=1
sampler stage=7 state=11 value=0
sampler stage=8 state=6 value=1
sampler stage=8 state=5 value=1
sampler stage=8 state=7 value=0
sampler stage=8 state=10 value=1
sampler stage=8 state=11 value=0
sampler stage=9 state=6 value=1
sampler stage=9 state=5 value=1
sampler stage=9 state=7 value=0
sampler stage=9 state=10 value=1
sampler stage=9 state=11 value=0
sampler stage=10 state=6 value=1
sampler stage=10 state=5 value=1
sampler stage=10 state=7 value=0
sampler stage=10 state=10 value=1
sampler stage=10 state=11 value=0
sampler stage=11 state=6 value=1
sampler stage=11 state=5 value=1
sampler stage=11 state=7 value=0
sampler stage=11 state=10 value=1
sampler stage=11 state=11 value=0
sampler stage=12 state=6 value=1
sampler stage=12 state=5 value=1
sampler stage=12 state=7 value=0
sampler stage=12 state=10 value=1
sampler stage=12 state=11 value=0
sampler stage=13 state=6 value=1
sampler stage=13 state=5 value=1
sampler stage=13 state=7 value=0
sampler stage=13 state=10 value=1
sampler stage=13 state=11 value=0
sampler stage=14 state=6 value=1
sampler stage=14 state=5 value=1
sampler stage=14 state=7 value=0
sampler stage=14 state=10 value=1
sampler stage=14 state=11 value=0
sampler stage=15 state=6 value=1
sampler stage=15 state=5 value=1
sampler stage=15 state=7 value=0
sampler stage=15 state=10 value=1
sampler stage=15 state=11 value=0
vertex_element stream=0 offset=0 type=16 method=0 usage=0 index=0
vertex_element stream=0 offset=8 type=16 method=0 usage=5 index=0
vertex_element stream=0 offset=16 type=16 method=0 usage=3 index=0
vertex_element stream=255 offset=0 type=17 method=0 usage=0 index=0
transform state=256 row=0 values=1,0,0,0
transform state=256 row=1 values=0,1,0,0
transform state=256 row=2 values=0,0,1,0
transform state=256 row=3 values=0,0,0,1
transform state=2 row=0 values=1,0,0,0
transform state=2 row=1 values=0,1,0,0
transform state=2 row=2 values=0,0,1,0
transform state=2 row=3 values=0,0,0,1
transform state=3 row=0 values=1,0,0,0
transform state=3 row=1 values=0,1,0,0
transform state=3 row=2 values=0,0,1,0
transform state=3 row=3 values=0,0,0,1
constants kind=vs type=f count=256 result=00000000 encoding=sparse_zero
constant kind=vs type=f reg=0 bits=bf800000,3f800000,40400000,00000000
constant kind=vs type=f reg=1 bits=3d23d70a,3ccccccd,3c75c28f,00000000
constant kind=vs type=f reg=2 bits=3f800000,3d4ccccd,00000000,00000000
constant kind=vs type=f reg=3 bits=00000000,3f800000,40400000,00000000
constant kind=vs type=f reg=4 bits=3d23d70a,3ccccccd,3c75c28f,00000000
constant kind=vs type=f reg=5 bits=3f800000,3d4ccccd,00000000,00000000
constant kind=vs type=f reg=6 bits=3f800000,3f800000,40400000,00000000
constant kind=vs type=f reg=7 bits=3d23d70a,3ccccccd,3c75c28f,00000000
constant kind=vs type=f reg=8 bits=3f800000,3d4ccccd,00000000,00000000
constant kind=vs type=f reg=9 bits=bf800000,3f800000,40400000,00000000
constant kind=vs type=f reg=10 bits=3d23d70a,3ccccccd,3c75c28f,00000000
constant kind=vs type=f reg=11 bits=3f800000,3d4ccccd,00000000,00000000
constant kind=vs type=f reg=12 bits=00000000,3f800000,40400000,00000000
constant kind=vs type=f reg=13 bits=3d23d70a,3ccccccd,3c75c28f,00000000
constant kind=vs type=f reg=14 bits=3f800000,3d4ccccd,00000000,00000000
constant kind=vs type=f reg=15 bits=3f800000,3f800000,40400000,00000000
constant kind=vs type=f reg=16 bits=3d23d70a,3ccccccd,3c75c28f,00000000
constant kind=vs type=f reg=17 bits=3f800000,3d4ccccd,00000000,00000000
constant kind=vs type=f reg=18 bits=bf800000,3f800000,40400000,00000000
constant kind=vs type=f reg=19 bits=3d23d70a,3ccccccd,3c75c28f,00000000
constant kind=vs type=f reg=20 bits=3f800000,3d4ccccd,00000000,00000000
constant kind=vs type=f reg=21 bits=00000000,3f800000,40400000,00000000
constant kind=vs type=f reg=22 bits=3d23d70a,3ccccccd,3c75c28f,00000000
constant kind=vs type=f reg=23 bits=3f800000,3d4ccccd,00000000,00000000
constant kind=vs type=f reg=24 bits=3f800000,00000000,00000000,bd4ccccd
constant kind=vs type=f reg=25 bits=00000000,3f800000,00000000,00000000
constant kind=vs type=f reg=26 bits=00000000,00000000,3f800000,3dcccccd
constant kind=vs type=f reg=27 bits=00000000,00000000,00000000,3f800000
constant kind=vs type=f reg=28 bits=3f800000,00000000,00000000,00000000
constant kind=vs type=f reg=29 bits=00000000,3f800000,00000000,00000000
constant kind=vs type=f reg=30 bits=00000000,00000000,3f800000,00000000
constant kind=vs type=f reg=31 bits=3f800000,00000000,00000000,00000000
constant kind=vs type=f reg=32 bits=00000000,3f800000,00000000,00000000
constant kind=vs type=f reg=33 bits=00000000,00000000,3f800000,00000000
constant kind=vs type=f reg=34 bits=3f800000,00000000,00000000,00000000
constant kind=vs type=f reg=35 bits=00000000,3f800000,00000000,00000000
constant kind=vs type=f reg=36 bits=00000000,00000000,3f800000,40800000
constant kind=vs type=f reg=37 bits=3f800000,00000000,00000000,00000000
constant kind=vs type=f reg=38 bits=00000000,3f800000,00000000,00000000
constant kind=vs type=f reg=39 bits=3f200000,00000000,00000000,00000000
constant kind=vs type=f reg=40 bits=3e4ccccd,3dcccccd,3d4ccccd,00000000
constant kind=vs type=f reg=41 bits=3f800000,00000000,00000000,00000000
constant kind=vs type=f reg=252 bits=42c80000,42ca0000,42cc0000,42ce0000
constant kind=vs type=f reg=253 bits=42d00000,42d20000,42d40000,42d60000
constant kind=vs type=f reg=254 bits=42d80000,42da0000,42dc0000,42de0000
constant kind=vs type=f reg=255 bits=42e00000,42e20000,42e40000,42e60000
constants kind=vs type=i count=16 result=00000000 encoding=full
constant kind=vs type=i reg=0 values=1,0,1,0
constant kind=vs type=i reg=1 values=0,0,0,0
constant kind=vs type=i reg=2 values=0,0,0,0
constant kind=vs type=i reg=3 values=0,0,0,0
constant kind=vs type=i reg=4 values=0,0,0,0
constant kind=vs type=i reg=5 values=0,0,0,0
constant kind=vs type=i reg=6 values=0,0,0,0
constant kind=vs type=i reg=7 values=0,0,0,0
constant kind=vs type=i reg=8 values=0,0,0,0
constant kind=vs type=i reg=9 values=0,0,0,0
constant kind=vs type=i reg=10 values=0,0,0,0
constant kind=vs type=i reg=11 values=0,0,0,0
constant kind=vs type=i reg=12 values=0,0,0,0
constant kind=vs type=i reg=13 values=0,0,0,0
constant kind=vs type=i reg=14 values=0,0,0,0
constant kind=vs type=i reg=15 values=0,0,0,0
constants kind=vs type=b count=16 result=00000000 encoding=full
constant kind=vs type=b reg=0 values=0
constant kind=vs type=b reg=1 values=0
constant kind=vs type=b reg=2 values=0
constant kind=vs type=b reg=3 values=0
constant kind=vs type=b reg=4 values=0
constant kind=vs type=b reg=5 values=0
constant kind=vs type=b reg=6 values=0
constant kind=vs type=b reg=7 values=0
constant kind=vs type=b reg=8 values=0
constant kind=vs type=b reg=9 values=0
constant kind=vs type=b reg=10 values=0
constant kind=vs type=b reg=11 values=0
constant kind=vs type=b reg=12 values=0
constant kind=vs type=b reg=13 values=0
constant kind=vs type=b reg=14 values=0
constant kind=vs type=b reg=15 values=0
constants kind=ps type=f count=224 result=00000000 encoding=sparse_zero
constant kind=ps type=f reg=0 bits=3f800000,00000000,00000000,00000000
constant kind=ps type=f reg=1 bits=00000000,3f800000,00000000,00000000
constant kind=ps type=f reg=2 bits=00000000,00000000,3f800000,00000000
constant kind=ps type=f reg=3 bits=3e800000,00000000,00000000,00000000
constant kind=ps type=f reg=4 bits=00000000,00000000,3f800000,00000000
constant kind=ps type=f reg=5 bits=3e99999a,3e4ccccd,3dcccccd,00000000
constant kind=ps type=f reg=6 bits=3f000000,00000000,3f000000,00000000
constant kind=ps type=f reg=7 bits=3dcccccd,3e19999a,3e4ccccd,00000000
constant kind=ps type=f reg=216 bits=43480000,43490000,434a0000,434b0000
constant kind=ps type=f reg=217 bits=434c0000,434d0000,434e0000,434f0000
constants kind=ps type=i count=16 result=00000000 encoding=full
constant kind=ps type=i reg=0 values=0,0,0,0
constant kind=ps type=i reg=1 values=0,0,0,0
constant kind=ps type=i reg=2 values=0,0,0,0
constant kind=ps type=i reg=3 values=0,0,0,0
constant kind=ps type=i reg=4 values=0,0,0,0
constant kind=ps type=i reg=5 values=0,0,0,0
constant kind=ps type=i reg=6 values=0,0,0,0
constant kind=ps type=i reg=7 values=0,0,0,0
constant kind=ps type=i reg=8 values=0,0,0,0
constant kind=ps type=i reg=9 values=0,0,0,0
constant kind=ps type=i reg=10 values=0,0,0,0
constant kind=ps type=i reg=11 values=0,0,0,0
constant kind=ps type=i reg=12 values=0,0,0,0
constant kind=ps type=i reg=13 values=0,0,0,0
constant kind=ps type=i reg=14 values=0,0,0,0
constant kind=ps type=i reg=15 values=0,0,0,0
constants kind=ps type=b count=16 result=00000000 encoding=full
constant kind=ps type=b reg=0 values=0
constant kind=ps type=b reg=1 values=0
constant kind=ps type=b reg=2 values=0
constant kind=ps type=b reg=3 values=0
constant kind=ps type=b reg=4 values=0
constant kind=ps type=b reg=5 values=0
constant kind=ps type=b reg=6 values=0
constant kind=ps type=b reg=7 values=0
constant kind=ps type=b reg=8 values=0
constant kind=ps type=b reg=9 values=0
constant kind=ps type=b reg=10 values=0
constant kind=ps type=b reg=11 values=0
constant kind=ps type=b reg=12 values=0
constant kind=ps type=b reg=13 values=0
constant kind=ps type=b reg=14 values=0
constant kind=ps type=b reg=15 values=0
draw_args start_vertex=0
motion_route device=1 frame=1 index=3 gate=5 routed=1 matched=0 depth=1 jittered=0 vs=53a0a641107ed76c ps=8759c7838bbc86c2 node=00000000 camera=00000000 node_handle=0 camera_handle=0 node_serial=0 camera_serial=0 load_epoch=0 registry_epoch=0 model=00000000 lod=00000000 vb=4 ib=0 declaration=0cdf6a8c884ad955 offset=0 stride=24 position_offset=0 position_type=16 topology=4 first=0 primitives=1 base_vertex=0 min_vertex=0 vertex_count=0 indexed=0 rows_hash=8804f37c47da2009 result=00000000
motion_input device=1 frame=1 index=3 blockers=00000210 proofs=28 position_path=1 vs=53a0a641107ed76c ps=8759c7838bbc86c2 declaration=0cdf6a8c884ad955 rows_hash=8804f37c47da2009 color=1 depth=2 width=64 height=64 cull=1 vb=4 vb_revision=0 ib=0 ib_revision=0 position_offset=0 position_type=16 lifetime_verified=0 vertex_finite_verified=0
motion_geometry device=1 frame=1 index=3 source_qualified=1 source_hash=53a0a641107ed76c source_words=526 finite_requested=0 finite_state=0 finite_reason=4 finite_status=00000001 finite_generation=0 finite_revision=0 index_required=0 index_requested=0 index_known=0 index_range_verified=0 index_exact=0 index_min=0 index_max=0 index_reason=1 index_status=00000001 index_generation=0 index_revision=0
draw_result device=1 frame=1 index=3 result=00000000
motion_output_cut device=1 frame=1 samples=0 median_px=0.0000 keyed=0 missing=0 missing_fraction=0.0000 bound_px=2.400 bound_missing=0.250 cut=0
motion_output_readback device=1 frame=1 file=motion_1_1.rgba32f width=64 height=64 format=rgba32f_row_major result=00000000 bytes=65536
motion_output_depth_readback device=1 frame=1 file=depth_1_1.r32f width=64 height=64 format=r32f_row_major result=00000000 bytes=16384
motion_output_frame device=1 frame=1 latched=1 filled=1 fill_result=00000000 fill_restore=00000000 draws=3 routed=2 matched=0 gate1=0 gate2=1 gate3=0 gate4=0 gate5=2 gate6=0 apply_failures=0 restore_failures=0 history_previous=0 history_current=0 committed=1 selector_state=2 present=00000000 depth=1 depth_routed=2 jitter=0 jitter_index=1 jitter_x=0.000000 jitter_y=0.000000 jitter_previous_x=0.000000 jitter_previous_y=0.000000 jittered=0 cut=0 cut_median_px=0.0000 cut_missing=0.0000 cut_samples=0
frame_end device=1 frame=1 draws=3 capture=1 present=00000000
ownership_copy_depth phase=present device=1 frame=1 result=00000000 status=00000001 requested=0 available=0 source_bound=0 copy_valid=0 generation=0 source_epoch=0 copy_epoch=0 source_width=0 source_height=0 source_format=0 source_type=0 source_usage=0 source_pool=0 source_msaa=0 source_quality=0
admission_metric device=1 frame=1 phase=present active_roots=1 waiting_roots=0 admitted_roots=672 promotions=0 veto_bits=0 first_reason=0 replay_active=0 live_replay_enabled=0 coverage_complete=0
frame_begin device=1 frame=2
capture_event device=1 frame=2 seq=1 after_draw=0 op=clear result=00000000 qpc=9073123959560
clear flags=3 color=ff203040 z=1 stencil=0 rect_count=0 rect_ptr=00000000
surface role=clear_rt0 ptr=02111bb0 identity=1 width=64 height=64 format=21 usage=1 msaa=0 container=0 container_type=0 container_result=80004002
surface role=clear_depth ptr=02111be0 identity=2 width=64 height=64 format=77 usage=2 msaa=0 container=0 container_type=0 container_result=80004002
clear_viewport result=00000000 x=0 y=0 w=64 h=64 minz=0 maxz=1
capture_event device=1 frame=2 seq=2 after_draw=0 op=draw_begin result=00000000 qpc=9073123960300
draw device=1 frame=2 index=1 kind=primitive topology=4 primitives=1 vs=53a0a641107ed76c ps=98731d5594e36226
geometry source=buffers
stream slot=0 result=00000000 identity=3 offset=0 stride=24 frequency=1 frequency_result=00000000
vertex_buffer identity=3 bytes=72 usage=0 pool=1 fvf=0
buffer_content kind=vertex identity=3 result=00000000 status=00000001 requested=0 known=0 ambiguous=0 revision=0 pending=0 flags=00000000
stream slot=1 result=00000000 identity=0
stream slot=2 result=00000000 identity=0
stream slot=3 result=00000000 identity=0
stream slot=4 result=00000000 identity=0
stream slot=5 result=00000000 identity=0
stream slot=6 result=00000000 identity=0
stream slot=7 result=00000000 identity=0
stream slot=8 result=00000000 identity=0
stream slot=9 result=00000000 identity=0
stream slot=10 result=00000000 identity=0
stream slot=11 result=00000000 identity=0
stream slot=12 result=00000000 identity=0
stream slot=13 result=00000000 identity=0
stream slot=14 result=00000000 identity=0
stream slot=15 result=00000000 identity=0
indices result=00000000 identity=0
surface role=rt0 ptr=02111bb0 identity=1 width=64 height=64 format=21 usage=1 msaa=0 container=0 container_type=0 container_result=80004002
surface role=depth ptr=02111be0 identity=2 width=64 height=64 format=77 usage=2 msaa=0 container=0 container_type=0 container_result=80004002
state id=7 value=0
state id=14 value=0
state id=23 value=4
state id=15 value=1
state id=24 value=0
state id=25 value=8
state id=27 value=1
state id=19 value=2
state id=20 value=1
state id=171 value=1
state id=22 value=2
state id=168 value=7
state id=194 value=0
state id=206 value=0
state id=52 value=1
state id=56 value=8
state id=57 value=0
state id=58 value=4294967295
state id=59 value=4294967295
state id=53 value=1
state id=54 value=1
state id=55 value=1
state id=185 value=0
state id=189 value=8
state id=186 value=1
state id=187 value=1
state id=188 value=1
viewport x=0 y=0 w=64 h=64 minz=0 maxz=1
texture stage=0 ptr=02111a90 type=3 identity=5
texture_desc stage=0 w=2 h=2 format=21
sampler stage=0 state=6 value=1
sampler stage=0 state=5 value=1
sampler stage=0 state=7 value=0
sampler stage=0 state=10 value=1
sampler stage=0 state=11 value=0
texture stage=1 ptr=02111af0 type=3 identity=6
texture_desc stage=1 w=2 h=2 format=21
sampler stage=1 state=6 value=1
sampler stage=1 state=5 value=1
sampler stage=1 state=7 value=0
sampler stage=1 state=10 value=1
sampler stage=1 state=11 value=0
texture stage=2 ptr=02111b50 type=3 identity=7
texture_desc stage=2 w=2 h=2 format=21
sampler stage=2 state=6 value=1
sampler stage=2 state=5 value=1
sampler stage=2 state=7 value=0
sampler stage=2 state=10 value=1
sampler stage=2 state=11 value=0
texture stage=3 ptr=02111b80 type=5 identity=8
sampler stage=3 state=6 value=1
sampler stage=3 state=5 value=1
sampler stage=3 state=7 value=0
sampler stage=3 state=10 value=1
sampler stage=3 state=11 value=0
sampler stage=4 state=6 value=1
sampler stage=4 state=5 value=1
sampler stage=4 state=7 value=0
sampler stage=4 state=10 value=1
sampler stage=4 state=11 value=0
sampler stage=5 state=6 value=1
sampler stage=5 state=5 value=1
sampler stage=5 state=7 value=0
sampler stage=5 state=10 value=1
sampler stage=5 state=11 value=0
sampler stage=6 state=6 value=1
sampler stage=6 state=5 value=1
sampler stage=6 state=7 value=0
sampler stage=6 state=10 value=1
sampler stage=6 state=11 value=0
sampler stage=7 state=6 value=1
sampler stage=7 state=5 value=1
sampler stage=7 state=7 value=0
sampler stage=7 state=10 value=1
sampler stage=7 state=11 value=0
sampler stage=8 state=6 value=1
sampler stage=8 state=5 value=1
sampler stage=8 state=7 value=0
sampler stage=8 state=10 value=1
sampler stage=8 state=11 value=0
sampler stage=9 state=6 value=1
sampler stage=9 state=5 value=1
sampler stage=9 state=7 value=0
sampler stage=9 state=10 value=1
sampler stage=9 state=11 value=0
sampler stage=10 state=6 value=1
sampler stage=10 state=5 value=1
sampler stage=10 state=7 value=0
sampler stage=10 state=10 value=1
sampler stage=10 state=11 value=0
sampler stage=11 state=6 value=1
sampler stage=11 state=5 value=1
sampler stage=11 state=7 value=0
sampler stage=11 state=10 value=1
sampler stage=11 state=11 value=0
sampler stage=12 state=6 value=1
sampler stage=12 state=5 value=1
sampler stage=12 state=7 value=0
sampler stage=12 state=10 value=1
sampler stage=12 state=11 value=0
sampler stage=13 state=6 value=1
sampler stage=13 state=5 value=1
sampler stage=13 state=7 value=0
sampler stage=13 state=10 value=1
sampler stage=13 state=11 value=0
sampler stage=14 state=6 value=1
sampler stage=14 state=5 value=1
sampler stage=14 state=7 value=0
sampler stage=14 state=10 value=1
sampler stage=14 state=11 value=0
sampler stage=15 state=6 value=1
sampler stage=15 state=5 value=1
sampler stage=15 state=7 value=0
sampler stage=15 state=10 value=1
sampler stage=15 state=11 value=0
vertex_element stream=0 offset=0 type=16 method=0 usage=0 index=0
vertex_element stream=0 offset=8 type=16 method=0 usage=5 index=0
vertex_element stream=0 offset=16 type=16 method=0 usage=3 index=0
vertex_element stream=255 offset=0 type=17 method=0 usage=0 index=0
transform state=256 row=0 values=1,0,0,0
transform state=256 row=1 values=0,1,0,0
transform state=256 row=2 values=0,0,1,0
transform state=256 row=3 values=0,0,0,1
transform state=2 row=0 values=1,0,0,0
transform state=2 row=1 values=0,1,0,0
transform state=2 row=2 values=0,0,1,0
transform state=2 row=3 values=0,0,0,1
transform state=3 row=0 values=1,0,0,0
transform state=3 row=1 values=0,1,0,0
transform state=3 row=2 values=0,0,1,0
transform state=3 row=3 values=0,0,0,1
constants kind=vs type=f count=256 result=00000000 encoding=sparse_zero
constant kind=vs type=f reg=0 bits=bf800000,3f800000,40400000,00000000
constant kind=vs type=f reg=1 bits=3d23d70a,3ccccccd,3c75c28f,00000000
constant kind=vs type=f reg=2 bits=3f800000,3d4ccccd,00000000,00000000
constant kind=vs type=f reg=3 bits=00000000,3f800000,40400000,00000000
constant kind=vs type=f reg=4 bits=3d23d70a,3ccccccd,3c75c28f,00000000
constant kind=vs type=f reg=5 bits=3f800000,3d4ccccd,00000000,00000000
constant kind=vs type=f reg=6 bits=3f800000,3f800000,40400000,00000000
constant kind=vs type=f reg=7 bits=3d23d70a,3ccccccd,3c75c28f,00000000
constant kind=vs type=f reg=8 bits=3f800000,3d4ccccd,00000000,00000000
constant kind=vs type=f reg=9 bits=bf800000,3f800000,40400000,00000000
constant kind=vs type=f reg=10 bits=3d23d70a,3ccccccd,3c75c28f,00000000
constant kind=vs type=f reg=11 bits=3f800000,3d4ccccd,00000000,00000000
constant kind=vs type=f reg=12 bits=00000000,3f800000,40400000,00000000
constant kind=vs type=f reg=13 bits=3d23d70a,3ccccccd,3c75c28f,00000000
constant kind=vs type=f reg=14 bits=3f800000,3d4ccccd,00000000,00000000
constant kind=vs type=f reg=15 bits=3f800000,3f800000,40400000,00000000
constant kind=vs type=f reg=16 bits=3d23d70a,3ccccccd,3c75c28f,00000000
constant kind=vs type=f reg=17 bits=3f800000,3d4ccccd,00000000,00000000
constant kind=vs type=f reg=18 bits=bf800000,3f800000,40400000,00000000
constant kind=vs type=f reg=19 bits=3d23d70a,3ccccccd,3c75c28f,00000000
constant kind=vs type=f reg=20 bits=3f800000,3d4ccccd,00000000,00000000
constant kind=vs type=f reg=21 bits=00000000,3f800000,40400000,00000000
constant kind=vs type=f reg=22 bits=3d23d70a,3ccccccd,3c75c28f,00000000
constant kind=vs type=f reg=23 bits=3f800000,3d4ccccd,00000000,00000000
constant kind=vs type=f reg=24 bits=3f800000,00000000,00000000,00000000
constant kind=vs type=f reg=25 bits=00000000,3f800000,00000000,00000000
constant kind=vs type=f reg=26 bits=00000000,00000000,3f800000,00000000
constant kind=vs type=f reg=27 bits=00000000,00000000,00000000,3f800000
constant kind=vs type=f reg=28 bits=3f800000,00000000,00000000,00000000
constant kind=vs type=f reg=29 bits=00000000,3f800000,00000000,00000000
constant kind=vs type=f reg=30 bits=00000000,00000000,3f800000,00000000
constant kind=vs type=f reg=31 bits=3f800000,00000000,00000000,00000000
constant kind=vs type=f reg=32 bits=00000000,3f800000,00000000,00000000
constant kind=vs type=f reg=33 bits=00000000,00000000,3f800000,00000000
constant kind=vs type=f reg=34 bits=3f800000,00000000,00000000,00000000
constant kind=vs type=f reg=35 bits=00000000,3f800000,00000000,00000000
constant kind=vs type=f reg=36 bits=00000000,00000000,3f800000,40800000
constant kind=vs type=f reg=37 bits=3f800000,00000000,00000000,00000000
constant kind=vs type=f reg=38 bits=00000000,3f800000,00000000,00000000
constant kind=vs type=f reg=39 bits=3f200000,00000000,00000000,00000000
constant kind=vs type=f reg=40 bits=3e4ccccd,3dcccccd,3d4ccccd,00000000
constant kind=vs type=f reg=41 bits=3f800000,00000000,00000000,00000000
constant kind=vs type=f reg=252 bits=42c80000,42ca0000,42cc0000,42ce0000
constant kind=vs type=f reg=253 bits=42d00000,42d20000,42d40000,42d60000
constant kind=vs type=f reg=254 bits=42d80000,42da0000,42dc0000,42de0000
constant kind=vs type=f reg=255 bits=42e00000,42e20000,42e40000,42e60000
constants kind=vs type=i count=16 result=00000000 encoding=full
constant kind=vs type=i reg=0 values=1,0,1,0
constant kind=vs type=i reg=1 values=0,0,0,0
constant kind=vs type=i reg=2 values=0,0,0,0
constant kind=vs type=i reg=3 values=0,0,0,0
constant kind=vs type=i reg=4 values=0,0,0,0
constant kind=vs type=i reg=5 values=0,0,0,0
constant kind=vs type=i reg=6 values=0,0,0,0
constant kind=vs type=i reg=7 values=0,0,0,0
constant kind=vs type=i reg=8 values=0,0,0,0
constant kind=vs type=i reg=9 values=0,0,0,0
constant kind=vs type=i reg=10 values=0,0,0,0
constant kind=vs type=i reg=11 values=0,0,0,0
constant kind=vs type=i reg=12 values=0,0,0,0
constant kind=vs type=i reg=13 values=0,0,0,0
constant kind=vs type=i reg=14 values=0,0,0,0
constant kind=vs type=i reg=15 values=0,0,0,0
constants kind=vs type=b count=16 result=00000000 encoding=full
constant kind=vs type=b reg=0 values=0
constant kind=vs type=b reg=1 values=0
constant kind=vs type=b reg=2 values=0
constant kind=vs type=b reg=3 values=0
constant kind=vs type=b reg=4 values=0
constant kind=vs type=b reg=5 values=0
constant kind=vs type=b reg=6 values=0
constant kind=vs type=b reg=7 values=0
constant kind=vs type=b reg=8 values=0
constant kind=vs type=b reg=9 values=0
constant kind=vs type=b reg=10 values=0
constant kind=vs type=b reg=11 values=0
constant kind=vs type=b reg=12 values=0
constant kind=vs type=b reg=13 values=0
constant kind=vs type=b reg=14 values=0
constant kind=vs type=b reg=15 values=0
constants kind=ps type=f count=224 result=00000000 encoding=sparse_zero
constant kind=ps type=f reg=0 bits=3f800000,00000000,00000000,00000000
constant kind=ps type=f reg=1 bits=00000000,3f800000,00000000,00000000
constant kind=ps type=f reg=2 bits=00000000,00000000,3f800000,00000000
constant kind=ps type=f reg=3 bits=3e800000,00000000,00000000,00000000
constant kind=ps type=f reg=4 bits=00000000,00000000,3f800000,00000000
constant kind=ps type=f reg=5 bits=3e99999a,3e4ccccd,3dcccccd,00000000
constant kind=ps type=f reg=6 bits=3f000000,00000000,3f000000,00000000
constant kind=ps type=f reg=7 bits=3dcccccd,3e19999a,3e4ccccd,00000000
constant kind=ps type=f reg=216 bits=43480000,43490000,434a0000,434b0000
constant kind=ps type=f reg=217 bits=434c0000,434d0000,434e0000,434f0000
constants kind=ps type=i count=16 result=00000000 encoding=full
constant kind=ps type=i reg=0 values=0,0,0,0
constant kind=ps type=i reg=1 values=0,0,0,0
constant kind=ps type=i reg=2 values=0,0,0,0
constant kind=ps type=i reg=3 values=0,0,0,0
constant kind=ps type=i reg=4 values=0,0,0,0
constant kind=ps type=i reg=5 values=0,0,0,0
constant kind=ps type=i reg=6 values=0,0,0,0
constant kind=ps type=i reg=7 values=0,0,0,0
constant kind=ps type=i reg=8 values=0,0,0,0
constant kind=ps type=i reg=9 values=0,0,0,0
constant kind=ps type=i reg=10 values=0,0,0,0
constant kind=ps type=i reg=11 values=0,0,0,0
constant kind=ps type=i reg=12 values=0,0,0,0
constant kind=ps type=i reg=13 values=0,0,0,0
constant kind=ps type=i reg=14 values=0,0,0,0
constant kind=ps type=i reg=15 values=0,0,0,0
constants kind=ps type=b count=16 result=00000000 encoding=full
constant kind=ps type=b reg=0 values=0
constant kind=ps type=b reg=1 values=0
constant kind=ps type=b reg=2 values=0
constant kind=ps type=b reg=3 values=0
constant kind=ps type=b reg=4 values=0
constant kind=ps type=b reg=5 values=0
constant kind=ps type=b reg=6 values=0
constant kind=ps type=b reg=7 values=0
constant kind=ps type=b reg=8 values=0
constant kind=ps type=b reg=9 values=0
constant kind=ps type=b reg=10 values=0
constant kind=ps type=b reg=11 values=0
constant kind=ps type=b reg=12 values=0
constant kind=ps type=b reg=13 values=0
constant kind=ps type=b reg=14 values=0
constant kind=ps type=b reg=15 values=0
draw_args start_vertex=0
motion_input device=1 frame=2 index=1 blockers=00000252 proofs=20 position_path=1 vs=53a0a641107ed76c ps=98731d5594e36226 declaration=0cdf6a8c884ad955 rows_hash=1b0c97ae01a7ec05 color=1 depth=2 width=64 height=64 cull=2 vb=3 vb_revision=0 ib=0 ib_revision=0 position_offset=0 position_type=16 lifetime_verified=0 vertex_finite_verified=0
motion_geometry device=1 frame=2 index=1 source_qualified=1 source_hash=53a0a641107ed76c source_words=526 finite_requested=0 finite_state=0 finite_reason=4 finite_status=00000001 finite_generation=0 finite_revision=0 index_required=0 index_requested=0 index_known=0 index_range_verified=0 index_exact=0 index_min=0 index_max=0 index_reason=1 index_status=00000001 index_generation=0 index_revision=0
draw_result device=1 frame=2 index=1 result=00000000
capture_event device=1 frame=2 seq=3 after_draw=1 op=clear result=00000000 qpc=9073123968202
clear flags=2 color=00000000 z=1 stencil=0 rect_count=0 rect_ptr=00000000
surface role=clear_rt0 ptr=02111bb0 identity=1 width=64 height=64 format=21 usage=1 msaa=0 container=0 container_type=0 container_result=80004002
surface role=clear_depth ptr=02111be0 identity=2 width=64 height=64 format=77 usage=2 msaa=0 container=0 container_type=0 container_result=80004002
clear_viewport result=00000000 x=0 y=0 w=64 h=64 minz=0 maxz=1
capture_event device=1 frame=2 seq=4 after_draw=1 op=draw_begin result=00000000 qpc=9073123969069
draw device=1 frame=2 index=2 kind=primitive topology=4 primitives=1 vs=53a0a641107ed76c ps=8759c7838bbc86c2
geometry source=buffers
stream slot=0 result=00000000 identity=3 offset=0 stride=24 frequency=1 frequency_result=00000000
vertex_buffer identity=3 bytes=72 usage=0 pool=1 fvf=0
buffer_content kind=vertex identity=3 result=00000000 status=00000001 requested=0 known=0 ambiguous=0 revision=0 pending=0 flags=00000000
stream slot=1 result=00000000 identity=0
stream slot=2 result=00000000 identity=0
stream slot=3 result=00000000 identity=0
stream slot=4 result=00000000 identity=0
stream slot=5 result=00000000 identity=0
stream slot=6 result=00000000 identity=0
stream slot=7 result=00000000 identity=0
stream slot=8 result=00000000 identity=0
stream slot=9 result=00000000 identity=0
stream slot=10 result=00000000 identity=0
stream slot=11 result=00000000 identity=0
stream slot=12 result=00000000 identity=0
stream slot=13 result=00000000 identity=0
stream slot=14 result=00000000 identity=0
stream slot=15 result=00000000 identity=0
indices result=00000000 identity=0
surface role=rt0 ptr=02111bb0 identity=1 width=64 height=64 format=21 usage=1 msaa=0 container=0 container_type=0 container_result=80004002
surface role=depth ptr=02111be0 identity=2 width=64 height=64 format=77 usage=2 msaa=0 container=0 container_type=0 container_result=80004002
state id=7 value=1
state id=14 value=1
state id=23 value=4
state id=15 value=0
state id=24 value=0
state id=25 value=8
state id=27 value=0
state id=19 value=2
state id=20 value=1
state id=171 value=1
state id=22 value=1
state id=168 value=15
state id=194 value=0
state id=206 value=0
state id=52 value=0
state id=56 value=8
state id=57 value=0
state id=58 value=4294967295
state id=59 value=4294967295
state id=53 value=1
state id=54 value=1
state id=55 value=1
state id=185 value=0
state id=189 value=8
state id=186 value=1
state id=187 value=1
state id=188 value=1
viewport x=0 y=0 w=64 h=64 minz=0 maxz=1
texture stage=0 ptr=02111a90 type=3 identity=5
texture_desc stage=0 w=2 h=2 format=21
sampler stage=0 state=6 value=1
sampler stage=0 state=5 value=1
sampler stage=0 state=7 value=0
sampler stage=0 state=10 value=1
sampler stage=0 state=11 value=0
texture stage=1 ptr=02111af0 type=3 identity=6
texture_desc stage=1 w=2 h=2 format=21
sampler stage=1 state=6 value=1
sampler stage=1 state=5 value=1
sampler stage=1 state=7 value=0
sampler stage=1 state=10 value=1
sampler stage=1 state=11 value=0
texture stage=2 ptr=02111b50 type=3 identity=7
texture_desc stage=2 w=2 h=2 format=21
sampler stage=2 state=6 value=1
sampler stage=2 state=5 value=1
sampler stage=2 state=7 value=0
sampler stage=2 state=10 value=1
sampler stage=2 state=11 value=0
texture stage=3 ptr=02111b80 type=5 identity=8
sampler stage=3 state=6 value=1
sampler stage=3 state=5 value=1
sampler stage=3 state=7 value=0
sampler stage=3 state=10 value=1
sampler stage=3 state=11 value=0
sampler stage=4 state=6 value=1
sampler stage=4 state=5 value=1
sampler stage=4 state=7 value=0
sampler stage=4 state=10 value=1
sampler stage=4 state=11 value=0
sampler stage=5 state=6 value=1
sampler stage=5 state=5 value=1
sampler stage=5 state=7 value=0
sampler stage=5 state=10 value=1
sampler stage=5 state=11 value=0
sampler stage=6 state=6 value=1
sampler stage=6 state=5 value=1
sampler stage=6 state=7 value=0
sampler stage=6 state=10 value=1
sampler stage=6 state=11 value=0
sampler stage=7 state=6 value=1
sampler stage=7 state=5 value=1
sampler stage=7 state=7 value=0
sampler stage=7 state=10 value=1
sampler stage=7 state=11 value=0
sampler stage=8 state=6 value=1
sampler stage=8 state=5 value=1
sampler stage=8 state=7 value=0
sampler stage=8 state=10 value=1
sampler stage=8 state=11 value=0
sampler stage=9 state=6 value=1
sampler stage=9 state=5 value=1
sampler stage=9 state=7 value=0
sampler stage=9 state=10 value=1
sampler stage=9 state=11 value=0
sampler stage=10 state=6 value=1
sampler stage=10 state=5 value=1
sampler stage=10 state=7 value=0
sampler stage=10 state=10 value=1
sampler stage=10 state=11 value=0
sampler stage=11 state=6 value=1
sampler stage=11 state=5 value=1
sampler stage=11 state=7 value=0
sampler stage=11 state=10 value=1
sampler stage=11 state=11 value=0
sampler stage=12 state=6 value=1
sampler stage=12 state=5 value=1
sampler stage=12 state=7 value=0
sampler stage=12 state=10 value=1
sampler stage=12 state=11 value=0
sampler stage=13 state=6 value=1
sampler stage=13 state=5 value=1
sampler stage=13 state=7 value=0
sampler stage=13 state=10 value=1
sampler stage=13 state=11 value=0
sampler stage=14 state=6 value=1
sampler stage=14 state=5 value=1
sampler stage=14 state=7 value=0
sampler stage=14 state=10 value=1
sampler stage=14 state=11 value=0
sampler stage=15 state=6 value=1
sampler stage=15 state=5 value=1
sampler stage=15 state=7 value=0
sampler stage=15 state=10 value=1
sampler stage=15 state=11 value=0
vertex_element stream=0 offset=0 type=16 method=0 usage=0 index=0
vertex_element stream=0 offset=8 type=16 method=0 usage=5 index=0
vertex_element stream=0 offset=16 type=16 method=0 usage=3 index=0
vertex_element stream=255 offset=0 type=17 method=0 usage=0 index=0
transform state=256 row=0 values=1,0,0,0
transform state=256 row=1 values=0,1,0,0
transform state=256 row=2 values=0,0,1,0
transform state=256 row=3 values=0,0,0,1
transform state=2 row=0 values=1,0,0,0
transform state=2 row=1 values=0,1,0,0
transform state=2 row=2 values=0,0,1,0
transform state=2 row=3 values=0,0,0,1
transform state=3 row=0 values=1,0,0,0
transform state=3 row=1 values=0,1,0,0
transform state=3 row=2 values=0,0,1,0
transform state=3 row=3 values=0,0,0,1
constants kind=vs type=f count=256 result=00000000 encoding=sparse_zero
constant kind=vs type=f reg=0 bits=bf800000,3f800000,40400000,00000000
constant kind=vs type=f reg=1 bits=3d23d70a,3ccccccd,3c75c28f,00000000
constant kind=vs type=f reg=2 bits=3f800000,3d4ccccd,00000000,00000000
constant kind=vs type=f reg=3 bits=00000000,3f800000,40400000,00000000
constant kind=vs type=f reg=4 bits=3d23d70a,3ccccccd,3c75c28f,00000000
constant kind=vs type=f reg=5 bits=3f800000,3d4ccccd,00000000,00000000
constant kind=vs type=f reg=6 bits=3f800000,3f800000,40400000,00000000
constant kind=vs type=f reg=7 bits=3d23d70a,3ccccccd,3c75c28f,00000000
constant kind=vs type=f reg=8 bits=3f800000,3d4ccccd,00000000,00000000
constant kind=vs type=f reg=9 bits=bf800000,3f800000,40400000,00000000
constant kind=vs type=f reg=10 bits=3d23d70a,3ccccccd,3c75c28f,00000000
constant kind=vs type=f reg=11 bits=3f800000,3d4ccccd,00000000,00000000
constant kind=vs type=f reg=12 bits=00000000,3f800000,40400000,00000000
constant kind=vs type=f reg=13 bits=3d23d70a,3ccccccd,3c75c28f,00000000
constant kind=vs type=f reg=14 bits=3f800000,3d4ccccd,00000000,00000000
constant kind=vs type=f reg=15 bits=3f800000,3f800000,40400000,00000000
constant kind=vs type=f reg=16 bits=3d23d70a,3ccccccd,3c75c28f,00000000
constant kind=vs type=f reg=17 bits=3f800000,3d4ccccd,00000000,00000000
constant kind=vs type=f reg=18 bits=bf800000,3f800000,40400000,00000000
constant kind=vs type=f reg=19 bits=3d23d70a,3ccccccd,3c75c28f,00000000
constant kind=vs type=f reg=20 bits=3f800000,3d4ccccd,00000000,00000000
constant kind=vs type=f reg=21 bits=00000000,3f800000,40400000,00000000
constant kind=vs type=f reg=22 bits=3d23d70a,3ccccccd,3c75c28f,00000000
constant kind=vs type=f reg=23 bits=3f800000,3d4ccccd,00000000,00000000
constant kind=vs type=f reg=24 bits=3f800000,00000000,00000000,3f4ccccd
constant kind=vs type=f reg=25 bits=00000000,3f800000,00000000,00000000
constant kind=vs type=f reg=26 bits=00000000,00000000,3f800000,00000000
constant kind=vs type=f reg=27 bits=3e000000,00000000,00000000,3f800000
constant kind=vs type=f reg=28 bits=3f800000,00000000,00000000,00000000
constant kind=vs type=f reg=29 bits=00000000,3f800000,00000000,00000000
constant kind=vs type=f reg=30 bits=00000000,00000000,3f800000,00000000
constant kind=vs type=f reg=31 bits=3f800000,00000000,00000000,00000000
constant kind=vs type=f reg=32 bits=00000000,3f800000,00000000,00000000
constant kind=vs type=f reg=33 bits=00000000,00000000,3f800000,00000000
constant kind=vs type=f reg=34 bits=3f800000,00000000,00000000,00000000
constant kind=vs type=f reg=35 bits=00000000,3f800000,00000000,00000000
constant kind=vs type=f reg=36 bits=00000000,00000000,3f800000,40800000
constant kind=vs type=f reg=37 bits=3f800000,00000000,00000000,00000000
constant kind=vs type=f reg=38 bits=00000000,3f800000,00000000,00000000
constant kind=vs type=f reg=39 bits=3f200000,00000000,00000000,00000000
constant kind=vs type=f reg=40 bits=3e4ccccd,3dcccccd,3d4ccccd,00000000
constant kind=vs type=f reg=41 bits=3f800000,00000000,00000000,00000000
constant kind=vs type=f reg=252 bits=42c80000,42ca0000,42cc0000,42ce0000
constant kind=vs type=f reg=253 bits=42d00000,42d20000,42d40000,42d60000
constant kind=vs type=f reg=254 bits=42d80000,42da0000,42dc0000,42de0000
constant kind=vs type=f reg=255 bits=42e00000,42e20000,42e40000,42e60000
constants kind=vs type=i count=16 result=00000000 encoding=full
constant kind=vs type=i reg=0 values=1,0,1,0
constant kind=vs type=i reg=1 values=0,0,0,0
constant kind=vs type=i reg=2 values=0,0,0,0
constant kind=vs type=i reg=3 values=0,0,0,0
constant kind=vs type=i reg=4 values=0,0,0,0
constant kind=vs type=i reg=5 values=0,0,0,0
constant kind=vs type=i reg=6 values=0,0,0,0
constant kind=vs type=i reg=7 values=0,0,0,0
constant kind=vs type=i reg=8 values=0,0,0,0
constant kind=vs type=i reg=9 values=0,0,0,0
constant kind=vs type=i reg=10 values=0,0,0,0
constant kind=vs type=i reg=11 values=0,0,0,0
constant kind=vs type=i reg=12 values=0,0,0,0
constant kind=vs type=i reg=13 values=0,0,0,0
constant kind=vs type=i reg=14 values=0,0,0,0
constant kind=vs type=i reg=15 values=0,0,0,0
constants kind=vs type=b count=16 result=00000000 encoding=full
constant kind=vs type=b reg=0 values=0
constant kind=vs type=b reg=1 values=0
constant kind=vs type=b reg=2 values=0
constant kind=vs type=b reg=3 values=0
constant kind=vs type=b reg=4 values=0
constant kind=vs type=b reg=5 values=0
constant kind=vs type=b reg=6 values=0
constant kind=vs type=b reg=7 values=0
constant kind=vs type=b reg=8 values=0
constant kind=vs type=b reg=9 values=0
constant kind=vs type=b reg=10 values=0
constant kind=vs type=b reg=11 values=0
constant kind=vs type=b reg=12 values=0
constant kind=vs type=b reg=13 values=0
constant kind=vs type=b reg=14 values=0
constant kind=vs type=b reg=15 values=0
constants kind=ps type=f count=224 result=00000000 encoding=sparse_zero
constant kind=ps type=f reg=0 bits=3f800000,00000000,00000000,00000000
constant kind=ps type=f reg=1 bits=00000000,3f800000,00000000,00000000
constant kind=ps type=f reg=2 bits=00000000,00000000,3f800000,00000000
constant kind=ps type=f reg=3 bits=3e800000,00000000,00000000,00000000
constant kind=ps type=f reg=4 bits=00000000,00000000,3f800000,00000000
constant kind=ps type=f reg=5 bits=3e99999a,3e4ccccd,3dcccccd,00000000
constant kind=ps type=f reg=6 bits=3f000000,00000000,3f000000,00000000
constant kind=ps type=f reg=7 bits=3dcccccd,3e19999a,3e4ccccd,00000000
constant kind=ps type=f reg=216 bits=43480000,43490000,434a0000,434b0000
constant kind=ps type=f reg=217 bits=434c0000,434d0000,434e0000,434f0000
constants kind=ps type=i count=16 result=00000000 encoding=full
constant kind=ps type=i reg=0 values=0,0,0,0
constant kind=ps type=i reg=1 values=0,0,0,0
constant kind=ps type=i reg=2 values=0,0,0,0
constant kind=ps type=i reg=3 values=0,0,0,0
constant kind=ps type=i reg=4 values=0,0,0,0
constant kind=ps type=i reg=5 values=0,0,0,0
constant kind=ps type=i reg=6 values=0,0,0,0
constant kind=ps type=i reg=7 values=0,0,0,0
constant kind=ps type=i reg=8 values=0,0,0,0
constant kind=ps type=i reg=9 values=0,0,0,0
constant kind=ps type=i reg=10 values=0,0,0,0
constant kind=ps type=i reg=11 values=0,0,0,0
constant kind=ps type=i reg=12 values=0,0,0,0
constant kind=ps type=i reg=13 values=0,0,0,0
constant kind=ps type=i reg=14 values=0,0,0,0
constant kind=ps type=i reg=15 values=0,0,0,0
constants kind=ps type=b count=16 result=00000000 encoding=full
constant kind=ps type=b reg=0 values=0
constant kind=ps type=b reg=1 values=0
constant kind=ps type=b reg=2 values=0
constant kind=ps type=b reg=3 values=0
constant kind=ps type=b reg=4 values=0
constant kind=ps type=b reg=5 values=0
constant kind=ps type=b reg=6 values=0
constant kind=ps type=b reg=7 values=0
constant kind=ps type=b reg=8 values=0
constant kind=ps type=b reg=9 values=0
constant kind=ps type=b reg=10 values=0
constant kind=ps type=b reg=11 values=0
constant kind=ps type=b reg=12 values=0
constant kind=ps type=b reg=13 values=0
constant kind=ps type=b reg=14 values=0
constant kind=ps type=b reg=15 values=0
draw_args start_vertex=0
motion_route device=1 frame=2 index=2 gate=5 routed=1 matched=0 depth=1 jittered=0 vs=53a0a641107ed76c ps=8759c7838bbc86c2 node=00000000 camera=00000000 node_handle=0 camera_handle=0 node_serial=0 camera_serial=0 load_epoch=0 registry_epoch=0 model=00000000 lod=00000000 vb=3 ib=0 declaration=0cdf6a8c884ad955 offset=0 stride=24 position_offset=0 position_type=16 topology=4 first=0 primitives=1 base_vertex=0 min_vertex=0 vertex_count=0 indexed=0 rows_hash=6e1905db0b783f53 result=00000000
motion_input device=1 frame=2 index=2 blockers=00000210 proofs=28 position_path=1 vs=53a0a641107ed76c ps=8759c7838bbc86c2 declaration=0cdf6a8c884ad955 rows_hash=6e1905db0b783f53 color=1 depth=2 width=64 height=64 cull=1 vb=3 vb_revision=0 ib=0 ib_revision=0 position_offset=0 position_type=16 lifetime_verified=0 vertex_finite_verified=0
motion_geometry device=1 frame=2 index=2 source_qualified=1 source_hash=53a0a641107ed76c source_words=526 finite_requested=0 finite_state=0 finite_reason=4 finite_status=00000001 finite_generation=0 finite_revision=0 index_required=0 index_requested=0 index_known=0 index_range_verified=0 index_exact=0 index_min=0 index_max=0 index_reason=1 index_status=00000001 index_generation=0 index_revision=0
draw_result device=1 frame=2 index=2 result=00000000
capture_event device=1 frame=2 seq=5 after_draw=2 op=draw_begin result=00000000 qpc=9073123977878
draw device=1 frame=2 index=3 kind=primitive topology=4 primitives=1 vs=53a0a641107ed76c ps=8759c7838bbc86c2
geometry source=buffers
stream slot=0 result=00000000 identity=4 offset=0 stride=24 frequency=1 frequency_result=00000000
vertex_buffer identity=4 bytes=72 usage=0 pool=1 fvf=0
buffer_content kind=vertex identity=4 result=00000000 status=00000001 requested=0 known=0 ambiguous=0 revision=0 pending=0 flags=00000000
stream slot=1 result=00000000 identity=0
stream slot=2 result=00000000 identity=0
stream slot=3 result=00000000 identity=0
stream slot=4 result=00000000 identity=0
stream slot=5 result=00000000 identity=0
stream slot=6 result=00000000 identity=0
stream slot=7 result=00000000 identity=0
stream slot=8 result=00000000 identity=0
stream slot=9 result=00000000 identity=0
stream slot=10 result=00000000 identity=0
stream slot=11 result=00000000 identity=0
stream slot=12 result=00000000 identity=0
stream slot=13 result=00000000 identity=0
stream slot=14 result=00000000 identity=0
stream slot=15 result=00000000 identity=0
indices result=00000000 identity=0
surface role=rt0 ptr=02111bb0 identity=1 width=64 height=64 format=21 usage=1 msaa=0 container=0 container_type=0 container_result=80004002
surface role=depth ptr=02111be0 identity=2 width=64 height=64 format=77 usage=2 msaa=0 container=0 container_type=0 container_result=80004002
state id=7 value=1
state id=14 value=1
state id=23 value=4
state id=15 value=0
state id=24 value=0
state id=25 value=8
state id=27 value=0
state id=19 value=2
state id=20 value=1
state id=171 value=1
state id=22 value=1
state id=168 value=15
state id=194 value=0
state id=206 value=0
state id=52 value=0
state id=56 value=8
state id=57 value=0
state id=58 value=4294967295
state id=59 value=4294967295
state id=53 value=1
state id=54 value=1
state id=55 value=1
state id=185 value=0
state id=189 value=8
state id=186 value=1
state id=187 value=1
state id=188 value=1
viewport x=0 y=0 w=64 h=64 minz=0 maxz=1
texture stage=0 ptr=02111a90 type=3 identity=5
texture_desc stage=0 w=2 h=2 format=21
sampler stage=0 state=6 value=1
sampler stage=0 state=5 value=1
sampler stage=0 state=7 value=0
sampler stage=0 state=10 value=1
sampler stage=0 state=11 value=0
texture stage=1 ptr=02111af0 type=3 identity=6
texture_desc stage=1 w=2 h=2 format=21
sampler stage=1 state=6 value=1
sampler stage=1 state=5 value=1
sampler stage=1 state=7 value=0
sampler stage=1 state=10 value=1
sampler stage=1 state=11 value=0
texture stage=2 ptr=02111b50 type=3 identity=7
texture_desc stage=2 w=2 h=2 format=21
sampler stage=2 state=6 value=1
sampler stage=2 state=5 value=1
sampler stage=2 state=7 value=0
sampler stage=2 state=10 value=1
sampler stage=2 state=11 value=0
texture stage=3 ptr=02111b80 type=5 identity=8
sampler stage=3 state=6 value=1
sampler stage=3 state=5 value=1
sampler stage=3 state=7 value=0
sampler stage=3 state=10 value=1
sampler stage=3 state=11 value=0
sampler stage=4 state=6 value=1
sampler stage=4 state=5 value=1
sampler stage=4 state=7 value=0
sampler stage=4 state=10 value=1
sampler stage=4 state=11 value=0
sampler stage=5 state=6 value=1
sampler stage=5 state=5 value=1
sampler stage=5 state=7 value=0
sampler stage=5 state=10 value=1
sampler stage=5 state=11 value=0
sampler stage=6 state=6 value=1
sampler stage=6 state=5 value=1
sampler stage=6 state=7 value=0
sampler stage=6 state=10 value=1
sampler stage=6 state=11 value=0
sampler stage=7 state=6 value=1
sampler stage=7 state=5 value=1
sampler stage=7 state=7 value=0
sampler stage=7 state=10 value=1
sampler stage=7 state=11 value=0
sampler stage=8 state=6 value=1
sampler stage=8 state=5 value=1
sampler stage=8 state=7 value=0
sampler stage=8 state=10 value=1
sampler stage=8 state=11 value=0
sampler stage=9 state=6 value=1
sampler stage=9 state=5 value=1
sampler stage=9 state=7 value=0
sampler stage=9 state=10 value=1
sampler stage=9 state=11 value=0
sampler stage=10 state=6 value=1
sampler stage=10 state=5 value=1
sampler stage=10 state=7 value=0
sampler stage=10 state=10 value=1
sampler stage=10 state=11 value=0
sampler stage=11 state=6 value=1
sampler stage=11 state=5 value=1
sampler stage=11 state=7 value=0
sampler stage=11 state=10 value=1
sampler stage=11 state=11 value=0
sampler stage=12 state=6 value=1
sampler stage=12 state=5 value=1
sampler stage=12 state=7 value=0
sampler stage=12 state=10 value=1
sampler stage=12 state=11 value=0
sampler stage=13 state=6 value=1
sampler stage=13 state=5 value=1
sampler stage=13 state=7 value=0
sampler stage=13 state=10 value=1
sampler stage=13 state=11 value=0
sampler stage=14 state=6 value=1
sampler stage=14 state=5 value=1
sampler stage=14 state=7 value=0
sampler stage=14 state=10 value=1
sampler stage=14 state=11 value=0
sampler stage=15 state=6 value=1
sampler stage=15 state=5 value=1
sampler stage=15 state=7 value=0
sampler stage=15 state=10 value=1
sampler stage=15 state=11 value=0
vertex_element stream=0 offset=0 type=16 method=0 usage=0 index=0
vertex_element stream=0 offset=8 type=16 method=0 usage=5 index=0
vertex_element stream=0 offset=16 type=16 method=0 usage=3 index=0
vertex_element stream=255 offset=0 type=17 method=0 usage=0 index=0
transform state=256 row=0 values=1,0,0,0
transform state=256 row=1 values=0,1,0,0
transform state=256 row=2 values=0,0,1,0
transform state=256 row=3 values=0,0,0,1
transform state=2 row=0 values=1,0,0,0
transform state=2 row=1 values=0,1,0,0
transform state=2 row=2 values=0,0,1,0
transform state=2 row=3 values=0,0,0,1
transform state=3 row=0 values=1,0,0,0
transform state=3 row=1 values=0,1,0,0
transform state=3 row=2 values=0,0,1,0
transform state=3 row=3 values=0,0,0,1
constants kind=vs type=f count=256 result=00000000 encoding=sparse_zero
constant kind=vs type=f reg=0 bits=bf800000,3f800000,40400000,00000000
constant kind=vs type=f reg=1 bits=3d23d70a,3ccccccd,3c75c28f,00000000
constant kind=vs type=f reg=2 bits=3f800000,3d4ccccd,00000000,00000000
constant kind=vs type=f reg=3 bits=00000000,3f800000,40400000,00000000
constant kind=vs type=f reg=4 bits=3d23d70a,3ccccccd,3c75c28f,00000000
constant kind=vs type=f reg=5 bits=3f800000,3d4ccccd,00000000,00000000
constant kind=vs type=f reg=6 bits=3f800000,3f800000,40400000,00000000
constant kind=vs type=f reg=7 bits=3d23d70a,3ccccccd,3c75c28f,00000000
constant kind=vs type=f reg=8 bits=3f800000,3d4ccccd,00000000,00000000
constant kind=vs type=f reg=9 bits=bf800000,3f800000,40400000,00000000
constant kind=vs type=f reg=10 bits=3d23d70a,3ccccccd,3c75c28f,00000000
constant kind=vs type=f reg=11 bits=3f800000,3d4ccccd,00000000,00000000
constant kind=vs type=f reg=12 bits=00000000,3f800000,40400000,00000000
constant kind=vs type=f reg=13 bits=3d23d70a,3ccccccd,3c75c28f,00000000
constant kind=vs type=f reg=14 bits=3f800000,3d4ccccd,00000000,00000000
constant kind=vs type=f reg=15 bits=3f800000,3f800000,40400000,00000000
constant kind=vs type=f reg=16 bits=3d23d70a,3ccccccd,3c75c28f,00000000
constant kind=vs type=f reg=17 bits=3f800000,3d4ccccd,00000000,00000000
constant kind=vs type=f reg=18 bits=bf800000,3f800000,40400000,00000000
constant kind=vs type=f reg=19 bits=3d23d70a,3ccccccd,3c75c28f,00000000
constant kind=vs type=f reg=20 bits=3f800000,3d4ccccd,00000000,00000000
constant kind=vs type=f reg=21 bits=00000000,3f800000,40400000,00000000
constant kind=vs type=f reg=22 bits=3d23d70a,3ccccccd,3c75c28f,00000000
constant kind=vs type=f reg=23 bits=3f800000,3d4ccccd,00000000,00000000
constant kind=vs type=f reg=24 bits=3f800000,00000000,00000000,bd4ccccd
constant kind=vs type=f reg=25 bits=00000000,3f800000,00000000,00000000
constant kind=vs type=f reg=26 bits=00000000,00000000,3f800000,3dcccccd
constant kind=vs type=f reg=27 bits=00000000,00000000,00000000,3f800000
constant kind=vs type=f reg=28 bits=3f800000,00000000,00000000,00000000
constant kind=vs type=f reg=29 bits=00000000,3f800000,00000000,00000000
constant kind=vs type=f reg=30 bits=00000000,00000000,3f800000,00000000
constant kind=vs type=f reg=31 bits=3f800000,00000000,00000000,00000000
constant kind=vs type=f reg=32 bits=00000000,3f800000,00000000,00000000
constant kind=vs type=f reg=33 bits=00000000,00000000,3f800000,00000000
constant kind=vs type=f reg=34 bits=3f800000,00000000,00000000,00000000
constant kind=vs type=f reg=35 bits=00000000,3f800000,00000000,00000000
constant kind=vs type=f reg=36 bits=00000000,00000000,3f800000,40800000
constant kind=vs type=f reg=37 bits=3f800000,00000000,00000000,00000000
constant kind=vs type=f reg=38 bits=00000000,3f800000,00000000,00000000
constant kind=vs type=f reg=39 bits=3f200000,00000000,00000000,00000000
constant kind=vs type=f reg=40 bits=3e4ccccd,3dcccccd,3d4ccccd,00000000
constant kind=vs type=f reg=41 bits=3f800000,00000000,00000000,00000000
constant kind=vs type=f reg=252 bits=42c80000,42ca0000,42cc0000,42ce0000
constant kind=vs type=f reg=253 bits=42d00000,42d20000,42d40000,42d60000
constant kind=vs type=f reg=254 bits=42d80000,42da0000,42dc0000,42de0000
constant kind=vs type=f reg=255 bits=42e00000,42e20000,42e40000,42e60000
constants kind=vs type=i count=16 result=00000000 encoding=full
constant kind=vs type=i reg=0 values=1,0,1,0
constant kind=vs type=i reg=1 values=0,0,0,0
constant kind=vs type=i reg=2 values=0,0,0,0
constant kind=vs type=i reg=3 values=0,0,0,0
constant kind=vs type=i reg=4 values=0,0,0,0
constant kind=vs type=i reg=5 values=0,0,0,0
constant kind=vs type=i reg=6 values=0,0,0,0
constant kind=vs type=i reg=7 values=0,0,0,0
constant kind=vs type=i reg=8 values=0,0,0,0
constant kind=vs type=i reg=9 values=0,0,0,0
constant kind=vs type=i reg=10 values=0,0,0,0
constant kind=vs type=i reg=11 values=0,0,0,0
constant kind=vs type=i reg=12 values=0,0,0,0
constant kind=vs type=i reg=13 values=0,0,0,0
constant kind=vs type=i reg=14 values=0,0,0,0
constant kind=vs type=i reg=15 values=0,0,0,0
constants kind=vs type=b count=16 result=00000000 encoding=full
constant kind=vs type=b reg=0 values=0
constant kind=vs type=b reg=1 values=0
constant kind=vs type=b reg=2 values=0
constant kind=vs type=b reg=3 values=0
constant kind=vs type=b reg=4 values=0
constant kind=vs type=b reg=5 values=0
constant kind=vs type=b reg=6 values=0
constant kind=vs type=b reg=7 values=0
constant kind=vs type=b reg=8 values=0
constant kind=vs type=b reg=9 values=0
constant kind=vs type=b reg=10 values=0
constant kind=vs type=b reg=11 values=0
constant kind=vs type=b reg=12 values=0
constant kind=vs type=b reg=13 values=0
constant kind=vs type=b reg=14 values=0
constant kind=vs type=b reg=15 values=0
constants kind=ps type=f count=224 result=00000000 encoding=sparse_zero
constant kind=ps type=f reg=0 bits=3f800000,00000000,00000000,00000000
constant kind=ps type=f reg=1 bits=00000000,3f800000,00000000,00000000
constant kind=ps type=f reg=2 bits=00000000,00000000,3f800000,00000000
constant kind=ps type=f reg=3 bits=3e800000,00000000,00000000,00000000
constant kind=ps type=f reg=4 bits=00000000,00000000,3f800000,00000000
constant kind=ps type=f reg=5 bits=3e99999a,3e4ccccd,3dcccccd,00000000
constant kind=ps type=f reg=6 bits=3f000000,00000000,3f000000,00000000
constant kind=ps type=f reg=7 bits=3dcccccd,3e19999a,3e4ccccd,00000000
constant kind=ps type=f reg=216 bits=43480000,43490000,434a0000,434b0000
constant kind=ps type=f reg=217 bits=434c0000,434d0000,434e0000,434f0000
constants kind=ps type=i count=16 result=00000000 encoding=full
constant kind=ps type=i reg=0 values=0,0,0,0
constant kind=ps type=i reg=1 values=0,0,0,0
constant kind=ps type=i reg=2 values=0,0,0,0
constant kind=ps type=i reg=3 values=0,0,0,0
constant kind=ps type=i reg=4 values=0,0,0,0
constant kind=ps type=i reg=5 values=0,0,0,0
constant kind=ps type=i reg=6 values=0,0,0,0
constant kind=ps type=i reg=7 values=0,0,0,0
constant kind=ps type=i reg=8 values=0,0,0,0
constant kind=ps type=i reg=9 values=0,0,0,0
constant kind=ps type=i reg=10 values=0,0,0,0
constant kind=ps type=i reg=11 values=0,0,0,0
constant kind=ps type=i reg=12 values=0,0,0,0
constant kind=ps type=i reg=13 values=0,0,0,0
constant kind=ps type=i reg=14 values=0,0,0,0
constant kind=ps type=i reg=15 values=0,0,0,0
constants kind=ps type=b count=16 result=00000000 encoding=full
constant kind=ps type=b reg=0 values=0
constant kind=ps type=b reg=1 values=0
constant kind=ps type=b reg=2 values=0
constant kind=ps type=b reg=3 values=0
constant kind=ps type=b reg=4 values=0
constant kind=ps type=b reg=5 values=0
constant kind=ps type=b reg=6 values=0
constant kind=ps type=b reg=7 values=0
constant kind=ps type=b reg=8 values=0
constant kind=ps type=b reg=9 values=0
constant kind=ps type=b reg=10 values=0
constant kind=ps type=b reg=11 values=0
constant kind=ps type=b reg=12 values=0
constant kind=ps type=b reg=13 values=0
constant kind=ps type=b reg=14 values=0
constant kind=ps type=b reg=15 values=0
draw_args start_vertex=0
motion_route device=1 frame=2 index=3 gate=5 routed=1 matched=0 depth=1 jittered=0 vs=53a0a641107ed76c ps=8759c7838bbc86c2 node=00000000 camera=00000000 node_handle=0 camera_handle=0 node_serial=0 camera_serial=0 load_epoch=0 registry_epoch=0 model=00000000 lod=00000000 vb=4 ib=0 declaration=0cdf6a8c884ad955 offset=0 stride=24 position_offset=0 position_type=16 topology=4 first=0 primitives=1 base_vertex=0 min_vertex=0 vertex_count=0 indexed=0 rows_hash=8804f37c47da2009 result=00000000
motion_input device=1 frame=2 index=3 blockers=00000210 proofs=28 position_path=1 vs=53a0a641107ed76c ps=8759c7838bbc86c2 declaration=0cdf6a8c884ad955 rows_hash=8804f37c47da2009 color=1 depth=2 width=64 height=64 cull=1 vb=4 vb_revision=0 ib=0 ib_revision=0 position_offset=0 position_type=16 lifetime_verified=0 vertex_finite_verified=0
motion_geometry device=1 frame=2 index=3 source_qualified=1 source_hash=53a0a641107ed76c source_words=526 finite_requested=0 finite_state=0 finite_reason=4 finite_status=00000001 finite_generation=0 finite_revision=0 index_required=0 index_requested=0 index_known=0 index_range_verified=0 index_exact=0 index_min=0 index_max=0 index_reason=1 index_status=00000001 index_generation=0 index_revision=0
draw_result device=1 frame=2 index=3 result=00000000
telemetry_summary device=0 frame=0 reason=interval qpc=9073123998866 since_start_us=1000250.600 interval_us=1000250.600 position_suppressed=0 cursor_changes_suppressed=0
telemetry_metric device=0 name=lock_wait count=61 failures=0 total_us=16.400 min_us=0.100 max_us=0.900 bytes=0 buckets=61,0,0,0,0,0
telemetry_metric device=0 name=create_device count=1 failures=0 total_us=8821.800 min_us=8821.800 max_us=8821.800 bytes=0 buckets=0,0,0,1,0,0
telemetry_metric device=0 name=shader_inspect count=15 failures=0 total_us=3107.900 min_us=1.600 max_us=1422.300 bytes=0 buckets=9,3,2,1,0,0
telemetry_metric device=0 name=shader_getfunction count=15 failures=0 total_us=70.700 min_us=0.700 max_us=28.400 bytes=0 buckets=13,2,0,0,0,0
telemetry_metric device=0 name=shader_hash count=15 failures=0 total_us=72.800 min_us=0.200 max_us=10.600 bytes=40060 buckets=14,1,0,0,0,0
telemetry_metric device=0 name=shader_dump count=3 failures=0 total_us=2895.300 min_us=751.800 max_us=1385.300 bytes=7188 buckets=0,0,2,1,0,0
motion_output_cut device=1 frame=2 samples=0 median_px=0.0000 keyed=0 missing=0 missing_fraction=0.0000 bound_px=2.400 bound_missing=0.250 cut=0
motion_output_readback device=1 frame=2 file=motion_1_2.rgba32f width=64 height=64 format=rgba32f_row_major result=00000000 bytes=65536
motion_output_depth_readback device=1 frame=2 file=depth_1_2.r32f width=64 height=64 format=r32f_row_major result=00000000 bytes=16384
motion_output_frame device=1 frame=2 latched=1 filled=1 fill_result=00000000 fill_restore=00000000 draws=3 routed=2 matched=0 gate1=0 gate2=1 gate3=0 gate4=0 gate5=2 gate6=0 apply_failures=0 restore_failures=0 history_previous=0 history_current=0 committed=1 selector_state=2 present=00000000 depth=1 depth_routed=2 jitter=0 jitter_index=2 jitter_x=0.000000 jitter_y=0.000000 jitter_previous_x=0.000000 jitter_previous_y=0.000000 jittered=0 cut=0 cut_median_px=0.0000 cut_missing=0.0000 cut_samples=0
frame_end device=1 frame=2 draws=3 capture=1 present=00000000
ownership_copy_depth phase=present device=1 frame=2 result=00000000 status=00000001 requested=0 available=0 source_bound=0 copy_valid=0 generation=0 source_epoch=0 copy_epoch=0 source_width=0 source_height=0 source_format=0 source_type=0 source_usage=0 source_pool=0 source_msaa=0 source_quality=0
admission_metric device=1 frame=2 phase=present active_roots=1 waiting_roots=0 admitted_roots=989 promotions=0 veto_bits=0 first_reason=0 replay_active=0 live_replay_enabled=0 coverage_complete=0
frame_begin device=1 frame=3
capture_event device=1 frame=3 seq=1 after_draw=0 op=clear result=00000000 qpc=9073124015949
clear flags=3 color=ff203040 z=1 stencil=0 rect_count=0 rect_ptr=00000000
surface role=clear_rt0 ptr=02111bb0 identity=1 width=64 height=64 format=21 usage=1 msaa=0 container=0 container_type=0 container_result=80004002
surface role=clear_depth ptr=02111be0 identity=2 width=64 height=64 format=77 usage=2 msaa=0 container=0 container_type=0 container_result=80004002
clear_viewport result=00000000 x=0 y=0 w=64 h=64 minz=0 maxz=1
capture_event device=1 frame=3 seq=2 after_draw=0 op=draw_begin result=00000000 qpc=9073124016708
draw device=1 frame=3 index=1 kind=primitive topology=4 primitives=1 vs=53a0a641107ed76c ps=98731d5594e36226
geometry source=buffers
stream slot=0 result=00000000 identity=3 offset=0 stride=24 frequency=1 frequency_result=00000000
vertex_buffer identity=3 bytes=72 usage=0 pool=1 fvf=0
buffer_content kind=vertex identity=3 result=00000000 status=00000001 requested=0 known=0 ambiguous=0 revision=0 pending=0 flags=00000000
stream slot=1 result=00000000 identity=0
stream slot=2 result=00000000 identity=0
stream slot=3 result=00000000 identity=0
stream slot=4 result=00000000 identity=0
stream slot=5 result=00000000 identity=0
stream slot=6 result=00000000 identity=0
stream slot=7 result=00000000 identity=0
stream slot=8 result=00000000 identity=0
stream slot=9 result=00000000 identity=0
stream slot=10 result=00000000 identity=0
stream slot=11 result=00000000 identity=0
stream slot=12 result=00000000 identity=0
stream slot=13 result=00000000 identity=0
stream slot=14 result=00000000 identity=0
stream slot=15 result=00000000 identity=0
indices result=00000000 identity=0
surface role=rt0 ptr=02111bb0 identity=1 width=64 height=64 format=21 usage=1 msaa=0 container=0 container_type=0 container_result=80004002
surface role=depth ptr=02111be0 identity=2 width=64 height=64 format=77 usage=2 msaa=0 container=0 container_type=0 container_result=80004002
state id=7 value=0
state id=14 value=0
state id=23 value=4
state id=15 value=1
state id=24 value=0
state id=25 value=8
state id=27 value=1
state id=19 value=2
state id=20 value=1
state id=171 value=1
state id=22 value=2
state id=168 value=7
state id=194 value=0
state id=206 value=0
state id=52 value=1
state id=56 value=8
state id=57 value=0
state id=58 value=4294967295
state id=59 value=4294967295
state id=53 value=1
state id=54 value=1
state id=55 value=1
state id=185 value=0
state id=189 value=8
state id=186 value=1
state id=187 value=1
state id=188 value=1
viewport x=0 y=0 w=64 h=64 minz=0 maxz=1
texture stage=0 ptr=02111a90 type=3 identity=5
texture_desc stage=0 w=2 h=2 format=21
sampler stage=0 state=6 value=1
sampler stage=0 state=5 value=1
sampler stage=0 state=7 value=0
sampler stage=0 state=10 value=1
sampler stage=0 state=11 value=0
texture stage=1 ptr=02111af0 type=3 identity=6
texture_desc stage=1 w=2 h=2 format=21
sampler stage=1 state=6 value=1
sampler stage=1 state=5 value=1
sampler stage=1 state=7 value=0
sampler stage=1 state=10 value=1
sampler stage=1 state=11 value=0
texture stage=2 ptr=02111b50 type=3 identity=7
texture_desc stage=2 w=2 h=2 format=21
sampler stage=2 state=6 value=1
sampler stage=2 state=5 value=1
sampler stage=2 state=7 value=0
sampler stage=2 state=10 value=1
sampler stage=2 state=11 value=0
texture stage=3 ptr=02111b80 type=5 identity=8
sampler stage=3 state=6 value=1
sampler stage=3 state=5 value=1
sampler stage=3 state=7 value=0
sampler stage=3 state=10 value=1
sampler stage=3 state=11 value=0
sampler stage=4 state=6 value=1
sampler stage=4 state=5 value=1
sampler stage=4 state=7 value=0
sampler stage=4 state=10 value=1
sampler stage=4 state=11 value=0
sampler stage=5 state=6 value=1
sampler stage=5 state=5 value=1
sampler stage=5 state=7 value=0
sampler stage=5 state=10 value=1
sampler stage=5 state=11 value=0
sampler stage=6 state=6 value=1
sampler stage=6 state=5 value=1
sampler stage=6 state=7 value=0
sampler stage=6 state=10 value=1
sampler stage=6 state=11 value=0
sampler stage=7 state=6 value=1
sampler stage=7 state=5 value=1
sampler stage=7 state=7 value=0
sampler stage=7 state=10 value=1
sampler stage=7 state=11 value=0
sampler stage=8 state=6 value=1
sampler stage=8 state=5 value=1
sampler stage=8 state=7 value=0
sampler stage=8 state=10 value=1
sampler stage=8 state=11 value=0
sampler stage=9 state=6 value=1
sampler stage=9 state=5 value=1
sampler stage=9 state=7 value=0
sampler stage=9 state=10 value=1
sampler stage=9 state=11 value=0
sampler stage=10 state=6 value=1
sampler stage=10 state=5 value=1
sampler stage=10 state=7 value=0
sampler stage=10 state=10 value=1
sampler stage=10 state=11 value=0
sampler stage=11 state=6 value=1
sampler stage=11 state=5 value=1
sampler stage=11 state=7 value=0
sampler stage=11 state=10 value=1
sampler stage=11 state=11 value=0
sampler stage=12 state=6 value=1
sampler stage=12 state=5 value=1
sampler stage=12 state=7 value=0
sampler stage=12 state=10 value=1
sampler stage=12 state=11 value=0
sampler stage=13 state=6 value=1
sampler stage=13 state=5 value=1
sampler stage=13 state=7 value=0
sampler stage=13 state=10 value=1
sampler stage=13 state=11 value=0
sampler stage=14 state=6 value=1
sampler stage=14 state=5 value=1
sampler stage=14 state=7 value=0
sampler stage=14 state=10 value=1
sampler stage=14 state=11 value=0
sampler stage=15 state=6 value=1
sampler stage=15 state=5 value=1
sampler stage=15 state=7 value=0
sampler stage=15 state=10 value=1
sampler stage=15 state=11 value=0
vertex_element stream=0 offset=0 type=16 method=0 usage=0 index=0
vertex_element stream=0 offset=8 type=16 method=0 usage=5 index=0
vertex_element stream=0 offset=16 type=16 method=0 usage=3 index=0
vertex_element stream=255 offset=0 type=17 method=0 usage=0 index=0
transform state=256 row=0 values=1,0,0,0
transform state=256 row=1 values=0,1,0,0
transform state=256 row=2 values=0,0,1,0
transform state=256 row=3 values=0,0,0,1
transform state=2 row=0 values=1,0,0,0
transform state=2 row=1 values=0,1,0,0
transform state=2 row=2 values=0,0,1,0
transform state=2 row=3 values=0,0,0,1
transform state=3 row=0 values=1,0,0,0
transform state=3 row=1 values=0,1,0,0
transform state=3 row=2 values=0,0,1,0
transform state=3 row=3 values=0,0,0,1
constants kind=vs type=f count=256 result=00000000 encoding=sparse_zero
constant kind=vs type=f reg=0 bits=bf800000,3f800000,40400000,00000000
constant kind=vs type=f reg=1 bits=3d23d70a,3ccccccd,3c75c28f,00000000
constant kind=vs type=f reg=2 bits=3f800000,3d4ccccd,00000000,00000000
constant kind=vs type=f reg=3 bits=00000000,3f800000,40400000,00000000
constant kind=vs type=f reg=4 bits=3d23d70a,3ccccccd,3c75c28f,00000000
constant kind=vs type=f reg=5 bits=3f800000,3d4ccccd,00000000,00000000
constant kind=vs type=f reg=6 bits=3f800000,3f800000,40400000,00000000
constant kind=vs type=f reg=7 bits=3d23d70a,3ccccccd,3c75c28f,00000000
constant kind=vs type=f reg=8 bits=3f800000,3d4ccccd,00000000,00000000
constant kind=vs type=f reg=9 bits=bf800000,3f800000,40400000,00000000
constant kind=vs type=f reg=10 bits=3d23d70a,3ccccccd,3c75c28f,00000000
constant kind=vs type=f reg=11 bits=3f800000,3d4ccccd,00000000,00000000
constant kind=vs type=f reg=12 bits=00000000,3f800000,40400000,00000000
constant kind=vs type=f reg=13 bits=3d23d70a,3ccccccd,3c75c28f,00000000
constant kind=vs type=f reg=14 bits=3f800000,3d4ccccd,00000000,00000000
constant kind=vs type=f reg=15 bits=3f800000,3f800000,40400000,00000000
constant kind=vs type=f reg=16 bits=3d23d70a,3ccccccd,3c75c28f,00000000
constant kind=vs type=f reg=17 bits=3f800000,3d4ccccd,00000000,00000000
constant kind=vs type=f reg=18 bits=bf800000,3f800000,40400000,00000000
constant kind=vs type=f reg=19 bits=3d23d70a,3ccccccd,3c75c28f,00000000
constant kind=vs type=f reg=20 bits=3f800000,3d4ccccd,00000000,00000000
constant kind=vs type=f reg=21 bits=00000000,3f800000,40400000,00000000
constant kind=vs type=f reg=22 bits=3d23d70a,3ccccccd,3c75c28f,00000000
constant kind=vs type=f reg=23 bits=3f800000,3d4ccccd,00000000,00000000
constant kind=vs type=f reg=24 bits=3f800000,00000000,00000000,00000000
constant kind=vs type=f reg=25 bits=00000000,3f800000,00000000,00000000
constant kind=vs type=f reg=26 bits=00000000,00000000,3f800000,00000000
constant kind=vs type=f reg=27 bits=00000000,00000000,00000000,3f800000
constant kind=vs type=f reg=28 bits=3f800000,00000000,00000000,00000000
constant kind=vs type=f reg=29 bits=00000000,3f800000,00000000,00000000
constant kind=vs type=f reg=30 bits=00000000,00000000,3f800000,00000000
constant kind=vs type=f reg=31 bits=3f800000,00000000,00000000,00000000
constant kind=vs type=f reg=32 bits=00000000,3f800000,00000000,00000000
constant kind=vs type=f reg=33 bits=00000000,00000000,3f800000,00000000
constant kind=vs type=f reg=34 bits=3f800000,00000000,00000000,00000000
constant kind=vs type=f reg=35 bits=00000000,3f800000,00000000,00000000
constant kind=vs type=f reg=36 bits=00000000,00000000,3f800000,40800000
constant kind=vs type=f reg=37 bits=3f800000,00000000,00000000,00000000
constant kind=vs type=f reg=38 bits=00000000,3f800000,00000000,00000000
constant kind=vs type=f reg=39 bits=3f200000,00000000,00000000,00000000
constant kind=vs type=f reg=40 bits=3e4ccccd,3dcccccd,3d4ccccd,00000000
constant kind=vs type=f reg=41 bits=3f800000,00000000,00000000,00000000
constant kind=vs type=f reg=252 bits=42c80000,42ca0000,42cc0000,42ce0000
constant kind=vs type=f reg=253 bits=42d00000,42d20000,42d40000,42d60000
constant kind=vs type=f reg=254 bits=42d80000,42da0000,42dc0000,42de0000
constant kind=vs type=f reg=255 bits=42e00000,42e20000,42e40000,42e60000
constants kind=vs type=i count=16 result=00000000 encoding=full
constant kind=vs type=i reg=0 values=1,0,1,0
constant kind=vs type=i reg=1 values=0,0,0,0
constant kind=vs type=i reg=2 values=0,0,0,0
constant kind=vs type=i reg=3 values=0,0,0,0
constant kind=vs type=i reg=4 values=0,0,0,0
constant kind=vs type=i reg=5 values=0,0,0,0
constant kind=vs type=i reg=6 values=0,0,0,0
constant kind=vs type=i reg=7 values=0,0,0,0
constant kind=vs type=i reg=8 values=0,0,0,0
constant kind=vs type=i reg=9 values=0,0,0,0
constant kind=vs type=i reg=10 values=0,0,0,0
constant kind=vs type=i reg=11 values=0,0,0,0
constant kind=vs type=i reg=12 values=0,0,0,0
constant kind=vs type=i reg=13 values=0,0,0,0
constant kind=vs type=i reg=14 values=0,0,0,0
constant kind=vs type=i reg=15 values=0,0,0,0
constants kind=vs type=b count=16 result=00000000 encoding=full
constant kind=vs type=b reg=0 values=0
constant kind=vs type=b reg=1 values=0
constant kind=vs type=b reg=2 values=0
constant kind=vs type=b reg=3 values=0
constant kind=vs type=b reg=4 values=0
constant kind=vs type=b reg=5 values=0
constant kind=vs type=b reg=6 values=0
constant kind=vs type=b reg=7 values=0
constant kind=vs type=b reg=8 values=0
constant kind=vs type=b reg=9 values=0
constant kind=vs type=b reg=10 values=0
constant kind=vs type=b reg=11 values=0
constant kind=vs type=b reg=12 values=0
constant kind=vs type=b reg=13 values=0
constant kind=vs type=b reg=14 values=0
constant kind=vs type=b reg=15 values=0
constants kind=ps type=f count=224 result=00000000 encoding=sparse_zero
constant kind=ps type=f reg=0 bits=3f800000,00000000,00000000,00000000
constant kind=ps type=f reg=1 bits=00000000,3f800000,00000000,00000000
constant kind=ps type=f reg=2 bits=00000000,00000000,3f800000,00000000
constant kind=ps type=f reg=3 bits=3e800000,00000000,00000000,00000000
constant kind=ps type=f reg=4 bits=00000000,00000000,3f800000,00000000
constant kind=ps type=f reg=5 bits=3e99999a,3e4ccccd,3dcccccd,00000000
constant kind=ps type=f reg=6 bits=3f000000,00000000,3f000000,00000000
constant kind=ps type=f reg=7 bits=3dcccccd,3e19999a,3e4ccccd,00000000
constant kind=ps type=f reg=216 bits=43480000,43490000,434a0000,434b0000
constant kind=ps type=f reg=217 bits=434c0000,434d0000,434e0000,434f0000
constants kind=ps type=i count=16 result=00000000 encoding=full
constant kind=ps type=i reg=0 values=0,0,0,0
constant kind=ps type=i reg=1 values=0,0,0,0
constant kind=ps type=i reg=2 values=0,0,0,0
constant kind=ps type=i reg=3 values=0,0,0,0
constant kind=ps type=i reg=4 values=0,0,0,0
constant kind=ps type=i reg=5 values=0,0,0,0
constant kind=ps type=i reg=6 values=0,0,0,0
constant kind=ps type=i reg=7 values=0,0,0,0
constant kind=ps type=i reg=8 values=0,0,0,0
constant kind=ps type=i reg=9 values=0,0,0,0
constant kind=ps type=i reg=10 values=0,0,0,0
constant kind=ps type=i reg=11 values=0,0,0,0
constant kind=ps type=i reg=12 values=0,0,0,0
constant kind=ps type=i reg=13 values=0,0,0,0
constant kind=ps type=i reg=14 values=0,0,0,0
constant kind=ps type=i reg=15 values=0,0,0,0
constants kind=ps type=b count=16 result=00000000 encoding=full
constant kind=ps type=b reg=0 values=0
constant kind=ps type=b reg=1 values=0
constant kind=ps type=b reg=2 values=0
constant kind=ps type=b reg=3 values=0
constant kind=ps type=b reg=4 values=0
constant kind=ps type=b reg=5 values=0
constant kind=ps type=b reg=6 values=0
constant kind=ps type=b reg=7 values=0
constant kind=ps type=b reg=8 values=0
constant kind=ps type=b reg=9 values=0
constant kind=ps type=b reg=10 values=0
constant kind=ps type=b reg=11 values=0
constant kind=ps type=b reg=12 values=0
constant kind=ps type=b reg=13 values=0
constant kind=ps type=b reg=14 values=0
constant kind=ps type=b reg=15 values=0
draw_args start_vertex=0
motion_input device=1 frame=3 index=1 blockers=00000252 proofs=20 position_path=1 vs=53a0a641107ed76c ps=98731d5594e36226 declaration=0cdf6a8c884ad955 rows_hash=1b0c97ae01a7ec05 color=1 depth=2 width=64 height=64 cull=2 vb=3 vb_revision=0 ib=0 ib_revision=0 position_offset=0 position_type=16 lifetime_verified=0 vertex_finite_verified=0
motion_geometry device=1 frame=3 index=1 source_qualified=1 source_hash=53a0a641107ed76c source_words=526 finite_requested=0 finite_state=0 finite_reason=4 finite_status=00000001 finite_generation=0 finite_revision=0 index_required=0 index_requested=0 index_known=0 index_range_verified=0 index_exact=0 index_min=0 index_max=0 index_reason=1 index_status=00000001 index_generation=0 index_revision=0
draw_result device=1 frame=3 index=1 result=00000000
capture_event device=1 frame=3 seq=3 after_draw=1 op=clear result=00000000 qpc=9073124024642
clear flags=2 color=00000000 z=1 stencil=0 rect_count=0 rect_ptr=00000000
surface role=clear_rt0 ptr=02111bb0 identity=1 width=64 height=64 format=21 usage=1 msaa=0 container=0 container_type=0 container_result=80004002
surface role=clear_depth ptr=02111be0 identity=2 width=64 height=64 format=77 usage=2 msaa=0 container=0 container_type=0 container_result=80004002
clear_viewport result=00000000 x=0 y=0 w=64 h=64 minz=0 maxz=1
capture_event device=1 frame=3 seq=4 after_draw=1 op=draw_begin result=00000000 qpc=9073124025735
draw device=1 frame=3 index=2 kind=primitive topology=4 primitives=1 vs=53a0a641107ed76c ps=8759c7838bbc86c2
geometry source=buffers
stream slot=0 result=00000000 identity=3 offset=0 stride=24 frequency=1 frequency_result=00000000
vertex_buffer identity=3 bytes=72 usage=0 pool=1 fvf=0
buffer_content kind=vertex identity=3 result=00000000 status=00000001 requested=0 known=0 ambiguous=0 revision=0 pending=0 flags=00000000
stream slot=1 result=00000000 identity=0
stream slot=2 result=00000000 identity=0
stream slot=3 result=00000000 identity=0
stream slot=4 result=00000000 identity=0
stream slot=5 result=00000000 identity=0
stream slot=6 result=00000000 identity=0
stream slot=7 result=00000000 identity=0
stream slot=8 result=00000000 identity=0
stream slot=9 result=00000000 identity=0
stream slot=10 result=00000000 identity=0
stream slot=11 result=00000000 identity=0
stream slot=12 result=00000000 identity=0
stream slot=13 result=00000000 identity=0
stream slot=14 result=00000000 identity=0
stream slot=15 result=00000000 identity=0
indices result=00000000 identity=0
surface role=rt0 ptr=02111bb0 identity=1 width=64 height=64 format=21 usage=1 msaa=0 container=0 container_type=0 container_result=80004002
surface role=depth ptr=02111be0 identity=2 width=64 height=64 format=77 usage=2 msaa=0 container=0 container_type=0 container_result=80004002
state id=7 value=1
state id=14 value=1
state id=23 value=4
state id=15 value=0
state id=24 value=0
state id=25 value=8
state id=27 value=0
state id=19 value=2
state id=20 value=1
state id=171 value=1
state id=22 value=1
state id=168 value=15
state id=194 value=0
state id=206 value=0
state id=52 value=0
state id=56 value=8
state id=57 value=0
state id=58 value=4294967295
state id=59 value=4294967295
state id=53 value=1
state id=54 value=1
state id=55 value=1
state id=185 value=0
state id=189 value=8
state id=186 value=1
state id=187 value=1
state id=188 value=1
viewport x=0 y=0 w=64 h=64 minz=0 maxz=1
texture stage=0 ptr=02111a90 type=3 identity=5
texture_desc stage=0 w=2 h=2 format=21
sampler stage=0 state=6 value=1
sampler stage=0 state=5 value=1
sampler stage=0 state=7 value=0
sampler stage=0 state=10 value=1
sampler stage=0 state=11 value=0
texture stage=1 ptr=02111af0 type=3 identity=6
texture_desc stage=1 w=2 h=2 format=21
sampler stage=1 state=6 value=1
sampler stage=1 state=5 value=1
sampler stage=1 state=7 value=0
sampler stage=1 state=10 value=1
sampler stage=1 state=11 value=0
texture stage=2 ptr=02111b50 type=3 identity=7
texture_desc stage=2 w=2 h=2 format=21
sampler stage=2 state=6 value=1
sampler stage=2 state=5 value=1
sampler stage=2 state=7 value=0
sampler stage=2 state=10 value=1
sampler stage=2 state=11 value=0
texture stage=3 ptr=02111b80 type=5 identity=8
sampler stage=3 state=6 value=1
sampler stage=3 state=5 value=1
sampler stage=3 state=7 value=0
sampler stage=3 state=10 value=1
sampler stage=3 state=11 value=0
sampler stage=4 state=6 value=1
sampler stage=4 state=5 value=1
sampler stage=4 state=7 value=0
sampler stage=4 state=10 value=1
sampler stage=4 state=11 value=0
sampler stage=5 state=6 value=1
sampler stage=5 state=5 value=1
sampler stage=5 state=7 value=0
sampler stage=5 state=10 value=1
sampler stage=5 state=11 value=0
sampler stage=6 state=6 value=1
sampler stage=6 state=5 value=1
sampler stage=6 state=7 value=0
sampler stage=6 state=10 value=1
sampler stage=6 state=11 value=0
sampler stage=7 state=6 value=1
sampler stage=7 state=5 value=1
sampler stage=7 state=7 value=0
sampler stage=7 state=10 value=1
sampler stage=7 state=11 value=0
sampler stage=8 state=6 value=1
sampler stage=8 state=5 value=1
sampler stage=8 state=7 value=0
sampler stage=8 state=10 value=1
sampler stage=8 state=11 value=0
sampler stage=9 state=6 value=1
sampler stage=9 state=5 value=1
sampler stage=9 state=7 value=0
sampler stage=9 state=10 value=1
sampler stage=9 state=11 value=0
sampler stage=10 state=6 value=1
sampler stage=10 state=5 value=1
sampler stage=10 state=7 value=0
sampler stage=10 state=10 value=1
sampler stage=10 state=11 value=0
sampler stage=11 state=6 value=1
sampler stage=11 state=5 value=1
sampler stage=11 state=7 value=0
sampler stage=11 state=10 value=1
sampler stage=11 state=11 value=0
sampler stage=12 state=6 value=1
sampler stage=12 state=5 value=1
sampler stage=12 state=7 value=0
sampler stage=12 state=10 value=1
sampler stage=12 state=11 value=0
sampler stage=13 state=6 value=1
sampler stage=13 state=5 value=1
sampler stage=13 state=7 value=0
sampler stage=13 state=10 value=1
sampler stage=13 state=11 value=0
sampler stage=14 state=6 value=1
sampler stage=14 state=5 value=1
sampler stage=14 state=7 value=0
sampler stage=14 state=10 value=1
sampler stage=14 state=11 value=0
sampler stage=15 state=6 value=1
sampler stage=15 state=5 value=1
sampler stage=15 state=7 value=0
sampler stage=15 state=10 value=1
sampler stage=15 state=11 value=0
vertex_element stream=0 offset=0 type=16 method=0 usage=0 index=0
vertex_element stream=0 offset=8 type=16 method=0 usage=5 index=0
vertex_element stream=0 offset=16 type=16 method=0 usage=3 index=0
vertex_element stream=255 offset=0 type=17 method=0 usage=0 index=0
transform state=256 row=0 values=1,0,0,0
transform state=256 row=1 values=0,1,0,0
transform state=256 row=2 values=0,0,1,0
transform state=256 row=3 values=0,0,0,1
transform state=2 row=0 values=1,0,0,0
transform state=2 row=1 values=0,1,0,0
transform state=2 row=2 values=0,0,1,0
transform state=2 row=3 values=0,0,0,1
transform state=3 row=0 values=1,0,0,0
transform state=3 row=1 values=0,1,0,0
transform state=3 row=2 values=0,0,1,0
transform state=3 row=3 values=0,0,0,1
constants kind=vs type=f count=256 result=00000000 encoding=sparse_zero
constant kind=vs type=f reg=0 bits=bf800000,3f800000,40400000,00000000
constant kind=vs type=f reg=1 bits=3d23d70a,3ccccccd,3c75c28f,00000000
constant kind=vs type=f reg=2 bits=3f800000,3d4ccccd,00000000,00000000
constant kind=vs type=f reg=3 bits=00000000,3f800000,40400000,00000000
constant kind=vs type=f reg=4 bits=3d23d70a,3ccccccd,3c75c28f,00000000
constant kind=vs type=f reg=5 bits=3f800000,3d4ccccd,00000000,00000000
constant kind=vs type=f reg=6 bits=3f800000,3f800000,40400000,00000000
constant kind=vs type=f reg=7 bits=3d23d70a,3ccccccd,3c75c28f,00000000
constant kind=vs type=f reg=8 bits=3f800000,3d4ccccd,00000000,00000000
constant kind=vs type=f reg=9 bits=bf800000,3f800000,40400000,00000000
constant kind=vs type=f reg=10 bits=3d23d70a,3ccccccd,3c75c28f,00000000
constant kind=vs type=f reg=11 bits=3f800000,3d4ccccd,00000000,00000000
constant kind=vs type=f reg=12 bits=00000000,3f800000,40400000,00000000
constant kind=vs type=f reg=13 bits=3d23d70a,3ccccccd,3c75c28f,00000000
constant kind=vs type=f reg=14 bits=3f800000,3d4ccccd,00000000,00000000
constant kind=vs type=f reg=15 bits=3f800000,3f800000,40400000,00000000
constant kind=vs type=f reg=16 bits=3d23d70a,3ccccccd,3c75c28f,00000000
constant kind=vs type=f reg=17 bits=3f800000,3d4ccccd,00000000,00000000
constant kind=vs type=f reg=18 bits=bf800000,3f800000,40400000,00000000
constant kind=vs type=f reg=19 bits=3d23d70a,3ccccccd,3c75c28f,00000000
constant kind=vs type=f reg=20 bits=3f800000,3d4ccccd,00000000,00000000
constant kind=vs type=f reg=21 bits=00000000,3f800000,40400000,00000000
constant kind=vs type=f reg=22 bits=3d23d70a,3ccccccd,3c75c28f,00000000
constant kind=vs type=f reg=23 bits=3f800000,3d4ccccd,00000000,00000000
constant kind=vs type=f reg=24 bits=3f800000,00000000,00000000,3f400000
constant kind=vs type=f reg=25 bits=00000000,3f800000,00000000,00000000
constant kind=vs type=f reg=26 bits=00000000,00000000,3f800000,00000000
constant kind=vs type=f reg=27 bits=00000000,00000000,00000000,3f800000
constant kind=vs type=f reg=28 bits=3f800000,00000000,00000000,00000000
constant kind=vs type=f reg=29 bits=00000000,3f800000,00000000,00000000
constant kind=vs type=f reg=30 bits=00000000,00000000,3f800000,00000000
constant kind=vs type=f reg=31 bits=3f800000,00000000,00000000,00000000
constant kind=vs type=f reg=32 bits=00000000,3f800000,00000000,00000000
constant kind=vs type=f reg=33 bits=00000000,00000000,3f800000,00000000
constant kind=vs type=f reg=34 bits=3f800000,00000000,00000000,00000000
constant kind=vs type=f reg=35 bits=00000000,3f800000,00000000,00000000
constant kind=vs type=f reg=36 bits=00000000,00000000,3f800000,40800000
constant kind=vs type=f reg=37 bits=3f800000,00000000,00000000,00000000
constant kind=vs type=f reg=38 bits=00000000,3f800000,00000000,00000000
constant kind=vs type=f reg=39 bits=3f200000,00000000,00000000,00000000
constant kind=vs type=f reg=40 bits=3e4ccccd,3dcccccd,3d4ccccd,00000000
constant kind=vs type=f reg=41 bits=3f800000,00000000,00000000,00000000
constant kind=vs type=f reg=252 bits=42c80000,42ca0000,42cc0000,42ce0000
constant kind=vs type=f reg=253 bits=42d00000,42d20000,42d40000,42d60000
constant kind=vs type=f reg=254 bits=42d80000,42da0000,42dc0000,42de0000
constant kind=vs type=f reg=255 bits=42e00000,42e20000,42e40000,42e60000
constants kind=vs type=i count=16 result=00000000 encoding=full
constant kind=vs type=i reg=0 values=1,0,1,0
constant kind=vs type=i reg=1 values=0,0,0,0
constant kind=vs type=i reg=2 values=0,0,0,0
constant kind=vs type=i reg=3 values=0,0,0,0
constant kind=vs type=i reg=4 values=0,0,0,0
constant kind=vs type=i reg=5 values=0,0,0,0
constant kind=vs type=i reg=6 values=0,0,0,0
constant kind=vs type=i reg=7 values=0,0,0,0
constant kind=vs type=i reg=8 values=0,0,0,0
constant kind=vs type=i reg=9 values=0,0,0,0
constant kind=vs type=i reg=10 values=0,0,0,0
constant kind=vs type=i reg=11 values=0,0,0,0
constant kind=vs type=i reg=12 values=0,0,0,0
constant kind=vs type=i reg=13 values=0,0,0,0
constant kind=vs type=i reg=14 values=0,0,0,0
constant kind=vs type=i reg=15 values=0,0,0,0
constants kind=vs type=b count=16 result=00000000 encoding=full
constant kind=vs type=b reg=0 values=0
constant kind=vs type=b reg=1 values=0
constant kind=vs type=b reg=2 values=0
constant kind=vs type=b reg=3 values=0
constant kind=vs type=b reg=4 values=0
constant kind=vs type=b reg=5 values=0
constant kind=vs type=b reg=6 values=0
constant kind=vs type=b reg=7 values=0
constant kind=vs type=b reg=8 values=0
constant kind=vs type=b reg=9 values=0
constant kind=vs type=b reg=10 values=0
constant kind=vs type=b reg=11 values=0
constant kind=vs type=b reg=12 values=0
constant kind=vs type=b reg=13 values=0
constant kind=vs type=b reg=14 values=0
constant kind=vs type=b reg=15 values=0
constants kind=ps type=f count=224 result=00000000 encoding=sparse_zero
constant kind=ps type=f reg=0 bits=3f800000,00000000,00000000,00000000
constant kind=ps type=f reg=1 bits=00000000,3f800000,00000000,00000000
constant kind=ps type=f reg=2 bits=00000000,00000000,3f800000,00000000
constant kind=ps type=f reg=3 bits=3e800000,00000000,00000000,00000000
constant kind=ps type=f reg=4 bits=00000000,00000000,3f800000,00000000
constant kind=ps type=f reg=5 bits=3e99999a,3e4ccccd,3dcccccd,00000000
constant kind=ps type=f reg=6 bits=3f000000,00000000,3f000000,00000000
constant kind=ps type=f reg=7 bits=3dcccccd,3e19999a,3e4ccccd,00000000
constant kind=ps type=f reg=216 bits=43480000,43490000,434a0000,434b0000
constant kind=ps type=f reg=217 bits=434c0000,434d0000,434e0000,434f0000
constants kind=ps type=i count=16 result=00000000 encoding=full
constant kind=ps type=i reg=0 values=0,0,0,0
constant kind=ps type=i reg=1 values=0,0,0,0
constant kind=ps type=i reg=2 values=0,0,0,0
constant kind=ps type=i reg=3 values=0,0,0,0
constant kind=ps type=i reg=4 values=0,0,0,0
constant kind=ps type=i reg=5 values=0,0,0,0
constant kind=ps type=i reg=6 values=0,0,0,0
constant kind=ps type=i reg=7 values=0,0,0,0
constant kind=ps type=i reg=8 values=0,0,0,0
constant kind=ps type=i reg=9 values=0,0,0,0
constant kind=ps type=i reg=10 values=0,0,0,0
constant kind=ps type=i reg=11 values=0,0,0,0
constant kind=ps type=i reg=12 values=0,0,0,0
constant kind=ps type=i reg=13 values=0,0,0,0
constant kind=ps type=i reg=14 values=0,0,0,0
constant kind=ps type=i reg=15 values=0,0,0,0
constants kind=ps type=b count=16 result=00000000 encoding=full
constant kind=ps type=b reg=0 values=0
constant kind=ps type=b reg=1 values=0
constant kind=ps type=b reg=2 values=0
constant kind=ps type=b reg=3 values=0
constant kind=ps type=b reg=4 values=0
constant kind=ps type=b reg=5 values=0
constant kind=ps type=b reg=6 values=0
constant kind=ps type=b reg=7 values=0
constant kind=ps type=b reg=8 values=0
constant kind=ps type=b reg=9 values=0
constant kind=ps type=b reg=10 values=0
constant kind=ps type=b reg=11 values=0
constant kind=ps type=b reg=12 values=0
constant kind=ps type=b reg=13 values=0
constant kind=ps type=b reg=14 values=0
constant kind=ps type=b reg=15 values=0
draw_args start_vertex=0
motion_route device=1 frame=3 index=2 gate=5 routed=1 matched=0 depth=1 jittered=0 vs=53a0a641107ed76c ps=8759c7838bbc86c2 node=00000000 camera=00000000 node_handle=0 camera_handle=0 node_serial=0 camera_serial=0 load_epoch=0 registry_epoch=0 model=00000000 lod=00000000 vb=3 ib=0 declaration=0cdf6a8c884ad955 offset=0 stride=24 position_offset=0 position_type=16 topology=4 first=0 primitives=1 base_vertex=0 min_vertex=0 vertex_count=0 indexed=0 rows_hash=712d59ff944d11a8 result=00000000
motion_input device=1 frame=3 index=2 blockers=00000210 proofs=28 position_path=1 vs=53a0a641107ed76c ps=8759c7838bbc86c2 declaration=0cdf6a8c884ad955 rows_hash=712d59ff944d11a8 color=1 depth=2 width=64 height=64 cull=1 vb=3 vb_revision=0 ib=0 ib_revision=0 position_offset=0 position_type=16 lifetime_verified=0 vertex_finite_verified=0
motion_geometry device=1 frame=3 index=2 source_qualified=1 source_hash=53a0a641107ed76c source_words=526 finite_requested=0 finite_state=0 finite_reason=4 finite_status=00000001 finite_generation=0 finite_revision=0 index_required=0 index_requested=0 index_known=0 index_range_verified=0 index_exact=0 index_min=0 index_max=0 index_reason=1 index_status=00000001 index_generation=0 index_revision=0
draw_result device=1 frame=3 index=2 result=00000000
capture_event device=1 frame=3 seq=5 after_draw=2 op=draw_begin result=00000000 qpc=9073124034817
draw device=1 frame=3 index=3 kind=primitive topology=4 primitives=1 vs=53a0a641107ed76c ps=8759c7838bbc86c2
geometry source=buffers
stream slot=0 result=00000000 identity=4 offset=0 stride=24 frequency=1 frequency_result=00000000
vertex_buffer identity=4 bytes=72 usage=0 pool=1 fvf=0
buffer_content kind=vertex identity=4 result=00000000 status=00000001 requested=0 known=0 ambiguous=0 revision=0 pending=0 flags=00000000
stream slot=1 result=00000000 identity=0
stream slot=2 result=00000000 identity=0
stream slot=3 result=00000000 identity=0
stream slot=4 result=00000000 identity=0
stream slot=5 result=00000000 identity=0
stream slot=6 result=00000000 identity=0
stream slot=7 result=00000000 identity=0
stream slot=8 result=00000000 identity=0
stream slot=9 result=00000000 identity=0
stream slot=10 result=00000000 identity=0
stream slot=11 result=00000000 identity=0
stream slot=12 result=00000000 identity=0
stream slot=13 result=00000000 identity=0
stream slot=14 result=00000000 identity=0
stream slot=15 result=00000000 identity=0
indices result=00000000 identity=0
surface role=rt0 ptr=02111bb0 identity=1 width=64 height=64 format=21 usage=1 msaa=0 container=0 container_type=0 container_result=80004002
surface role=depth ptr=02111be0 identity=2 width=64 height=64 format=77 usage=2 msaa=0 container=0 container_type=0 container_result=80004002
state id=7 value=1
state id=14 value=1
state id=23 value=4
state id=15 value=0
state id=24 value=0
state id=25 value=8
state id=27 value=0
state id=19 value=2
state id=20 value=1
state id=171 value=1
state id=22 value=1
state id=168 value=15
state id=194 value=0
state id=206 value=0
state id=52 value=0
state id=56 value=8
state id=57 value=0
state id=58 value=4294967295
state id=59 value=4294967295
state id=53 value=1
state id=54 value=1
state id=55 value=1
state id=185 value=0
state id=189 value=8
state id=186 value=1
state id=187 value=1
state id=188 value=1
viewport x=0 y=0 w=64 h=64 minz=0 maxz=1
texture stage=0 ptr=02111a90 type=3 identity=5
texture_desc stage=0 w=2 h=2 format=21
sampler stage=0 state=6 value=1
sampler stage=0 state=5 value=1
sampler stage=0 state=7 value=0
sampler stage=0 state=10 value=1
sampler stage=0 state=11 value=0
texture stage=1 ptr=02111af0 type=3 identity=6
texture_desc stage=1 w=2 h=2 format=21
sampler stage=1 state=6 value=1
sampler stage=1 state=5 value=1
sampler stage=1 state=7 value=0
sampler stage=1 state=10 value=1
sampler stage=1 state=11 value=0
texture stage=2 ptr=02111b50 type=3 identity=7
texture_desc stage=2 w=2 h=2 format=21
sampler stage=2 state=6 value=1
sampler stage=2 state=5 value=1
sampler stage=2 state=7 value=0
sampler stage=2 state=10 value=1
sampler stage=2 state=11 value=0
texture stage=3 ptr=02111b80 type=5 identity=8
sampler stage=3 state=6 value=1
sampler stage=3 state=5 value=1
sampler stage=3 state=7 value=0
sampler stage=3 state=10 value=1
sampler stage=3 state=11 value=0
sampler stage=4 state=6 value=1
sampler stage=4 state=5 value=1
sampler stage=4 state=7 value=0
sampler stage=4 state=10 value=1
sampler stage=4 state=11 value=0
sampler stage=5 state=6 value=1
sampler stage=5 state=5 value=1
sampler stage=5 state=7 value=0
sampler stage=5 state=10 value=1
sampler stage=5 state=11 value=0
sampler stage=6 state=6 value=1
sampler stage=6 state=5 value=1
sampler stage=6 state=7 value=0
sampler stage=6 state=10 value=1
sampler stage=6 state=11 value=0
sampler stage=7 state=6 value=1
sampler stage=7 state=5 value=1
sampler stage=7 state=7 value=0
sampler stage=7 state=10 value=1
sampler stage=7 state=11 value=0
sampler stage=8 state=6 value=1
sampler stage=8 state=5 value=1
sampler stage=8 state=7 value=0
sampler stage=8 state=10 value=1
sampler stage=8 state=11 value=0
sampler stage=9 state=6 value=1
sampler stage=9 state=5 value=1
sampler stage=9 state=7 value=0
sampler stage=9 state=10 value=1
sampler stage=9 state=11 value=0
sampler stage=10 state=6 value=1
sampler stage=10 state=5 value=1
sampler stage=10 state=7 value=0
sampler stage=10 state=10 value=1
sampler stage=10 state=11 value=0
sampler stage=11 state=6 value=1
sampler stage=11 state=5 value=1
sampler stage=11 state=7 value=0
sampler stage=11 state=10 value=1
sampler stage=11 state=11 value=0
sampler stage=12 state=6 value=1
sampler stage=12 state=5 value=1
sampler stage=12 state=7 value=0
sampler stage=12 state=10 value=1
sampler stage=12 state=11 value=0
sampler stage=13 state=6 value=1
sampler stage=13 state=5 value=1
sampler stage=13 state=7 value=0
sampler stage=13 state=10 value=1
sampler stage=13 state=11 value=0
sampler stage=14 state=6 value=1
sampler stage=14 state=5 value=1
sampler stage=14 state=7 value=0
sampler stage=14 state=10 value=1
sampler stage=14 state=11 value=0
sampler stage=15 state=6 value=1
sampler stage=15 state=5 value=1
sampler stage=15 state=7 value=0
sampler stage=15 state=10 value=1
sampler stage=15 state=11 value=0
vertex_element stream=0 offset=0 type=16 method=0 usage=0 index=0
vertex_element stream=0 offset=8 type=16 method=0 usage=5 index=0
vertex_element stream=0 offset=16 type=16 method=0 usage=3 index=0
vertex_element stream=255 offset=0 type=17 method=0 usage=0 index=0
transform state=256 row=0 values=1,0,0,0
transform state=256 row=1 values=0,1,0,0
transform state=256 row=2 values=0,0,1,0
transform state=256 row=3 values=0,0,0,1
transform state=2 row=0 values=1,0,0,0
transform state=2 row=1 values=0,1,0,0
transform state=2 row=2 values=0,0,1,0
transform state=2 row=3 values=0,0,0,1
transform state=3 row=0 values=1,0,0,0
transform state=3 row=1 values=0,1,0,0
transform state=3 row=2 values=0,0,1,0
transform state=3 row=3 values=0,0,0,1
constants kind=vs type=f count=256 result=00000000 encoding=sparse_zero
constant kind=vs type=f reg=0 bits=bf800000,3f800000,40400000,00000000
constant kind=vs type=f reg=1 bits=3d23d70a,3ccccccd,3c75c28f,00000000
constant kind=vs type=f reg=2 bits=3f800000,3d4ccccd,00000000,00000000
constant kind=vs type=f reg=3 bits=00000000,3f800000,40400000,00000000
constant kind=vs type=f reg=4 bits=3d23d70a,3ccccccd,3c75c28f,00000000
constant kind=vs type=f reg=5 bits=3f800000,3d4ccccd,00000000,00000000
constant kind=vs type=f reg=6 bits=3f800000,3f800000,40400000,00000000
constant kind=vs type=f reg=7 bits=3d23d70a,3ccccccd,3c75c28f,00000000
constant kind=vs type=f reg=8 bits=3f800000,3d4ccccd,00000000,00000000
constant kind=vs type=f reg=9 bits=bf800000,3f800000,40400000,00000000
constant kind=vs type=f reg=10 bits=3d23d70a,3ccccccd,3c75c28f,00000000
constant kind=vs type=f reg=11 bits=3f800000,3d4ccccd,00000000,00000000
constant kind=vs type=f reg=12 bits=00000000,3f800000,40400000,00000000
constant kind=vs type=f reg=13 bits=3d23d70a,3ccccccd,3c75c28f,00000000
constant kind=vs type=f reg=14 bits=3f800000,3d4ccccd,00000000,00000000
constant kind=vs type=f reg=15 bits=3f800000,3f800000,40400000,00000000
constant kind=vs type=f reg=16 bits=3d23d70a,3ccccccd,3c75c28f,00000000
constant kind=vs type=f reg=17 bits=3f800000,3d4ccccd,00000000,00000000
constant kind=vs type=f reg=18 bits=bf800000,3f800000,40400000,00000000
constant kind=vs type=f reg=19 bits=3d23d70a,3ccccccd,3c75c28f,00000000
constant kind=vs type=f reg=20 bits=3f800000,3d4ccccd,00000000,00000000
constant kind=vs type=f reg=21 bits=00000000,3f800000,40400000,00000000
constant kind=vs type=f reg=22 bits=3d23d70a,3ccccccd,3c75c28f,00000000
constant kind=vs type=f reg=23 bits=3f800000,3d4ccccd,00000000,00000000
constant kind=vs type=f reg=24 bits=3f800000,00000000,00000000,00000000
constant kind=vs type=f reg=25 bits=00000000,3f800000,00000000,00000000
constant kind=vs type=f reg=26 bits=00000000,00000000,3f800000,00000000
constant kind=vs type=f reg=27 bits=00000000,00000000,00000000,3f800000
constant kind=vs type=f reg=28 bits=3f800000,00000000,00000000,00000000
constant kind=vs type=f reg=29 bits=00000000,3f800000,00000000,00000000
constant kind=vs type=f reg=30 bits=00000000,00000000,3f800000,00000000
constant kind=vs type=f reg=31 bits=3f800000,00000000,00000000,00000000
constant kind=vs type=f reg=32 bits=00000000,3f800000,00000000,00000000
constant kind=vs type=f reg=33 bits=00000000,00000000,3f800000,00000000
constant kind=vs type=f reg=34 bits=3f800000,00000000,00000000,00000000
constant kind=vs type=f reg=35 bits=00000000,3f800000,00000000,00000000
constant kind=vs type=f reg=36 bits=00000000,00000000,3f800000,40800000
constant kind=vs type=f reg=37 bits=3f800000,00000000,00000000,00000000
constant kind=vs type=f reg=38 bits=00000000,3f800000,00000000,00000000
constant kind=vs type=f reg=39 bits=3f200000,00000000,00000000,00000000
constant kind=vs type=f reg=40 bits=3e4ccccd,3dcccccd,3d4ccccd,00000000
constant kind=vs type=f reg=41 bits=3f800000,00000000,00000000,00000000
constant kind=vs type=f reg=252 bits=42c80000,42ca0000,42cc0000,42ce0000
constant kind=vs type=f reg=253 bits=42d00000,42d20000,42d40000,42d60000
constant kind=vs type=f reg=254 bits=42d80000,42da0000,42dc0000,42de0000
constant kind=vs type=f reg=255 bits=42e00000,42e20000,42e40000,42e60000
constants kind=vs type=i count=16 result=00000000 encoding=full
constant kind=vs type=i reg=0 values=1,0,1,0
constant kind=vs type=i reg=1 values=0,0,0,0
constant kind=vs type=i reg=2 values=0,0,0,0
constant kind=vs type=i reg=3 values=0,0,0,0
constant kind=vs type=i reg=4 values=0,0,0,0
constant kind=vs type=i reg=5 values=0,0,0,0
constant kind=vs type=i reg=6 values=0,0,0,0
constant kind=vs type=i reg=7 values=0,0,0,0
constant kind=vs type=i reg=8 values=0,0,0,0
constant kind=vs type=i reg=9 values=0,0,0,0
constant kind=vs type=i reg=10 values=0,0,0,0
constant kind=vs type=i reg=11 values=0,0,0,0
constant kind=vs type=i reg=12 values=0,0,0,0
constant kind=vs type=i reg=13 values=0,0,0,0
constant kind=vs type=i reg=14 values=0,0,0,0
constant kind=vs type=i reg=15 values=0,0,0,0
constants kind=vs type=b count=16 result=00000000 encoding=full
constant kind=vs type=b reg=0 values=0
constant kind=vs type=b reg=1 values=0
constant kind=vs type=b reg=2 values=0
constant kind=vs type=b reg=3 values=0
constant kind=vs type=b reg=4 values=0
constant kind=vs type=b reg=5 values=0
constant kind=vs type=b reg=6 values=0
constant kind=vs type=b reg=7 values=0
constant kind=vs type=b reg=8 values=0
constant kind=vs type=b reg=9 values=0
constant kind=vs type=b reg=10 values=0
constant kind=vs type=b reg=11 values=0
constant kind=vs type=b reg=12 values=0
constant kind=vs type=b reg=13 values=0
constant kind=vs type=b reg=14 values=0
constant kind=vs type=b reg=15 values=0
constants kind=ps type=f count=224 result=00000000 encoding=sparse_zero
constant kind=ps type=f reg=0 bits=3f800000,00000000,00000000,00000000
constant kind=ps type=f reg=1 bits=00000000,3f800000,00000000,00000000
constant kind=ps type=f reg=2 bits=00000000,00000000,3f800000,00000000
constant kind=ps type=f reg=3 bits=3e800000,00000000,00000000,00000000
constant kind=ps type=f reg=4 bits=00000000,00000000,3f800000,00000000
constant kind=ps type=f reg=5 bits=3e99999a,3e4ccccd,3dcccccd,00000000
constant kind=ps type=f reg=6 bits=3f000000,00000000,3f000000,00000000
constant kind=ps type=f reg=7 bits=3dcccccd,3e19999a,3e4ccccd,00000000
constant kind=ps type=f reg=216 bits=43480000,43490000,434a0000,434b0000
constant kind=ps type=f reg=217 bits=434c0000,434d0000,434e0000,434f0000
constants kind=ps type=i count=16 result=00000000 encoding=full
constant kind=ps type=i reg=0 values=0,0,0,0
constant kind=ps type=i reg=1 values=0,0,0,0
constant kind=ps type=i reg=2 values=0,0,0,0
constant kind=ps type=i reg=3 values=0,0,0,0
constant kind=ps type=i reg=4 values=0,0,0,0
constant kind=ps type=i reg=5 values=0,0,0,0
constant kind=ps type=i reg=6 values=0,0,0,0
constant kind=ps type=i reg=7 values=0,0,0,0
constant kind=ps type=i reg=8 values=0,0,0,0
constant kind=ps type=i reg=9 values=0,0,0,0
constant kind=ps type=i reg=10 values=0,0,0,0
constant kind=ps type=i reg=11 values=0,0,0,0
constant kind=ps type=i reg=12 values=0,0,0,0
constant kind=ps type=i reg=13 values=0,0,0,0
constant kind=ps type=i reg=14 values=0,0,0,0
constant kind=ps type=i reg=15 values=0,0,0,0
constants kind=ps type=b count=16 result=00000000 encoding=full
constant kind=ps type=b reg=0 values=0
constant kind=ps type=b reg=1 values=0
constant kind=ps type=b reg=2 values=0
constant kind=ps type=b reg=3 values=0
constant kind=ps type=b reg=4 values=0
constant kind=ps type=b reg=5 values=0
constant kind=ps type=b reg=6 values=0
constant kind=ps type=b reg=7 values=0
constant kind=ps type=b reg=8 values=0
constant kind=ps type=b reg=9 values=0
constant kind=ps type=b reg=10 values=0
constant kind=ps type=b reg=11 values=0
constant kind=ps type=b reg=12 values=0
constant kind=ps type=b reg=13 values=0
constant kind=ps type=b reg=14 values=0
constant kind=ps type=b reg=15 values=0
draw_args start_vertex=0
motion_route device=1 frame=3 index=3 gate=5 routed=1 matched=0 depth=1 jittered=0 vs=53a0a641107ed76c ps=8759c7838bbc86c2 node=00000000 camera=00000000 node_handle=0 camera_handle=0 node_serial=0 camera_serial=0 load_epoch=0 registry_epoch=0 model=00000000 lod=00000000 vb=4 ib=0 declaration=0cdf6a8c884ad955 offset=0 stride=24 position_offset=0 position_type=16 topology=4 first=0 primitives=1 base_vertex=0 min_vertex=0 vertex_count=0 indexed=0 rows_hash=1b0c97ae01a7ec05 result=00000000
motion_input device=1 frame=3 index=3 blockers=00000210 proofs=28 position_path=1 vs=53a0a641107ed76c ps=8759c7838bbc86c2 declaration=0cdf6a8c884ad955 rows_hash=1b0c97ae01a7ec05 color=1 depth=2 width=64 height=64 cull=1 vb=4 vb_revision=0 ib=0 ib_revision=0 position_offset=0 position_type=16 lifetime_verified=0 vertex_finite_verified=0
motion_geometry device=1 frame=3 index=3 source_qualified=1 source_hash=53a0a641107ed76c source_words=526 finite_requested=0 finite_state=0 finite_reason=4 finite_status=00000001 finite_generation=0 finite_revision=0 index_required=0 index_requested=0 index_known=0 index_range_verified=0 index_exact=0 index_min=0 index_max=0 index_reason=1 index_status=00000001 index_generation=0 index_revision=0
draw_result device=1 frame=3 index=3 result=00000000
motion_output_cut device=1 frame=3 samples=0 median_px=0.0000 keyed=0 missing=0 missing_fraction=0.0000 bound_px=2.400 bound_missing=0.250 cut=0
motion_output_readback device=1 frame=3 file=motion_1_3.rgba32f width=64 height=64 format=rgba32f_row_major result=00000000 bytes=65536
motion_output_depth_readback device=1 frame=3 file=depth_1_3.r32f width=64 height=64 format=r32f_row_major result=00000000 bytes=16384
motion_output_frame device=1 frame=3 latched=1 filled=1 fill_result=00000000 fill_restore=00000000 draws=3 routed=2 matched=0 gate1=0 gate2=1 gate3=0 gate4=0 gate5=2 gate6=0 apply_failures=0 restore_failures=0 history_previous=0 history_current=0 committed=1 selector_state=2 present=00000000 depth=1 depth_routed=2 jitter=0 jitter_index=3 jitter_x=0.000000 jitter_y=0.000000 jitter_previous_x=0.000000 jitter_previous_y=0.000000 jittered=0 cut=0 cut_median_px=0.0000 cut_missing=0.0000 cut_samples=0
frame_end device=1 frame=3 draws=3 capture=1 present=00000000
ownership_copy_depth phase=present device=1 frame=3 result=00000000 status=00000001 requested=0 available=0 source_bound=0 copy_valid=0 generation=0 source_epoch=0 copy_epoch=0 source_width=0 source_height=0 source_format=0 source_type=0 source_usage=0 source_pool=0 source_msaa=0 source_quality=0
admission_metric device=1 frame=3 phase=present active_roots=1 waiting_roots=0 admitted_roots=1306 promotions=0 veto_bits=0 first_reason=0 replay_active=0 live_replay_enabled=0 coverage_complete=0
frame_begin device=1 frame=4
capture_event device=1 frame=4 seq=1 after_draw=0 op=clear result=00000000 qpc=9073124071578
clear flags=3 color=ff203040 z=1 stencil=0 rect_count=0 rect_ptr=00000000
surface role=clear_rt0 ptr=02111bb0 identity=1 width=64 height=64 format=21 usage=1 msaa=0 container=0 container_type=0 container_result=80004002
surface role=clear_depth ptr=02111be0 identity=2 width=64 height=64 format=77 usage=2 msaa=0 container=0 container_type=0 container_result=80004002
clear_viewport result=00000000 x=0 y=0 w=64 h=64 minz=0 maxz=1
capture_event device=1 frame=4 seq=2 after_draw=0 op=draw_begin result=00000000 qpc=9073124072264
draw device=1 frame=4 index=1 kind=primitive topology=4 primitives=1 vs=53a0a641107ed76c ps=98731d5594e36226
geometry source=buffers
stream slot=0 result=00000000 identity=3 offset=0 stride=24 frequency=1 frequency_result=00000000
vertex_buffer identity=3 bytes=72 usage=0 pool=1 fvf=0
buffer_content kind=vertex identity=3 result=00000000 status=00000001 requested=0 known=0 ambiguous=0 revision=0 pending=0 flags=00000000
stream slot=1 result=00000000 identity=0
stream slot=2 result=00000000 identity=0
stream slot=3 result=00000000 identity=0
stream slot=4 result=00000000 identity=0
stream slot=5 result=00000000 identity=0
stream slot=6 result=00000000 identity=0
stream slot=7 result=00000000 identity=0
stream slot=8 result=00000000 identity=0
stream slot=9 result=00000000 identity=0
stream slot=10 result=00000000 identity=0
stream slot=11 result=00000000 identity=0
stream slot=12 result=00000000 identity=0
stream slot=13 result=00000000 identity=0
stream slot=14 result=00000000 identity=0
stream slot=15 result=00000000 identity=0
indices result=00000000 identity=0
surface role=rt0 ptr=02111bb0 identity=1 width=64 height=64 format=21 usage=1 msaa=0 container=0 container_type=0 container_result=80004002
surface role=depth ptr=02111be0 identity=2 width=64 height=64 format=77 usage=2 msaa=0 container=0 container_type=0 container_result=80004002
state id=7 value=0
state id=14 value=0
state id=23 value=4
state id=15 value=1
state id=24 value=0
state id=25 value=8
state id=27 value=1
state id=19 value=2
state id=20 value=1
state id=171 value=1
state id=22 value=2
state id=168 value=7
state id=194 value=0
state id=206 value=0
state id=52 value=1
state id=56 value=8
state id=57 value=0
state id=58 value=4294967295
state id=59 value=4294967295
state id=53 value=1
state id=54 value=1
state id=55 value=1
state id=185 value=0
state id=189 value=8
state id=186 value=1
state id=187 value=1
state id=188 value=1
viewport x=0 y=0 w=64 h=64 minz=0 maxz=1
texture stage=0 ptr=02111a90 type=3 identity=5
texture_desc stage=0 w=2 h=2 format=21
sampler stage=0 state=6 value=1
sampler stage=0 state=5 value=1
sampler stage=0 state=7 value=0
sampler stage=0 state=10 value=1
sampler stage=0 state=11 value=0
texture stage=1 ptr=02111af0 type=3 identity=6
texture_desc stage=1 w=2 h=2 format=21
sampler stage=1 state=6 value=1
sampler stage=1 state=5 value=1
sampler stage=1 state=7 value=0
sampler stage=1 state=10 value=1
sampler stage=1 state=11 value=0
texture stage=2 ptr=02111b50 type=3 identity=7
texture_desc stage=2 w=2 h=2 format=21
sampler stage=2 state=6 value=1
sampler stage=2 state=5 value=1
sampler stage=2 state=7 value=0
sampler stage=2 state=10 value=1
sampler stage=2 state=11 value=0
texture stage=3 ptr=02111b80 type=5 identity=8
sampler stage=3 state=6 value=1
sampler stage=3 state=5 value=1
sampler stage=3 state=7 value=0
sampler stage=3 state=10 value=1
sampler stage=3 state=11 value=0
sampler stage=4 state=6 value=1
sampler stage=4 state=5 value=1
sampler stage=4 state=7 value=0
sampler stage=4 state=10 value=1
sampler stage=4 state=11 value=0
sampler stage=5 state=6 value=1
sampler stage=5 state=5 value=1
sampler stage=5 state=7 value=0
sampler stage=5 state=10 value=1
sampler stage=5 state=11 value=0
sampler stage=6 state=6 value=1
sampler stage=6 state=5 value=1
sampler stage=6 state=7 value=0
sampler stage=6 state=10 value=1
sampler stage=6 state=11 value=0
sampler stage=7 state=6 value=1
sampler stage=7 state=5 value=1
sampler stage=7 state=7 value=0
sampler stage=7 state=10 value=1
sampler stage=7 state=11 value=0
sampler stage=8 state=6 value=1
sampler stage=8 state=5 value=1
sampler stage=8 state=7 value=0
sampler stage=8 state=10 value=1
sampler stage=8 state=11 value=0
sampler stage=9 state=6 value=1
sampler stage=9 state=5 value=1
sampler stage=9 state=7 value=0
sampler stage=9 state=10 value=1
sampler stage=9 state=11 value=0
sampler stage=10 state=6 value=1
sampler stage=10 state=5 value=1
sampler stage=10 state=7 value=0
sampler stage=10 state=10 value=1
sampler stage=10 state=11 value=0
sampler stage=11 state=6 value=1
sampler stage=11 state=5 value=1
sampler stage=11 state=7 value=0
sampler stage=11 state=10 value=1
sampler stage=11 state=11 value=0
sampler stage=12 state=6 value=1
sampler stage=12 state=5 value=1
sampler stage=12 state=7 value=0
sampler stage=12 state=10 value=1
sampler stage=12 state=11 value=0
sampler stage=13 state=6 value=1
sampler stage=13 state=5 value=1
sampler stage=13 state=7 value=0
sampler stage=13 state=10 value=1
sampler stage=13 state=11 value=0
sampler stage=14 state=6 value=1
sampler stage=14 state=5 value=1
sampler stage=14 state=7 value=0
sampler stage=14 state=10 value=1
sampler stage=14 state=11 value=0
sampler stage=15 state=6 value=1
sampler stage=15 state=5 value=1
sampler stage=15 state=7 value=0
sampler stage=15 state=10 value=1
sampler stage=15 state=11 value=0
vertex_element stream=0 offset=0 type=16 method=0 usage=0 index=0
vertex_element stream=0 offset=8 type=16 method=0 usage=5 index=0
vertex_element stream=0 offset=16 type=16 method=0 usage=3 index=0
vertex_element stream=255 offset=0 type=17 method=0 usage=0 index=0
transform state=256 row=0 values=1,0,0,0
transform state=256 row=1 values=0,1,0,0
transform state=256 row=2 values=0,0,1,0
transform state=256 row=3 values=0,0,0,1
transform state=2 row=0 values=1,0,0,0
transform state=2 row=1 values=0,1,0,0
transform state=2 row=2 values=0,0,1,0
transform state=2 row=3 values=0,0,0,1
transform state=3 row=0 values=1,0,0,0
transform state=3 row=1 values=0,1,0,0
transform state=3 row=2 values=0,0,1,0
transform state=3 row=3 values=0,0,0,1
constants kind=vs type=f count=256 result=00000000 encoding=sparse_zero
constant kind=vs type=f reg=0 bits=bf800000,3f800000,40400000,00000000
constant kind=vs type=f reg=1 bits=3d23d70a,3ccccccd,3c75c28f,00000000
constant kind=vs type=f reg=2 bits=3f800000,3d4ccccd,00000000,00000000
constant kind=vs type=f reg=3 bits=00000000,3f800000,40400000,00000000
constant kind=vs type=f reg=4 bits=3d23d70a,3ccccccd,3c75c28f,00000000
constant kind=vs type=f reg=5 bits=3f800000,3d4ccccd,00000000,00000000
constant kind=vs type=f reg=6 bits=3f800000,3f800000,40400000,00000000
constant kind=vs type=f reg=7 bits=3d23d70a,3ccccccd,3c75c28f,00000000
constant kind=vs type=f reg=8 bits=3f800000,3d4ccccd,00000000,00000000
constant kind=vs type=f reg=9 bits=bf800000,3f800000,40400000,00000000
constant kind=vs type=f reg=10 bits=3d23d70a,3ccccccd,3c75c28f,00000000
constant kind=vs type=f reg=11 bits=3f800000,3d4ccccd,00000000,00000000
constant kind=vs type=f reg=12 bits=00000000,3f800000,40400000,00000000
constant kind=vs type=f reg=13 bits=3d23d70a,3ccccccd,3c75c28f,00000000
constant kind=vs type=f reg=14 bits=3f800000,3d4ccccd,00000000,00000000
constant kind=vs type=f reg=15 bits=3f800000,3f800000,40400000,00000000
constant kind=vs type=f reg=16 bits=3d23d70a,3ccccccd,3c75c28f,00000000
constant kind=vs type=f reg=17 bits=3f800000,3d4ccccd,00000000,00000000
constant kind=vs type=f reg=18 bits=bf800000,3f800000,40400000,00000000
constant kind=vs type=f reg=19 bits=3d23d70a,3ccccccd,3c75c28f,00000000
constant kind=vs type=f reg=20 bits=3f800000,3d4ccccd,00000000,00000000
constant kind=vs type=f reg=21 bits=00000000,3f800000,40400000,00000000
constant kind=vs type=f reg=22 bits=3d23d70a,3ccccccd,3c75c28f,00000000
constant kind=vs type=f reg=23 bits=3f800000,3d4ccccd,00000000,00000000
constant kind=vs type=f reg=24 bits=3f800000,00000000,00000000,00000000
constant kind=vs type=f reg=25 bits=00000000,3f800000,00000000,00000000
constant kind=vs type=f reg=26 bits=00000000,00000000,3f800000,00000000
constant kind=vs type=f reg=27 bits=00000000,00000000,00000000,3f800000
constant kind=vs type=f reg=28 bits=3f800000,00000000,00000000,00000000
constant kind=vs type=f reg=29 bits=00000000,3f800000,00000000,00000000
constant kind=vs type=f reg=30 bits=00000000,00000000,3f800000,00000000
constant kind=vs type=f reg=31 bits=3f800000,00000000,00000000,00000000
constant kind=vs type=f reg=32 bits=00000000,3f800000,00000000,00000000
constant kind=vs type=f reg=33 bits=00000000,00000000,3f800000,00000000
constant kind=vs type=f reg=34 bits=3f800000,00000000,00000000,00000000
constant kind=vs type=f reg=35 bits=00000000,3f800000,00000000,00000000
constant kind=vs type=f reg=36 bits=00000000,00000000,3f800000,40800000
constant kind=vs type=f reg=37 bits=3f800000,00000000,00000000,00000000
constant kind=vs type=f reg=38 bits=00000000,3f800000,00000000,00000000
constant kind=vs type=f reg=39 bits=3f200000,00000000,00000000,00000000
constant kind=vs type=f reg=40 bits=3e4ccccd,3dcccccd,3d4ccccd,00000000
constant kind=vs type=f reg=41 bits=3f800000,00000000,00000000,00000000
constant kind=vs type=f reg=252 bits=42c80000,42ca0000,42cc0000,42ce0000
constant kind=vs type=f reg=253 bits=42d00000,42d20000,42d40000,42d60000
constant kind=vs type=f reg=254 bits=42d80000,42da0000,42dc0000,42de0000
constant kind=vs type=f reg=255 bits=42e00000,42e20000,42e40000,42e60000
constants kind=vs type=i count=16 result=00000000 encoding=full
constant kind=vs type=i reg=0 values=1,0,1,0
constant kind=vs type=i reg=1 values=0,0,0,0
constant kind=vs type=i reg=2 values=0,0,0,0
constant kind=vs type=i reg=3 values=0,0,0,0
constant kind=vs type=i reg=4 values=0,0,0,0
constant kind=vs type=i reg=5 values=0,0,0,0
constant kind=vs type=i reg=6 values=0,0,0,0
constant kind=vs type=i reg=7 values=0,0,0,0
constant kind=vs type=i reg=8 values=0,0,0,0
constant kind=vs type=i reg=9 values=0,0,0,0
constant kind=vs type=i reg=10 values=0,0,0,0
constant kind=vs type=i reg=11 values=0,0,0,0
constant kind=vs type=i reg=12 values=0,0,0,0
constant kind=vs type=i reg=13 values=0,0,0,0
constant kind=vs type=i reg=14 values=0,0,0,0
constant kind=vs type=i reg=15 values=0,0,0,0
constants kind=vs type=b count=16 result=00000000 encoding=full
constant kind=vs type=b reg=0 values=0
constant kind=vs type=b reg=1 values=0
constant kind=vs type=b reg=2 values=0
constant kind=vs type=b reg=3 values=0
constant kind=vs type=b reg=4 values=0
constant kind=vs type=b reg=5 values=0
constant kind=vs type=b reg=6 values=0
constant kind=vs type=b reg=7 values=0
constant kind=vs type=b reg=8 values=0
constant kind=vs type=b reg=9 values=0
constant kind=vs type=b reg=10 values=0
constant kind=vs type=b reg=11 values=0
constant kind=vs type=b reg=12 values=0
constant kind=vs type=b reg=13 values=0
constant kind=vs type=b reg=14 values=0
constant kind=vs type=b reg=15 values=0
constants kind=ps type=f count=224 result=00000000 encoding=sparse_zero
constant kind=ps type=f reg=0 bits=3f800000,00000000,00000000,00000000
constant kind=ps type=f reg=1 bits=00000000,3f800000,00000000,00000000
constant kind=ps type=f reg=2 bits=00000000,00000000,3f800000,00000000
constant kind=ps type=f reg=3 bits=3e800000,00000000,00000000,00000000
constant kind=ps type=f reg=4 bits=00000000,00000000,3f800000,00000000
constant kind=ps type=f reg=5 bits=3e99999a,3e4ccccd,3dcccccd,00000000
constant kind=ps type=f reg=6 bits=3f000000,00000000,3f000000,00000000
constant kind=ps type=f reg=7 bits=3dcccccd,3e19999a,3e4ccccd,00000000
constant kind=ps type=f reg=216 bits=43480000,43490000,434a0000,434b0000
constant kind=ps type=f reg=217 bits=434c0000,434d0000,434e0000,434f0000
constants kind=ps type=i count=16 result=00000000 encoding=full
constant kind=ps type=i reg=0 values=0,0,0,0
constant kind=ps type=i reg=1 values=0,0,0,0
constant kind=ps type=i reg=2 values=0,0,0,0
constant kind=ps type=i reg=3 values=0,0,0,0
constant kind=ps type=i reg=4 values=0,0,0,0
constant kind=ps type=i reg=5 values=0,0,0,0
constant kind=ps type=i reg=6 values=0,0,0,0
constant kind=ps type=i reg=7 values=0,0,0,0
constant kind=ps type=i reg=8 values=0,0,0,0
constant kind=ps type=i reg=9 values=0,0,0,0
constant kind=ps type=i reg=10 values=0,0,0,0
constant kind=ps type=i reg=11 values=0,0,0,0
constant kind=ps type=i reg=12 values=0,0,0,0
constant kind=ps type=i reg=13 values=0,0,0,0
constant kind=ps type=i reg=14 values=0,0,0,0
constant kind=ps type=i reg=15 values=0,0,0,0
constants kind=ps type=b count=16 result=00000000 encoding=full
constant kind=ps type=b reg=0 values=0
constant kind=ps type=b reg=1 values=0
constant kind=ps type=b reg=2 values=0
constant kind=ps type=b reg=3 values=0
constant kind=ps type=b reg=4 values=0
constant kind=ps type=b reg=5 values=0
constant kind=ps type=b reg=6 values=0
constant kind=ps type=b reg=7 values=0
constant kind=ps type=b reg=8 values=0
constant kind=ps type=b reg=9 values=0
constant kind=ps type=b reg=10 values=0
constant kind=ps type=b reg=11 values=0
constant kind=ps type=b reg=12 values=0
constant kind=ps type=b reg=13 values=0
constant kind=ps type=b reg=14 values=0
constant kind=ps type=b reg=15 values=0
draw_args start_vertex=0
motion_input device=1 frame=4 index=1 blockers=00000252 proofs=20 position_path=1 vs=53a0a641107ed76c ps=98731d5594e36226 declaration=0cdf6a8c884ad955 rows_hash=1b0c97ae01a7ec05 color=1 depth=2 width=64 height=64 cull=2 vb=3 vb_revision=0 ib=0 ib_revision=0 position_offset=0 position_type=16 lifetime_verified=0 vertex_finite_verified=0
motion_geometry device=1 frame=4 index=1 source_qualified=1 source_hash=53a0a641107ed76c source_words=526 finite_requested=0 finite_state=0 finite_reason=4 finite_status=00000001 finite_generation=0 finite_revision=0 index_required=0 index_requested=0 index_known=0 index_range_verified=0 index_exact=0 index_min=0 index_max=0 index_reason=1 index_status=00000001 index_generation=0 index_revision=0
draw_result device=1 frame=4 index=1 result=00000000
capture_event device=1 frame=4 seq=3 after_draw=1 op=clear result=00000000 qpc=9073124080167
clear flags=2 color=00000000 z=1 stencil=0 rect_count=0 rect_ptr=00000000
surface role=clear_rt0 ptr=02111bb0 identity=1 width=64 height=64 format=21 usage=1 msaa=0 container=0 container_type=0 container_result=80004002
surface role=clear_depth ptr=02111be0 identity=2 width=64 height=64 format=77 usage=2 msaa=0 container=0 container_type=0 container_result=80004002
clear_viewport result=00000000 x=0 y=0 w=64 h=64 minz=0 maxz=1
capture_event device=1 frame=4 seq=4 after_draw=1 op=draw_begin result=00000000 qpc=9073124081020
draw device=1 frame=4 index=2 kind=primitive topology=4 primitives=1 vs=53a0a641107ed76c ps=8759c7838bbc86c2
geometry source=buffers
stream slot=0 result=00000000 identity=3 offset=0 stride=24 frequency=1 frequency_result=00000000
vertex_buffer identity=3 bytes=72 usage=0 pool=1 fvf=0
buffer_content kind=vertex identity=3 result=00000000 status=00000001 requested=0 known=0 ambiguous=0 revision=0 pending=0 flags=00000000
stream slot=1 result=00000000 identity=0
stream slot=2 result=00000000 identity=0
stream slot=3 result=00000000 identity=0
stream slot=4 result=00000000 identity=0
stream slot=5 result=00000000 identity=0
stream slot=6 result=00000000 identity=0
stream slot=7 result=00000000 identity=0
stream slot=8 result=00000000 identity=0
stream slot=9 result=00000000 identity=0
stream slot=10 result=00000000 identity=0
stream slot=11 result=00000000 identity=0
stream slot=12 result=00000000 identity=0
stream slot=13 result=00000000 identity=0
stream slot=14 result=00000000 identity=0
stream slot=15 result=00000000 identity=0
indices result=00000000 identity=0
surface role=rt0 ptr=02111bb0 identity=1 width=64 height=64 format=21 usage=1 msaa=0 container=0 container_type=0 container_result=80004002
surface role=depth ptr=02111be0 identity=2 width=64 height=64 format=77 usage=2 msaa=0 container=0 container_type=0 container_result=80004002
state id=7 value=1
state id=14 value=1
state id=23 value=4
state id=15 value=0
state id=24 value=0
state id=25 value=8
state id=27 value=0
state id=19 value=2
state id=20 value=1
state id=171 value=1
state id=22 value=1
state id=168 value=15
state id=194 value=0
state id=206 value=0
state id=52 value=0
state id=56 value=8
state id=57 value=0
state id=58 value=4294967295
state id=59 value=4294967295
state id=53 value=1
state id=54 value=1
state id=55 value=1
state id=185 value=0
state id=189 value=8
state id=186 value=1
state id=187 value=1
state id=188 value=1
viewport x=0 y=0 w=64 h=64 minz=0 maxz=1
texture stage=0 ptr=02111a90 type=3 identity=5
texture_desc stage=0 w=2 h=2 format=21
sampler stage=0 state=6 value=1
sampler stage=0 state=5 value=1
sampler stage=0 state=7 value=0
sampler stage=0 state=10 value=1
sampler stage=0 state=11 value=0
texture stage=1 ptr=02111af0 type=3 identity=6
texture_desc stage=1 w=2 h=2 format=21
sampler stage=1 state=6 value=1
sampler stage=1 state=5 value=1
sampler stage=1 state=7 value=0
sampler stage=1 state=10 value=1
sampler stage=1 state=11 value=0
texture stage=2 ptr=02111b50 type=3 identity=7
texture_desc stage=2 w=2 h=2 format=21
sampler stage=2 state=6 value=1
sampler stage=2 state=5 value=1
sampler stage=2 state=7 value=0
sampler stage=2 state=10 value=1
sampler stage=2 state=11 value=0
texture stage=3 ptr=02111b80 type=5 identity=8
sampler stage=3 state=6 value=1
sampler stage=3 state=5 value=1
sampler stage=3 state=7 value=0
sampler stage=3 state=10 value=1
sampler stage=3 state=11 value=0
sampler stage=4 state=6 value=1
sampler stage=4 state=5 value=1
sampler stage=4 state=7 value=0
sampler stage=4 state=10 value=1
sampler stage=4 state=11 value=0
sampler stage=5 state=6 value=1
sampler stage=5 state=5 value=1
sampler stage=5 state=7 value=0
sampler stage=5 state=10 value=1
sampler stage=5 state=11 value=0
sampler stage=6 state=6 value=1
sampler stage=6 state=5 value=1
sampler stage=6 state=7 value=0
sampler stage=6 state=10 value=1
sampler stage=6 state=11 value=0
sampler stage=7 state=6 value=1
sampler stage=7 state=5 value=1
sampler stage=7 state=7 value=0
sampler stage=7 state=10 value=1
sampler stage=7 state=11 value=0
sampler stage=8 state=6 value=1
sampler stage=8 state=5 value=1
sampler stage=8 state=7 value=0
sampler stage=8 state=10 value=1
sampler stage=8 state=11 value=0
sampler stage=9 state=6 value=1
sampler stage=9 state=5 value=1
sampler stage=9 state=7 value=0
sampler stage=9 state=10 value=1
sampler stage=9 state=11 value=0
sampler stage=10 state=6 value=1
sampler stage=10 state=5 value=1
sampler stage=10 state=7 value=0
sampler stage=10 state=10 value=1
sampler stage=10 state=11 value=0
sampler stage=11 state=6 value=1
sampler stage=11 state=5 value=1
sampler stage=11 state=7 value=0
sampler stage=11 state=10 value=1
sampler stage=11 state=11 value=0
sampler stage=12 state=6 value=1
sampler stage=12 state=5 value=1
sampler stage=12 state=7 value=0
sampler stage=12 state=10 value=1
sampler stage=12 state=11 value=0
sampler stage=13 state=6 value=1
sampler stage=13 state=5 value=1
sampler stage=13 state=7 value=0
sampler stage=13 state=10 value=1
sampler stage=13 state=11 value=0
sampler stage=14 state=6 value=1
sampler stage=14 state=5 value=1
sampler stage=14 state=7 value=0
sampler stage=14 state=10 value=1
sampler stage=14 state=11 value=0
sampler stage=15 state=6 value=1
sampler stage=15 state=5 value=1
sampler stage=15 state=7 value=0
sampler stage=15 state=10 value=1
sampler stage=15 state=11 value=0
vertex_element stream=0 offset=0 type=16 method=0 usage=0 index=0
vertex_element stream=0 offset=8 type=16 method=0 usage=5 index=0
vertex_element stream=0 offset=16 type=16 method=0 usage=3 index=0
vertex_element stream=255 offset=0 type=17 method=0 usage=0 index=0
transform state=256 row=0 values=1,0,0,0
transform state=256 row=1 values=0,1,0,0
transform state=256 row=2 values=0,0,1,0
transform state=256 row=3 values=0,0,0,1
transform state=2 row=0 values=1,0,0,0
transform state=2 row=1 values=0,1,0,0
transform state=2 row=2 values=0,0,1,0
transform state=2 row=3 values=0,0,0,1
transform state=3 row=0 values=1,0,0,0
transform state=3 row=1 values=0,1,0,0
transform state=3 row=2 values=0,0,1,0
transform state=3 row=3 values=0,0,0,1
constants kind=vs type=f count=256 result=00000000 encoding=sparse_zero
constant kind=vs type=f reg=0 bits=bf800000,3f800000,40400000,00000000
constant kind=vs type=f reg=1 bits=3d23d70a,3ccccccd,3c75c28f,00000000
constant kind=vs type=f reg=2 bits=3f800000,3d4ccccd,00000000,00000000
constant kind=vs type=f reg=3 bits=00000000,3f800000,40400000,00000000
constant kind=vs type=f reg=4 bits=3d23d70a,3ccccccd,3c75c28f,00000000
constant kind=vs type=f reg=5 bits=3f800000,3d4ccccd,00000000,00000000
constant kind=vs type=f reg=6 bits=3f800000,3f800000,40400000,00000000
constant kind=vs type=f reg=7 bits=3d23d70a,3ccccccd,3c75c28f,00000000
constant kind=vs type=f reg=8 bits=3f800000,3d4ccccd,00000000,00000000
constant kind=vs type=f reg=9 bits=bf800000,3f800000,40400000,00000000
constant kind=vs type=f reg=10 bits=3d23d70a,3ccccccd,3c75c28f,00000000
constant kind=vs type=f reg=11 bits=3f800000,3d4ccccd,00000000,00000000
constant kind=vs type=f reg=12 bits=00000000,3f800000,40400000,00000000
constant kind=vs type=f reg=13 bits=3d23d70a,3ccccccd,3c75c28f,00000000
constant kind=vs type=f reg=14 bits=3f800000,3d4ccccd,00000000,00000000
constant kind=vs type=f reg=15 bits=3f800000,3f800000,40400000,00000000
constant kind=vs type=f reg=16 bits=3d23d70a,3ccccccd,3c75c28f,00000000
constant kind=vs type=f reg=17 bits=3f800000,3d4ccccd,00000000,00000000
constant kind=vs type=f reg=18 bits=bf800000,3f800000,40400000,00000000
constant kind=vs type=f reg=19 bits=3d23d70a,3ccccccd,3c75c28f,00000000
constant kind=vs type=f reg=20 bits=3f800000,3d4ccccd,00000000,00000000
constant kind=vs type=f reg=21 bits=00000000,3f800000,40400000,00000000
constant kind=vs type=f reg=22 bits=3d23d70a,3ccccccd,3c75c28f,00000000
constant kind=vs type=f reg=23 bits=3f800000,3d4ccccd,00000000,00000000
constant kind=vs type=f reg=24 bits=3f800000,00000000,00000000,3f4ccccd
constant kind=vs type=f reg=25 bits=00000000,3f800000,00000000,00000000
constant kind=vs type=f reg=26 bits=00000000,00000000,3f800000,00000000
constant kind=vs type=f reg=27 bits=3e000000,00000000,00000000,3f800000
constant kind=vs type=f reg=28 bits=3f800000,00000000,00000000,00000000
constant kind=vs type=f reg=29 bits=00000000,3f800000,00000000,00000000
constant kind=vs type=f reg=30 bits=00000000,00000000,3f800000,00000000
constant kind=vs type=f reg=31 bits=3f800000,00000000,00000000,00000000
constant kind=vs type=f reg=32 bits=00000000,3f800000,00000000,00000000
constant kind=vs type=f reg=33 bits=00000000,00000000,3f800000,00000000
constant kind=vs type=f reg=34 bits=3f800000,00000000,00000000,00000000
constant kind=vs type=f reg=35 bits=00000000,3f800000,00000000,00000000
constant kind=vs type=f reg=36 bits=00000000,00000000,3f800000,40800000
constant kind=vs type=f reg=37 bits=3f800000,00000000,00000000,00000000
constant kind=vs type=f reg=38 bits=00000000,3f800000,00000000,00000000
constant kind=vs type=f reg=39 bits=3f200000,00000000,00000000,00000000
constant kind=vs type=f reg=40 bits=3e4ccccd,3dcccccd,3d4ccccd,00000000
constant kind=vs type=f reg=41 bits=3f800000,00000000,00000000,00000000
constant kind=vs type=f reg=252 bits=42c80000,42ca0000,42cc0000,42ce0000
constant kind=vs type=f reg=253 bits=42d00000,42d20000,42d40000,42d60000
constant kind=vs type=f reg=254 bits=42d80000,42da0000,42dc0000,42de0000
constant kind=vs type=f reg=255 bits=42e00000,42e20000,42e40000,42e60000
constants kind=vs type=i count=16 result=00000000 encoding=full
constant kind=vs type=i reg=0 values=1,0,1,0
constant kind=vs type=i reg=1 values=0,0,0,0
constant kind=vs type=i reg=2 values=0,0,0,0
constant kind=vs type=i reg=3 values=0,0,0,0
constant kind=vs type=i reg=4 values=0,0,0,0
constant kind=vs type=i reg=5 values=0,0,0,0
constant kind=vs type=i reg=6 values=0,0,0,0
constant kind=vs type=i reg=7 values=0,0,0,0
constant kind=vs type=i reg=8 values=0,0,0,0
constant kind=vs type=i reg=9 values=0,0,0,0
constant kind=vs type=i reg=10 values=0,0,0,0
constant kind=vs type=i reg=11 values=0,0,0,0
constant kind=vs type=i reg=12 values=0,0,0,0
constant kind=vs type=i reg=13 values=0,0,0,0
constant kind=vs type=i reg=14 values=0,0,0,0
constant kind=vs type=i reg=15 values=0,0,0,0
constants kind=vs type=b count=16 result=00000000 encoding=full
constant kind=vs type=b reg=0 values=0
constant kind=vs type=b reg=1 values=0
constant kind=vs type=b reg=2 values=0
constant kind=vs type=b reg=3 values=0
constant kind=vs type=b reg=4 values=0
constant kind=vs type=b reg=5 values=0
constant kind=vs type=b reg=6 values=0
constant kind=vs type=b reg=7 values=0
constant kind=vs type=b reg=8 values=0
constant kind=vs type=b reg=9 values=0
constant kind=vs type=b reg=10 values=0
constant kind=vs type=b reg=11 values=0
constant kind=vs type=b reg=12 values=0
constant kind=vs type=b reg=13 values=0
constant kind=vs type=b reg=14 values=0
constant kind=vs type=b reg=15 values=0
constants kind=ps type=f count=224 result=00000000 encoding=sparse_zero
constant kind=ps type=f reg=0 bits=3f800000,00000000,00000000,00000000
constant kind=ps type=f reg=1 bits=00000000,3f800000,00000000,00000000
constant kind=ps type=f reg=2 bits=00000000,00000000,3f800000,00000000
constant kind=ps type=f reg=3 bits=3e800000,00000000,00000000,00000000
constant kind=ps type=f reg=4 bits=00000000,00000000,3f800000,00000000
constant kind=ps type=f reg=5 bits=3e99999a,3e4ccccd,3dcccccd,00000000
constant kind=ps type=f reg=6 bits=3f000000,00000000,3f000000,00000000
constant kind=ps type=f reg=7 bits=3dcccccd,3e19999a,3e4ccccd,00000000
constant kind=ps type=f reg=216 bits=43480000,43490000,434a0000,434b0000
constant kind=ps type=f reg=217 bits=434c0000,434d0000,434e0000,434f0000
constants kind=ps type=i count=16 result=00000000 encoding=full
constant kind=ps type=i reg=0 values=0,0,0,0
constant kind=ps type=i reg=1 values=0,0,0,0
constant kind=ps type=i reg=2 values=0,0,0,0
constant kind=ps type=i reg=3 values=0,0,0,0
constant kind=ps type=i reg=4 values=0,0,0,0
constant kind=ps type=i reg=5 values=0,0,0,0
constant kind=ps type=i reg=6 values=0,0,0,0
constant kind=ps type=i reg=7 values=0,0,0,0
constant kind=ps type=i reg=8 values=0,0,0,0
constant kind=ps type=i reg=9 values=0,0,0,0
constant kind=ps type=i reg=10 values=0,0,0,0
constant kind=ps type=i reg=11 values=0,0,0,0
constant kind=ps type=i reg=12 values=0,0,0,0
constant kind=ps type=i reg=13 values=0,0,0,0
constant kind=ps type=i reg=14 values=0,0,0,0
constant kind=ps type=i reg=15 values=0,0,0,0
constants kind=ps type=b count=16 result=00000000 encoding=full
constant kind=ps type=b reg=0 values=0
constant kind=ps type=b reg=1 values=0
constant kind=ps type=b reg=2 values=0
constant kind=ps type=b reg=3 values=0
constant kind=ps type=b reg=4 values=0
constant kind=ps type=b reg=5 values=0
constant kind=ps type=b reg=6 values=0
constant kind=ps type=b reg=7 values=0
constant kind=ps type=b reg=8 values=0
constant kind=ps type=b reg=9 values=0
constant kind=ps type=b reg=10 values=0
constant kind=ps type=b reg=11 values=0
constant kind=ps type=b reg=12 values=0
constant kind=ps type=b reg=13 values=0
constant kind=ps type=b reg=14 values=0
constant kind=ps type=b reg=15 values=0
draw_args start_vertex=0
motion_route device=1 frame=4 index=2 gate=5 routed=1 matched=0 depth=1 jittered=0 vs=53a0a641107ed76c ps=8759c7838bbc86c2 node=00000000 camera=00000000 node_handle=0 camera_handle=0 node_serial=0 camera_serial=0 load_epoch=0 registry_epoch=0 model=00000000 lod=00000000 vb=3 ib=0 declaration=0cdf6a8c884ad955 offset=0 stride=24 position_offset=0 position_type=16 topology=4 first=0 primitives=1 base_vertex=0 min_vertex=0 vertex_count=0 indexed=0 rows_hash=6e1905db0b783f53 result=00000000
motion_input device=1 frame=4 index=2 blockers=00000210 proofs=28 position_path=1 vs=53a0a641107ed76c ps=8759c7838bbc86c2 declaration=0cdf6a8c884ad955 rows_hash=6e1905db0b783f53 color=1 depth=2 width=64 height=64 cull=1 vb=3 vb_revision=0 ib=0 ib_revision=0 position_offset=0 position_type=16 lifetime_verified=0 vertex_finite_verified=0
motion_geometry device=1 frame=4 index=2 source_qualified=1 source_hash=53a0a641107ed76c source_words=526 finite_requested=0 finite_state=0 finite_reason=4 finite_status=00000001 finite_generation=0 finite_revision=0 index_required=0 index_requested=0 index_known=0 index_range_verified=0 index_exact=0 index_min=0 index_max=0 index_reason=1 index_status=00000001 index_generation=0 index_revision=0
draw_result device=1 frame=4 index=2 result=00000000
capture_event device=1 frame=4 seq=5 after_draw=2 op=draw_begin result=00000000 qpc=9073124089888
draw device=1 frame=4 index=3 kind=primitive topology=4 primitives=1 vs=53a0a641107ed76c ps=8759c7838bbc86c2
geometry source=buffers
stream slot=0 result=00000000 identity=4 offset=0 stride=24 frequency=1 frequency_result=00000000
vertex_buffer identity=4 bytes=72 usage=0 pool=1 fvf=0
buffer_content kind=vertex identity=4 result=00000000 status=00000001 requested=0 known=0 ambiguous=0 revision=0 pending=0 flags=00000000
stream slot=1 result=00000000 identity=0
stream slot=2 result=00000000 identity=0
stream slot=3 result=00000000 identity=0
stream slot=4 result=00000000 identity=0
stream slot=5 result=00000000 identity=0
stream slot=6 result=00000000 identity=0
stream slot=7 result=00000000 identity=0
stream slot=8 result=00000000 identity=0
stream slot=9 result=00000000 identity=0
stream slot=10 result=00000000 identity=0
stream slot=11 result=00000000 identity=0
stream slot=12 result=00000000 identity=0
stream slot=13 result=00000000 identity=0
stream slot=14 result=00000000 identity=0
stream slot=15 result=00000000 identity=0
indices result=00000000 identity=0
surface role=rt0 ptr=02111bb0 identity=1 width=64 height=64 format=21 usage=1 msaa=0 container=0 container_type=0 container_result=80004002
surface role=depth ptr=02111be0 identity=2 width=64 height=64 format=77 usage=2 msaa=0 container=0 container_type=0 container_result=80004002
state id=7 value=1
state id=14 value=1
state id=23 value=4
state id=15 value=0
state id=24 value=0
state id=25 value=8
state id=27 value=0
state id=19 value=2
state id=20 value=1
state id=171 value=1
state id=22 value=1
state id=168 value=15
state id=194 value=0
state id=206 value=0
state id=52 value=0
state id=56 value=8
state id=57 value=0
state id=58 value=4294967295
state id=59 value=4294967295
state id=53 value=1
state id=54 value=1
state id=55 value=1
state id=185 value=0
state id=189 value=8
state id=186 value=1
state id=187 value=1
state id=188 value=1
viewport x=0 y=0 w=64 h=64 minz=0 maxz=1
texture stage=0 ptr=02111a90 type=3 identity=5
texture_desc stage=0 w=2 h=2 format=21
sampler stage=0 state=6 value=1
sampler stage=0 state=5 value=1
sampler stage=0 state=7 value=0
sampler stage=0 state=10 value=1
sampler stage=0 state=11 value=0
texture stage=1 ptr=02111af0 type=3 identity=6
texture_desc stage=1 w=2 h=2 format=21
sampler stage=1 state=6 value=1
sampler stage=1 state=5 value=1
sampler stage=1 state=7 value=0
sampler stage=1 state=10 value=1
sampler stage=1 state=11 value=0
texture stage=2 ptr=02111b50 type=3 identity=7
texture_desc stage=2 w=2 h=2 format=21
sampler stage=2 state=6 value=1
sampler stage=2 state=5 value=1
sampler stage=2 state=7 value=0
sampler stage=2 state=10 value=1
sampler stage=2 state=11 value=0
texture stage=3 ptr=02111b80 type=5 identity=8
sampler stage=3 state=6 value=1
sampler stage=3 state=5 value=1
sampler stage=3 state=7 value=0
sampler stage=3 state=10 value=1
sampler stage=3 state=11 value=0
sampler stage=4 state=6 value=1
sampler stage=4 state=5 value=1
sampler stage=4 state=7 value=0
sampler stage=4 state=10 value=1
sampler stage=4 state=11 value=0
sampler stage=5 state=6 value=1
sampler stage=5 state=5 value=1
sampler stage=5 state=7 value=0
sampler stage=5 state=10 value=1
sampler stage=5 state=11 value=0
sampler stage=6 state=6 value=1
sampler stage=6 state=5 value=1
sampler stage=6 state=7 value=0
sampler stage=6 state=10 value=1
sampler stage=6 state=11 value=0
sampler stage=7 state=6 value=1
sampler stage=7 state=5 value=1
sampler stage=7 state=7 value=0
sampler stage=7 state=10 value=1
sampler stage=7 state=11 value=0
sampler stage=8 state=6 value=1
sampler stage=8 state=5 value=1
sampler stage=8 state=7 value=0
sampler stage=8 state=10 value=1
sampler stage=8 state=11 value=0
sampler stage=9 state=6 value=1
sampler stage=9 state=5 value=1
sampler stage=9 state=7 value=0
sampler stage=9 state=10 value=1
sampler stage=9 state=11 value=0
sampler stage=10 state=6 value=1
sampler stage=10 state=5 value=1
sampler stage=10 state=7 value=0
sampler stage=10 state=10 value=1
sampler stage=10 state=11 value=0
sampler stage=11 state=6 value=1
sampler stage=11 state=5 value=1
sampler stage=11 state=7 value=0
sampler stage=11 state=10 value=1
sampler stage=11 state=11 value=0
sampler stage=12 state=6 value=1
sampler stage=12 state=5 value=1
sampler stage=12 state=7 value=0
sampler stage=12 state=10 value=1
sampler stage=12 state=11 value=0
sampler stage=13 state=6 value=1
sampler stage=13 state=5 value=1
sampler stage=13 state=7 value=0
sampler stage=13 state=10 value=1
sampler stage=13 state=11 value=0
sampler stage=14 state=6 value=1
sampler stage=14 state=5 value=1
sampler stage=14 state=7 value=0
sampler stage=14 state=10 value=1
sampler stage=14 state=11 value=0
sampler stage=15 state=6 value=1
sampler stage=15 state=5 value=1
sampler stage=15 state=7 value=0
sampler stage=15 state=10 value=1
sampler stage=15 state=11 value=0
vertex_element stream=0 offset=0 type=16 method=0 usage=0 index=0
vertex_element stream=0 offset=8 type=16 method=0 usage=5 index=0
vertex_element stream=0 offset=16 type=16 method=0 usage=3 index=0
vertex_element stream=255 offset=0 type=17 method=0 usage=0 index=0
transform state=256 row=0 values=1,0,0,0
transform state=256 row=1 values=0,1,0,0
transform state=256 row=2 values=0,0,1,0
transform state=256 row=3 values=0,0,0,1
transform state=2 row=0 values=1,0,0,0
transform state=2 row=1 values=0,1,0,0
transform state=2 row=2 values=0,0,1,0
transform state=2 row=3 values=0,0,0,1
transform state=3 row=0 values=1,0,0,0
transform state=3 row=1 values=0,1,0,0
transform state=3 row=2 values=0,0,1,0
transform state=3 row=3 values=0,0,0,1
constants kind=vs type=f count=256 result=00000000 encoding=sparse_zero
constant kind=vs type=f reg=0 bits=bf800000,3f800000,40400000,00000000
constant kind=vs type=f reg=1 bits=3d23d70a,3ccccccd,3c75c28f,00000000
constant kind=vs type=f reg=2 bits=3f800000,3d4ccccd,00000000,00000000
constant kind=vs type=f reg=3 bits=00000000,3f800000,40400000,00000000
constant kind=vs type=f reg=4 bits=3d23d70a,3ccccccd,3c75c28f,00000000
constant kind=vs type=f reg=5 bits=3f800000,3d4ccccd,00000000,00000000
constant kind=vs type=f reg=6 bits=3f800000,3f800000,40400000,00000000
constant kind=vs type=f reg=7 bits=3d23d70a,3ccccccd,3c75c28f,00000000
constant kind=vs type=f reg=8 bits=3f800000,3d4ccccd,00000000,00000000
constant kind=vs type=f reg=9 bits=bf800000,3f800000,40400000,00000000
constant kind=vs type=f reg=10 bits=3d23d70a,3ccccccd,3c75c28f,00000000
constant kind=vs type=f reg=11 bits=3f800000,3d4ccccd,00000000,00000000
constant kind=vs type=f reg=12 bits=00000000,3f800000,40400000,00000000
constant kind=vs type=f reg=13 bits=3d23d70a,3ccccccd,3c75c28f,00000000
constant kind=vs type=f reg=14 bits=3f800000,3d4ccccd,00000000,00000000
constant kind=vs type=f reg=15 bits=3f800000,3f800000,40400000,00000000
constant kind=vs type=f reg=16 bits=3d23d70a,3ccccccd,3c75c28f,00000000
constant kind=vs type=f reg=17 bits=3f800000,3d4ccccd,00000000,00000000
constant kind=vs type=f reg=18 bits=bf800000,3f800000,40400000,00000000
constant kind=vs type=f reg=19 bits=3d23d70a,3ccccccd,3c75c28f,00000000
constant kind=vs type=f reg=20 bits=3f800000,3d4ccccd,00000000,00000000
constant kind=vs type=f reg=21 bits=00000000,3f800000,40400000,00000000
constant kind=vs type=f reg=22 bits=3d23d70a,3ccccccd,3c75c28f,00000000
constant kind=vs type=f reg=23 bits=3f800000,3d4ccccd,00000000,00000000
constant kind=vs type=f reg=24 bits=3f800000,00000000,00000000,bd4ccccd
constant kind=vs type=f reg=25 bits=00000000,3f800000,00000000,00000000
constant kind=vs type=f reg=26 bits=00000000,00000000,3f800000,3dcccccd
constant kind=vs type=f reg=27 bits=00000000,00000000,00000000,3f800000
constant kind=vs type=f reg=28 bits=3f800000,00000000,00000000,00000000
constant kind=vs type=f reg=29 bits=00000000,3f800000,00000000,00000000
constant kind=vs type=f reg=30 bits=00000000,00000000,3f800000,00000000
constant kind=vs type=f reg=31 bits=3f800000,00000000,00000000,00000000
constant kind=vs type=f reg=32 bits=00000000,3f800000,00000000,00000000
constant kind=vs type=f reg=33 bits=00000000,00000000,3f800000,00000000
constant kind=vs type=f reg=34 bits=3f800000,00000000,00000000,00000000
constant kind=vs type=f reg=35 bits=00000000,3f800000,00000000,00000000
constant kind=vs type=f reg=36 bits=00000000,00000000,3f800000,40800000
constant kind=vs type=f reg=37 bits=3f800000,00000000,00000000,00000000
constant kind=vs type=f reg=38 bits=00000000,3f800000,00000000,00000000
constant kind=vs type=f reg=39 bits=3f200000,00000000,00000000,00000000
constant kind=vs type=f reg=40 bits=3e4ccccd,3dcccccd,3d4ccccd,00000000
constant kind=vs type=f reg=41 bits=3f800000,00000000,00000000,00000000
constant kind=vs type=f reg=252 bits=42c80000,42ca0000,42cc0000,42ce0000
constant kind=vs type=f reg=253 bits=42d00000,42d20000,42d40000,42d60000
constant kind=vs type=f reg=254 bits=42d80000,42da0000,42dc0000,42de0000
constant kind=vs type=f reg=255 bits=42e00000,42e20000,42e40000,42e60000
constants kind=vs type=i count=16 result=00000000 encoding=full
constant kind=vs type=i reg=0 values=1,0,1,0
constant kind=vs type=i reg=1 values=0,0,0,0
constant kind=vs type=i reg=2 values=0,0,0,0
constant kind=vs type=i reg=3 values=0,0,0,0
constant kind=vs type=i reg=4 values=0,0,0,0
constant kind=vs type=i reg=5 values=0,0,0,0
constant kind=vs type=i reg=6 values=0,0,0,0
constant kind=vs type=i reg=7 values=0,0,0,0
constant kind=vs type=i reg=8 values=0,0,0,0
constant kind=vs type=i reg=9 values=0,0,0,0
constant kind=vs type=i reg=10 values=0,0,0,0
constant kind=vs type=i reg=11 values=0,0,0,0
constant kind=vs type=i reg=12 values=0,0,0,0
constant kind=vs type=i reg=13 values=0,0,0,0
constant kind=vs type=i reg=14 values=0,0,0,0
constant kind=vs type=i reg=15 values=0,0,0,0
constants kind=vs type=b count=16 result=00000000 encoding=full
constant kind=vs type=b reg=0 values=0
constant kind=vs type=b reg=1 values=0
constant kind=vs type=b reg=2 values=0
constant kind=vs type=b reg=3 values=0
constant kind=vs type=b reg=4 values=0
constant kind=vs type=b reg=5 values=0
constant kind=vs type=b reg=6 values=0
constant kind=vs type=b reg=7 values=0
constant kind=vs type=b reg=8 values=0
constant kind=vs type=b reg=9 values=0
constant kind=vs type=b reg=10 values=0
constant kind=vs type=b reg=11 values=0
constant kind=vs type=b reg=12 values=0
constant kind=vs type=b reg=13 values=0
constant kind=vs type=b reg=14 values=0
constant kind=vs type=b reg=15 values=0
constants kind=ps type=f count=224 result=00000000 encoding=sparse_zero
constant kind=ps type=f reg=0 bits=3f800000,00000000,00000000,00000000
constant kind=ps type=f reg=1 bits=00000000,3f800000,00000000,00000000
constant kind=ps type=f reg=2 bits=00000000,00000000,3f800000,00000000
constant kind=ps type=f reg=3 bits=3e800000,00000000,00000000,00000000
constant kind=ps type=f reg=4 bits=00000000,00000000,3f800000,00000000
constant kind=ps type=f reg=5 bits=3e99999a,3e4ccccd,3dcccccd,00000000
constant kind=ps type=f reg=6 bits=3f000000,00000000,3f000000,00000000
constant kind=ps type=f reg=7 bits=3dcccccd,3e19999a,3e4ccccd,00000000
constant kind=ps type=f reg=216 bits=43480000,43490000,434a0000,434b0000
constant kind=ps type=f reg=217 bits=434c0000,434d0000,434e0000,434f0000
constants kind=ps type=i count=16 result=00000000 encoding=full
constant kind=ps type=i reg=0 values=0,0,0,0
constant kind=ps type=i reg=1 values=0,0,0,0
constant kind=ps type=i reg=2 values=0,0,0,0
constant kind=ps type=i reg=3 values=0,0,0,0
constant kind=ps type=i reg=4 values=0,0,0,0
constant kind=ps type=i reg=5 values=0,0,0,0
constant kind=ps type=i reg=6 values=0,0,0,0
constant kind=ps type=i reg=7 values=0,0,0,0
constant kind=ps type=i reg=8 values=0,0,0,0
constant kind=ps type=i reg=9 values=0,0,0,0
constant kind=ps type=i reg=10 values=0,0,0,0
constant kind=ps type=i reg=11 values=0,0,0,0
constant kind=ps type=i reg=12 values=0,0,0,0
constant kind=ps type=i reg=13 values=0,0,0,0
constant kind=ps type=i reg=14 values=0,0,0,0
constant kind=ps type=i reg=15 values=0,0,0,0
constants kind=ps type=b count=16 result=00000000 encoding=full
constant kind=ps type=b reg=0 values=0
constant kind=ps type=b reg=1 values=0
constant kind=ps type=b reg=2 values=0
constant kind=ps type=b reg=3 values=0
constant kind=ps type=b reg=4 values=0
constant kind=ps type=b reg=5 values=0
constant kind=ps type=b reg=6 values=0
constant kind=ps type=b reg=7 values=0
constant kind=ps type=b reg=8 values=0
constant kind=ps type=b reg=9 values=0
constant kind=ps type=b reg=10 values=0
constant kind=ps type=b reg=11 values=0
constant kind=ps type=b reg=12 values=0
constant kind=ps type=b reg=13 values=0
constant kind=ps type=b reg=14 values=0
constant kind=ps type=b reg=15 values=0
draw_args start_vertex=0
motion_route device=1 frame=4 index=3 gate=5 routed=1 matched=0 depth=1 jittered=0 vs=53a0a641107ed76c ps=8759c7838bbc86c2 node=00000000 camera=00000000 node_handle=0 camera_handle=0 node_serial=0 camera_serial=0 load_epoch=0 registry_epoch=0 model=00000000 lod=00000000 vb=4 ib=0 declaration=0cdf6a8c884ad955 offset=0 stride=24 position_offset=0 position_type=16 topology=4 first=0 primitives=1 base_vertex=0 min_vertex=0 vertex_count=0 indexed=0 rows_hash=8804f37c47da2009 result=00000000
motion_input device=1 frame=4 index=3 blockers=00000210 proofs=28 position_path=1 vs=53a0a641107ed76c ps=8759c7838bbc86c2 declaration=0cdf6a8c884ad955 rows_hash=8804f37c47da2009 color=1 depth=2 width=64 height=64 cull=1 vb=4 vb_revision=0 ib=0 ib_revision=0 position_offset=0 position_type=16 lifetime_verified=0 vertex_finite_verified=0
motion_geometry device=1 frame=4 index=3 source_qualified=1 source_hash=53a0a641107ed76c source_words=526 finite_requested=0 finite_state=0 finite_reason=4 finite_status=00000001 finite_generation=0 finite_revision=0 index_required=0 index_requested=0 index_known=0 index_range_verified=0 index_exact=0 index_min=0 index_max=0 index_reason=1 index_status=00000001 index_generation=0 index_revision=0
draw_result device=1 frame=4 index=3 result=00000000
capture_event device=1 frame=4 seq=6 after_draw=3 op=draw_begin result=00000000 qpc=9073124098564
draw device=1 frame=4 index=4 kind=primitive topology=4 primitives=1 vs=53a0a641107ed76c ps=8759c7838bbc86c2
geometry source=buffers
stream slot=0 result=00000000 identity=3 offset=0 stride=24 frequency=1 frequency_result=00000000
vertex_buffer identity=3 bytes=72 usage=0 pool=1 fvf=0
buffer_content kind=vertex identity=3 result=00000000 status=00000001 requested=0 known=0 ambiguous=0 revision=0 pending=0 flags=00000000
stream slot=1 result=00000000 identity=0
stream slot=2 result=00000000 identity=0
stream slot=3 result=00000000 identity=0
stream slot=4 result=00000000 identity=0
stream slot=5 result=00000000 identity=0
stream slot=6 result=00000000 identity=0
stream slot=7 result=00000000 identity=0
stream slot=8 result=00000000 identity=0
stream slot=9 result=00000000 identity=0
stream slot=10 result=00000000 identity=0
stream slot=11 result=00000000 identity=0
stream slot=12 result=00000000 identity=0
stream slot=13 result=00000000 identity=0
stream slot=14 result=00000000 identity=0
stream slot=15 result=00000000 identity=0
indices result=00000000 identity=0
surface role=rt0 ptr=02111bb0 identity=1 width=64 height=64 format=21 usage=1 msaa=0 container=0 container_type=0 container_result=80004002
surface role=depth ptr=02111be0 identity=2 width=64 height=64 format=77 usage=2 msaa=0 container=0 container_type=0 container_result=80004002
state id=7 value=1
state id=14 value=1
state id=23 value=4
state id=15 value=0
state id=24 value=0
state id=25 value=8
state id=27 value=1
state id=19 value=2
state id=20 value=1
state id=171 value=1
state id=22 value=1
state id=168 value=15
state id=194 value=0
state id=206 value=0
state id=52 value=0
state id=56 value=8
state id=57 value=0
state id=58 value=4294967295
state id=59 value=4294967295
state id=53 value=1
state id=54 value=1
state id=55 value=1
state id=185 value=0
state id=189 value=8
state id=186 value=1
state id=187 value=1
state id=188 value=1
viewport x=0 y=0 w=64 h=64 minz=0 maxz=1
texture stage=0 ptr=02111a90 type=3 identity=5
texture_desc stage=0 w=2 h=2 format=21
sampler stage=0 state=6 value=1
sampler stage=0 state=5 value=1
sampler stage=0 state=7 value=0
sampler stage=0 state=10 value=1
sampler stage=0 state=11 value=0
texture stage=1 ptr=02111af0 type=3 identity=6
texture_desc stage=1 w=2 h=2 format=21
sampler stage=1 state=6 value=1
sampler stage=1 state=5 value=1
sampler stage=1 state=7 value=0
sampler stage=1 state=10 value=1
sampler stage=1 state=11 value=0
texture stage=2 ptr=02111b50 type=3 identity=7
texture_desc stage=2 w=2 h=2 format=21
sampler stage=2 state=6 value=1
sampler stage=2 state=5 value=1
sampler stage=2 state=7 value=0
sampler stage=2 state=10 value=1
sampler stage=2 state=11 value=0
texture stage=3 ptr=02111b80 type=5 identity=8
sampler stage=3 state=6 value=1
sampler stage=3 state=5 value=1
sampler stage=3 state=7 value=0
sampler stage=3 state=10 value=1
sampler stage=3 state=11 value=0
sampler stage=4 state=6 value=1
sampler stage=4 state=5 value=1
sampler stage=4 state=7 value=0
sampler stage=4 state=10 value=1
sampler stage=4 state=11 value=0
sampler stage=5 state=6 value=1
sampler stage=5 state=5 value=1
sampler stage=5 state=7 value=0
sampler stage=5 state=10 value=1
sampler stage=5 state=11 value=0
sampler stage=6 state=6 value=1
sampler stage=6 state=5 value=1
sampler stage=6 state=7 value=0
sampler stage=6 state=10 value=1
sampler stage=6 state=11 value=0
sampler stage=7 state=6 value=1
sampler stage=7 state=5 value=1
sampler stage=7 state=7 value=0
sampler stage=7 state=10 value=1
sampler stage=7 state=11 value=0
sampler stage=8 state=6 value=1
sampler stage=8 state=5 value=1
sampler stage=8 state=7 value=0
sampler stage=8 state=10 value=1
sampler stage=8 state=11 value=0
sampler stage=9 state=6 value=1
sampler stage=9 state=5 value=1
sampler stage=9 state=7 value=0
sampler stage=9 state=10 value=1
sampler stage=9 state=11 value=0
sampler stage=10 state=6 value=1
sampler stage=10 state=5 value=1
sampler stage=10 state=7 value=0
sampler stage=10 state=10 value=1
sampler stage=10 state=11 value=0
sampler stage=11 state=6 value=1
sampler stage=11 state=5 value=1
sampler stage=11 state=7 value=0
sampler stage=11 state=10 value=1
sampler stage=11 state=11 value=0
sampler stage=12 state=6 value=1
sampler stage=12 state=5 value=1
sampler stage=12 state=7 value=0
sampler stage=12 state=10 value=1
sampler stage=12 state=11 value=0
sampler stage=13 state=6 value=1
sampler stage=13 state=5 value=1
sampler stage=13 state=7 value=0
sampler stage=13 state=10 value=1
sampler stage=13 state=11 value=0
sampler stage=14 state=6 value=1
sampler stage=14 state=5 value=1
sampler stage=14 state=7 value=0
sampler stage=14 state=10 value=1
sampler stage=14 state=11 value=0
sampler stage=15 state=6 value=1
sampler stage=15 state=5 value=1
sampler stage=15 state=7 value=0
sampler stage=15 state=10 value=1
sampler stage=15 state=11 value=0
vertex_element stream=0 offset=0 type=16 method=0 usage=0 index=0
vertex_element stream=0 offset=8 type=16 method=0 usage=5 index=0
vertex_element stream=0 offset=16 type=16 method=0 usage=3 index=0
vertex_element stream=255 offset=0 type=17 method=0 usage=0 index=0
transform state=256 row=0 values=1,0,0,0
transform state=256 row=1 values=0,1,0,0
transform state=256 row=2 values=0,0,1,0
transform state=256 row=3 values=0,0,0,1
transform state=2 row=0 values=1,0,0,0
transform state=2 row=1 values=0,1,0,0
transform state=2 row=2 values=0,0,1,0
transform state=2 row=3 values=0,0,0,1
transform state=3 row=0 values=1,0,0,0
transform state=3 row=1 values=0,1,0,0
transform state=3 row=2 values=0,0,1,0
transform state=3 row=3 values=0,0,0,1
constants kind=vs type=f count=256 result=00000000 encoding=sparse_zero
constant kind=vs type=f reg=0 bits=bf800000,3f800000,40400000,00000000
constant kind=vs type=f reg=1 bits=3d23d70a,3ccccccd,3c75c28f,00000000
constant kind=vs type=f reg=2 bits=3f800000,3d4ccccd,00000000,00000000
constant kind=vs type=f reg=3 bits=00000000,3f800000,40400000,00000000
constant kind=vs type=f reg=4 bits=3d23d70a,3ccccccd,3c75c28f,00000000
constant kind=vs type=f reg=5 bits=3f800000,3d4ccccd,00000000,00000000
constant kind=vs type=f reg=6 bits=3f800000,3f800000,40400000,00000000
constant kind=vs type=f reg=7 bits=3d23d70a,3ccccccd,3c75c28f,00000000
constant kind=vs type=f reg=8 bits=3f800000,3d4ccccd,00000000,00000000
constant kind=vs type=f reg=9 bits=bf800000,3f800000,40400000,00000000
constant kind=vs type=f reg=10 bits=3d23d70a,3ccccccd,3c75c28f,00000000
constant kind=vs type=f reg=11 bits=3f800000,3d4ccccd,00000000,00000000
constant kind=vs type=f reg=12 bits=00000000,3f800000,40400000,00000000
constant kind=vs type=f reg=13 bits=3d23d70a,3ccccccd,3c75c28f,00000000
constant kind=vs type=f reg=14 bits=3f800000,3d4ccccd,00000000,00000000
constant kind=vs type=f reg=15 bits=3f800000,3f800000,40400000,00000000
constant kind=vs type=f reg=16 bits=3d23d70a,3ccccccd,3c75c28f,00000000
constant kind=vs type=f reg=17 bits=3f800000,3d4ccccd,00000000,00000000
constant kind=vs type=f reg=18 bits=bf800000,3f800000,40400000,00000000
constant kind=vs type=f reg=19 bits=3d23d70a,3ccccccd,3c75c28f,00000000
constant kind=vs type=f reg=20 bits=3f800000,3d4ccccd,00000000,00000000
constant kind=vs type=f reg=21 bits=00000000,3f800000,40400000,00000000
constant kind=vs type=f reg=22 bits=3d23d70a,3ccccccd,3c75c28f,00000000
constant kind=vs type=f reg=23 bits=3f800000,3d4ccccd,00000000,00000000
constant kind=vs type=f reg=24 bits=3f800000,00000000,00000000,3f4ccccd
constant kind=vs type=f reg=25 bits=00000000,3f800000,00000000,00000000
constant kind=vs type=f reg=26 bits=00000000,00000000,3f800000,00000000
constant kind=vs type=f reg=27 bits=3e000000,00000000,00000000,3f800000
constant kind=vs type=f reg=28 bits=3f800000,00000000,00000000,00000000
constant kind=vs type=f reg=29 bits=00000000,3f800000,00000000,00000000
constant kind=vs type=f reg=30 bits=00000000,00000000,3f800000,00000000
constant kind=vs type=f reg=31 bits=3f800000,00000000,00000000,00000000
constant kind=vs type=f reg=32 bits=00000000,3f800000,00000000,00000000
constant kind=vs type=f reg=33 bits=00000000,00000000,3f800000,00000000
constant kind=vs type=f reg=34 bits=3f800000,00000000,00000000,00000000
constant kind=vs type=f reg=35 bits=00000000,3f800000,00000000,00000000
constant kind=vs type=f reg=36 bits=00000000,00000000,3f800000,40800000
constant kind=vs type=f reg=37 bits=3f800000,00000000,00000000,00000000
constant kind=vs type=f reg=38 bits=00000000,3f800000,00000000,00000000
constant kind=vs type=f reg=39 bits=3f200000,00000000,00000000,00000000
constant kind=vs type=f reg=40 bits=3e4ccccd,3dcccccd,3d4ccccd,00000000
constant kind=vs type=f reg=41 bits=3f800000,00000000,00000000,00000000
constant kind=vs type=f reg=252 bits=42c80000,42ca0000,42cc0000,42ce0000
constant kind=vs type=f reg=253 bits=42d00000,42d20000,42d40000,42d60000
constant kind=vs type=f reg=254 bits=42d80000,42da0000,42dc0000,42de0000
constant kind=vs type=f reg=255 bits=42e00000,42e20000,42e40000,42e60000
constants kind=vs type=i count=16 result=00000000 encoding=full
constant kind=vs type=i reg=0 values=1,0,1,0
constant kind=vs type=i reg=1 values=0,0,0,0
constant kind=vs type=i reg=2 values=0,0,0,0
constant kind=vs type=i reg=3 values=0,0,0,0
constant kind=vs type=i reg=4 values=0,0,0,0
constant kind=vs type=i reg=5 values=0,0,0,0
constant kind=vs type=i reg=6 values=0,0,0,0
constant kind=vs type=i reg=7 values=0,0,0,0
constant kind=vs type=i reg=8 values=0,0,0,0
constant kind=vs type=i reg=9 values=0,0,0,0
constant kind=vs type=i reg=10 values=0,0,0,0
constant kind=vs type=i reg=11 values=0,0,0,0
constant kind=vs type=i reg=12 values=0,0,0,0
constant kind=vs type=i reg=13 values=0,0,0,0
constant kind=vs type=i reg=14 values=0,0,0,0
constant kind=vs type=i reg=15 values=0,0,0,0
constants kind=vs type=b count=16 result=00000000 encoding=full
constant kind=vs type=b reg=0 values=0
constant kind=vs type=b reg=1 values=0
constant kind=vs type=b reg=2 values=0
constant kind=vs type=b reg=3 values=0
constant kind=vs type=b reg=4 values=0
constant kind=vs type=b reg=5 values=0
constant kind=vs type=b reg=6 values=0
constant kind=vs type=b reg=7 values=0
constant kind=vs type=b reg=8 values=0
constant kind=vs type=b reg=9 values=0
constant kind=vs type=b reg=10 values=0
constant kind=vs type=b reg=11 values=0
constant kind=vs type=b reg=12 values=0
constant kind=vs type=b reg=13 values=0
constant kind=vs type=b reg=14 values=0
constant kind=vs type=b reg=15 values=0
constants kind=ps type=f count=224 result=00000000 encoding=sparse_zero
constant kind=ps type=f reg=0 bits=3f800000,00000000,00000000,00000000
constant kind=ps type=f reg=1 bits=00000000,3f800000,00000000,00000000
constant kind=ps type=f reg=2 bits=00000000,00000000,3f800000,00000000
constant kind=ps type=f reg=3 bits=3e800000,00000000,00000000,00000000
constant kind=ps type=f reg=4 bits=00000000,00000000,3f800000,00000000
constant kind=ps type=f reg=5 bits=3e99999a,3e4ccccd,3dcccccd,00000000
constant kind=ps type=f reg=6 bits=3f000000,00000000,3f000000,00000000
constant kind=ps type=f reg=7 bits=3dcccccd,3e19999a,3e4ccccd,00000000
constant kind=ps type=f reg=216 bits=43480000,43490000,434a0000,434b0000
constant kind=ps type=f reg=217 bits=434c0000,434d0000,434e0000,434f0000
constants kind=ps type=i count=16 result=00000000 encoding=full
constant kind=ps type=i reg=0 values=0,0,0,0
constant kind=ps type=i reg=1 values=0,0,0,0
constant kind=ps type=i reg=2 values=0,0,0,0
constant kind=ps type=i reg=3 values=0,0,0,0
constant kind=ps type=i reg=4 values=0,0,0,0
constant kind=ps type=i reg=5 values=0,0,0,0
constant kind=ps type=i reg=6 values=0,0,0,0
constant kind=ps type=i reg=7 values=0,0,0,0
constant kind=ps type=i reg=8 values=0,0,0,0
constant kind=ps type=i reg=9 values=0,0,0,0
constant kind=ps type=i reg=10 values=0,0,0,0
constant kind=ps type=i reg=11 values=0,0,0,0
constant kind=ps type=i reg=12 values=0,0,0,0
constant kind=ps type=i reg=13 values=0,0,0,0
constant kind=ps type=i reg=14 values=0,0,0,0
constant kind=ps type=i reg=15 values=0,0,0,0
constants kind=ps type=b count=16 result=00000000 encoding=full
constant kind=ps type=b reg=0 values=0
constant kind=ps type=b reg=1 values=0
constant kind=ps type=b reg=2 values=0
constant kind=ps type=b reg=3 values=0
constant kind=ps type=b reg=4 values=0
constant kind=ps type=b reg=5 values=0
constant kind=ps type=b reg=6 values=0
constant kind=ps type=b reg=7 values=0
constant kind=ps type=b reg=8 values=0
constant kind=ps type=b reg=9 values=0
constant kind=ps type=b reg=10 values=0
constant kind=ps type=b reg=11 values=0
constant kind=ps type=b reg=12 values=0
constant kind=ps type=b reg=13 values=0
constant kind=ps type=b reg=14 values=0
constant kind=ps type=b reg=15 values=0
draw_args start_vertex=0
motion_route device=1 frame=4 index=4 gate=4 routed=0 matched=0 depth=0 jittered=0 vs=53a0a641107ed76c ps=8759c7838bbc86c2 node=00000000 camera=00000000 node_handle=0 camera_handle=0 node_serial=0 camera_serial=0 load_epoch=0 registry_epoch=0 model=00000000 lod=00000000 vb=0 ib=0 declaration=0000000000000000 offset=0 stride=0 position_offset=0 position_type=0 topology=0 first=0 primitives=0 base_vertex=0 min_vertex=0 vertex_count=0 indexed=0 rows_hash=0000000000000000 result=00000000
motion_input device=1 frame=4 index=4 blockers=00000250 proofs=20 position_path=1 vs=53a0a641107ed76c ps=8759c7838bbc86c2 declaration=0cdf6a8c884ad955 rows_hash=6e1905db0b783f53 color=1 depth=2 width=64 height=64 cull=1 vb=3 vb_revision=0 ib=0 ib_revision=0 position_offset=0 position_type=16 lifetime_verified=0 vertex_finite_verified=0
motion_geometry device=1 frame=4 index=4 source_qualified=1 source_hash=53a0a641107ed76c source_words=526 finite_requested=0 finite_state=0 finite_reason=4 finite_status=00000001 finite_generation=0 finite_revision=0 index_required=0 index_requested=0 index_known=0 index_range_verified=0 index_exact=0 index_min=0 index_max=0 index_reason=1 index_status=00000001 index_generation=0 index_revision=0
draw_result device=1 frame=4 index=4 result=00000000
capture_event device=1 frame=4 seq=7 after_draw=4 op=draw_begin result=00000000 qpc=9073124107235
draw device=1 frame=4 index=5 kind=primitive topology=4 primitives=1 vs=53a0a641107ed76c ps=98731d5594e36226
geometry source=buffers
stream slot=0 result=00000000 identity=3 offset=0 stride=24 frequency=1 frequency_result=00000000
vertex_buffer identity=3 bytes=72 usage=0 pool=1 fvf=0
buffer_content kind=vertex identity=3 result=00000000 status=00000001 requested=0 known=0 ambiguous=0 revision=0 pending=0 flags=00000000
stream slot=1 result=00000000 identity=0
stream slot=2 result=00000000 identity=0
stream slot=3 result=00000000 identity=0
stream slot=4 result=00000000 identity=0
stream slot=5 result=00000000 identity=0
stream slot=6 result=00000000 identity=0
stream slot=7 result=00000000 identity=0
stream slot=8 result=00000000 identity=0
stream slot=9 result=00000000 identity=0
stream slot=10 result=00000000 identity=0
stream slot=11 result=00000000 identity=0
stream slot=12 result=00000000 identity=0
stream slot=13 result=00000000 identity=0
stream slot=14 result=00000000 identity=0
stream slot=15 result=00000000 identity=0
indices result=00000000 identity=0
surface role=rt0 ptr=02111bb0 identity=1 width=64 height=64 format=21 usage=1 msaa=0 container=0 container_type=0 container_result=80004002
surface role=depth ptr=02111be0 identity=2 width=64 height=64 format=77 usage=2 msaa=0 container=0 container_type=0 container_result=80004002
state id=7 value=1
state id=14 value=1
state id=23 value=4
state id=15 value=0
state id=24 value=0
state id=25 value=8
state id=27 value=0
state id=19 value=2
state id=20 value=1
state id=171 value=1
state id=22 value=1
state id=168 value=15
state id=194 value=0
state id=206 value=0
state id=52 value=0
state id=56 value=8
state id=57 value=0
state id=58 value=4294967295
state id=59 value=4294967295
state id=53 value=1
state id=54 value=1
state id=55 value=1
state id=185 value=0
state id=189 value=8
state id=186 value=1
state id=187 value=1
state id=188 value=1
viewport x=0 y=0 w=64 h=64 minz=0 maxz=1
texture stage=0 ptr=02111a90 type=3 identity=5
texture_desc stage=0 w=2 h=2 format=21
sampler stage=0 state=6 value=1
sampler stage=0 state=5 value=1
sampler stage=0 state=7 value=0
sampler stage=0 state=10 value=1
sampler stage=0 state=11 value=0
texture stage=1 ptr=02111af0 type=3 identity=6
texture_desc stage=1 w=2 h=2 format=21
sampler stage=1 state=6 value=1
sampler stage=1 state=5 value=1
sampler stage=1 state=7 value=0
sampler stage=1 state=10 value=1
sampler stage=1 state=11 value=0
texture stage=2 ptr=02111b50 type=3 identity=7
texture_desc stage=2 w=2 h=2 format=21
sampler stage=2 state=6 value=1
sampler stage=2 state=5 value=1
sampler stage=2 state=7 value=0
sampler stage=2 state=10 value=1
sampler stage=2 state=11 value=0
texture stage=3 ptr=02111b80 type=5 identity=8
sampler stage=3 state=6 value=1
sampler stage=3 state=5 value=1
sampler stage=3 state=7 value=0
sampler stage=3 state=10 value=1
sampler stage=3 state=11 value=0
sampler stage=4 state=6 value=1
sampler stage=4 state=5 value=1
sampler stage=4 state=7 value=0
sampler stage=4 state=10 value=1
sampler stage=4 state=11 value=0
sampler stage=5 state=6 value=1
sampler stage=5 state=5 value=1
sampler stage=5 state=7 value=0
sampler stage=5 state=10 value=1
sampler stage=5 state=11 value=0
sampler stage=6 state=6 value=1
sampler stage=6 state=5 value=1
sampler stage=6 state=7 value=0
sampler stage=6 state=10 value=1
sampler stage=6 state=11 value=0
sampler stage=7 state=6 value=1
sampler stage=7 state=5 value=1
sampler stage=7 state=7 value=0
sampler stage=7 state=10 value=1
sampler stage=7 state=11 value=0
sampler stage=8 state=6 value=1
sampler stage=8 state=5 value=1
sampler stage=8 state=7 value=0
sampler stage=8 state=10 value=1
sampler stage=8 state=11 value=0
sampler stage=9 state=6 value=1
sampler stage=9 state=5 value=1
sampler stage=9 state=7 value=0
sampler stage=9 state=10 value=1
sampler stage=9 state=11 value=0
sampler stage=10 state=6 value=1
sampler stage=10 state=5 value=1
sampler stage=10 state=7 value=0
sampler stage=10 state=10 value=1
sampler stage=10 state=11 value=0
sampler stage=11 state=6 value=1
sampler stage=11 state=5 value=1
sampler stage=11 state=7 value=0
sampler stage=11 state=10 value=1
sampler stage=11 state=11 value=0
sampler stage=12 state=6 value=1
sampler stage=12 state=5 value=1
sampler stage=12 state=7 value=0
sampler stage=12 state=10 value=1
sampler stage=12 state=11 value=0
sampler stage=13 state=6 value=1
sampler stage=13 state=5 value=1
sampler stage=13 state=7 value=0
sampler stage=13 state=10 value=1
sampler stage=13 state=11 value=0
sampler stage=14 state=6 value=1
sampler stage=14 state=5 value=1
sampler stage=14 state=7 value=0
sampler stage=14 state=10 value=1
sampler stage=14 state=11 value=0
sampler stage=15 state=6 value=1
sampler stage=15 state=5 value=1
sampler stage=15 state=7 value=0
sampler stage=15 state=10 value=1
sampler stage=15 state=11 value=0
vertex_element stream=0 offset=0 type=16 method=0 usage=0 index=0
vertex_element stream=0 offset=8 type=16 method=0 usage=5 index=0
vertex_element stream=0 offset=16 type=16 method=0 usage=3 index=0
vertex_element stream=255 offset=0 type=17 method=0 usage=0 index=0
transform state=256 row=0 values=1,0,0,0
transform state=256 row=1 values=0,1,0,0
transform state=256 row=2 values=0,0,1,0
transform state=256 row=3 values=0,0,0,1
transform state=2 row=0 values=1,0,0,0
transform state=2 row=1 values=0,1,0,0
transform state=2 row=2 values=0,0,1,0
transform state=2 row=3 values=0,0,0,1
transform state=3 row=0 values=1,0,0,0
transform state=3 row=1 values=0,1,0,0
transform state=3 row=2 values=0,0,1,0
transform state=3 row=3 values=0,0,0,1
constants kind=vs type=f count=256 result=00000000 encoding=sparse_zero
constant kind=vs type=f reg=0 bits=bf800000,3f800000,40400000,00000000
constant kind=vs type=f reg=1 bits=3d23d70a,3ccccccd,3c75c28f,00000000
constant kind=vs type=f reg=2 bits=3f800000,3d4ccccd,00000000,00000000
constant kind=vs type=f reg=3 bits=00000000,3f800000,40400000,00000000
constant kind=vs type=f reg=4 bits=3d23d70a,3ccccccd,3c75c28f,00000000
constant kind=vs type=f reg=5 bits=3f800000,3d4ccccd,00000000,00000000
constant kind=vs type=f reg=6 bits=3f800000,3f800000,40400000,00000000
constant kind=vs type=f reg=7 bits=3d23d70a,3ccccccd,3c75c28f,00000000
constant kind=vs type=f reg=8 bits=3f800000,3d4ccccd,00000000,00000000
constant kind=vs type=f reg=9 bits=bf800000,3f800000,40400000,00000000
constant kind=vs type=f reg=10 bits=3d23d70a,3ccccccd,3c75c28f,00000000
constant kind=vs type=f reg=11 bits=3f800000,3d4ccccd,00000000,00000000
constant kind=vs type=f reg=12 bits=00000000,3f800000,40400000,00000000
constant kind=vs type=f reg=13 bits=3d23d70a,3ccccccd,3c75c28f,00000000
constant kind=vs type=f reg=14 bits=3f800000,3d4ccccd,00000000,00000000
constant kind=vs type=f reg=15 bits=3f800000,3f800000,40400000,00000000
constant kind=vs type=f reg=16 bits=3d23d70a,3ccccccd,3c75c28f,00000000
constant kind=vs type=f reg=17 bits=3f800000,3d4ccccd,00000000,00000000
constant kind=vs type=f reg=18 bits=bf800000,3f800000,40400000,00000000
constant kind=vs type=f reg=19 bits=3d23d70a,3ccccccd,3c75c28f,00000000
constant kind=vs type=f reg=20 bits=3f800000,3d4ccccd,00000000,00000000
constant kind=vs type=f reg=21 bits=00000000,3f800000,40400000,00000000
constant kind=vs type=f reg=22 bits=3d23d70a,3ccccccd,3c75c28f,00000000
constant kind=vs type=f reg=23 bits=3f800000,3d4ccccd,00000000,00000000
constant kind=vs type=f reg=24 bits=3f800000,00000000,00000000,3f4ccccd
constant kind=vs type=f reg=25 bits=00000000,3f800000,00000000,00000000
constant kind=vs type=f reg=26 bits=00000000,00000000,3f800000,00000000
constant kind=vs type=f reg=27 bits=3e000000,00000000,00000000,3f800000
constant kind=vs type=f reg=28 bits=3f800000,00000000,00000000,00000000
constant kind=vs type=f reg=29 bits=00000000,3f800000,00000000,00000000
constant kind=vs type=f reg=30 bits=00000000,00000000,3f800000,00000000
constant kind=vs type=f reg=31 bits=3f800000,00000000,00000000,00000000
constant kind=vs type=f reg=32 bits=00000000,3f800000,00000000,00000000
constant kind=vs type=f reg=33 bits=00000000,00000000,3f800000,00000000
constant kind=vs type=f reg=34 bits=3f800000,00000000,00000000,00000000
constant kind=vs type=f reg=35 bits=00000000,3f800000,00000000,00000000
constant kind=vs type=f reg=36 bits=00000000,00000000,3f800000,40800000
constant kind=vs type=f reg=37 bits=3f800000,00000000,00000000,00000000
constant kind=vs type=f reg=38 bits=00000000,3f800000,00000000,00000000
constant kind=vs type=f reg=39 bits=3f200000,00000000,00000000,00000000
constant kind=vs type=f reg=40 bits=3e4ccccd,3dcccccd,3d4ccccd,00000000
constant kind=vs type=f reg=41 bits=3f800000,00000000,00000000,00000000
constant kind=vs type=f reg=252 bits=42c80000,42ca0000,42cc0000,42ce0000
constant kind=vs type=f reg=253 bits=42d00000,42d20000,42d40000,42d60000
constant kind=vs type=f reg=254 bits=42d80000,42da0000,42dc0000,42de0000
constant kind=vs type=f reg=255 bits=42e00000,42e20000,42e40000,42e60000
constants kind=vs type=i count=16 result=00000000 encoding=full
constant kind=vs type=i reg=0 values=1,0,1,0
constant kind=vs type=i reg=1 values=0,0,0,0
constant kind=vs type=i reg=2 values=0,0,0,0
constant kind=vs type=i reg=3 values=0,0,0,0
constant kind=vs type=i reg=4 values=0,0,0,0
constant kind=vs type=i reg=5 values=0,0,0,0
constant kind=vs type=i reg=6 values=0,0,0,0
constant kind=vs type=i reg=7 values=0,0,0,0
constant kind=vs type=i reg=8 values=0,0,0,0
constant kind=vs type=i reg=9 values=0,0,0,0
constant kind=vs type=i reg=10 values=0,0,0,0
constant kind=vs type=i reg=11 values=0,0,0,0
constant kind=vs type=i reg=12 values=0,0,0,0
constant kind=vs type=i reg=13 values=0,0,0,0
constant kind=vs type=i reg=14 values=0,0,0,0
constant kind=vs type=i reg=15 values=0,0,0,0
constants kind=vs type=b count=16 result=00000000 encoding=full
constant kind=vs type=b reg=0 values=0
constant kind=vs type=b reg=1 values=0
constant kind=vs type=b reg=2 values=0
constant kind=vs type=b reg=3 values=0
constant kind=vs type=b reg=4 values=0
constant kind=vs type=b reg=5 values=0
constant kind=vs type=b reg=6 values=0
constant kind=vs type=b reg=7 values=0
constant kind=vs type=b reg=8 values=0
constant kind=vs type=b reg=9 values=0
constant kind=vs type=b reg=10 values=0
constant kind=vs type=b reg=11 values=0
constant kind=vs type=b reg=12 values=0
constant kind=vs type=b reg=13 values=0
constant kind=vs type=b reg=14 values=0
constant kind=vs type=b reg=15 values=0
constants kind=ps type=f count=224 result=00000000 encoding=sparse_zero
constant kind=ps type=f reg=0 bits=3f800000,00000000,00000000,00000000
constant kind=ps type=f reg=1 bits=00000000,3f800000,00000000,00000000
constant kind=ps type=f reg=2 bits=00000000,00000000,3f800000,00000000
constant kind=ps type=f reg=3 bits=3e800000,00000000,00000000,00000000
constant kind=ps type=f reg=4 bits=00000000,00000000,3f800000,00000000
constant kind=ps type=f reg=5 bits=3e99999a,3e4ccccd,3dcccccd,00000000
constant kind=ps type=f reg=6 bits=3f000000,00000000,3f000000,00000000
constant kind=ps type=f reg=7 bits=3dcccccd,3e19999a,3e4ccccd,00000000
constant kind=ps type=f reg=216 bits=43480000,43490000,434a0000,434b0000
constant kind=ps type=f reg=217 bits=434c0000,434d0000,434e0000,434f0000
constants kind=ps type=i count=16 result=00000000 encoding=full
constant kind=ps type=i reg=0 values=0,0,0,0
constant kind=ps type=i reg=1 values=0,0,0,0
constant kind=ps type=i reg=2 values=0,0,0,0
constant kind=ps type=i reg=3 values=0,0,0,0
constant kind=ps type=i reg=4 values=0,0,0,0
constant kind=ps type=i reg=5 values=0,0,0,0
constant kind=ps type=i reg=6 values=0,0,0,0
constant kind=ps type=i reg=7 values=0,0,0,0
constant kind=ps type=i reg=8 values=0,0,0,0
constant kind=ps type=i reg=9 values=0,0,0,0
constant kind=ps type=i reg=10 values=0,0,0,0
constant kind=ps type=i reg=11 values=0,0,0,0
constant kind=ps type=i reg=12 values=0,0,0,0
constant kind=ps type=i reg=13 values=0,0,0,0
constant kind=ps type=i reg=14 values=0,0,0,0
constant kind=ps type=i reg=15 values=0,0,0,0
constants kind=ps type=b count=16 result=00000000 encoding=full
constant kind=ps type=b reg=0 values=0
constant kind=ps type=b reg=1 values=0
constant kind=ps type=b reg=2 values=0
constant kind=ps type=b reg=3 values=0
constant kind=ps type=b reg=4 values=0
constant kind=ps type=b reg=5 values=0
constant kind=ps type=b reg=6 values=0
constant kind=ps type=b reg=7 values=0
constant kind=ps type=b reg=8 values=0
constant kind=ps type=b reg=9 values=0
constant kind=ps type=b reg=10 values=0
constant kind=ps type=b reg=11 values=0
constant kind=ps type=b reg=12 values=0
constant kind=ps type=b reg=13 values=0
constant kind=ps type=b reg=14 values=0
constant kind=ps type=b reg=15 values=0
draw_args start_vertex=0
motion_route device=1 frame=4 index=5 gate=3 routed=0 matched=0 depth=0 jittered=0 vs=53a0a641107ed76c ps=98731d5594e36226 node=00000000 camera=00000000 node_handle=0 camera_handle=0 node_serial=0 camera_serial=0 load_epoch=0 registry_epoch=0 model=00000000 lod=00000000 vb=0 ib=0 declaration=0000000000000000 offset=0 stride=0 position_offset=0 position_type=0 topology=0 first=0 primitives=0 base_vertex=0 min_vertex=0 vertex_count=0 indexed=0 rows_hash=0000000000000000 result=00000000
motion_input device=1 frame=4 index=5 blockers=00000212 proofs=20 position_path=1 vs=53a0a641107ed76c ps=98731d5594e36226 declaration=0cdf6a8c884ad955 rows_hash=6e1905db0b783f53 color=1 depth=2 width=64 height=64 cull=1 vb=3 vb_revision=0 ib=0 ib_revision=0 position_offset=0 position_type=16 lifetime_verified=0 vertex_finite_verified=0
motion_geometry device=1 frame=4 index=5 source_qualified=1 source_hash=53a0a641107ed76c source_words=526 finite_requested=0 finite_state=0 finite_reason=4 finite_status=00000001 finite_generation=0 finite_revision=0 index_required=0 index_requested=0 index_known=0 index_range_verified=0 index_exact=0 index_min=0 index_max=0 index_reason=1 index_status=00000001 index_generation=0 index_revision=0
draw_result device=1 frame=4 index=5 result=00000000
motion_output_cut device=1 frame=4 samples=0 median_px=0.0000 keyed=0 missing=0 missing_fraction=0.0000 bound_px=2.400 bound_missing=0.250 cut=0
motion_output_readback device=1 frame=4 file=motion_1_4.rgba32f width=64 height=64 format=rgba32f_row_major result=00000000 bytes=65536
motion_output_depth_readback device=1 frame=4 file=depth_1_4.r32f width=64 height=64 format=r32f_row_major result=00000000 bytes=16384
motion_output_frame device=1 frame=4 latched=1 filled=1 fill_result=00000000 fill_restore=00000000 draws=5 routed=2 matched=0 gate1=0 gate2=1 gate3=1 gate4=1 gate5=2 gate6=0 apply_failures=0 restore_failures=0 history_previous=0 history_current=0 committed=1 selector_state=2 present=00000000 depth=1 depth_routed=2 jitter=0 jitter_index=4 jitter_x=0.000000 jitter_y=0.000000 jitter_previous_x=0.000000 jitter_previous_y=0.000000 jittered=0 cut=0 cut_median_px=0.0000 cut_missing=0.0000 cut_samples=0
frame_end device=1 frame=4 draws=5 capture=1 present=00000000
ownership_copy_depth phase=present device=1 frame=4 result=00000000 status=00000001 requested=0 available=0 source_bound=0 copy_valid=0 generation=0 source_epoch=0 copy_epoch=0 source_width=0 source_height=0 source_format=0 source_type=0 source_usage=0 source_pool=0 source_msaa=0 source_quality=0
admission_metric device=1 frame=4 phase=present active_roots=1 waiting_roots=0 admitted_roots=1783 promotions=0 veto_bits=0 first_reason=0 replay_active=0 live_replay_enabled=0 coverage_complete=0
frame_begin device=1 frame=5
capture_event device=1 frame=5 seq=1 after_draw=0 op=clear result=00000000 qpc=9073124224667
clear flags=3 color=ff203040 z=1 stencil=0 rect_count=0 rect_ptr=00000000
surface role=clear_rt0 ptr=02111bb0 identity=1 width=64 height=64 format=21 usage=1 msaa=0 container=0 container_type=0 container_result=80004002
surface role=clear_depth ptr=02111be0 identity=2 width=64 height=64 format=77 usage=2 msaa=0 container=0 container_type=0 container_result=80004002
clear_viewport result=00000000 x=0 y=0 w=64 h=64 minz=0 maxz=1
capture_event device=1 frame=5 seq=2 after_draw=0 op=draw_begin result=00000000 qpc=9073124225692
draw device=1 frame=5 index=1 kind=primitive topology=4 primitives=1 vs=53a0a641107ed76c ps=98731d5594e36226
geometry source=buffers
stream slot=0 result=00000000 identity=3 offset=0 stride=24 frequency=1 frequency_result=00000000
vertex_buffer identity=3 bytes=72 usage=0 pool=1 fvf=0
buffer_content kind=vertex identity=3 result=00000000 status=00000001 requested=0 known=0 ambiguous=0 revision=0 pending=0 flags=00000000
stream slot=1 result=00000000 identity=0
stream slot=2 result=00000000 identity=0
stream slot=3 result=00000000 identity=0
stream slot=4 result=00000000 identity=0
stream slot=5 result=00000000 identity=0
stream slot=6 result=00000000 identity=0
stream slot=7 result=00000000 identity=0
stream slot=8 result=00000000 identity=0
stream slot=9 result=00000000 identity=0
stream slot=10 result=00000000 identity=0
stream slot=11 result=00000000 identity=0
stream slot=12 result=00000000 identity=0
stream slot=13 result=00000000 identity=0
stream slot=14 result=00000000 identity=0
stream slot=15 result=00000000 identity=0
indices result=00000000 identity=0
surface role=rt0 ptr=02111bb0 identity=1 width=64 height=64 format=21 usage=1 msaa=0 container=0 container_type=0 container_result=80004002
surface role=depth ptr=02111be0 identity=2 width=64 height=64 format=77 usage=2 msaa=0 container=0 container_type=0 container_result=80004002
state id=7 value=0
state id=14 value=0
state id=23 value=4
state id=15 value=1
state id=24 value=0
state id=25 value=8
state id=27 value=1
state id=19 value=2
state id=20 value=1
state id=171 value=1
state id=22 value=2
state id=168 value=7
state id=194 value=0
state id=206 value=0
state id=52 value=1
state id=56 value=8
state id=57 value=0
state id=58 value=4294967295
state id=59 value=4294967295
state id=53 value=1
state id=54 value=1
state id=55 value=1
state id=185 value=0
state id=189 value=8
state id=186 value=1
state id=187 value=1
state id=188 value=1
viewport x=0 y=0 w=64 h=64 minz=0 maxz=1
texture stage=0 ptr=02111a90 type=3 identity=5
texture_desc stage=0 w=2 h=2 format=21
sampler stage=0 state=6 value=1
sampler stage=0 state=5 value=1
sampler stage=0 state=7 value=0
sampler stage=0 state=10 value=1
sampler stage=0 state=11 value=0
texture stage=1 ptr=02111af0 type=3 identity=6
texture_desc stage=1 w=2 h=2 format=21
sampler stage=1 state=6 value=1
sampler stage=1 state=5 value=1
sampler stage=1 state=7 value=0
sampler stage=1 state=10 value=1
sampler stage=1 state=11 value=0
texture stage=2 ptr=02111b50 type=3 identity=7
texture_desc stage=2 w=2 h=2 format=21
sampler stage=2 state=6 value=1
sampler stage=2 state=5 value=1
sampler stage=2 state=7 value=0
sampler stage=2 state=10 value=1
sampler stage=2 state=11 value=0
texture stage=3 ptr=02111b80 type=5 identity=8
sampler stage=3 state=6 value=1
sampler stage=3 state=5 value=1
sampler stage=3 state=7 value=0
sampler stage=3 state=10 value=1
sampler stage=3 state=11 value=0
sampler stage=4 state=6 value=1
sampler stage=4 state=5 value=1
sampler stage=4 state=7 value=0
sampler stage=4 state=10 value=1
sampler stage=4 state=11 value=0
sampler stage=5 state=6 value=1
sampler stage=5 state=5 value=1
sampler stage=5 state=7 value=0
sampler stage=5 state=10 value=1
sampler stage=5 state=11 value=0
sampler stage=6 state=6 value=1
sampler stage=6 state=5 value=1
sampler stage=6 state=7 value=0
sampler stage=6 state=10 value=1
sampler stage=6 state=11 value=0
sampler stage=7 state=6 value=1
sampler stage=7 state=5 value=1
sampler stage=7 state=7 value=0
sampler stage=7 state=10 value=1
sampler stage=7 state=11 value=0
sampler stage=8 state=6 value=1
sampler stage=8 state=5 value=1
sampler stage=8 state=7 value=0
sampler stage=8 state=10 value=1
sampler stage=8 state=11 value=0
sampler stage=9 state=6 value=1
sampler stage=9 state=5 value=1
sampler stage=9 state=7 value=0
sampler stage=9 state=10 value=1
sampler stage=9 state=11 value=0
sampler stage=10 state=6 value=1
sampler stage=10 state=5 value=1
sampler stage=10 state=7 value=0
sampler stage=10 state=10 value=1
sampler stage=10 state=11 value=0
sampler stage=11 state=6 value=1
sampler stage=11 state=5 value=1
sampler stage=11 state=7 value=0
sampler stage=11 state=10 value=1
sampler stage=11 state=11 value=0
sampler stage=12 state=6 value=1
sampler stage=12 state=5 value=1
sampler stage=12 state=7 value=0
sampler stage=12 state=10 value=1
sampler stage=12 state=11 value=0
sampler stage=13 state=6 value=1
sampler stage=13 state=5 value=1
sampler stage=13 state=7 value=0
sampler stage=13 state=10 value=1
sampler stage=13 state=11 value=0
sampler stage=14 state=6 value=1
sampler stage=14 state=5 value=1
sampler stage=14 state=7 value=0
sampler stage=14 state=10 value=1
sampler stage=14 state=11 value=0
sampler stage=15 state=6 value=1
sampler stage=15 state=5 value=1
sampler stage=15 state=7 value=0
sampler stage=15 state=10 value=1
sampler stage=15 state=11 value=0
vertex_element stream=0 offset=0 type=16 method=0 usage=0 index=0
vertex_element stream=0 offset=8 type=16 method=0 usage=5 index=0
vertex_element stream=0 offset=16 type=16 method=0 usage=3 index=0
vertex_element stream=255 offset=0 type=17 method=0 usage=0 index=0
transform state=256 row=0 values=1,0,0,0
transform state=256 row=1 values=0,1,0,0
transform state=256 row=2 values=0,0,1,0
transform state=256 row=3 values=0,0,0,1
transform state=2 row=0 values=1,0,0,0
transform state=2 row=1 values=0,1,0,0
transform state=2 row=2 values=0,0,1,0
transform state=2 row=3 values=0,0,0,1
transform state=3 row=0 values=1,0,0,0
transform state=3 row=1 values=0,1,0,0
transform state=3 row=2 values=0,0,1,0
transform state=3 row=3 values=0,0,0,1
constants kind=vs type=f count=256 result=00000000 encoding=sparse_zero
constant kind=vs type=f reg=0 bits=bf800000,3f800000,40400000,00000000
constant kind=vs type=f reg=1 bits=3d23d70a,3ccccccd,3c75c28f,00000000
constant kind=vs type=f reg=2 bits=3f800000,3d4ccccd,00000000,00000000
constant kind=vs type=f reg=3 bits=00000000,3f800000,40400000,00000000
constant kind=vs type=f reg=4 bits=3d23d70a,3ccccccd,3c75c28f,00000000
constant kind=vs type=f reg=5 bits=3f800000,3d4ccccd,00000000,00000000
constant kind=vs type=f reg=6 bits=3f800000,3f800000,40400000,00000000
constant kind=vs type=f reg=7 bits=3d23d70a,3ccccccd,3c75c28f,00000000
constant kind=vs type=f reg=8 bits=3f800000,3d4ccccd,00000000,00000000
constant kind=vs type=f reg=9 bits=bf800000,3f800000,40400000,00000000
constant kind=vs type=f reg=10 bits=3d23d70a,3ccccccd,3c75c28f,00000000
constant kind=vs type=f reg=11 bits=3f800000,3d4ccccd,00000000,00000000
constant kind=vs type=f reg=12 bits=00000000,3f800000,40400000,00000000
constant kind=vs type=f reg=13 bits=3d23d70a,3ccccccd,3c75c28f,00000000
constant kind=vs type=f reg=14 bits=3f800000,3d4ccccd,00000000,00000000
constant kind=vs type=f reg=15 bits=3f800000,3f800000,40400000,00000000
constant kind=vs type=f reg=16 bits=3d23d70a,3ccccccd,3c75c28f,00000000
constant kind=vs type=f reg=17 bits=3f800000,3d4ccccd,00000000,00000000
constant kind=vs type=f reg=18 bits=bf800000,3f800000,40400000,00000000
constant kind=vs type=f reg=19 bits=3d23d70a,3ccccccd,3c75c28f,00000000
constant kind=vs type=f reg=20 bits=3f800000,3d4ccccd,00000000,00000000
constant kind=vs type=f reg=21 bits=00000000,3f800000,40400000,00000000
constant kind=vs type=f reg=22 bits=3d23d70a,3ccccccd,3c75c28f,00000000
constant kind=vs type=f reg=23 bits=3f800000,3d4ccccd,00000000,00000000
constant kind=vs type=f reg=24 bits=3f800000,00000000,00000000,00000000
constant kind=vs type=f reg=25 bits=00000000,3f800000,00000000,00000000
constant kind=vs type=f reg=26 bits=00000000,00000000,3f800000,00000000
constant kind=vs type=f reg=27 bits=00000000,00000000,00000000,3f800000
constant kind=vs type=f reg=28 bits=3f800000,00000000,00000000,00000000
constant kind=vs type=f reg=29 bits=00000000,3f800000,00000000,00000000
constant kind=vs type=f reg=30 bits=00000000,00000000,3f800000,00000000
constant kind=vs type=f reg=31 bits=3f800000,00000000,00000000,00000000
constant kind=vs type=f reg=32 bits=00000000,3f800000,00000000,00000000
constant kind=vs type=f reg=33 bits=00000000,00000000,3f800000,00000000
constant kind=vs type=f reg=34 bits=3f800000,00000000,00000000,00000000
constant kind=vs type=f reg=35 bits=00000000,3f800000,00000000,00000000
constant kind=vs type=f reg=36 bits=00000000,00000000,3f800000,40800000
constant kind=vs type=f reg=37 bits=3f800000,00000000,00000000,00000000
constant kind=vs type=f reg=38 bits=00000000,3f800000,00000000,00000000
constant kind=vs type=f reg=39 bits=3f200000,00000000,00000000,00000000
constant kind=vs type=f reg=40 bits=3e4ccccd,3dcccccd,3d4ccccd,00000000
constant kind=vs type=f reg=41 bits=3f800000,00000000,00000000,00000000
constant kind=vs type=f reg=252 bits=42c80000,42ca0000,42cc0000,42ce0000
constant kind=vs type=f reg=253 bits=42d00000,42d20000,42d40000,42d60000
constant kind=vs type=f reg=254 bits=42d80000,42da0000,42dc0000,42de0000
constant kind=vs type=f reg=255 bits=42e00000,42e20000,42e40000,42e60000
constants kind=vs type=i count=16 result=00000000 encoding=full
constant kind=vs type=i reg=0 values=1,0,1,0
constant kind=vs type=i reg=1 values=0,0,0,0
constant kind=vs type=i reg=2 values=0,0,0,0
constant kind=vs type=i reg=3 values=0,0,0,0
constant kind=vs type=i reg=4 values=0,0,0,0
constant kind=vs type=i reg=5 values=0,0,0,0
constant kind=vs type=i reg=6 values=0,0,0,0
constant kind=vs type=i reg=7 values=0,0,0,0
constant kind=vs type=i reg=8 values=0,0,0,0
constant kind=vs type=i reg=9 values=0,0,0,0
constant kind=vs type=i reg=10 values=0,0,0,0
constant kind=vs type=i reg=11 values=0,0,0,0
constant kind=vs type=i reg=12 values=0,0,0,0
constant kind=vs type=i reg=13 values=0,0,0,0
constant kind=vs type=i reg=14 values=0,0,0,0
constant kind=vs type=i reg=15 values=0,0,0,0
constants kind=vs type=b count=16 result=00000000 encoding=full
constant kind=vs type=b reg=0 values=0
constant kind=vs type=b reg=1 values=0
constant kind=vs type=b reg=2 values=0
constant kind=vs type=b reg=3 values=0
constant kind=vs type=b reg=4 values=0
constant kind=vs type=b reg=5 values=0
constant kind=vs type=b reg=6 values=0
constant kind=vs type=b reg=7 values=0
constant kind=vs type=b reg=8 values=0
constant kind=vs type=b reg=9 values=0
constant kind=vs type=b reg=10 values=0
constant kind=vs type=b reg=11 values=0
constant kind=vs type=b reg=12 values=0
constant kind=vs type=b reg=13 values=0
constant kind=vs type=b reg=14 values=0
constant kind=vs type=b reg=15 values=0
constants kind=ps type=f count=224 result=00000000 encoding=sparse_zero
constant kind=ps type=f reg=0 bits=3f800000,00000000,00000000,00000000
constant kind=ps type=f reg=1 bits=00000000,3f800000,00000000,00000000
constant kind=ps type=f reg=2 bits=00000000,00000000,3f800000,00000000
constant kind=ps type=f reg=3 bits=3e800000,00000000,00000000,00000000
constant kind=ps type=f reg=4 bits=00000000,00000000,3f800000,00000000
constant kind=ps type=f reg=5 bits=3e99999a,3e4ccccd,3dcccccd,00000000
constant kind=ps type=f reg=6 bits=3f000000,00000000,3f000000,00000000
constant kind=ps type=f reg=7 bits=3dcccccd,3e19999a,3e4ccccd,00000000
constant kind=ps type=f reg=216 bits=43480000,43490000,434a0000,434b0000
constant kind=ps type=f reg=217 bits=434c0000,434d0000,434e0000,434f0000
constants kind=ps type=i count=16 result=00000000 encoding=full
constant kind=ps type=i reg=0 values=0,0,0,0
constant kind=ps type=i reg=1 values=0,0,0,0
constant kind=ps type=i reg=2 values=0,0,0,0
constant kind=ps type=i reg=3 values=0,0,0,0
constant kind=ps type=i reg=4 values=0,0,0,0
constant kind=ps type=i reg=5 values=0,0,0,0
constant kind=ps type=i reg=6 values=0,0,0,0
constant kind=ps type=i reg=7 values=0,0,0,0
constant kind=ps type=i reg=8 values=0,0,0,0
constant kind=ps type=i reg=9 values=0,0,0,0
constant kind=ps type=i reg=10 values=0,0,0,0
constant kind=ps type=i reg=11 values=0,0,0,0
constant kind=ps type=i reg=12 values=0,0,0,0
constant kind=ps type=i reg=13 values=0,0,0,0
constant kind=ps type=i reg=14 values=0,0,0,0
constant kind=ps type=i reg=15 values=0,0,0,0
constants kind=ps type=b count=16 result=00000000 encoding=full
constant kind=ps type=b reg=0 values=0
constant kind=ps type=b reg=1 values=0
constant kind=ps type=b reg=2 values=0
constant kind=ps type=b reg=3 values=0
constant kind=ps type=b reg=4 values=0
constant kind=ps type=b reg=5 values=0
constant kind=ps type=b reg=6 values=0
constant kind=ps type=b reg=7 values=0
constant kind=ps type=b reg=8 values=0
constant kind=ps type=b reg=9 values=0
constant kind=ps type=b reg=10 values=0
constant kind=ps type=b reg=11 values=0
constant kind=ps type=b reg=12 values=0
constant kind=ps type=b reg=13 values=0
constant kind=ps type=b reg=14 values=0
constant kind=ps type=b reg=15 values=0
draw_args start_vertex=0
motion_input device=1 frame=5 index=1 blockers=00000252 proofs=20 position_path=1 vs=53a0a641107ed76c ps=98731d5594e36226 declaration=0cdf6a8c884ad955 rows_hash=1b0c97ae01a7ec05 color=1 depth=2 width=64 height=64 cull=2 vb=3 vb_revision=0 ib=0 ib_revision=0 position_offset=0 position_type=16 lifetime_verified=0 vertex_finite_verified=0
motion_geometry device=1 frame=5 index=1 source_qualified=1 source_hash=53a0a641107ed76c source_words=526 finite_requested=0 finite_state=0 finite_reason=4 finite_status=00000001 finite_generation=0 finite_revision=0 index_required=0 index_requested=0 index_known=0 index_range_verified=0 index_exact=0 index_min=0 index_max=0 index_reason=1 index_status=00000001 index_generation=0 index_revision=0
draw_result device=1 frame=5 index=1 result=00000000
capture_event device=1 frame=5 seq=3 after_draw=1 op=clear result=00000000 qpc=9073124235160
clear flags=2 color=00000000 z=1 stencil=0 rect_count=0 rect_ptr=00000000
surface role=clear_rt0 ptr=02111bb0 identity=1 width=64 height=64 format=21 usage=1 msaa=0 container=0 container_type=0 container_result=80004002
surface role=clear_depth ptr=02111be0 identity=2 width=64 height=64 format=77 usage=2 msaa=0 container=0 container_type=0 container_result=80004002
clear_viewport result=00000000 x=0 y=0 w=64 h=64 minz=0 maxz=1
capture_event device=1 frame=5 seq=4 after_draw=1 op=draw_begin result=00000000 qpc=9073124236106
draw device=1 frame=5 index=2 kind=primitive topology=4 primitives=1 vs=53a0a641107ed76c ps=8759c7838bbc86c2
geometry source=buffers
stream slot=0 result=00000000 identity=3 offset=0 stride=24 frequency=1 frequency_result=00000000
vertex_buffer identity=3 bytes=72 usage=0 pool=1 fvf=0
buffer_content kind=vertex identity=3 result=00000000 status=00000001 requested=0 known=0 ambiguous=0 revision=0 pending=0 flags=00000000
stream slot=1 result=00000000 identity=0
stream slot=2 result=00000000 identity=0
stream slot=3 result=00000000 identity=0
stream slot=4 result=00000000 identity=0
stream slot=5 result=00000000 identity=0
stream slot=6 result=00000000 identity=0
stream slot=7 result=00000000 identity=0
stream slot=8 result=00000000 identity=0
stream slot=9 result=00000000 identity=0
stream slot=10 result=00000000 identity=0
stream slot=11 result=00000000 identity=0
stream slot=12 result=00000000 identity=0
stream slot=13 result=00000000 identity=0
stream slot=14 result=00000000 identity=0
stream slot=15 result=00000000 identity=0
indices result=00000000 identity=0
surface role=rt0 ptr=02111bb0 identity=1 width=64 height=64 format=21 usage=1 msaa=0 container=0 container_type=0 container_result=80004002
surface role=depth ptr=02111be0 identity=2 width=64 height=64 format=77 usage=2 msaa=0 container=0 container_type=0 container_result=80004002
state id=7 value=1
state id=14 value=1
state id=23 value=4
state id=15 value=0
state id=24 value=0
state id=25 value=8
state id=27 value=0
state id=19 value=2
state id=20 value=1
state id=171 value=1
state id=22 value=1
state id=168 value=15
state id=194 value=0
state id=206 value=0
state id=52 value=0
state id=56 value=8
state id=57 value=0
state id=58 value=4294967295
state id=59 value=4294967295
state id=53 value=1
state id=54 value=1
state id=55 value=1
state id=185 value=0
state id=189 value=8
state id=186 value=1
state id=187 value=1
state id=188 value=1
viewport x=0 y=0 w=64 h=64 minz=0 maxz=1
texture stage=0 ptr=02111a90 type=3 identity=5
texture_desc stage=0 w=2 h=2 format=21
sampler stage=0 state=6 value=1
sampler stage=0 state=5 value=1
sampler stage=0 state=7 value=0
sampler stage=0 state=10 value=1
sampler stage=0 state=11 value=0
texture stage=1 ptr=02111af0 type=3 identity=6
texture_desc stage=1 w=2 h=2 format=21
sampler stage=1 state=6 value=1
sampler stage=1 state=5 value=1
sampler stage=1 state=7 value=0
sampler stage=1 state=10 value=1
sampler stage=1 state=11 value=0
texture stage=2 ptr=02111b50 type=3 identity=7
texture_desc stage=2 w=2 h=2 format=21
sampler stage=2 state=6 value=1
sampler stage=2 state=5 value=1
sampler stage=2 state=7 value=0
sampler stage=2 state=10 value=1
sampler stage=2 state=11 value=0
texture stage=3 ptr=02111b80 type=5 identity=8
sampler stage=3 state=6 value=1
sampler stage=3 state=5 value=1
sampler stage=3 state=7 value=0
sampler stage=3 state=10 value=1
sampler stage=3 state=11 value=0
sampler stage=4 state=6 value=1
sampler stage=4 state=5 value=1
sampler stage=4 state=7 value=0
sampler stage=4 state=10 value=1
sampler stage=4 state=11 value=0
sampler stage=5 state=6 value=1
sampler stage=5 state=5 value=1
sampler stage=5 state=7 value=0
sampler stage=5 state=10 value=1
sampler stage=5 state=11 value=0
sampler stage=6 state=6 value=1
sampler stage=6 state=5 value=1
sampler stage=6 state=7 value=0
sampler stage=6 state=10 value=1
sampler stage=6 state=11 value=0
sampler stage=7 state=6 value=1
sampler stage=7 state=5 value=1
sampler stage=7 state=7 value=0
sampler stage=7 state=10 value=1
sampler stage=7 state=11 value=0
sampler stage=8 state=6 value=1
sampler stage=8 state=5 value=1
sampler stage=8 state=7 value=0
sampler stage=8 state=10 value=1
sampler stage=8 state=11 value=0
sampler stage=9 state=6 value=1
sampler stage=9 state=5 value=1
sampler stage=9 state=7 value=0
sampler stage=9 state=10 value=1
sampler stage=9 state=11 value=0
sampler stage=10 state=6 value=1
sampler stage=10 state=5 value=1
sampler stage=10 state=7 value=0
sampler stage=10 state=10 value=1
sampler stage=10 state=11 value=0
sampler stage=11 state=6 value=1
sampler stage=11 state=5 value=1
sampler stage=11 state=7 value=0
sampler stage=11 state=10 value=1
sampler stage=11 state=11 value=0
sampler stage=12 state=6 value=1
sampler stage=12 state=5 value=1
sampler stage=12 state=7 value=0
sampler stage=12 state=10 value=1
sampler stage=12 state=11 value=0
sampler stage=13 state=6 value=1
sampler stage=13 state=5 value=1
sampler stage=13 state=7 value=0
sampler stage=13 state=10 value=1
sampler stage=13 state=11 value=0
sampler stage=14 state=6 value=1
sampler stage=14 state=5 value=1
sampler stage=14 state=7 value=0
sampler stage=14 state=10 value=1
sampler stage=14 state=11 value=0
sampler stage=15 state=6 value=1
sampler stage=15 state=5 value=1
sampler stage=15 state=7 value=0
sampler stage=15 state=10 value=1
sampler stage=15 state=11 value=0
vertex_element stream=0 offset=0 type=16 method=0 usage=0 index=0
vertex_element stream=0 offset=8 type=16 method=0 usage=5 index=0
vertex_element stream=0 offset=16 type=16 method=0 usage=3 index=0
vertex_element stream=255 offset=0 type=17 method=0 usage=0 index=0
transform state=256 row=0 values=1,0,0,0
transform state=256 row=1 values=0,1,0,0
transform state=256 row=2 values=0,0,1,0
transform state=256 row=3 values=0,0,0,1
transform state=2 row=0 values=1,0,0,0
transform state=2 row=1 values=0,1,0,0
transform state=2 row=2 values=0,0,1,0
transform state=2 row=3 values=0,0,0,1
transform state=3 row=0 values=1,0,0,0
transform state=3 row=1 values=0,1,0,0
transform state=3 row=2 values=0,0,1,0
transform state=3 row=3 values=0,0,0,1
constants kind=vs type=f count=256 result=00000000 encoding=sparse_zero
constant kind=vs type=f reg=0 bits=bf800000,3f800000,40400000,00000000
constant kind=vs type=f reg=1 bits=3d23d70a,3ccccccd,3c75c28f,00000000
constant kind=vs type=f reg=2 bits=3f800000,3d4ccccd,00000000,00000000
constant kind=vs type=f reg=3 bits=00000000,3f800000,40400000,00000000
constant kind=vs type=f reg=4 bits=3d23d70a,3ccccccd,3c75c28f,00000000
constant kind=vs type=f reg=5 bits=3f800000,3d4ccccd,00000000,00000000
constant kind=vs type=f reg=6 bits=3f800000,3f800000,40400000,00000000
constant kind=vs type=f reg=7 bits=3d23d70a,3ccccccd,3c75c28f,00000000
constant kind=vs type=f reg=8 bits=3f800000,3d4ccccd,00000000,00000000
constant kind=vs type=f reg=9 bits=bf800000,3f800000,40400000,00000000
constant kind=vs type=f reg=10 bits=3d23d70a,3ccccccd,3c75c28f,00000000
constant kind=vs type=f reg=11 bits=3f800000,3d4ccccd,00000000,00000000
constant kind=vs type=f reg=12 bits=00000000,3f800000,40400000,00000000
constant kind=vs type=f reg=13 bits=3d23d70a,3ccccccd,3c75c28f,00000000
constant kind=vs type=f reg=14 bits=3f800000,3d4ccccd,00000000,00000000
constant kind=vs type=f reg=15 bits=3f800000,3f800000,40400000,00000000
constant kind=vs type=f reg=16 bits=3d23d70a,3ccccccd,3c75c28f,00000000
constant kind=vs type=f reg=17 bits=3f800000,3d4ccccd,00000000,00000000
constant kind=vs type=f reg=18 bits=bf800000,3f800000,40400000,00000000
constant kind=vs type=f reg=19 bits=3d23d70a,3ccccccd,3c75c28f,00000000
constant kind=vs type=f reg=20 bits=3f800000,3d4ccccd,00000000,00000000
constant kind=vs type=f reg=21 bits=00000000,3f800000,40400000,00000000
constant kind=vs type=f reg=22 bits=3d23d70a,3ccccccd,3c75c28f,00000000
constant kind=vs type=f reg=23 bits=3f800000,3d4ccccd,00000000,00000000
constant kind=vs type=f reg=24 bits=3f800000,00000000,00000000,3f400000
constant kind=vs type=f reg=25 bits=00000000,3f800000,00000000,00000000
constant kind=vs type=f reg=26 bits=00000000,00000000,3f800000,00000000
constant kind=vs type=f reg=27 bits=00000000,00000000,00000000,3f800000
constant kind=vs type=f reg=28 bits=3f800000,00000000,00000000,00000000
constant kind=vs type=f reg=29 bits=00000000,3f800000,00000000,00000000
constant kind=vs type=f reg=30 bits=00000000,00000000,3f800000,00000000
constant kind=vs type=f reg=31 bits=3f800000,00000000,00000000,00000000
constant kind=vs type=f reg=32 bits=00000000,3f800000,00000000,00000000
constant kind=vs type=f reg=33 bits=00000000,00000000,3f800000,00000000
constant kind=vs type=f reg=34 bits=3f800000,00000000,00000000,00000000
constant kind=vs type=f reg=35 bits=00000000,3f800000,00000000,00000000
constant kind=vs type=f reg=36 bits=00000000,00000000,3f800000,40800000
constant kind=vs type=f reg=37 bits=3f800000,00000000,00000000,00000000
constant kind=vs type=f reg=38 bits=00000000,3f800000,00000000,00000000
constant kind=vs type=f reg=39 bits=3f200000,00000000,00000000,00000000
constant kind=vs type=f reg=40 bits=3e4ccccd,3dcccccd,3d4ccccd,00000000
constant kind=vs type=f reg=41 bits=3f800000,00000000,00000000,00000000
constant kind=vs type=f reg=252 bits=42c80000,42ca0000,42cc0000,42ce0000
constant kind=vs type=f reg=253 bits=42d00000,42d20000,42d40000,42d60000
constant kind=vs type=f reg=254 bits=42d80000,42da0000,42dc0000,42de0000
constant kind=vs type=f reg=255 bits=42e00000,42e20000,42e40000,42e60000
constants kind=vs type=i count=16 result=00000000 encoding=full
constant kind=vs type=i reg=0 values=1,0,1,0
constant kind=vs type=i reg=1 values=0,0,0,0
constant kind=vs type=i reg=2 values=0,0,0,0
constant kind=vs type=i reg=3 values=0,0,0,0
constant kind=vs type=i reg=4 values=0,0,0,0
constant kind=vs type=i reg=5 values=0,0,0,0
constant kind=vs type=i reg=6 values=0,0,0,0
constant kind=vs type=i reg=7 values=0,0,0,0
constant kind=vs type=i reg=8 values=0,0,0,0
constant kind=vs type=i reg=9 values=0,0,0,0
constant kind=vs type=i reg=10 values=0,0,0,0
constant kind=vs type=i reg=11 values=0,0,0,0
constant kind=vs type=i reg=12 values=0,0,0,0
constant kind=vs type=i reg=13 values=0,0,0,0
constant kind=vs type=i reg=14 values=0,0,0,0
constant kind=vs type=i reg=15 values=0,0,0,0
constants kind=vs type=b count=16 result=00000000 encoding=full
constant kind=vs type=b reg=0 values=0
constant kind=vs type=b reg=1 values=0
constant kind=vs type=b reg=2 values=0
constant kind=vs type=b reg=3 values=0
constant kind=vs type=b reg=4 values=0
constant kind=vs type=b reg=5 values=0
constant kind=vs type=b reg=6 values=0
constant kind=vs type=b reg=7 values=0
constant kind=vs type=b reg=8 values=0
constant kind=vs type=b reg=9 values=0
constant kind=vs type=b reg=10 values=0
constant kind=vs type=b reg=11 values=0
constant kind=vs type=b reg=12 values=0
constant kind=vs type=b reg=13 values=0
constant kind=vs type=b reg=14 values=0
constant kind=vs type=b reg=15 values=0
constants kind=ps type=f count=224 result=00000000 encoding=sparse_zero
constant kind=ps type=f reg=0 bits=3f800000,00000000,00000000,00000000
constant kind=ps type=f reg=1 bits=00000000,3f800000,00000000,00000000
constant kind=ps type=f reg=2 bits=00000000,00000000,3f800000,00000000
constant kind=ps type=f reg=3 bits=3e800000,00000000,00000000,00000000
constant kind=ps type=f reg=4 bits=00000000,00000000,3f800000,00000000
constant kind=ps type=f reg=5 bits=3e99999a,3e4ccccd,3dcccccd,00000000
constant kind=ps type=f reg=6 bits=3f000000,00000000,3f000000,00000000
constant kind=ps type=f reg=7 bits=3dcccccd,3e19999a,3e4ccccd,00000000
constant kind=ps type=f reg=216 bits=43480000,43490000,434a0000,434b0000
constant kind=ps type=f reg=217 bits=434c0000,434d0000,434e0000,434f0000
constants kind=ps type=i count=16 result=00000000 encoding=full
constant kind=ps type=i reg=0 values=0,0,0,0
constant kind=ps type=i reg=1 values=0,0,0,0
constant kind=ps type=i reg=2 values=0,0,0,0
constant kind=ps type=i reg=3 values=0,0,0,0
constant kind=ps type=i reg=4 values=0,0,0,0
constant kind=ps type=i reg=5 values=0,0,0,0
constant kind=ps type=i reg=6 values=0,0,0,0
constant kind=ps type=i reg=7 values=0,0,0,0
constant kind=ps type=i reg=8 values=0,0,0,0
constant kind=ps type=i reg=9 values=0,0,0,0
constant kind=ps type=i reg=10 values=0,0,0,0
constant kind=ps type=i reg=11 values=0,0,0,0
constant kind=ps type=i reg=12 values=0,0,0,0
constant kind=ps type=i reg=13 values=0,0,0,0
constant kind=ps type=i reg=14 values=0,0,0,0
constant kind=ps type=i reg=15 values=0,0,0,0
constants kind=ps type=b count=16 result=00000000 encoding=full
constant kind=ps type=b reg=0 values=0
constant kind=ps type=b reg=1 values=0
constant kind=ps type=b reg=2 values=0
constant kind=ps type=b reg=3 values=0
constant kind=ps type=b reg=4 values=0
constant kind=ps type=b reg=5 values=0
constant kind=ps type=b reg=6 values=0
constant kind=ps type=b reg=7 values=0
constant kind=ps type=b reg=8 values=0
constant kind=ps type=b reg=9 values=0
constant kind=ps type=b reg=10 values=0
constant kind=ps type=b reg=11 values=0
constant kind=ps type=b reg=12 values=0
constant kind=ps type=b reg=13 values=0
constant kind=ps type=b reg=14 values=0
constant kind=ps type=b reg=15 values=0
draw_args start_vertex=0
motion_route device=1 frame=5 index=2 gate=5 routed=1 matched=0 depth=1 jittered=0 vs=53a0a641107ed76c ps=8759c7838bbc86c2 node=00000000 camera=00000000 node_handle=0 camera_handle=0 node_serial=0 camera_serial=0 load_epoch=0 registry_epoch=0 model=00000000 lod=00000000 vb=3 ib=0 declaration=0cdf6a8c884ad955 offset=0 stride=24 position_offset=0 position_type=16 topology=4 first=0 primitives=1 base_vertex=0 min_vertex=0 vertex_count=0 indexed=0 rows_hash=712d59ff944d11a8 result=00000000
motion_input device=1 frame=5 index=2 blockers=00000210 proofs=28 position_path=1 vs=53a0a641107ed76c ps=8759c7838bbc86c2 declaration=0cdf6a8c884ad955 rows_hash=712d59ff944d11a8 color=1 depth=2 width=64 height=64 cull=1 vb=3 vb_revision=0 ib=0 ib_revision=0 position_offset=0 position_type=16 lifetime_verified=0 vertex_finite_verified=0
motion_geometry device=1 frame=5 index=2 source_qualified=1 source_hash=53a0a641107ed76c source_words=526 finite_requested=0 finite_state=0 finite_reason=4 finite_status=00000001 finite_generation=0 finite_revision=0 index_required=0 index_requested=0 index_known=0 index_range_verified=0 index_exact=0 index_min=0 index_max=0 index_reason=1 index_status=00000001 index_generation=0 index_revision=0
draw_result device=1 frame=5 index=2 result=00000000
capture_event device=1 frame=5 seq=5 after_draw=2 op=draw_begin result=00000000 qpc=9073124245303
draw device=1 frame=5 index=3 kind=primitive topology=4 primitives=1 vs=53a0a641107ed76c ps=8759c7838bbc86c2
geometry source=buffers
stream slot=0 result=00000000 identity=3 offset=0 stride=24 frequency=1 frequency_result=00000000
vertex_buffer identity=3 bytes=72 usage=0 pool=1 fvf=0
buffer_content kind=vertex identity=3 result=00000000 status=00000001 requested=0 known=0 ambiguous=0 revision=0 pending=0 flags=00000000
stream slot=1 result=00000000 identity=0
stream slot=2 result=00000000 identity=0
stream slot=3 result=00000000 identity=0
stream slot=4 result=00000000 identity=0
stream slot=5 result=00000000 identity=0
stream slot=6 result=00000000 identity=0
stream slot=7 result=00000000 identity=0
stream slot=8 result=00000000 identity=0
stream slot=9 result=00000000 identity=0
stream slot=10 result=00000000 identity=0
stream slot=11 result=00000000 identity=0
stream slot=12 result=00000000 identity=0
stream slot=13 result=00000000 identity=0
stream slot=14 result=00000000 identity=0
stream slot=15 result=00000000 identity=0
indices result=00000000 identity=0
surface role=rt0 ptr=02111bb0 identity=1 width=64 height=64 format=21 usage=1 msaa=0 container=0 container_type=0 container_result=80004002
surface role=depth ptr=02111be0 identity=2 width=64 height=64 format=77 usage=2 msaa=0 container=0 container_type=0 container_result=80004002
state id=7 value=1
state id=14 value=1
state id=23 value=4
state id=15 value=0
state id=24 value=0
state id=25 value=8
state id=27 value=0
state id=19 value=2
state id=20 value=1
state id=171 value=1
state id=22 value=1
state id=168 value=15
state id=194 value=0
state id=206 value=0
state id=52 value=0
state id=56 value=8
state id=57 value=0
state id=58 value=4294967295
state id=59 value=4294967295
state id=53 value=1
state id=54 value=1
state id=55 value=1
state id=185 value=0
state id=189 value=8
state id=186 value=1
state id=187 value=1
state id=188 value=1
viewport x=0 y=0 w=64 h=64 minz=0 maxz=1
texture stage=0 ptr=02111a90 type=3 identity=5
texture_desc stage=0 w=2 h=2 format=21
sampler stage=0 state=6 value=1
sampler stage=0 state=5 value=1
sampler stage=0 state=7 value=0
sampler stage=0 state=10 value=1
sampler stage=0 state=11 value=0
texture stage=1 ptr=02111af0 type=3 identity=6
texture_desc stage=1 w=2 h=2 format=21
sampler stage=1 state=6 value=1
sampler stage=1 state=5 value=1
sampler stage=1 state=7 value=0
sampler stage=1 state=10 value=1
sampler stage=1 state=11 value=0
texture stage=2 ptr=02111b50 type=3 identity=7
texture_desc stage=2 w=2 h=2 format=21
sampler stage=2 state=6 value=1
sampler stage=2 state=5 value=1
sampler stage=2 state=7 value=0
sampler stage=2 state=10 value=1
sampler stage=2 state=11 value=0
texture stage=3 ptr=02111b80 type=5 identity=8
sampler stage=3 state=6 value=1
sampler stage=3 state=5 value=1
sampler stage=3 state=7 value=0
sampler stage=3 state=10 value=1
sampler stage=3 state=11 value=0
sampler stage=4 state=6 value=1
sampler stage=4 state=5 value=1
sampler stage=4 state=7 value=0
sampler stage=4 state=10 value=1
sampler stage=4 state=11 value=0
sampler stage=5 state=6 value=1
sampler stage=5 state=5 value=1
sampler stage=5 state=7 value=0
sampler stage=5 state=10 value=1
sampler stage=5 state=11 value=0
sampler stage=6 state=6 value=1
sampler stage=6 state=5 value=1
sampler stage=6 state=7 value=0
sampler stage=6 state=10 value=1
sampler stage=6 state=11 value=0
sampler stage=7 state=6 value=1
sampler stage=7 state=5 value=1
sampler stage=7 state=7 value=0
sampler stage=7 state=10 value=1
sampler stage=7 state=11 value=0
sampler stage=8 state=6 value=1
sampler stage=8 state=5 value=1
sampler stage=8 state=7 value=0
sampler stage=8 state=10 value=1
sampler stage=8 state=11 value=0
sampler stage=9 state=6 value=1
sampler stage=9 state=5 value=1
sampler stage=9 state=7 value=0
sampler stage=9 state=10 value=1
sampler stage=9 state=11 value=0
sampler stage=10 state=6 value=1
sampler stage=10 state=5 value=1
sampler stage=10 state=7 value=0
sampler stage=10 state=10 value=1
sampler stage=10 state=11 value=0
sampler stage=11 state=6 value=1
sampler stage=11 state=5 value=1
sampler stage=11 state=7 value=0
sampler stage=11 state=10 value=1
sampler stage=11 state=11 value=0
sampler stage=12 state=6 value=1
sampler stage=12 state=5 value=1
sampler stage=12 state=7 value=0
sampler stage=12 state=10 value=1
sampler stage=12 state=11 value=0
sampler stage=13 state=6 value=1
sampler stage=13 state=5 value=1
sampler stage=13 state=7 value=0
sampler stage=13 state=10 value=1
sampler stage=13 state=11 value=0
sampler stage=14 state=6 value=1
sampler stage=14 state=5 value=1
sampler stage=14 state=7 value=0
sampler stage=14 state=10 value=1
sampler stage=14 state=11 value=0
sampler stage=15 state=6 value=1
sampler stage=15 state=5 value=1
sampler stage=15 state=7 value=0
sampler stage=15 state=10 value=1
sampler stage=15 state=11 value=0
vertex_element stream=0 offset=0 type=16 method=0 usage=0 index=0
vertex_element stream=0 offset=8 type=16 method=0 usage=5 index=0
vertex_element stream=0 offset=16 type=16 method=0 usage=3 index=0
vertex_element stream=255 offset=0 type=17 method=0 usage=0 index=0
transform state=256 row=0 values=1,0,0,0
transform state=256 row=1 values=0,1,0,0
transform state=256 row=2 values=0,0,1,0
transform state=256 row=3 values=0,0,0,1
transform state=2 row=0 values=1,0,0,0
transform state=2 row=1 values=0,1,0,0
transform state=2 row=2 values=0,0,1,0
transform state=2 row=3 values=0,0,0,1
transform state=3 row=0 values=1,0,0,0
transform state=3 row=1 values=0,1,0,0
transform state=3 row=2 values=0,0,1,0
transform state=3 row=3 values=0,0,0,1
constants kind=vs type=f count=256 result=00000000 encoding=sparse_zero
constant kind=vs type=f reg=0 bits=bf800000,3f800000,40400000,00000000
constant kind=vs type=f reg=1 bits=3d23d70a,3ccccccd,3c75c28f,00000000
constant kind=vs type=f reg=2 bits=3f800000,3d4ccccd,00000000,00000000
constant kind=vs type=f reg=3 bits=00000000,3f800000,40400000,00000000
constant kind=vs type=f reg=4 bits=3d23d70a,3ccccccd,3c75c28f,00000000
constant kind=vs type=f reg=5 bits=3f800000,3d4ccccd,00000000,00000000
constant kind=vs type=f reg=6 bits=3f800000,3f800000,40400000,00000000
constant kind=vs type=f reg=7 bits=3d23d70a,3ccccccd,3c75c28f,00000000
constant kind=vs type=f reg=8 bits=3f800000,3d4ccccd,00000000,00000000
constant kind=vs type=f reg=9 bits=bf800000,3f800000,40400000,00000000
constant kind=vs type=f reg=10 bits=3d23d70a,3ccccccd,3c75c28f,00000000
constant kind=vs type=f reg=11 bits=3f800000,3d4ccccd,00000000,00000000
constant kind=vs type=f reg=12 bits=00000000,3f800000,40400000,00000000
constant kind=vs type=f reg=13 bits=3d23d70a,3ccccccd,3c75c28f,00000000
constant kind=vs type=f reg=14 bits=3f800000,3d4ccccd,00000000,00000000
constant kind=vs type=f reg=15 bits=3f800000,3f800000,40400000,00000000
constant kind=vs type=f reg=16 bits=3d23d70a,3ccccccd,3c75c28f,00000000
constant kind=vs type=f reg=17 bits=3f800000,3d4ccccd,00000000,00000000
constant kind=vs type=f reg=18 bits=bf800000,3f800000,40400000,00000000
constant kind=vs type=f reg=19 bits=3d23d70a,3ccccccd,3c75c28f,00000000
constant kind=vs type=f reg=20 bits=3f800000,3d4ccccd,00000000,00000000
constant kind=vs type=f reg=21 bits=00000000,3f800000,40400000,00000000
constant kind=vs type=f reg=22 bits=3d23d70a,3ccccccd,3c75c28f,00000000
constant kind=vs type=f reg=23 bits=3f800000,3d4ccccd,00000000,00000000
constant kind=vs type=f reg=24 bits=3f800000,00000000,00000000,3f400000
constant kind=vs type=f reg=25 bits=00000000,3f800000,00000000,00000000
constant kind=vs type=f reg=26 bits=00000000,00000000,3f800000,00000000
constant kind=vs type=f reg=27 bits=00000000,00000000,00000000,3f800000
constant kind=vs type=f reg=28 bits=3f800000,00000000,00000000,00000000
constant kind=vs type=f reg=29 bits=00000000,3f800000,00000000,00000000
constant kind=vs type=f reg=30 bits=00000000,00000000,3f800000,00000000
constant kind=vs type=f reg=31 bits=3f800000,00000000,00000000,00000000
constant kind=vs type=f reg=32 bits=00000000,3f800000,00000000,00000000
constant kind=vs type=f reg=33 bits=00000000,00000000,3f800000,00000000
constant kind=vs type=f reg=34 bits=3f800000,00000000,00000000,00000000
constant kind=vs type=f reg=35 bits=00000000,3f800000,00000000,00000000
constant kind=vs type=f reg=36 bits=00000000,00000000,3f800000,40800000
constant kind=vs type=f reg=37 bits=3f800000,00000000,00000000,00000000
constant kind=vs type=f reg=38 bits=00000000,3f800000,00000000,00000000
constant kind=vs type=f reg=39 bits=3f200000,00000000,00000000,00000000
constant kind=vs type=f reg=40 bits=3e4ccccd,3dcccccd,3d4ccccd,00000000
constant kind=vs type=f reg=41 bits=3f800000,00000000,00000000,00000000
constant kind=vs type=f reg=252 bits=42c80000,42ca0000,42cc0000,42ce0000
constant kind=vs type=f reg=253 bits=42d00000,42d20000,42d40000,42d60000
constant kind=vs type=f reg=254 bits=42d80000,42da0000,42dc0000,42de0000
constant kind=vs type=f reg=255 bits=42e00000,42e20000,42e40000,42e60000
constants kind=vs type=i count=16 result=00000000 encoding=full
constant kind=vs type=i reg=0 values=1,0,1,0
constant kind=vs type=i reg=1 values=0,0,0,0
constant kind=vs type=i reg=2 values=0,0,0,0
constant kind=vs type=i reg=3 values=0,0,0,0
constant kind=vs type=i reg=4 values=0,0,0,0
constant kind=vs type=i reg=5 values=0,0,0,0
constant kind=vs type=i reg=6 values=0,0,0,0
constant kind=vs type=i reg=7 values=0,0,0,0
constant kind=vs type=i reg=8 values=0,0,0,0
constant kind=vs type=i reg=9 values=0,0,0,0
constant kind=vs type=i reg=10 values=0,0,0,0
constant kind=vs type=i reg=11 values=0,0,0,0
constant kind=vs type=i reg=12 values=0,0,0,0
constant kind=vs type=i reg=13 values=0,0,0,0
constant kind=vs type=i reg=14 values=0,0,0,0
constant kind=vs type=i reg=15 values=0,0,0,0
constants kind=vs type=b count=16 result=00000000 encoding=full
constant kind=vs type=b reg=0 values=0
constant kind=vs type=b reg=1 values=0
constant kind=vs type=b reg=2 values=0
constant kind=vs type=b reg=3 values=0
constant kind=vs type=b reg=4 values=0
constant kind=vs type=b reg=5 values=0
constant kind=vs type=b reg=6 values=0
constant kind=vs type=b reg=7 values=0
constant kind=vs type=b reg=8 values=0
constant kind=vs type=b reg=9 values=0
constant kind=vs type=b reg=10 values=0
constant kind=vs type=b reg=11 values=0
constant kind=vs type=b reg=12 values=0
constant kind=vs type=b reg=13 values=0
constant kind=vs type=b reg=14 values=0
constant kind=vs type=b reg=15 values=0
constants kind=ps type=f count=224 result=00000000 encoding=sparse_zero
constant kind=ps type=f reg=0 bits=3f800000,00000000,00000000,00000000
constant kind=ps type=f reg=1 bits=00000000,3f800000,00000000,00000000
constant kind=ps type=f reg=2 bits=00000000,00000000,3f800000,00000000
constant kind=ps type=f reg=3 bits=3e800000,00000000,00000000,00000000
constant kind=ps type=f reg=4 bits=00000000,00000000,3f800000,00000000
constant kind=ps type=f reg=5 bits=3e99999a,3e4ccccd,3dcccccd,00000000
constant kind=ps type=f reg=6 bits=3f000000,00000000,3f000000,00000000
constant kind=ps type=f reg=7 bits=3dcccccd,3e19999a,3e4ccccd,00000000
constant kind=ps type=f reg=216 bits=43480000,43490000,434a0000,434b0000
constant kind=ps type=f reg=217 bits=434c0000,434d0000,434e0000,434f0000
constants kind=ps type=i count=16 result=00000000 encoding=full
constant kind=ps type=i reg=0 values=0,0,0,0
constant kind=ps type=i reg=1 values=0,0,0,0
constant kind=ps type=i reg=2 values=0,0,0,0
constant kind=ps type=i reg=3 values=0,0,0,0
constant kind=ps type=i reg=4 values=0,0,0,0
constant kind=ps type=i reg=5 values=0,0,0,0
constant kind=ps type=i reg=6 values=0,0,0,0
constant kind=ps type=i reg=7 values=0,0,0,0
constant kind=ps type=i reg=8 values=0,0,0,0
constant kind=ps type=i reg=9 values=0,0,0,0
constant kind=ps type=i reg=10 values=0,0,0,0
constant kind=ps type=i reg=11 values=0,0,0,0
constant kind=ps type=i reg=12 values=0,0,0,0
constant kind=ps type=i reg=13 values=0,0,0,0
constant kind=ps type=i reg=14 values=0,0,0,0
constant kind=ps type=i reg=15 values=0,0,0,0
constants kind=ps type=b count=16 result=00000000 encoding=full
constant kind=ps type=b reg=0 values=0
constant kind=ps type=b reg=1 values=0
constant kind=ps type=b reg=2 values=0
constant kind=ps type=b reg=3 values=0
constant kind=ps type=b reg=4 values=0
constant kind=ps type=b reg=5 values=0
constant kind=ps type=b reg=6 values=0
constant kind=ps type=b reg=7 values=0
constant kind=ps type=b reg=8 values=0
constant kind=ps type=b reg=9 values=0
constant kind=ps type=b reg=10 values=0
constant kind=ps type=b reg=11 values=0
constant kind=ps type=b reg=12 values=0
constant kind=ps type=b reg=13 values=0
constant kind=ps type=b reg=14 values=0
constant kind=ps type=b reg=15 values=0
draw_args start_vertex=0
motion_route device=1 frame=5 index=3 gate=5 routed=1 matched=0 depth=1 jittered=0 vs=53a0a641107ed76c ps=8759c7838bbc86c2 node=00000000 camera=00000000 node_handle=0 camera_handle=0 node_serial=0 camera_serial=0 load_epoch=0 registry_epoch=0 model=00000000 lod=00000000 vb=3 ib=0 declaration=0cdf6a8c884ad955 offset=0 stride=24 position_offset=0 position_type=16 topology=4 first=0 primitives=1 base_vertex=0 min_vertex=0 vertex_count=0 indexed=0 rows_hash=712d59ff944d11a8 result=00000000
motion_input device=1 frame=5 index=3 blockers=00000210 proofs=28 position_path=1 vs=53a0a641107ed76c ps=8759c7838bbc86c2 declaration=0cdf6a8c884ad955 rows_hash=712d59ff944d11a8 color=1 depth=2 width=64 height=64 cull=1 vb=3 vb_revision=0 ib=0 ib_revision=0 position_offset=0 position_type=16 lifetime_verified=0 vertex_finite_verified=0
motion_geometry device=1 frame=5 index=3 source_qualified=1 source_hash=53a0a641107ed76c source_words=526 finite_requested=0 finite_state=0 finite_reason=4 finite_status=00000001 finite_generation=0 finite_revision=0 index_required=0 index_requested=0 index_known=0 index_range_verified=0 index_exact=0 index_min=0 index_max=0 index_reason=1 index_status=00000001 index_generation=0 index_revision=0
draw_result device=1 frame=5 index=3 result=00000000
capture_event device=1 frame=5 seq=6 after_draw=3 op=draw_begin result=00000000 qpc=9073124254395
draw device=1 frame=5 index=4 kind=primitive topology=4 primitives=1 vs=53a0a641107ed76c ps=8759c7838bbc86c2
geometry source=buffers
stream slot=0 result=00000000 identity=4 offset=0 stride=24 frequency=1 frequency_result=00000000
vertex_buffer identity=4 bytes=72 usage=0 pool=1 fvf=0
buffer_content kind=vertex identity=4 result=00000000 status=00000001 requested=0 known=0 ambiguous=0 revision=0 pending=0 flags=00000000
stream slot=1 result=00000000 identity=0
stream slot=2 result=00000000 identity=0
stream slot=3 result=00000000 identity=0
stream slot=4 result=00000000 identity=0
stream slot=5 result=00000000 identity=0
stream slot=6 result=00000000 identity=0
stream slot=7 result=00000000 identity=0
stream slot=8 result=00000000 identity=0
stream slot=9 result=00000000 identity=0
stream slot=10 result=00000000 identity=0
stream slot=11 result=00000000 identity=0
stream slot=12 result=00000000 identity=0
stream slot=13 result=00000000 identity=0
stream slot=14 result=00000000 identity=0
stream slot=15 result=00000000 identity=0
indices result=00000000 identity=0
surface role=rt0 ptr=02111bb0 identity=1 width=64 height=64 format=21 usage=1 msaa=0 container=0 container_type=0 container_result=80004002
surface role=depth ptr=02111be0 identity=2 width=64 height=64 format=77 usage=2 msaa=0 container=0 container_type=0 container_result=80004002
state id=7 value=1
state id=14 value=1
state id=23 value=4
state id=15 value=0
state id=24 value=0
state id=25 value=8
state id=27 value=0
state id=19 value=2
state id=20 value=1
state id=171 value=1
state id=22 value=1
state id=168 value=15
state id=194 value=0
state id=206 value=0
state id=52 value=0
state id=56 value=8
state id=57 value=0
state id=58 value=4294967295
state id=59 value=4294967295
state id=53 value=1
state id=54 value=1
state id=55 value=1
state id=185 value=0
state id=189 value=8
state id=186 value=1
state id=187 value=1
state id=188 value=1
viewport x=0 y=0 w=64 h=64 minz=0 maxz=1
texture stage=0 ptr=02111a90 type=3 identity=5
texture_desc stage=0 w=2 h=2 format=21
sampler stage=0 state=6 value=1
sampler stage=0 state=5 value=1
sampler stage=0 state=7 value=0
sampler stage=0 state=10 value=1
sampler stage=0 state=11 value=0
texture stage=1 ptr=02111af0 type=3 identity=6
texture_desc stage=1 w=2 h=2 format=21
sampler stage=1 state=6 value=1
sampler stage=1 state=5 value=1
sampler stage=1 state=7 value=0
sampler stage=1 state=10 value=1
sampler stage=1 state=11 value=0
texture stage=2 ptr=02111b50 type=3 identity=7
texture_desc stage=2 w=2 h=2 format=21
sampler stage=2 state=6 value=1
sampler stage=2 state=5 value=1
sampler stage=2 state=7 value=0
sampler stage=2 state=10 value=1
sampler stage=2 state=11 value=0
texture stage=3 ptr=02111b80 type=5 identity=8
sampler stage=3 state=6 value=1
sampler stage=3 state=5 value=1
sampler stage=3 state=7 value=0
sampler stage=3 state=10 value=1
sampler stage=3 state=11 value=0
sampler stage=4 state=6 value=1
sampler stage=4 state=5 value=1
sampler stage=4 state=7 value=0
sampler stage=4 state=10 value=1
sampler stage=4 state=11 value=0
sampler stage=5 state=6 value=1
sampler stage=5 state=5 value=1
sampler stage=5 state=7 value=0
sampler stage=5 state=10 value=1
sampler stage=5 state=11 value=0
sampler stage=6 state=6 value=1
sampler stage=6 state=5 value=1
sampler stage=6 state=7 value=0
sampler stage=6 state=10 value=1
sampler stage=6 state=11 value=0
sampler stage=7 state=6 value=1
sampler stage=7 state=5 value=1
sampler stage=7 state=7 value=0
sampler stage=7 state=10 value=1
sampler stage=7 state=11 value=0
sampler stage=8 state=6 value=1
sampler stage=8 state=5 value=1
sampler stage=8 state=7 value=0
sampler stage=8 state=10 value=1
sampler stage=8 state=11 value=0
sampler stage=9 state=6 value=1
sampler stage=9 state=5 value=1
sampler stage=9 state=7 value=0
sampler stage=9 state=10 value=1
sampler stage=9 state=11 value=0
sampler stage=10 state=6 value=1
sampler stage=10 state=5 value=1
sampler stage=10 state=7 value=0
sampler stage=10 state=10 value=1
sampler stage=10 state=11 value=0
sampler stage=11 state=6 value=1
sampler stage=11 state=5 value=1
sampler stage=11 state=7 value=0
sampler stage=11 state=10 value=1
sampler stage=11 state=11 value=0
sampler stage=12 state=6 value=1
sampler stage=12 state=5 value=1
sampler stage=12 state=7 value=0
sampler stage=12 state=10 value=1
sampler stage=12 state=11 value=0
sampler stage=13 state=6 value=1
sampler stage=13 state=5 value=1
sampler stage=13 state=7 value=0
sampler stage=13 state=10 value=1
sampler stage=13 state=11 value=0
sampler stage=14 state=6 value=1
sampler stage=14 state=5 value=1
sampler stage=14 state=7 value=0
sampler stage=14 state=10 value=1
sampler stage=14 state=11 value=0
sampler stage=15 state=6 value=1
sampler stage=15 state=5 value=1
sampler stage=15 state=7 value=0
sampler stage=15 state=10 value=1
sampler stage=15 state=11 value=0
vertex_element stream=0 offset=0 type=16 method=0 usage=0 index=0
vertex_element stream=0 offset=8 type=16 method=0 usage=5 index=0
vertex_element stream=0 offset=16 type=16 method=0 usage=3 index=0
vertex_element stream=255 offset=0 type=17 method=0 usage=0 index=0
transform state=256 row=0 values=1,0,0,0
transform state=256 row=1 values=0,1,0,0
transform state=256 row=2 values=0,0,1,0
transform state=256 row=3 values=0,0,0,1
transform state=2 row=0 values=1,0,0,0
transform state=2 row=1 values=0,1,0,0
transform state=2 row=2 values=0,0,1,0
transform state=2 row=3 values=0,0,0,1
transform state=3 row=0 values=1,0,0,0
transform state=3 row=1 values=0,1,0,0
transform state=3 row=2 values=0,0,1,0
transform state=3 row=3 values=0,0,0,1
constants kind=vs type=f count=256 result=00000000 encoding=sparse_zero
constant kind=vs type=f reg=0 bits=bf800000,3f800000,40400000,00000000
constant kind=vs type=f reg=1 bits=3d23d70a,3ccccccd,3c75c28f,00000000
constant kind=vs type=f reg=2 bits=3f800000,3d4ccccd,00000000,00000000
constant kind=vs type=f reg=3 bits=00000000,3f800000,40400000,00000000
constant kind=vs type=f reg=4 bits=3d23d70a,3ccccccd,3c75c28f,00000000
constant kind=vs type=f reg=5 bits=3f800000,3d4ccccd,00000000,00000000
constant kind=vs type=f reg=6 bits=3f800000,3f800000,40400000,00000000
constant kind=vs type=f reg=7 bits=3d23d70a,3ccccccd,3c75c28f,00000000
constant kind=vs type=f reg=8 bits=3f800000,3d4ccccd,00000000,00000000
constant kind=vs type=f reg=9 bits=bf800000,3f800000,40400000,00000000
constant kind=vs type=f reg=10 bits=3d23d70a,3ccccccd,3c75c28f,00000000
constant kind=vs type=f reg=11 bits=3f800000,3d4ccccd,00000000,00000000
constant kind=vs type=f reg=12 bits=00000000,3f800000,40400000,00000000
constant kind=vs type=f reg=13 bits=3d23d70a,3ccccccd,3c75c28f,00000000
constant kind=vs type=f reg=14 bits=3f800000,3d4ccccd,00000000,00000000
constant kind=vs type=f reg=15 bits=3f800000,3f800000,40400000,00000000
constant kind=vs type=f reg=16 bits=3d23d70a,3ccccccd,3c75c28f,00000000
constant kind=vs type=f reg=17 bits=3f800000,3d4ccccd,00000000,00000000
constant kind=vs type=f reg=18 bits=bf800000,3f800000,40400000,00000000
constant kind=vs type=f reg=19 bits=3d23d70a,3ccccccd,3c75c28f,00000000
constant kind=vs type=f reg=20 bits=3f800000,3d4ccccd,00000000,00000000
constant kind=vs type=f reg=21 bits=00000000,3f800000,40400000,00000000
constant kind=vs type=f reg=22 bits=3d23d70a,3ccccccd,3c75c28f,00000000
constant kind=vs type=f reg=23 bits=3f800000,3d4ccccd,00000000,00000000
constant kind=vs type=f reg=24 bits=3f800000,00000000,00000000,00000000
constant kind=vs type=f reg=25 bits=00000000,3f800000,00000000,00000000
constant kind=vs type=f reg=26 bits=00000000,00000000,3f800000,00000000
constant kind=vs type=f reg=27 bits=00000000,00000000,00000000,3f800000
constant kind=vs type=f reg=28 bits=3f800000,00000000,00000000,00000000
constant kind=vs type=f reg=29 bits=00000000,3f800000,00000000,00000000
constant kind=vs type=f reg=30 bits=00000000,00000000,3f800000,00000000
constant kind=vs type=f reg=31 bits=3f800000,00000000,00000000,00000000
constant kind=vs type=f reg=32 bits=00000000,3f800000,00000000,00000000
constant kind=vs type=f reg=33 bits=00000000,00000000,3f800000,00000000
constant kind=vs type=f reg=34 bits=3f800000,00000000,00000000,00000000
constant kind=vs type=f reg=35 bits=00000000,3f800000,00000000,00000000
constant kind=vs type=f reg=36 bits=00000000,00000000,3f800000,40800000
constant kind=vs type=f reg=37 bits=3f800000,00000000,00000000,00000000
constant kind=vs type=f reg=38 bits=00000000,3f800000,00000000,00000000
constant kind=vs type=f reg=39 bits=3f200000,00000000,00000000,00000000
constant kind=vs type=f reg=40 bits=3e4ccccd,3dcccccd,3d4ccccd,00000000
constant kind=vs type=f reg=41 bits=3f800000,00000000,00000000,00000000
constant kind=vs type=f reg=252 bits=42c80000,42ca0000,42cc0000,42ce0000
constant kind=vs type=f reg=253 bits=42d00000,42d20000,42d40000,42d60000
constant kind=vs type=f reg=254 bits=42d80000,42da0000,42dc0000,42de0000
constant kind=vs type=f reg=255 bits=42e00000,42e20000,42e40000,42e60000
constants kind=vs type=i count=16 result=00000000 encoding=full
constant kind=vs type=i reg=0 values=1,0,1,0
constant kind=vs type=i reg=1 values=0,0,0,0
constant kind=vs type=i reg=2 values=0,0,0,0
constant kind=vs type=i reg=3 values=0,0,0,0
constant kind=vs type=i reg=4 values=0,0,0,0
constant kind=vs type=i reg=5 values=0,0,0,0
constant kind=vs type=i reg=6 values=0,0,0,0
constant kind=vs type=i reg=7 values=0,0,0,0
constant kind=vs type=i reg=8 values=0,0,0,0
constant kind=vs type=i reg=9 values=0,0,0,0
constant kind=vs type=i reg=10 values=0,0,0,0
constant kind=vs type=i reg=11 values=0,0,0,0
constant kind=vs type=i reg=12 values=0,0,0,0
constant kind=vs type=i reg=13 values=0,0,0,0
constant kind=vs type=i reg=14 values=0,0,0,0
constant kind=vs type=i reg=15 values=0,0,0,0
constants kind=vs type=b count=16 result=00000000 encoding=full
constant kind=vs type=b reg=0 values=0
constant kind=vs type=b reg=1 values=0
constant kind=vs type=b reg=2 values=0
constant kind=vs type=b reg=3 values=0
constant kind=vs type=b reg=4 values=0
constant kind=vs type=b reg=5 values=0
constant kind=vs type=b reg=6 values=0
constant kind=vs type=b reg=7 values=0
constant kind=vs type=b reg=8 values=0
constant kind=vs type=b reg=9 values=0
constant kind=vs type=b reg=10 values=0
constant kind=vs type=b reg=11 values=0
constant kind=vs type=b reg=12 values=0
constant kind=vs type=b reg=13 values=0
constant kind=vs type=b reg=14 values=0
constant kind=vs type=b reg=15 values=0
constants kind=ps type=f count=224 result=00000000 encoding=sparse_zero
constant kind=ps type=f reg=0 bits=3f800000,00000000,00000000,00000000
constant kind=ps type=f reg=1 bits=00000000,3f800000,00000000,00000000
constant kind=ps type=f reg=2 bits=00000000,00000000,3f800000,00000000
constant kind=ps type=f reg=3 bits=3e800000,00000000,00000000,00000000
constant kind=ps type=f reg=4 bits=00000000,00000000,3f800000,00000000
constant kind=ps type=f reg=5 bits=3e99999a,3e4ccccd,3dcccccd,00000000
constant kind=ps type=f reg=6 bits=3f000000,00000000,3f000000,00000000
constant kind=ps type=f reg=7 bits=3dcccccd,3e19999a,3e4ccccd,00000000
constant kind=ps type=f reg=216 bits=43480000,43490000,434a0000,434b0000
constant kind=ps type=f reg=217 bits=434c0000,434d0000,434e0000,434f0000
constants kind=ps type=i count=16 result=00000000 encoding=full
constant kind=ps type=i reg=0 values=0,0,0,0
constant kind=ps type=i reg=1 values=0,0,0,0
constant kind=ps type=i reg=2 values=0,0,0,0
constant kind=ps type=i reg=3 values=0,0,0,0
constant kind=ps type=i reg=4 values=0,0,0,0
constant kind=ps type=i reg=5 values=0,0,0,0
constant kind=ps type=i reg=6 values=0,0,0,0
constant kind=ps type=i reg=7 values=0,0,0,0
constant kind=ps type=i reg=8 values=0,0,0,0
constant kind=ps type=i reg=9 values=0,0,0,0
constant kind=ps type=i reg=10 values=0,0,0,0
constant kind=ps type=i reg=11 values=0,0,0,0
constant kind=ps type=i reg=12 values=0,0,0,0
constant kind=ps type=i reg=13 values=0,0,0,0
constant kind=ps type=i reg=14 values=0,0,0,0
constant kind=ps type=i reg=15 values=0,0,0,0
constants kind=ps type=b count=16 result=00000000 encoding=full
constant kind=ps type=b reg=0 values=0
constant kind=ps type=b reg=1 values=0
constant kind=ps type=b reg=2 values=0
constant kind=ps type=b reg=3 values=0
constant kind=ps type=b reg=4 values=0
constant kind=ps type=b reg=5 values=0
constant kind=ps type=b reg=6 values=0
constant kind=ps type=b reg=7 values=0
constant kind=ps type=b reg=8 values=0
constant kind=ps type=b reg=9 values=0
constant kind=ps type=b reg=10 values=0
constant kind=ps type=b reg=11 values=0
constant kind=ps type=b reg=12 values=0
constant kind=ps type=b reg=13 values=0
constant kind=ps type=b reg=14 values=0
constant kind=ps type=b reg=15 values=0
draw_args start_vertex=0
motion_route device=1 frame=5 index=4 gate=5 routed=1 matched=0 depth=1 jittered=0 vs=53a0a641107ed76c ps=8759c7838bbc86c2 node=00000000 camera=00000000 node_handle=0 camera_handle=0 node_serial=0 camera_serial=0 load_epoch=0 registry_epoch=0 model=00000000 lod=00000000 vb=4 ib=0 declaration=0cdf6a8c884ad955 offset=0 stride=24 position_offset=0 position_type=16 topology=4 first=0 primitives=1 base_vertex=0 min_vertex=0 vertex_count=0 indexed=0 rows_hash=1b0c97ae01a7ec05 result=00000000
motion_input device=1 frame=5 index=4 blockers=00000210 proofs=28 position_path=1 vs=53a0a641107ed76c ps=8759c7838bbc86c2 declaration=0cdf6a8c884ad955 rows_hash=1b0c97ae01a7ec05 color=1 depth=2 width=64 height=64 cull=1 vb=4 vb_revision=0 ib=0 ib_revision=0 position_offset=0 position_type=16 lifetime_verified=0 vertex_finite_verified=0
motion_geometry device=1 frame=5 index=4 source_qualified=1 source_hash=53a0a641107ed76c source_words=526 finite_requested=0 finite_state=0 finite_reason=4 finite_status=00000001 finite_generation=0 finite_revision=0 index_required=0 index_requested=0 index_known=0 index_range_verified=0 index_exact=0 index_min=0 index_max=0 index_reason=1 index_status=00000001 index_generation=0 index_revision=0
draw_result device=1 frame=5 index=4 result=00000000
motion_output_cut device=1 frame=5 samples=0 median_px=0.0000 keyed=0 missing=0 missing_fraction=0.0000 bound_px=2.400 bound_missing=0.250 cut=0
motion_output_readback device=1 frame=5 file=motion_1_5.rgba32f width=64 height=64 format=rgba32f_row_major result=00000000 bytes=65536
motion_output_depth_readback device=1 frame=5 file=depth_1_5.r32f width=64 height=64 format=r32f_row_major result=00000000 bytes=16384
motion_output_frame device=1 frame=5 latched=1 filled=1 fill_result=00000000 fill_restore=00000000 draws=4 routed=3 matched=0 gate1=0 gate2=1 gate3=0 gate4=0 gate5=3 gate6=0 apply_failures=0 restore_failures=0 history_previous=0 history_current=0 committed=1 selector_state=2 present=00000000 depth=1 depth_routed=3 jitter=0 jitter_index=5 jitter_x=0.000000 jitter_y=0.000000 jitter_previous_x=0.000000 jitter_previous_y=0.000000 jittered=0 cut=0 cut_median_px=0.0000 cut_missing=0.0000 cut_samples=0
frame_end device=1 frame=5 draws=4 capture=1 present=00000000
ownership_copy_depth phase=present device=1 frame=5 result=00000000 status=00000001 requested=0 available=0 source_bound=0 copy_valid=0 generation=0 source_epoch=0 copy_epoch=0 source_width=0 source_height=0 source_format=0 source_type=0 source_usage=0 source_pool=0 source_msaa=0 source_quality=0
admission_metric device=1 frame=5 phase=present active_roots=1 waiting_roots=0 admitted_roots=2179 promotions=0 veto_bits=0 first_reason=0 replay_active=0 live_replay_enabled=0 coverage_complete=0
frame_begin device=1 frame=6
capture_event device=1 frame=6 seq=1 after_draw=0 op=clear result=00000000 qpc=9073124295244
clear flags=3 color=ff203040 z=1 stencil=0 rect_count=0 rect_ptr=00000000
surface role=clear_rt0 ptr=02111bb0 identity=1 width=64 height=64 format=21 usage=1 msaa=0 container=0 container_type=0 container_result=80004002
surface role=clear_depth ptr=02111be0 identity=2 width=64 height=64 format=77 usage=2 msaa=0 container=0 container_type=0 container_result=80004002
clear_viewport result=00000000 x=0 y=0 w=64 h=64 minz=0 maxz=1
capture_event device=1 frame=6 seq=2 after_draw=0 op=draw_begin result=00000000 qpc=9073124296130
draw device=1 frame=6 index=1 kind=primitive topology=4 primitives=1 vs=53a0a641107ed76c ps=98731d5594e36226
geometry source=buffers
stream slot=0 result=00000000 identity=3 offset=0 stride=24 frequency=1 frequency_result=00000000
vertex_buffer identity=3 bytes=72 usage=0 pool=1 fvf=0
buffer_content kind=vertex identity=3 result=00000000 status=00000001 requested=0 known=0 ambiguous=0 revision=0 pending=0 flags=00000000
stream slot=1 result=00000000 identity=0
stream slot=2 result=00000000 identity=0
stream slot=3 result=00000000 identity=0
stream slot=4 result=00000000 identity=0
stream slot=5 result=00000000 identity=0
stream slot=6 result=00000000 identity=0
stream slot=7 result=00000000 identity=0
stream slot=8 result=00000000 identity=0
stream slot=9 result=00000000 identity=0
stream slot=10 result=00000000 identity=0
stream slot=11 result=00000000 identity=0
stream slot=12 result=00000000 identity=0
stream slot=13 result=00000000 identity=0
stream slot=14 result=00000000 identity=0
stream slot=15 result=00000000 identity=0
indices result=00000000 identity=0
surface role=rt0 ptr=02111bb0 identity=1 width=64 height=64 format=21 usage=1 msaa=0 container=0 container_type=0 container_result=80004002
surface role=depth ptr=02111be0 identity=2 width=64 height=64 format=77 usage=2 msaa=0 container=0 container_type=0 container_result=80004002
state id=7 value=0
state id=14 value=0
state id=23 value=4
state id=15 value=1
state id=24 value=0
state id=25 value=8
state id=27 value=1
state id=19 value=2
state id=20 value=1
state id=171 value=1
state id=22 value=2
state id=168 value=7
state id=194 value=0
state id=206 value=0
state id=52 value=1
state id=56 value=8
state id=57 value=0
state id=58 value=4294967295
state id=59 value=4294967295
state id=53 value=1
state id=54 value=1
state id=55 value=1
state id=185 value=0
state id=189 value=8
state id=186 value=1
state id=187 value=1
state id=188 value=1
viewport x=0 y=0 w=64 h=64 minz=0 maxz=1
texture stage=0 ptr=02111a90 type=3 identity=5
texture_desc stage=0 w=2 h=2 format=21
sampler stage=0 state=6 value=1
sampler stage=0 state=5 value=1
sampler stage=0 state=7 value=0
sampler stage=0 state=10 value=1
sampler stage=0 state=11 value=0
texture stage=1 ptr=02111af0 type=3 identity=6
texture_desc stage=1 w=2 h=2 format=21
sampler stage=1 state=6 value=1
sampler stage=1 state=5 value=1
sampler stage=1 state=7 value=0
sampler stage=1 state=10 value=1
sampler stage=1 state=11 value=0
texture stage=2 ptr=02111b50 type=3 identity=7
texture_desc stage=2 w=2 h=2 format=21
sampler stage=2 state=6 value=1
sampler stage=2 state=5 value=1
sampler stage=2 state=7 value=0
sampler stage=2 state=10 value=1
sampler stage=2 state=11 value=0
texture stage=3 ptr=02111b80 type=5 identity=8
sampler stage=3 state=6 value=1
sampler stage=3 state=5 value=1
sampler stage=3 state=7 value=0
sampler stage=3 state=10 value=1
sampler stage=3 state=11 value=0
sampler stage=4 state=6 value=1
sampler stage=4 state=5 value=1
sampler stage=4 state=7 value=0
sampler stage=4 state=10 value=1
sampler stage=4 state=11 value=0
sampler stage=5 state=6 value=1
sampler stage=5 state=5 value=1
sampler stage=5 state=7 value=0
sampler stage=5 state=10 value=1
sampler stage=5 state=11 value=0
sampler stage=6 state=6 value=1
sampler stage=6 state=5 value=1
sampler stage=6 state=7 value=0
sampler stage=6 state=10 value=1
sampler stage=6 state=11 value=0
sampler stage=7 state=6 value=1
sampler stage=7 state=5 value=1
sampler stage=7 state=7 value=0
sampler stage=7 state=10 value=1
sampler stage=7 state=11 value=0
sampler stage=8 state=6 value=1
sampler stage=8 state=5 value=1
sampler stage=8 state=7 value=0
sampler stage=8 state=10 value=1
sampler stage=8 state=11 value=0
sampler stage=9 state=6 value=1
sampler stage=9 state=5 value=1
sampler stage=9 state=7 value=0
sampler stage=9 state=10 value=1
sampler stage=9 state=11 value=0
sampler stage=10 state=6 value=1
sampler stage=10 state=5 value=1
sampler stage=10 state=7 value=0
sampler stage=10 state=10 value=1
sampler stage=10 state=11 value=0
sampler stage=11 state=6 value=1
sampler stage=11 state=5 value=1
sampler stage=11 state=7 value=0
sampler stage=11 state=10 value=1
sampler stage=11 state=11 value=0
sampler stage=12 state=6 value=1
sampler stage=12 state=5 value=1
sampler stage=12 state=7 value=0
sampler stage=12 state=10 value=1
sampler stage=12 state=11 value=0
sampler stage=13 state=6 value=1
sampler stage=13 state=5 value=1
sampler stage=13 state=7 value=0
sampler stage=13 state=10 value=1
sampler stage=13 state=11 value=0
sampler stage=14 state=6 value=1
sampler stage=14 state=5 value=1
sampler stage=14 state=7 value=0
sampler stage=14 state=10 value=1
sampler stage=14 state=11 value=0
sampler stage=15 state=6 value=1
sampler stage=15 state=5 value=1
sampler stage=15 state=7 value=0
sampler stage=15 state=10 value=1
sampler stage=15 state=11 value=0
vertex_element stream=0 offset=0 type=16 method=0 usage=0 index=0
vertex_element stream=0 offset=8 type=16 method=0 usage=5 index=0
vertex_element stream=0 offset=16 type=16 method=0 usage=3 index=0
vertex_element stream=255 offset=0 type=17 method=0 usage=0 index=0
transform state=256 row=0 values=1,0,0,0
transform state=256 row=1 values=0,1,0,0
transform state=256 row=2 values=0,0,1,0
transform state=256 row=3 values=0,0,0,1
transform state=2 row=0 values=1,0,0,0
transform state=2 row=1 values=0,1,0,0
transform state=2 row=2 values=0,0,1,0
transform state=2 row=3 values=0,0,0,1
transform state=3 row=0 values=1,0,0,0
transform state=3 row=1 values=0,1,0,0
transform state=3 row=2 values=0,0,1,0
transform state=3 row=3 values=0,0,0,1
constants kind=vs type=f count=256 result=00000000 encoding=sparse_zero
constant kind=vs type=f reg=0 bits=bf800000,3f800000,40400000,00000000
constant kind=vs type=f reg=1 bits=3d23d70a,3ccccccd,3c75c28f,00000000
constant kind=vs type=f reg=2 bits=3f800000,3d4ccccd,00000000,00000000
constant kind=vs type=f reg=3 bits=00000000,3f800000,40400000,00000000
constant kind=vs type=f reg=4 bits=3d23d70a,3ccccccd,3c75c28f,00000000
constant kind=vs type=f reg=5 bits=3f800000,3d4ccccd,00000000,00000000
constant kind=vs type=f reg=6 bits=3f800000,3f800000,40400000,00000000
constant kind=vs type=f reg=7 bits=3d23d70a,3ccccccd,3c75c28f,00000000
constant kind=vs type=f reg=8 bits=3f800000,3d4ccccd,00000000,00000000
constant kind=vs type=f reg=9 bits=bf800000,3f800000,40400000,00000000
constant kind=vs type=f reg=10 bits=3d23d70a,3ccccccd,3c75c28f,00000000
constant kind=vs type=f reg=11 bits=3f800000,3d4ccccd,00000000,00000000
constant kind=vs type=f reg=12 bits=00000000,3f800000,40400000,00000000
constant kind=vs type=f reg=13 bits=3d23d70a,3ccccccd,3c75c28f,00000000
constant kind=vs type=f reg=14 bits=3f800000,3d4ccccd,00000000,00000000
constant kind=vs type=f reg=15 bits=3f800000,3f800000,40400000,00000000
constant kind=vs type=f reg=16 bits=3d23d70a,3ccccccd,3c75c28f,00000000
constant kind=vs type=f reg=17 bits=3f800000,3d4ccccd,00000000,00000000
constant kind=vs type=f reg=18 bits=bf800000,3f800000,40400000,00000000
constant kind=vs type=f reg=19 bits=3d23d70a,3ccccccd,3c75c28f,00000000
constant kind=vs type=f reg=20 bits=3f800000,3d4ccccd,00000000,00000000
constant kind=vs type=f reg=21 bits=00000000,3f800000,40400000,00000000
constant kind=vs type=f reg=22 bits=3d23d70a,3ccccccd,3c75c28f,00000000
constant kind=vs type=f reg=23 bits=3f800000,3d4ccccd,00000000,00000000
constant kind=vs type=f reg=24 bits=3f800000,00000000,00000000,00000000
constant kind=vs type=f reg=25 bits=00000000,3f800000,00000000,00000000
constant kind=vs type=f reg=26 bits=00000000,00000000,3f800000,00000000
constant kind=vs type=f reg=27 bits=00000000,00000000,00000000,3f800000
constant kind=vs type=f reg=28 bits=3f800000,00000000,00000000,00000000
constant kind=vs type=f reg=29 bits=00000000,3f800000,00000000,00000000
constant kind=vs type=f reg=30 bits=00000000,00000000,3f800000,00000000
constant kind=vs type=f reg=31 bits=3f800000,00000000,00000000,00000000
constant kind=vs type=f reg=32 bits=00000000,3f800000,00000000,00000000
constant kind=vs type=f reg=33 bits=00000000,00000000,3f800000,00000000
constant kind=vs type=f reg=34 bits=3f800000,00000000,00000000,00000000
constant kind=vs type=f reg=35 bits=00000000,3f800000,00000000,00000000
constant kind=vs type=f reg=36 bits=00000000,00000000,3f800000,40800000
constant kind=vs type=f reg=37 bits=3f800000,00000000,00000000,00000000
constant kind=vs type=f reg=38 bits=00000000,3f800000,00000000,00000000
constant kind=vs type=f reg=39 bits=3f200000,00000000,00000000,00000000
constant kind=vs type=f reg=40 bits=3e4ccccd,3dcccccd,3d4ccccd,00000000
constant kind=vs type=f reg=41 bits=3f800000,00000000,00000000,00000000
constant kind=vs type=f reg=252 bits=42c80000,42ca0000,42cc0000,42ce0000
constant kind=vs type=f reg=253 bits=42d00000,42d20000,42d40000,42d60000
constant kind=vs type=f reg=254 bits=42d80000,42da0000,42dc0000,42de0000
constant kind=vs type=f reg=255 bits=42e00000,42e20000,42e40000,42e60000
constants kind=vs type=i count=16 result=00000000 encoding=full
constant kind=vs type=i reg=0 values=1,0,1,0
constant kind=vs type=i reg=1 values=0,0,0,0
constant kind=vs type=i reg=2 values=0,0,0,0
constant kind=vs type=i reg=3 values=0,0,0,0
constant kind=vs type=i reg=4 values=0,0,0,0
constant kind=vs type=i reg=5 values=0,0,0,0
constant kind=vs type=i reg=6 values=0,0,0,0
constant kind=vs type=i reg=7 values=0,0,0,0
constant kind=vs type=i reg=8 values=0,0,0,0
constant kind=vs type=i reg=9 values=0,0,0,0
constant kind=vs type=i reg=10 values=0,0,0,0
constant kind=vs type=i reg=11 values=0,0,0,0
constant kind=vs type=i reg=12 values=0,0,0,0
constant kind=vs type=i reg=13 values=0,0,0,0
constant kind=vs type=i reg=14 values=0,0,0,0
constant kind=vs type=i reg=15 values=0,0,0,0
constants kind=vs type=b count=16 result=00000000 encoding=full
constant kind=vs type=b reg=0 values=0
constant kind=vs type=b reg=1 values=0
constant kind=vs type=b reg=2 values=0
constant kind=vs type=b reg=3 values=0
constant kind=vs type=b reg=4 values=0
constant kind=vs type=b reg=5 values=0
constant kind=vs type=b reg=6 values=0
constant kind=vs type=b reg=7 values=0
constant kind=vs type=b reg=8 values=0
constant kind=vs type=b reg=9 values=0
constant kind=vs type=b reg=10 values=0
constant kind=vs type=b reg=11 values=0
constant kind=vs type=b reg=12 values=0
constant kind=vs type=b reg=13 values=0
constant kind=vs type=b reg=14 values=0
constant kind=vs type=b reg=15 values=0
constants kind=ps type=f count=224 result=00000000 encoding=sparse_zero
constant kind=ps type=f reg=0 bits=3f800000,00000000,00000000,00000000
constant kind=ps type=f reg=1 bits=00000000,3f800000,00000000,00000000
constant kind=ps type=f reg=2 bits=00000000,00000000,3f800000,00000000
constant kind=ps type=f reg=3 bits=3e800000,00000000,00000000,00000000
constant kind=ps type=f reg=4 bits=00000000,00000000,3f800000,00000000
constant kind=ps type=f reg=5 bits=3e99999a,3e4ccccd,3dcccccd,00000000
constant kind=ps type=f reg=6 bits=3f000000,00000000,3f000000,00000000
constant kind=ps type=f reg=7 bits=3dcccccd,3e19999a,3e4ccccd,00000000
constant kind=ps type=f reg=216 bits=43480000,43490000,434a0000,434b0000
constant kind=ps type=f reg=217 bits=434c0000,434d0000,434e0000,434f0000
constants kind=ps type=i count=16 result=00000000 encoding=full
constant kind=ps type=i reg=0 values=0,0,0,0
constant kind=ps type=i reg=1 values=0,0,0,0
constant kind=ps type=i reg=2 values=0,0,0,0
constant kind=ps type=i reg=3 values=0,0,0,0
constant kind=ps type=i reg=4 values=0,0,0,0
constant kind=ps type=i reg=5 values=0,0,0,0
constant kind=ps type=i reg=6 values=0,0,0,0
constant kind=ps type=i reg=7 values=0,0,0,0
constant kind=ps type=i reg=8 values=0,0,0,0
constant kind=ps type=i reg=9 values=0,0,0,0
constant kind=ps type=i reg=10 values=0,0,0,0
constant kind=ps type=i reg=11 values=0,0,0,0
constant kind=ps type=i reg=12 values=0,0,0,0
constant kind=ps type=i reg=13 values=0,0,0,0
constant kind=ps type=i reg=14 values=0,0,0,0
constant kind=ps type=i reg=15 values=0,0,0,0
constants kind=ps type=b count=16 result=00000000 encoding=full
constant kind=ps type=b reg=0 values=0
constant kind=ps type=b reg=1 values=0
constant kind=ps type=b reg=2 values=0
constant kind=ps type=b reg=3 values=0
constant kind=ps type=b reg=4 values=0
constant kind=ps type=b reg=5 values=0
constant kind=ps type=b reg=6 values=0
constant kind=ps type=b reg=7 values=0
constant kind=ps type=b reg=8 values=0
constant kind=ps type=b reg=9 values=0
constant kind=ps type=b reg=10 values=0
constant kind=ps type=b reg=11 values=0
constant kind=ps type=b reg=12 values=0
constant kind=ps type=b reg=13 values=0
constant kind=ps type=b reg=14 values=0
constant kind=ps type=b reg=15 values=0
draw_args start_vertex=0
motion_input device=1 frame=6 index=1 blockers=00000252 proofs=20 position_path=1 vs=53a0a641107ed76c ps=98731d5594e36226 declaration=0cdf6a8c884ad955 rows_hash=1b0c97ae01a7ec05 color=1 depth=2 width=64 height=64 cull=2 vb=3 vb_revision=0 ib=0 ib_revision=0 position_offset=0 position_type=16 lifetime_verified=0 vertex_finite_verified=0
motion_geometry device=1 frame=6 index=1 source_qualified=1 source_hash=53a0a641107ed76c source_words=526 finite_requested=0 finite_state=0 finite_reason=4 finite_status=00000001 finite_generation=0 finite_revision=0 index_required=0 index_requested=0 index_known=0 index_range_verified=0 index_exact=0 index_min=0 index_max=0 index_reason=1 index_status=00000001 index_generation=0 index_revision=0
draw_result device=1 frame=6 index=1 result=00000000
capture_event device=1 frame=6 seq=3 after_draw=1 op=clear result=00000000 qpc=9073124304537
clear flags=2 color=00000000 z=1 stencil=0 rect_count=0 rect_ptr=00000000
surface role=clear_rt0 ptr=02111bb0 identity=1 width=64 height=64 format=21 usage=1 msaa=0 container=0 container_type=0 container_result=80004002
surface role=clear_depth ptr=02111be0 identity=2 width=64 height=64 format=77 usage=2 msaa=0 container=0 container_type=0 container_result=80004002
clear_viewport result=00000000 x=0 y=0 w=64 h=64 minz=0 maxz=1
capture_event device=1 frame=6 seq=4 after_draw=1 op=draw_begin result=00000000 qpc=9073124305440
draw device=1 frame=6 index=2 kind=primitive topology=4 primitives=1 vs=53a0a641107ed76c ps=8759c7838bbc86c2
geometry source=buffers
stream slot=0 result=00000000 identity=3 offset=0 stride=24 frequency=1 frequency_result=00000000
vertex_buffer identity=3 bytes=72 usage=0 pool=1 fvf=0
buffer_content kind=vertex identity=3 result=00000000 status=00000001 requested=0 known=0 ambiguous=0 revision=0 pending=0 flags=00000000
stream slot=1 result=00000000 identity=0
stream slot=2 result=00000000 identity=0
stream slot=3 result=00000000 identity=0
stream slot=4 result=00000000 identity=0
stream slot=5 result=00000000 identity=0
stream slot=6 result=00000000 identity=0
stream slot=7 result=00000000 identity=0
stream slot=8 result=00000000 identity=0
stream slot=9 result=00000000 identity=0
stream slot=10 result=00000000 identity=0
stream slot=11 result=00000000 identity=0
stream slot=12 result=00000000 identity=0
stream slot=13 result=00000000 identity=0
stream slot=14 result=00000000 identity=0
stream slot=15 result=00000000 identity=0
indices result=00000000 identity=0
surface role=rt0 ptr=02111bb0 identity=1 width=64 height=64 format=21 usage=1 msaa=0 container=0 container_type=0 container_result=80004002
surface role=depth ptr=02111be0 identity=2 width=64 height=64 format=77 usage=2 msaa=0 container=0 container_type=0 container_result=80004002
state id=7 value=1
state id=14 value=1
state id=23 value=4
state id=15 value=0
state id=24 value=0
state id=25 value=8
state id=27 value=0
state id=19 value=2
state id=20 value=1
state id=171 value=1
state id=22 value=1
state id=168 value=15
state id=194 value=0
state id=206 value=0
state id=52 value=0
state id=56 value=8
state id=57 value=0
state id=58 value=4294967295
state id=59 value=4294967295
state id=53 value=1
state id=54 value=1
state id=55 value=1
state id=185 value=0
state id=189 value=8
state id=186 value=1
state id=187 value=1
state id=188 value=1
viewport x=0 y=0 w=64 h=64 minz=0 maxz=1
texture stage=0 ptr=02111a90 type=3 identity=5
texture_desc stage=0 w=2 h=2 format=21
sampler stage=0 state=6 value=1
sampler stage=0 state=5 value=1
sampler stage=0 state=7 value=0
sampler stage=0 state=10 value=1
sampler stage=0 state=11 value=0
texture stage=1 ptr=02111af0 type=3 identity=6
texture_desc stage=1 w=2 h=2 format=21
sampler stage=1 state=6 value=1
sampler stage=1 state=5 value=1
sampler stage=1 state=7 value=0
sampler stage=1 state=10 value=1
sampler stage=1 state=11 value=0
texture stage=2 ptr=02111b50 type=3 identity=7
texture_desc stage=2 w=2 h=2 format=21
sampler stage=2 state=6 value=1
sampler stage=2 state=5 value=1
sampler stage=2 state=7 value=0
sampler stage=2 state=10 value=1
sampler stage=2 state=11 value=0
texture stage=3 ptr=02111b80 type=5 identity=8
sampler stage=3 state=6 value=1
sampler stage=3 state=5 value=1
sampler stage=3 state=7 value=0
sampler stage=3 state=10 value=1
sampler stage=3 state=11 value=0
sampler stage=4 state=6 value=1
sampler stage=4 state=5 value=1
sampler stage=4 state=7 value=0
sampler stage=4 state=10 value=1
sampler stage=4 state=11 value=0
sampler stage=5 state=6 value=1
sampler stage=5 state=5 value=1
sampler stage=5 state=7 value=0
sampler stage=5 state=10 value=1
sampler stage=5 state=11 value=0
sampler stage=6 state=6 value=1
sampler stage=6 state=5 value=1
sampler stage=6 state=7 value=0
sampler stage=6 state=10 value=1
sampler stage=6 state=11 value=0
sampler stage=7 state=6 value=1
sampler stage=7 state=5 value=1
sampler stage=7 state=7 value=0
sampler stage=7 state=10 value=1
sampler stage=7 state=11 value=0
sampler stage=8 state=6 value=1
sampler stage=8 state=5 value=1
sampler stage=8 state=7 value=0
sampler stage=8 state=10 value=1
sampler stage=8 state=11 value=0
sampler stage=9 state=6 value=1
sampler stage=9 state=5 value=1
sampler stage=9 state=7 value=0
sampler stage=9 state=10 value=1
sampler stage=9 state=11 value=0
sampler stage=10 state=6 value=1
sampler stage=10 state=5 value=1
sampler stage=10 state=7 value=0
sampler stage=10 state=10 value=1
sampler stage=10 state=11 value=0
sampler stage=11 state=6 value=1
sampler stage=11 state=5 value=1
sampler stage=11 state=7 value=0
sampler stage=11 state=10 value=1
sampler stage=11 state=11 value=0
sampler stage=12 state=6 value=1
sampler stage=12 state=5 value=1
sampler stage=12 state=7 value=0
sampler stage=12 state=10 value=1
sampler stage=12 state=11 value=0
sampler stage=13 state=6 value=1
sampler stage=13 state=5 value=1
sampler stage=13 state=7 value=0
sampler stage=13 state=10 value=1
sampler stage=13 state=11 value=0
sampler stage=14 state=6 value=1
sampler stage=14 state=5 value=1
sampler stage=14 state=7 value=0
sampler stage=14 state=10 value=1
sampler stage=14 state=11 value=0
sampler stage=15 state=6 value=1
sampler stage=15 state=5 value=1
sampler stage=15 state=7 value=0
sampler stage=15 state=10 value=1
sampler stage=15 state=11 value=0
vertex_element stream=0 offset=0 type=16 method=0 usage=0 index=0
vertex_element stream=0 offset=8 type=16 method=0 usage=5 index=0
vertex_element stream=0 offset=16 type=16 method=0 usage=3 index=0
vertex_element stream=255 offset=0 type=17 method=0 usage=0 index=0
transform state=256 row=0 values=1,0,0,0
transform state=256 row=1 values=0,1,0,0
transform state=256 row=2 values=0,0,1,0
transform state=256 row=3 values=0,0,0,1
transform state=2 row=0 values=1,0,0,0
transform state=2 row=1 values=0,1,0,0
transform state=2 row=2 values=0,0,1,0
transform state=2 row=3 values=0,0,0,1
transform state=3 row=0 values=1,0,0,0
transform state=3 row=1 values=0,1,0,0
transform state=3 row=2 values=0,0,1,0
transform state=3 row=3 values=0,0,0,1
constants kind=vs type=f count=256 result=00000000 encoding=sparse_zero
constant kind=vs type=f reg=0 bits=bf800000,3f800000,40400000,00000000
constant kind=vs type=f reg=1 bits=3d23d70a,3ccccccd,3c75c28f,00000000
constant kind=vs type=f reg=2 bits=3f800000,3d4ccccd,00000000,00000000
constant kind=vs type=f reg=3 bits=00000000,3f800000,40400000,00000000
constant kind=vs type=f reg=4 bits=3d23d70a,3ccccccd,3c75c28f,00000000
constant kind=vs type=f reg=5 bits=3f800000,3d4ccccd,00000000,00000000
constant kind=vs type=f reg=6 bits=3f800000,3f800000,40400000,00000000
constant kind=vs type=f reg=7 bits=3d23d70a,3ccccccd,3c75c28f,00000000
constant kind=vs type=f reg=8 bits=3f800000,3d4ccccd,00000000,00000000
constant kind=vs type=f reg=9 bits=bf800000,3f800000,40400000,00000000
constant kind=vs type=f reg=10 bits=3d23d70a,3ccccccd,3c75c28f,00000000
constant kind=vs type=f reg=11 bits=3f800000,3d4ccccd,00000000,00000000
constant kind=vs type=f reg=12 bits=00000000,3f800000,40400000,00000000
constant kind=vs type=f reg=13 bits=3d23d70a,3ccccccd,3c75c28f,00000000
constant kind=vs type=f reg=14 bits=3f800000,3d4ccccd,00000000,00000000
constant kind=vs type=f reg=15 bits=3f800000,3f800000,40400000,00000000
constant kind=vs type=f reg=16 bits=3d23d70a,3ccccccd,3c75c28f,00000000
constant kind=vs type=f reg=17 bits=3f800000,3d4ccccd,00000000,00000000
constant kind=vs type=f reg=18 bits=bf800000,3f800000,40400000,00000000
constant kind=vs type=f reg=19 bits=3d23d70a,3ccccccd,3c75c28f,00000000
constant kind=vs type=f reg=20 bits=3f800000,3d4ccccd,00000000,00000000
constant kind=vs type=f reg=21 bits=00000000,3f800000,40400000,00000000
constant kind=vs type=f reg=22 bits=3d23d70a,3ccccccd,3c75c28f,00000000
constant kind=vs type=f reg=23 bits=3f800000,3d4ccccd,00000000,00000000
constant kind=vs type=f reg=24 bits=3f800000,00000000,00000000,3f4ccccd
constant kind=vs type=f reg=25 bits=00000000,3f800000,00000000,00000000
constant kind=vs type=f reg=26 bits=00000000,00000000,3f800000,00000000
constant kind=vs type=f reg=27 bits=3e000000,00000000,00000000,3f800000
constant kind=vs type=f reg=28 bits=3f800000,00000000,00000000,00000000
constant kind=vs type=f reg=29 bits=00000000,3f800000,00000000,00000000
constant kind=vs type=f reg=30 bits=00000000,00000000,3f800000,00000000
constant kind=vs type=f reg=31 bits=3f800000,00000000,00000000,00000000
constant kind=vs type=f reg=32 bits=00000000,3f800000,00000000,00000000
constant kind=vs type=f reg=33 bits=00000000,00000000,3f800000,00000000
constant kind=vs type=f reg=34 bits=3f800000,00000000,00000000,00000000
constant kind=vs type=f reg=35 bits=00000000,3f800000,00000000,00000000
constant kind=vs type=f reg=36 bits=00000000,00000000,3f800000,40800000
constant kind=vs type=f reg=37 bits=3f800000,00000000,00000000,00000000
constant kind=vs type=f reg=38 bits=00000000,3f800000,00000000,00000000
constant kind=vs type=f reg=39 bits=3f200000,00000000,00000000,00000000
constant kind=vs type=f reg=40 bits=3e4ccccd,3dcccccd,3d4ccccd,00000000
constant kind=vs type=f reg=41 bits=3f800000,00000000,00000000,00000000
constant kind=vs type=f reg=252 bits=42c80000,42ca0000,42cc0000,42ce0000
constant kind=vs type=f reg=253 bits=42d00000,42d20000,42d40000,42d60000
constant kind=vs type=f reg=254 bits=42d80000,42da0000,42dc0000,42de0000
constant kind=vs type=f reg=255 bits=42e00000,42e20000,42e40000,42e60000
constants kind=vs type=i count=16 result=00000000 encoding=full
constant kind=vs type=i reg=0 values=1,0,1,0
constant kind=vs type=i reg=1 values=0,0,0,0
constant kind=vs type=i reg=2 values=0,0,0,0
constant kind=vs type=i reg=3 values=0,0,0,0
constant kind=vs type=i reg=4 values=0,0,0,0
constant kind=vs type=i reg=5 values=0,0,0,0
constant kind=vs type=i reg=6 values=0,0,0,0
constant kind=vs type=i reg=7 values=0,0,0,0
constant kind=vs type=i reg=8 values=0,0,0,0
constant kind=vs type=i reg=9 values=0,0,0,0
constant kind=vs type=i reg=10 values=0,0,0,0
constant kind=vs type=i reg=11 values=0,0,0,0
constant kind=vs type=i reg=12 values=0,0,0,0
constant kind=vs type=i reg=13 values=0,0,0,0
constant kind=vs type=i reg=14 values=0,0,0,0
constant kind=vs type=i reg=15 values=0,0,0,0
constants kind=vs type=b count=16 result=00000000 encoding=full
constant kind=vs type=b reg=0 values=0
constant kind=vs type=b reg=1 values=0
constant kind=vs type=b reg=2 values=0
constant kind=vs type=b reg=3 values=0
constant kind=vs type=b reg=4 values=0
constant kind=vs type=b reg=5 values=0
constant kind=vs type=b reg=6 values=0
constant kind=vs type=b reg=7 values=0
constant kind=vs type=b reg=8 values=0
constant kind=vs type=b reg=9 values=0
constant kind=vs type=b reg=10 values=0
constant kind=vs type=b reg=11 values=0
constant kind=vs type=b reg=12 values=0
constant kind=vs type=b reg=13 values=0
constant kind=vs type=b reg=14 values=0
constant kind=vs type=b reg=15 values=0
constants kind=ps type=f count=224 result=00000000 encoding=sparse_zero
constant kind=ps type=f reg=0 bits=3f800000,00000000,00000000,00000000
constant kind=ps type=f reg=1 bits=00000000,3f800000,00000000,00000000
constant kind=ps type=f reg=2 bits=00000000,00000000,3f800000,00000000
constant kind=ps type=f reg=3 bits=3e800000,00000000,00000000,00000000
constant kind=ps type=f reg=4 bits=00000000,00000000,3f800000,00000000
constant kind=ps type=f reg=5 bits=3e99999a,3e4ccccd,3dcccccd,00000000
constant kind=ps type=f reg=6 bits=3f000000,00000000,3f000000,00000000
constant kind=ps type=f reg=7 bits=3dcccccd,3e19999a,3e4ccccd,00000000
constant kind=ps type=f reg=216 bits=43480000,43490000,434a0000,434b0000
constant kind=ps type=f reg=217 bits=434c0000,434d0000,434e0000,434f0000
constants kind=ps type=i count=16 result=00000000 encoding=full
constant kind=ps type=i reg=0 values=0,0,0,0
constant kind=ps type=i reg=1 values=0,0,0,0
constant kind=ps type=i reg=2 values=0,0,0,0
constant kind=ps type=i reg=3 values=0,0,0,0
constant kind=ps type=i reg=4 values=0,0,0,0
constant kind=ps type=i reg=5 values=0,0,0,0
constant kind=ps type=i reg=6 values=0,0,0,0
constant kind=ps type=i reg=7 values=0,0,0,0
constant kind=ps type=i reg=8 values=0,0,0,0
constant kind=ps type=i reg=9 values=0,0,0,0
constant kind=ps type=i reg=10 values=0,0,0,0
constant kind=ps type=i reg=11 values=0,0,0,0
constant kind=ps type=i reg=12 values=0,0,0,0
constant kind=ps type=i reg=13 values=0,0,0,0
constant kind=ps type=i reg=14 values=0,0,0,0
constant kind=ps type=i reg=15 values=0,0,0,0
constants kind=ps type=b count=16 result=00000000 encoding=full
constant kind=ps type=b reg=0 values=0
constant kind=ps type=b reg=1 values=0
constant kind=ps type=b reg=2 values=0
constant kind=ps type=b reg=3 values=0
constant kind=ps type=b reg=4 values=0
constant kind=ps type=b reg=5 values=0
constant kind=ps type=b reg=6 values=0
constant kind=ps type=b reg=7 values=0
constant kind=ps type=b reg=8 values=0
constant kind=ps type=b reg=9 values=0
constant kind=ps type=b reg=10 values=0
constant kind=ps type=b reg=11 values=0
constant kind=ps type=b reg=12 values=0
constant kind=ps type=b reg=13 values=0
constant kind=ps type=b reg=14 values=0
constant kind=ps type=b reg=15 values=0
draw_args start_vertex=0
motion_route device=1 frame=6 index=2 gate=5 routed=1 matched=0 depth=1 jittered=0 vs=53a0a641107ed76c ps=8759c7838bbc86c2 node=00000000 camera=00000000 node_handle=0 camera_handle=0 node_serial=0 camera_serial=0 load_epoch=0 registry_epoch=0 model=00000000 lod=00000000 vb=3 ib=0 declaration=0cdf6a8c884ad955 offset=0 stride=24 position_offset=0 position_type=16 topology=4 first=0 primitives=1 base_vertex=0 min_vertex=0 vertex_count=0 indexed=0 rows_hash=6e1905db0b783f53 result=00000000
motion_input device=1 frame=6 index=2 blockers=00000210 proofs=28 position_path=1 vs=53a0a641107ed76c ps=8759c7838bbc86c2 declaration=0cdf6a8c884ad955 rows_hash=6e1905db0b783f53 color=1 depth=2 width=64 height=64 cull=1 vb=3 vb_revision=0 ib=0 ib_revision=0 position_offset=0 position_type=16 lifetime_verified=0 vertex_finite_verified=0
motion_geometry device=1 frame=6 index=2 source_qualified=1 source_hash=53a0a641107ed76c source_words=526 finite_requested=0 finite_state=0 finite_reason=4 finite_status=00000001 finite_generation=0 finite_revision=0 index_required=0 index_requested=0 index_known=0 index_range_verified=0 index_exact=0 index_min=0 index_max=0 index_reason=1 index_status=00000001 index_generation=0 index_revision=0
draw_result device=1 frame=6 index=2 result=00000000
capture_event device=1 frame=6 seq=5 after_draw=2 op=draw_begin result=00000000 qpc=9073124315232
draw device=1 frame=6 index=3 kind=primitive topology=4 primitives=1 vs=53a0a641107ed76c ps=8759c7838bbc86c2
geometry source=buffers
stream slot=0 result=00000000 identity=4 offset=0 stride=24 frequency=1 frequency_result=00000000
vertex_buffer identity=4 bytes=72 usage=0 pool=1 fvf=0
buffer_content kind=vertex identity=4 result=00000000 status=00000001 requested=0 known=0 ambiguous=0 revision=0 pending=0 flags=00000000
stream slot=1 result=00000000 identity=0
stream slot=2 result=00000000 identity=0
stream slot=3 result=00000000 identity=0
stream slot=4 result=00000000 identity=0
stream slot=5 result=00000000 identity=0
stream slot=6 result=00000000 identity=0
stream slot=7 result=00000000 identity=0
stream slot=8 result=00000000 identity=0
stream slot=9 result=00000000 identity=0
stream slot=10 result=00000000 identity=0
stream slot=11 result=00000000 identity=0
stream slot=12 result=00000000 identity=0
stream slot=13 result=00000000 identity=0
stream slot=14 result=00000000 identity=0
stream slot=15 result=00000000 identity=0
indices result=00000000 identity=0
surface role=rt0 ptr=02111bb0 identity=1 width=64 height=64 format=21 usage=1 msaa=0 container=0 container_type=0 container_result=80004002
surface role=depth ptr=02111be0 identity=2 width=64 height=64 format=77 usage=2 msaa=0 container=0 container_type=0 container_result=80004002
state id=7 value=1
state id=14 value=1
state id=23 value=4
state id=15 value=0
state id=24 value=0
state id=25 value=8
state id=27 value=0
state id=19 value=2
state id=20 value=1
state id=171 value=1
state id=22 value=1
state id=168 value=15
state id=194 value=0
state id=206 value=0
state id=52 value=0
state id=56 value=8
state id=57 value=0
state id=58 value=4294967295
state id=59 value=4294967295
state id=53 value=1
state id=54 value=1
state id=55 value=1
state id=185 value=0
state id=189 value=8
state id=186 value=1
state id=187 value=1
state id=188 value=1
viewport x=0 y=0 w=64 h=64 minz=0 maxz=1
texture stage=0 ptr=02111a90 type=3 identity=5
texture_desc stage=0 w=2 h=2 format=21
sampler stage=0 state=6 value=1
sampler stage=0 state=5 value=1
sampler stage=0 state=7 value=0
sampler stage=0 state=10 value=1
sampler stage=0 state=11 value=0
texture stage=1 ptr=02111af0 type=3 identity=6
texture_desc stage=1 w=2 h=2 format=21
sampler stage=1 state=6 value=1
sampler stage=1 state=5 value=1
sampler stage=1 state=7 value=0
sampler stage=1 state=10 value=1
sampler stage=1 state=11 value=0
texture stage=2 ptr=02111b50 type=3 identity=7
texture_desc stage=2 w=2 h=2 format=21
sampler stage=2 state=6 value=1
sampler stage=2 state=5 value=1
sampler stage=2 state=7 value=0
sampler stage=2 state=10 value=1
sampler stage=2 state=11 value=0
texture stage=3 ptr=02111b80 type=5 identity=8
sampler stage=3 state=6 value=1
sampler stage=3 state=5 value=1
sampler stage=3 state=7 value=0
sampler stage=3 state=10 value=1
sampler stage=3 state=11 value=0
sampler stage=4 state=6 value=1
sampler stage=4 state=5 value=1
sampler stage=4 state=7 value=0
sampler stage=4 state=10 value=1
sampler stage=4 state=11 value=0
sampler stage=5 state=6 value=1
sampler stage=5 state=5 value=1
sampler stage=5 state=7 value=0
sampler stage=5 state=10 value=1
sampler stage=5 state=11 value=0
sampler stage=6 state=6 value=1
sampler stage=6 state=5 value=1
sampler stage=6 state=7 value=0
sampler stage=6 state=10 value=1
sampler stage=6 state=11 value=0
sampler stage=7 state=6 value=1
sampler stage=7 state=5 value=1
sampler stage=7 state=7 value=0
sampler stage=7 state=10 value=1
sampler stage=7 state=11 value=0
sampler stage=8 state=6 value=1
sampler stage=8 state=5 value=1
sampler stage=8 state=7 value=0
sampler stage=8 state=10 value=1
sampler stage=8 state=11 value=0
sampler stage=9 state=6 value=1
sampler stage=9 state=5 value=1
sampler stage=9 state=7 value=0
sampler stage=9 state=10 value=1
sampler stage=9 state=11 value=0
sampler stage=10 state=6 value=1
sampler stage=10 state=5 value=1
sampler stage=10 state=7 value=0
sampler stage=10 state=10 value=1
sampler stage=10 state=11 value=0
sampler stage=11 state=6 value=1
sampler stage=11 state=5 value=1
sampler stage=11 state=7 value=0
sampler stage=11 state=10 value=1
sampler stage=11 state=11 value=0
sampler stage=12 state=6 value=1
sampler stage=12 state=5 value=1
sampler stage=12 state=7 value=0
sampler stage=12 state=10 value=1
sampler stage=12 state=11 value=0
sampler stage=13 state=6 value=1
sampler stage=13 state=5 value=1
sampler stage=13 state=7 value=0
sampler stage=13 state=10 value=1
sampler stage=13 state=11 value=0
sampler stage=14 state=6 value=1
sampler stage=14 state=5 value=1
sampler stage=14 state=7 value=0
sampler stage=14 state=10 value=1
sampler stage=14 state=11 value=0
sampler stage=15 state=6 value=1
sampler stage=15 state=5 value=1
sampler stage=15 state=7 value=0
sampler stage=15 state=10 value=1
sampler stage=15 state=11 value=0
vertex_element stream=0 offset=0 type=16 method=0 usage=0 index=0
vertex_element stream=0 offset=8 type=16 method=0 usage=5 index=0
vertex_element stream=0 offset=16 type=16 method=0 usage=3 index=0
vertex_element stream=255 offset=0 type=17 method=0 usage=0 index=0
transform state=256 row=0 values=1,0,0,0
transform state=256 row=1 values=0,1,0,0
transform state=256 row=2 values=0,0,1,0
transform state=256 row=3 values=0,0,0,1
transform state=2 row=0 values=1,0,0,0
transform state=2 row=1 values=0,1,0,0
transform state=2 row=2 values=0,0,1,0
transform state=2 row=3 values=0,0,0,1
transform state=3 row=0 values=1,0,0,0
transform state=3 row=1 values=0,1,0,0
transform state=3 row=2 values=0,0,1,0
transform state=3 row=3 values=0,0,0,1
constants kind=vs type=f count=256 result=00000000 encoding=sparse_zero
constant kind=vs type=f reg=0 bits=bf800000,3f800000,40400000,00000000
constant kind=vs type=f reg=1 bits=3d23d70a,3ccccccd,3c75c28f,00000000
constant kind=vs type=f reg=2 bits=3f800000,3d4ccccd,00000000,00000000
constant kind=vs type=f reg=3 bits=00000000,3f800000,40400000,00000000
constant kind=vs type=f reg=4 bits=3d23d70a,3ccccccd,3c75c28f,00000000
constant kind=vs type=f reg=5 bits=3f800000,3d4ccccd,00000000,00000000
constant kind=vs type=f reg=6 bits=3f800000,3f800000,40400000,00000000
constant kind=vs type=f reg=7 bits=3d23d70a,3ccccccd,3c75c28f,00000000
constant kind=vs type=f reg=8 bits=3f800000,3d4ccccd,00000000,00000000
constant kind=vs type=f reg=9 bits=bf800000,3f800000,40400000,00000000
constant kind=vs type=f reg=10 bits=3d23d70a,3ccccccd,3c75c28f,00000000
constant kind=vs type=f reg=11 bits=3f800000,3d4ccccd,00000000,00000000
constant kind=vs type=f reg=12 bits=00000000,3f800000,40400000,00000000
constant kind=vs type=f reg=13 bits=3d23d70a,3ccccccd,3c75c28f,00000000
constant kind=vs type=f reg=14 bits=3f800000,3d4ccccd,00000000,00000000
constant kind=vs type=f reg=15 bits=3f800000,3f800000,40400000,00000000
constant kind=vs type=f reg=16 bits=3d23d70a,3ccccccd,3c75c28f,00000000
constant kind=vs type=f reg=17 bits=3f800000,3d4ccccd,00000000,00000000
constant kind=vs type=f reg=18 bits=bf800000,3f800000,40400000,00000000
constant kind=vs type=f reg=19 bits=3d23d70a,3ccccccd,3c75c28f,00000000
constant kind=vs type=f reg=20 bits=3f800000,3d4ccccd,00000000,00000000
constant kind=vs type=f reg=21 bits=00000000,3f800000,40400000,00000000
constant kind=vs type=f reg=22 bits=3d23d70a,3ccccccd,3c75c28f,00000000
constant kind=vs type=f reg=23 bits=3f800000,3d4ccccd,00000000,00000000
constant kind=vs type=f reg=24 bits=3f800000,00000000,00000000,bd4ccccd
constant kind=vs type=f reg=25 bits=00000000,3f800000,00000000,00000000
constant kind=vs type=f reg=26 bits=00000000,00000000,3f800000,3dcccccd
constant kind=vs type=f reg=27 bits=00000000,00000000,00000000,3f800000
constant kind=vs type=f reg=28 bits=3f800000,00000000,00000000,00000000
constant kind=vs type=f reg=29 bits=00000000,3f800000,00000000,00000000
constant kind=vs type=f reg=30 bits=00000000,00000000,3f800000,00000000
constant kind=vs type=f reg=31 bits=3f800000,00000000,00000000,00000000
constant kind=vs type=f reg=32 bits=00000000,3f800000,00000000,00000000
constant kind=vs type=f reg=33 bits=00000000,00000000,3f800000,00000000
constant kind=vs type=f reg=34 bits=3f800000,00000000,00000000,00000000
constant kind=vs type=f reg=35 bits=00000000,3f800000,00000000,00000000
constant kind=vs type=f reg=36 bits=00000000,00000000,3f800000,40800000
constant kind=vs type=f reg=37 bits=3f800000,00000000,00000000,00000000
constant kind=vs type=f reg=38 bits=00000000,3f800000,00000000,00000000
constant kind=vs type=f reg=39 bits=3f200000,00000000,00000000,00000000
constant kind=vs type=f reg=40 bits=3e4ccccd,3dcccccd,3d4ccccd,00000000
constant kind=vs type=f reg=41 bits=3f800000,00000000,00000000,00000000
constant kind=vs type=f reg=252 bits=42c80000,42ca0000,42cc0000,42ce0000
constant kind=vs type=f reg=253 bits=42d00000,42d20000,42d40000,42d60000
constant kind=vs type=f reg=254 bits=42d80000,42da0000,42dc0000,42de0000
constant kind=vs type=f reg=255 bits=42e00000,42e20000,42e40000,42e60000
constants kind=vs type=i count=16 result=00000000 encoding=full
constant kind=vs type=i reg=0 values=1,0,1,0
constant kind=vs type=i reg=1 values=0,0,0,0
constant kind=vs type=i reg=2 values=0,0,0,0
constant kind=vs type=i reg=3 values=0,0,0,0
constant kind=vs type=i reg=4 values=0,0,0,0
constant kind=vs type=i reg=5 values=0,0,0,0
constant kind=vs type=i reg=6 values=0,0,0,0
constant kind=vs type=i reg=7 values=0,0,0,0
constant kind=vs type=i reg=8 values=0,0,0,0
constant kind=vs type=i reg=9 values=0,0,0,0
constant kind=vs type=i reg=10 values=0,0,0,0
constant kind=vs type=i reg=11 values=0,0,0,0
constant kind=vs type=i reg=12 values=0,0,0,0
constant kind=vs type=i reg=13 values=0,0,0,0
constant kind=vs type=i reg=14 values=0,0,0,0
constant kind=vs type=i reg=15 values=0,0,0,0
constants kind=vs type=b count=16 result=00000000 encoding=full
constant kind=vs type=b reg=0 values=0
constant kind=vs type=b reg=1 values=0
constant kind=vs type=b reg=2 values=0
constant kind=vs type=b reg=3 values=0
constant kind=vs type=b reg=4 values=0
constant kind=vs type=b reg=5 values=0
constant kind=vs type=b reg=6 values=0
constant kind=vs type=b reg=7 values=0
constant kind=vs type=b reg=8 values=0
constant kind=vs type=b reg=9 values=0
constant kind=vs type=b reg=10 values=0
constant kind=vs type=b reg=11 values=0
constant kind=vs type=b reg=12 values=0
constant kind=vs type=b reg=13 values=0
constant kind=vs type=b reg=14 values=0
constant kind=vs type=b reg=15 values=0
constants kind=ps type=f count=224 result=00000000 encoding=sparse_zero
constant kind=ps type=f reg=0 bits=3f800000,00000000,00000000,00000000
constant kind=ps type=f reg=1 bits=00000000,3f800000,00000000,00000000
constant kind=ps type=f reg=2 bits=00000000,00000000,3f800000,00000000
constant kind=ps type=f reg=3 bits=3e800000,00000000,00000000,00000000
constant kind=ps type=f reg=4 bits=00000000,00000000,3f800000,00000000
constant kind=ps type=f reg=5 bits=3e99999a,3e4ccccd,3dcccccd,00000000
constant kind=ps type=f reg=6 bits=3f000000,00000000,3f000000,00000000
constant kind=ps type=f reg=7 bits=3dcccccd,3e19999a,3e4ccccd,00000000
constant kind=ps type=f reg=216 bits=43480000,43490000,434a0000,434b0000
constant kind=ps type=f reg=217 bits=434c0000,434d0000,434e0000,434f0000
constants kind=ps type=i count=16 result=00000000 encoding=full
constant kind=ps type=i reg=0 values=0,0,0,0
constant kind=ps type=i reg=1 values=0,0,0,0
constant kind=ps type=i reg=2 values=0,0,0,0
constant kind=ps type=i reg=3 values=0,0,0,0
constant kind=ps type=i reg=4 values=0,0,0,0
constant kind=ps type=i reg=5 values=0,0,0,0
constant kind=ps type=i reg=6 values=0,0,0,0
constant kind=ps type=i reg=7 values=0,0,0,0
constant kind=ps type=i reg=8 values=0,0,0,0
constant kind=ps type=i reg=9 values=0,0,0,0
constant kind=ps type=i reg=10 values=0,0,0,0
constant kind=ps type=i reg=11 values=0,0,0,0
constant kind=ps type=i reg=12 values=0,0,0,0
constant kind=ps type=i reg=13 values=0,0,0,0
constant kind=ps type=i reg=14 values=0,0,0,0
constant kind=ps type=i reg=15 values=0,0,0,0
constants kind=ps type=b count=16 result=00000000 encoding=full
constant kind=ps type=b reg=0 values=0
constant kind=ps type=b reg=1 values=0
constant kind=ps type=b reg=2 values=0
constant kind=ps type=b reg=3 values=0
constant kind=ps type=b reg=4 values=0
constant kind=ps type=b reg=5 values=0
constant kind=ps type=b reg=6 values=0
constant kind=ps type=b reg=7 values=0
constant kind=ps type=b reg=8 values=0
constant kind=ps type=b reg=9 values=0
constant kind=ps type=b reg=10 values=0
constant kind=ps type=b reg=11 values=0
constant kind=ps type=b reg=12 values=0
constant kind=ps type=b reg=13 values=0
constant kind=ps type=b reg=14 values=0
constant kind=ps type=b reg=15 values=0
draw_args start_vertex=0
motion_route device=1 frame=6 index=3 gate=5 routed=1 matched=0 depth=1 jittered=0 vs=53a0a641107ed76c ps=8759c7838bbc86c2 node=00000000 camera=00000000 node_handle=0 camera_handle=0 node_serial=0 camera_serial=0 load_epoch=0 registry_epoch=0 model=00000000 lod=00000000 vb=4 ib=0 declaration=0cdf6a8c884ad955 offset=0 stride=24 position_offset=0 position_type=16 topology=4 first=0 primitives=1 base_vertex=0 min_vertex=0 vertex_count=0 indexed=0 rows_hash=8804f37c47da2009 result=00000000
motion_input device=1 frame=6 index=3 blockers=00000210 proofs=28 position_path=1 vs=53a0a641107ed76c ps=8759c7838bbc86c2 declaration=0cdf6a8c884ad955 rows_hash=8804f37c47da2009 color=1 depth=2 width=64 height=64 cull=1 vb=4 vb_revision=0 ib=0 ib_revision=0 position_offset=0 position_type=16 lifetime_verified=0 vertex_finite_verified=0
motion_geometry device=1 frame=6 index=3 source_qualified=1 source_hash=53a0a641107ed76c source_words=526 finite_requested=0 finite_state=0 finite_reason=4 finite_status=00000001 finite_generation=0 finite_revision=0 index_required=0 index_requested=0 index_known=0 index_range_verified=0 index_exact=0 index_min=0 index_max=0 index_reason=1 index_status=00000001 index_generation=0 index_revision=0
draw_result device=1 frame=6 index=3 result=00000000
motion_output_cut device=1 frame=6 samples=0 median_px=0.0000 keyed=0 missing=0 missing_fraction=0.0000 bound_px=2.400 bound_missing=0.250 cut=0
motion_output_readback device=1 frame=6 file=motion_1_6.rgba32f width=64 height=64 format=rgba32f_row_major result=00000000 bytes=65536
motion_output_depth_readback device=1 frame=6 file=depth_1_6.r32f width=64 height=64 format=r32f_row_major result=00000000 bytes=16384
motion_output_frame device=1 frame=6 latched=1 filled=1 fill_result=00000000 fill_restore=00000000 draws=3 routed=2 matched=0 gate1=0 gate2=1 gate3=0 gate4=0 gate5=2 gate6=0 apply_failures=0 restore_failures=0 history_previous=0 history_current=0 committed=1 selector_state=2 present=00000000 depth=1 depth_routed=2 jitter=0 jitter_index=6 jitter_x=0.000000 jitter_y=0.000000 jitter_previous_x=0.000000 jitter_previous_y=0.000000 jittered=0 cut=0 cut_median_px=0.0000 cut_missing=0.0000 cut_samples=0
frame_end device=1 frame=6 draws=3 capture=1 present=00000000
ownership_copy_depth phase=present device=1 frame=6 result=00000000 status=00000001 requested=0 available=0 source_bound=0 copy_valid=0 generation=0 source_epoch=0 copy_epoch=0 source_width=0 source_height=0 source_format=0 source_type=0 source_usage=0 source_pool=0 source_msaa=0 source_quality=0
admission_metric device=1 frame=6 phase=present active_roots=1 waiting_roots=0 admitted_roots=2496 promotions=0 veto_bits=0 first_reason=0 replay_active=0 live_replay_enabled=0 coverage_complete=0
frame_begin device=1 frame=7
capture_event device=1 frame=7 seq=1 after_draw=0 op=clear result=00000000 qpc=9073124352534
clear flags=3 color=ff203040 z=1 stencil=0 rect_count=0 rect_ptr=00000000
surface role=clear_rt0 ptr=02111bb0 identity=1 width=64 height=64 format=21 usage=1 msaa=0 container=0 container_type=0 container_result=80004002
surface role=clear_depth ptr=02111be0 identity=2 width=64 height=64 format=77 usage=2 msaa=0 container=0 container_type=0 container_result=80004002
clear_viewport result=00000000 x=0 y=0 w=64 h=64 minz=0 maxz=1
capture_event device=1 frame=7 seq=2 after_draw=0 op=draw_begin result=00000000 qpc=9073124353236
draw device=1 frame=7 index=1 kind=primitive topology=4 primitives=1 vs=53a0a641107ed76c ps=98731d5594e36226
geometry source=buffers
stream slot=0 result=00000000 identity=3 offset=0 stride=24 frequency=1 frequency_result=00000000
vertex_buffer identity=3 bytes=72 usage=0 pool=1 fvf=0
buffer_content kind=vertex identity=3 result=00000000 status=00000001 requested=0 known=0 ambiguous=0 revision=0 pending=0 flags=00000000
stream slot=1 result=00000000 identity=0
stream slot=2 result=00000000 identity=0
stream slot=3 result=00000000 identity=0
stream slot=4 result=00000000 identity=0
stream slot=5 result=00000000 identity=0
stream slot=6 result=00000000 identity=0
stream slot=7 result=00000000 identity=0
stream slot=8 result=00000000 identity=0
stream slot=9 result=00000000 identity=0
stream slot=10 result=00000000 identity=0
stream slot=11 result=00000000 identity=0
stream slot=12 result=00000000 identity=0
stream slot=13 result=00000000 identity=0
stream slot=14 result=00000000 identity=0
stream slot=15 result=00000000 identity=0
indices result=00000000 identity=0
surface role=rt0 ptr=02111bb0 identity=1 width=64 height=64 format=21 usage=1 msaa=0 container=0 container_type=0 container_result=80004002
surface role=depth ptr=02111be0 identity=2 width=64 height=64 format=77 usage=2 msaa=0 container=0 container_type=0 container_result=80004002
state id=7 value=0
state id=14 value=0
state id=23 value=4
state id=15 value=1
state id=24 value=0
state id=25 value=8
state id=27 value=1
state id=19 value=2
state id=20 value=1
state id=171 value=1
state id=22 value=2
state id=168 value=7
state id=194 value=0
state id=206 value=0
state id=52 value=1
state id=56 value=8
state id=57 value=0
state id=58 value=4294967295
state id=59 value=4294967295
state id=53 value=1
state id=54 value=1
state id=55 value=1
state id=185 value=0
state id=189 value=8
state id=186 value=1
state id=187 value=1
state id=188 value=1
viewport x=0 y=0 w=64 h=64 minz=0 maxz=1
texture stage=0 ptr=02111a90 type=3 identity=5
texture_desc stage=0 w=2 h=2 format=21
sampler stage=0 state=6 value=1
sampler stage=0 state=5 value=1
sampler stage=0 state=7 value=0
sampler stage=0 state=10 value=1
sampler stage=0 state=11 value=0
texture stage=1 ptr=02111af0 type=3 identity=6
texture_desc stage=1 w=2 h=2 format=21
sampler stage=1 state=6 value=1
sampler stage=1 state=5 value=1
sampler stage=1 state=7 value=0
sampler stage=1 state=10 value=1
sampler stage=1 state=11 value=0
texture stage=2 ptr=02111b50 type=3 identity=7
texture_desc stage=2 w=2 h=2 format=21
sampler stage=2 state=6 value=1
sampler stage=2 state=5 value=1
sampler stage=2 state=7 value=0
sampler stage=2 state=10 value=1
sampler stage=2 state=11 value=0
texture stage=3 ptr=02111b80 type=5 identity=8
sampler stage=3 state=6 value=1
sampler stage=3 state=5 value=1
sampler stage=3 state=7 value=0
sampler stage=3 state=10 value=1
sampler stage=3 state=11 value=0
sampler stage=4 state=6 value=1
sampler stage=4 state=5 value=1
sampler stage=4 state=7 value=0
sampler stage=4 state=10 value=1
sampler stage=4 state=11 value=0
sampler stage=5 state=6 value=1
sampler stage=5 state=5 value=1
sampler stage=5 state=7 value=0
sampler stage=5 state=10 value=1
sampler stage=5 state=11 value=0
sampler stage=6 state=6 value=1
sampler stage=6 state=5 value=1
sampler stage=6 state=7 value=0
sampler stage=6 state=10 value=1
sampler stage=6 state=11 value=0
sampler stage=7 state=6 value=1
sampler stage=7 state=5 value=1
sampler stage=7 state=7 value=0
sampler stage=7 state=10 value=1
sampler stage=7 state=11 value=0
sampler stage=8 state=6 value=1
sampler stage=8 state=5 value=1
sampler stage=8 state=7 value=0
sampler stage=8 state=10 value=1
sampler stage=8 state=11 value=0
sampler stage=9 state=6 value=1
sampler stage=9 state=5 value=1
sampler stage=9 state=7 value=0
sampler stage=9 state=10 value=1
sampler stage=9 state=11 value=0
sampler stage=10 state=6 value=1
sampler stage=10 state=5 value=1
sampler stage=10 state=7 value=0
sampler stage=10 state=10 value=1
sampler stage=10 state=11 value=0
sampler stage=11 state=6 value=1
sampler stage=11 state=5 value=1
sampler stage=11 state=7 value=0
sampler stage=11 state=10 value=1
sampler stage=11 state=11 value=0
sampler stage=12 state=6 value=1
sampler stage=12 state=5 value=1
sampler stage=12 state=7 value=0
sampler stage=12 state=10 value=1
sampler stage=12 state=11 value=0
sampler stage=13 state=6 value=1
sampler stage=13 state=5 value=1
sampler stage=13 state=7 value=0
sampler stage=13 state=10 value=1
sampler stage=13 state=11 value=0
sampler stage=14 state=6 value=1
sampler stage=14 state=5 value=1
sampler stage=14 state=7 value=0
sampler stage=14 state=10 value=1
sampler stage=14 state=11 value=0
sampler stage=15 state=6 value=1
sampler stage=15 state=5 value=1
sampler stage=15 state=7 value=0
sampler stage=15 state=10 value=1
sampler stage=15 state=11 value=0
vertex_element stream=0 offset=0 type=16 method=0 usage=0 index=0
vertex_element stream=0 offset=8 type=16 method=0 usage=5 index=0
vertex_element stream=0 offset=16 type=16 method=0 usage=3 index=0
vertex_element stream=255 offset=0 type=17 method=0 usage=0 index=0
transform state=256 row=0 values=1,0,0,0
transform state=256 row=1 values=0,1,0,0
transform state=256 row=2 values=0,0,1,0
transform state=256 row=3 values=0,0,0,1
transform state=2 row=0 values=1,0,0,0
transform state=2 row=1 values=0,1,0,0
transform state=2 row=2 values=0,0,1,0
transform state=2 row=3 values=0,0,0,1
transform state=3 row=0 values=1,0,0,0
transform state=3 row=1 values=0,1,0,0
transform state=3 row=2 values=0,0,1,0
transform state=3 row=3 values=0,0,0,1
constants kind=vs type=f count=256 result=00000000 encoding=sparse_zero
constant kind=vs type=f reg=0 bits=bf800000,3f800000,40400000,00000000
constant kind=vs type=f reg=1 bits=3d23d70a,3ccccccd,3c75c28f,00000000
constant kind=vs type=f reg=2 bits=3f800000,3d4ccccd,00000000,00000000
constant kind=vs type=f reg=3 bits=00000000,3f800000,40400000,00000000
constant kind=vs type=f reg=4 bits=3d23d70a,3ccccccd,3c75c28f,00000000
constant kind=vs type=f reg=5 bits=3f800000,3d4ccccd,00000000,00000000
constant kind=vs type=f reg=6 bits=3f800000,3f800000,40400000,00000000
constant kind=vs type=f reg=7 bits=3d23d70a,3ccccccd,3c75c28f,00000000
constant kind=vs type=f reg=8 bits=3f800000,3d4ccccd,00000000,00000000
constant kind=vs type=f reg=9 bits=bf800000,3f800000,40400000,00000000
constant kind=vs type=f reg=10 bits=3d23d70a,3ccccccd,3c75c28f,00000000
constant kind=vs type=f reg=11 bits=3f800000,3d4ccccd,00000000,00000000
constant kind=vs type=f reg=12 bits=00000000,3f800000,40400000,00000000
constant kind=vs type=f reg=13 bits=3d23d70a,3ccccccd,3c75c28f,00000000
constant kind=vs type=f reg=14 bits=3f800000,3d4ccccd,00000000,00000000
constant kind=vs type=f reg=15 bits=3f800000,3f800000,40400000,00000000
constant kind=vs type=f reg=16 bits=3d23d70a,3ccccccd,3c75c28f,00000000
constant kind=vs type=f reg=17 bits=3f800000,3d4ccccd,00000000,00000000
constant kind=vs type=f reg=18 bits=bf800000,3f800000,40400000,00000000
constant kind=vs type=f reg=19 bits=3d23d70a,3ccccccd,3c75c28f,00000000
constant kind=vs type=f reg=20 bits=3f800000,3d4ccccd,00000000,00000000
constant kind=vs type=f reg=21 bits=00000000,3f800000,40400000,00000000
constant kind=vs type=f reg=22 bits=3d23d70a,3ccccccd,3c75c28f,00000000
constant kind=vs type=f reg=23 bits=3f800000,3d4ccccd,00000000,00000000
constant kind=vs type=f reg=24 bits=3f800000,00000000,00000000,00000000
constant kind=vs type=f reg=25 bits=00000000,3f800000,00000000,00000000
constant kind=vs type=f reg=26 bits=00000000,00000000,3f800000,00000000
constant kind=vs type=f reg=27 bits=00000000,00000000,00000000,3f800000
constant kind=vs type=f reg=28 bits=3f800000,00000000,00000000,00000000
constant kind=vs type=f reg=29 bits=00000000,3f800000,00000000,00000000
constant kind=vs type=f reg=30 bits=00000000,00000000,3f800000,00000000
constant kind=vs type=f reg=31 bits=3f800000,00000000,00000000,00000000
constant kind=vs type=f reg=32 bits=00000000,3f800000,00000000,00000000
constant kind=vs type=f reg=33 bits=00000000,00000000,3f800000,00000000
constant kind=vs type=f reg=34 bits=3f800000,00000000,00000000,00000000
constant kind=vs type=f reg=35 bits=00000000,3f800000,00000000,00000000
constant kind=vs type=f reg=36 bits=00000000,00000000,3f800000,40800000
constant kind=vs type=f reg=37 bits=3f800000,00000000,00000000,00000000
constant kind=vs type=f reg=38 bits=00000000,3f800000,00000000,00000000
constant kind=vs type=f reg=39 bits=3f200000,00000000,00000000,00000000
constant kind=vs type=f reg=40 bits=3e4ccccd,3dcccccd,3d4ccccd,00000000
constant kind=vs type=f reg=41 bits=3f800000,00000000,00000000,00000000
constant kind=vs type=f reg=252 bits=42c80000,42ca0000,42cc0000,42ce0000
constant kind=vs type=f reg=253 bits=42d00000,42d20000,42d40000,42d60000
constant kind=vs type=f reg=254 bits=42d80000,42da0000,42dc0000,42de0000
constant kind=vs type=f reg=255 bits=42e00000,42e20000,42e40000,42e60000
constants kind=vs type=i count=16 result=00000000 encoding=full
constant kind=vs type=i reg=0 values=1,0,1,0
constant kind=vs type=i reg=1 values=0,0,0,0
constant kind=vs type=i reg=2 values=0,0,0,0
constant kind=vs type=i reg=3 values=0,0,0,0
constant kind=vs type=i reg=4 values=0,0,0,0
constant kind=vs type=i reg=5 values=0,0,0,0
constant kind=vs type=i reg=6 values=0,0,0,0
constant kind=vs type=i reg=7 values=0,0,0,0
constant kind=vs type=i reg=8 values=0,0,0,0
constant kind=vs type=i reg=9 values=0,0,0,0
constant kind=vs type=i reg=10 values=0,0,0,0
constant kind=vs type=i reg=11 values=0,0,0,0
constant kind=vs type=i reg=12 values=0,0,0,0
constant kind=vs type=i reg=13 values=0,0,0,0
constant kind=vs type=i reg=14 values=0,0,0,0
constant kind=vs type=i reg=15 values=0,0,0,0
constants kind=vs type=b count=16 result=00000000 encoding=full
constant kind=vs type=b reg=0 values=0
constant kind=vs type=b reg=1 values=0
constant kind=vs type=b reg=2 values=0
constant kind=vs type=b reg=3 values=0
constant kind=vs type=b reg=4 values=0
constant kind=vs type=b reg=5 values=0
constant kind=vs type=b reg=6 values=0
constant kind=vs type=b reg=7 values=0
constant kind=vs type=b reg=8 values=0
constant kind=vs type=b reg=9 values=0
constant kind=vs type=b reg=10 values=0
constant kind=vs type=b reg=11 values=0
constant kind=vs type=b reg=12 values=0
constant kind=vs type=b reg=13 values=0
constant kind=vs type=b reg=14 values=0
constant kind=vs type=b reg=15 values=0
constants kind=ps type=f count=224 result=00000000 encoding=sparse_zero
constant kind=ps type=f reg=0 bits=3f800000,00000000,00000000,00000000
constant kind=ps type=f reg=1 bits=00000000,3f800000,00000000,00000000
constant kind=ps type=f reg=2 bits=00000000,00000000,3f800000,00000000
constant kind=ps type=f reg=3 bits=3e800000,00000000,00000000,00000000
constant kind=ps type=f reg=4 bits=00000000,00000000,3f800000,00000000
constant kind=ps type=f reg=5 bits=3e99999a,3e4ccccd,3dcccccd,00000000
constant kind=ps type=f reg=6 bits=3f000000,00000000,3f000000,00000000
constant kind=ps type=f reg=7 bits=3dcccccd,3e19999a,3e4ccccd,00000000
constant kind=ps type=f reg=216 bits=43480000,43490000,434a0000,434b0000
constant kind=ps type=f reg=217 bits=434c0000,434d0000,434e0000,434f0000
constants kind=ps type=i count=16 result=00000000 encoding=full
constant kind=ps type=i reg=0 values=0,0,0,0
constant kind=ps type=i reg=1 values=0,0,0,0
constant kind=ps type=i reg=2 values=0,0,0,0
constant kind=ps type=i reg=3 values=0,0,0,0
constant kind=ps type=i reg=4 values=0,0,0,0
constant kind=ps type=i reg=5 values=0,0,0,0
constant kind=ps type=i reg=6 values=0,0,0,0
constant kind=ps type=i reg=7 values=0,0,0,0
constant kind=ps type=i reg=8 values=0,0,0,0
constant kind=ps type=i reg=9 values=0,0,0,0
constant kind=ps type=i reg=10 values=0,0,0,0
constant kind=ps type=i reg=11 values=0,0,0,0
constant kind=ps type=i reg=12 values=0,0,0,0
constant kind=ps type=i reg=13 values=0,0,0,0
constant kind=ps type=i reg=14 values=0,0,0,0
constant kind=ps type=i reg=15 values=0,0,0,0
constants kind=ps type=b count=16 result=00000000 encoding=full
constant kind=ps type=b reg=0 values=0
constant kind=ps type=b reg=1 values=0
constant kind=ps type=b reg=2 values=0
constant kind=ps type=b reg=3 values=0
constant kind=ps type=b reg=4 values=0
constant kind=ps type=b reg=5 values=0
constant kind=ps type=b reg=6 values=0
constant kind=ps type=b reg=7 values=0
constant kind=ps type=b reg=8 values=0
constant kind=ps type=b reg=9 values=0
constant kind=ps type=b reg=10 values=0
constant kind=ps type=b reg=11 values=0
constant kind=ps type=b reg=12 values=0
constant kind=ps type=b reg=13 values=0
constant kind=ps type=b reg=14 values=0
constant kind=ps type=b reg=15 values=0
draw_args start_vertex=0
motion_input device=1 frame=7 index=1 blockers=00000252 proofs=20 position_path=1 vs=53a0a641107ed76c ps=98731d5594e36226 declaration=0cdf6a8c884ad955 rows_hash=1b0c97ae01a7ec05 color=1 depth=2 width=64 height=64 cull=2 vb=3 vb_revision=0 ib=0 ib_revision=0 position_offset=0 position_type=16 lifetime_verified=0 vertex_finite_verified=0
motion_geometry device=1 frame=7 index=1 source_qualified=1 source_hash=53a0a641107ed76c source_words=526 finite_requested=0 finite_state=0 finite_reason=4 finite_status=00000001 finite_generation=0 finite_revision=0 index_required=0 index_requested=0 index_known=0 index_range_verified=0 index_exact=0 index_min=0 index_max=0 index_reason=1 index_status=00000001 index_generation=0 index_revision=0
draw_result device=1 frame=7 index=1 result=00000000
capture_event device=1 frame=7 seq=3 after_draw=1 op=clear result=00000000 qpc=9073124361551
clear flags=2 color=00000000 z=1 stencil=0 rect_count=0 rect_ptr=00000000
surface role=clear_rt0 ptr=02111bb0 identity=1 width=64 height=64 format=21 usage=1 msaa=0 container=0 container_type=0 container_result=80004002
surface role=clear_depth ptr=02111be0 identity=2 width=64 height=64 format=77 usage=2 msaa=0 container=0 container_type=0 container_result=80004002
clear_viewport result=00000000 x=0 y=0 w=64 h=64 minz=0 maxz=1
capture_event device=1 frame=7 seq=4 after_draw=1 op=draw_begin result=00000000 qpc=9073124371590
draw device=1 frame=7 index=2 kind=primitive topology=4 primitives=1 vs=53a0a641107ed76c ps=98731d5594e36226
geometry source=buffers
stream slot=0 result=00000000 identity=3 offset=0 stride=24 frequency=1 frequency_result=00000000
vertex_buffer identity=3 bytes=72 usage=0 pool=1 fvf=0
buffer_content kind=vertex identity=3 result=00000000 status=00000001 requested=0 known=0 ambiguous=0 revision=0 pending=0 flags=00000000
stream slot=1 result=00000000 identity=0
stream slot=2 result=00000000 identity=0
stream slot=3 result=00000000 identity=0
stream slot=4 result=00000000 identity=0
stream slot=5 result=00000000 identity=0
stream slot=6 result=00000000 identity=0
stream slot=7 result=00000000 identity=0
stream slot=8 result=00000000 identity=0
stream slot=9 result=00000000 identity=0
stream slot=10 result=00000000 identity=0
stream slot=11 result=00000000 identity=0
stream slot=12 result=00000000 identity=0
stream slot=13 result=00000000 identity=0
stream slot=14 result=00000000 identity=0
stream slot=15 result=00000000 identity=0
indices result=00000000 identity=0
surface role=rt0 ptr=02111bb0 identity=1 width=64 height=64 format=21 usage=1 msaa=0 container=0 container_type=0 container_result=80004002
surface role=depth ptr=02111be0 identity=2 width=64 height=64 format=77 usage=2 msaa=0 container=0 container_type=0 container_result=80004002
state id=7 value=1
state id=14 value=1
state id=23 value=4
state id=15 value=0
state id=24 value=0
state id=25 value=8
state id=27 value=0
state id=19 value=2
state id=20 value=1
state id=171 value=1
state id=22 value=1
state id=168 value=15
state id=194 value=0
state id=206 value=0
state id=52 value=0
state id=56 value=8
state id=57 value=0
state id=58 value=4294967295
state id=59 value=4294967295
state id=53 value=1
state id=54 value=1
state id=55 value=1
state id=185 value=0
state id=189 value=8
state id=186 value=1
state id=187 value=1
state id=188 value=1
viewport x=0 y=0 w=64 h=64 minz=0 maxz=1
texture stage=0 ptr=02111a90 type=3 identity=5
texture_desc stage=0 w=2 h=2 format=21
sampler stage=0 state=6 value=1
sampler stage=0 state=5 value=1
sampler stage=0 state=7 value=0
sampler stage=0 state=10 value=1
sampler stage=0 state=11 value=0
texture stage=1 ptr=02111af0 type=3 identity=6
texture_desc stage=1 w=2 h=2 format=21
sampler stage=1 state=6 value=1
sampler stage=1 state=5 value=1
sampler stage=1 state=7 value=0
sampler stage=1 state=10 value=1
sampler stage=1 state=11 value=0
texture stage=2 ptr=02111b50 type=3 identity=7
texture_desc stage=2 w=2 h=2 format=21
sampler stage=2 state=6 value=1
sampler stage=2 state=5 value=1
sampler stage=2 state=7 value=0
sampler stage=2 state=10 value=1
sampler stage=2 state=11 value=0
texture stage=3 ptr=02111b80 type=5 identity=8
sampler stage=3 state=6 value=1
sampler stage=3 state=5 value=1
sampler stage=3 state=7 value=0
sampler stage=3 state=10 value=1
sampler stage=3 state=11 value=0
sampler stage=4 state=6 value=1
sampler stage=4 state=5 value=1
sampler stage=4 state=7 value=0
sampler stage=4 state=10 value=1
sampler stage=4 state=11 value=0
sampler stage=5 state=6 value=1
sampler stage=5 state=5 value=1
sampler stage=5 state=7 value=0
sampler stage=5 state=10 value=1
sampler stage=5 state=11 value=0
sampler stage=6 state=6 value=1
sampler stage=6 state=5 value=1
sampler stage=6 state=7 value=0
sampler stage=6 state=10 value=1
sampler stage=6 state=11 value=0
sampler stage=7 state=6 value=1
sampler stage=7 state=5 value=1
sampler stage=7 state=7 value=0
sampler stage=7 state=10 value=1
sampler stage=7 state=11 value=0
sampler stage=8 state=6 value=1
sampler stage=8 state=5 value=1
sampler stage=8 state=7 value=0
sampler stage=8 state=10 value=1
sampler stage=8 state=11 value=0
sampler stage=9 state=6 value=1
sampler stage=9 state=5 value=1
sampler stage=9 state=7 value=0
sampler stage=9 state=10 value=1
sampler stage=9 state=11 value=0
sampler stage=10 state=6 value=1
sampler stage=10 state=5 value=1
sampler stage=10 state=7 value=0
sampler stage=10 state=10 value=1
sampler stage=10 state=11 value=0
sampler stage=11 state=6 value=1
sampler stage=11 state=5 value=1
sampler stage=11 state=7 value=0
sampler stage=11 state=10 value=1
sampler stage=11 state=11 value=0
sampler stage=12 state=6 value=1
sampler stage=12 state=5 value=1
sampler stage=12 state=7 value=0
sampler stage=12 state=10 value=1
sampler stage=12 state=11 value=0
sampler stage=13 state=6 value=1
sampler stage=13 state=5 value=1
sampler stage=13 state=7 value=0
sampler stage=13 state=10 value=1
sampler stage=13 state=11 value=0
sampler stage=14 state=6 value=1
sampler stage=14 state=5 value=1
sampler stage=14 state=7 value=0
sampler stage=14 state=10 value=1
sampler stage=14 state=11 value=0
sampler stage=15 state=6 value=1
sampler stage=15 state=5 value=1
sampler stage=15 state=7 value=0
sampler stage=15 state=10 value=1
sampler stage=15 state=11 value=0
vertex_element stream=0 offset=0 type=16 method=0 usage=0 index=0
vertex_element stream=0 offset=8 type=16 method=0 usage=5 index=0
vertex_element stream=0 offset=16 type=16 method=0 usage=3 index=0
vertex_element stream=255 offset=0 type=17 method=0 usage=0 index=0
transform state=256 row=0 values=1,0,0,0
transform state=256 row=1 values=0,1,0,0
transform state=256 row=2 values=0,0,1,0
transform state=256 row=3 values=0,0,0,1
transform state=2 row=0 values=1,0,0,0
transform state=2 row=1 values=0,1,0,0
transform state=2 row=2 values=0,0,1,0
transform state=2 row=3 values=0,0,0,1
transform state=3 row=0 values=1,0,0,0
transform state=3 row=1 values=0,1,0,0
transform state=3 row=2 values=0,0,1,0
transform state=3 row=3 values=0,0,0,1
constants kind=vs type=f count=256 result=00000000 encoding=sparse_zero
constant kind=vs type=f reg=0 bits=bf800000,3f800000,40400000,00000000
constant kind=vs type=f reg=1 bits=3d23d70a,3ccccccd,3c75c28f,00000000
constant kind=vs type=f reg=2 bits=3f800000,3d4ccccd,00000000,00000000
constant kind=vs type=f reg=3 bits=00000000,3f800000,40400000,00000000
constant kind=vs type=f reg=4 bits=3d23d70a,3ccccccd,3c75c28f,00000000
constant kind=vs type=f reg=5 bits=3f800000,3d4ccccd,00000000,00000000
constant kind=vs type=f reg=6 bits=3f800000,3f800000,40400000,00000000
constant kind=vs type=f reg=7 bits=3d23d70a,3ccccccd,3c75c28f,00000000
constant kind=vs type=f reg=8 bits=3f800000,3d4ccccd,00000000,00000000
constant kind=vs type=f reg=9 bits=bf800000,3f800000,40400000,00000000
constant kind=vs type=f reg=10 bits=3d23d70a,3ccccccd,3c75c28f,00000000
constant kind=vs type=f reg=11 bits=3f800000,3d4ccccd,00000000,00000000
constant kind=vs type=f reg=12 bits=00000000,3f800000,40400000,00000000
constant kind=vs type=f reg=13 bits=3d23d70a,3ccccccd,3c75c28f,00000000
constant kind=vs type=f reg=14 bits=3f800000,3d4ccccd,00000000,00000000
constant kind=vs type=f reg=15 bits=3f800000,3f800000,40400000,00000000
constant kind=vs type=f reg=16 bits=3d23d70a,3ccccccd,3c75c28f,00000000
constant kind=vs type=f reg=17 bits=3f800000,3d4ccccd,00000000,00000000
constant kind=vs type=f reg=18 bits=bf800000,3f800000,40400000,00000000
constant kind=vs type=f reg=19 bits=3d23d70a,3ccccccd,3c75c28f,00000000
constant kind=vs type=f reg=20 bits=3f800000,3d4ccccd,00000000,00000000
constant kind=vs type=f reg=21 bits=00000000,3f800000,40400000,00000000
constant kind=vs type=f reg=22 bits=3d23d70a,3ccccccd,3c75c28f,00000000
constant kind=vs type=f reg=23 bits=3f800000,3d4ccccd,00000000,00000000
constant kind=vs type=f reg=24 bits=3f800000,00000000,00000000,3f400000
constant kind=vs type=f reg=25 bits=00000000,3f800000,00000000,00000000
constant kind=vs type=f reg=26 bits=00000000,00000000,3f800000,00000000
constant kind=vs type=f reg=27 bits=00000000,00000000,00000000,3f800000
constant kind=vs type=f reg=28 bits=3f800000,00000000,00000000,00000000
constant kind=vs type=f reg=29 bits=00000000,3f800000,00000000,00000000
constant kind=vs type=f reg=30 bits=00000000,00000000,3f800000,00000000
constant kind=vs type=f reg=31 bits=3f800000,00000000,00000000,00000000
constant kind=vs type=f reg=32 bits=00000000,3f800000,00000000,00000000
constant kind=vs type=f reg=33 bits=00000000,00000000,3f800000,00000000
constant kind=vs type=f reg=34 bits=3f800000,00000000,00000000,00000000
constant kind=vs type=f reg=35 bits=00000000,3f800000,00000000,00000000
constant kind=vs type=f reg=36 bits=00000000,00000000,3f800000,40800000
constant kind=vs type=f reg=37 bits=3f800000,00000000,00000000,00000000
constant kind=vs type=f reg=38 bits=00000000,3f800000,00000000,00000000
constant kind=vs type=f reg=39 bits=3f200000,00000000,00000000,00000000
constant kind=vs type=f reg=40 bits=3e4ccccd,3dcccccd,3d4ccccd,00000000
constant kind=vs type=f reg=41 bits=3f800000,00000000,00000000,00000000
constant kind=vs type=f reg=252 bits=42c80000,42ca0000,42cc0000,42ce0000
constant kind=vs type=f reg=253 bits=42d00000,42d20000,42d40000,42d60000
constant kind=vs type=f reg=254 bits=42d80000,42da0000,42dc0000,42de0000
constant kind=vs type=f reg=255 bits=42e00000,42e20000,42e40000,42e60000
constants kind=vs type=i count=16 result=00000000 encoding=full
constant kind=vs type=i reg=0 values=1,0,1,0
constant kind=vs type=i reg=1 values=0,0,0,0
constant kind=vs type=i reg=2 values=0,0,0,0
constant kind=vs type=i reg=3 values=0,0,0,0
constant kind=vs type=i reg=4 values=0,0,0,0
constant kind=vs type=i reg=5 values=0,0,0,0
constant kind=vs type=i reg=6 values=0,0,0,0
constant kind=vs type=i reg=7 values=0,0,0,0
constant kind=vs type=i reg=8 values=0,0,0,0
constant kind=vs type=i reg=9 values=0,0,0,0
constant kind=vs type=i reg=10 values=0,0,0,0
constant kind=vs type=i reg=11 values=0,0,0,0
constant kind=vs type=i reg=12 values=0,0,0,0
constant kind=vs type=i reg=13 values=0,0,0,0
constant kind=vs type=i reg=14 values=0,0,0,0
constant kind=vs type=i reg=15 values=0,0,0,0
constants kind=vs type=b count=16 result=00000000 encoding=full
constant kind=vs type=b reg=0 values=0
constant kind=vs type=b reg=1 values=0
constant kind=vs type=b reg=2 values=0
constant kind=vs type=b reg=3 values=0
constant kind=vs type=b reg=4 values=0
constant kind=vs type=b reg=5 values=0
constant kind=vs type=b reg=6 values=0
constant kind=vs type=b reg=7 values=0
constant kind=vs type=b reg=8 values=0
constant kind=vs type=b reg=9 values=0
constant kind=vs type=b reg=10 values=0
constant kind=vs type=b reg=11 values=0
constant kind=vs type=b reg=12 values=0
constant kind=vs type=b reg=13 values=0
constant kind=vs type=b reg=14 values=0
constant kind=vs type=b reg=15 values=0
constants kind=ps type=f count=224 result=00000000 encoding=sparse_zero
constant kind=ps type=f reg=0 bits=3f800000,00000000,00000000,00000000
constant kind=ps type=f reg=1 bits=00000000,3f800000,00000000,00000000
constant kind=ps type=f reg=2 bits=00000000,00000000,3f800000,00000000
constant kind=ps type=f reg=3 bits=3e800000,00000000,00000000,00000000
constant kind=ps type=f reg=4 bits=00000000,00000000,3f800000,00000000
constant kind=ps type=f reg=5 bits=3e99999a,3e4ccccd,3dcccccd,00000000
constant kind=ps type=f reg=6 bits=3f000000,00000000,3f000000,00000000
constant kind=ps type=f reg=7 bits=3dcccccd,3e19999a,3e4ccccd,00000000
constant kind=ps type=f reg=216 bits=43480000,43490000,434a0000,434b0000
constant kind=ps type=f reg=217 bits=434c0000,434d0000,434e0000,434f0000
constants kind=ps type=i count=16 result=00000000 encoding=full
constant kind=ps type=i reg=0 values=0,0,0,0
constant kind=ps type=i reg=1 values=0,0,0,0
constant kind=ps type=i reg=2 values=0,0,0,0
constant kind=ps type=i reg=3 values=0,0,0,0
constant kind=ps type=i reg=4 values=0,0,0,0
constant kind=ps type=i reg=5 values=0,0,0,0
constant kind=ps type=i reg=6 values=0,0,0,0
constant kind=ps type=i reg=7 values=0,0,0,0
constant kind=ps type=i reg=8 values=0,0,0,0
constant kind=ps type=i reg=9 values=0,0,0,0
constant kind=ps type=i reg=10 values=0,0,0,0
constant kind=ps type=i reg=11 values=0,0,0,0
constant kind=ps type=i reg=12 values=0,0,0,0
constant kind=ps type=i reg=13 values=0,0,0,0
constant kind=ps type=i reg=14 values=0,0,0,0
constant kind=ps type=i reg=15 values=0,0,0,0
constants kind=ps type=b count=16 result=00000000 encoding=full
constant kind=ps type=b reg=0 values=0
constant kind=ps type=b reg=1 values=0
constant kind=ps type=b reg=2 values=0
constant kind=ps type=b reg=3 values=0
constant kind=ps type=b reg=4 values=0
constant kind=ps type=b reg=5 values=0
constant kind=ps type=b reg=6 values=0
constant kind=ps type=b reg=7 values=0
constant kind=ps type=b reg=8 values=0
constant kind=ps type=b reg=9 values=0
constant kind=ps type=b reg=10 values=0
constant kind=ps type=b reg=11 values=0
constant kind=ps type=b reg=12 values=0
constant kind=ps type=b reg=13 values=0
constant kind=ps type=b reg=14 values=0
constant kind=ps type=b reg=15 values=0
draw_args start_vertex=0
motion_route device=1 frame=7 index=2 gate=3 routed=0 matched=0 depth=0 jittered=0 vs=53a0a641107ed76c ps=98731d5594e36226 node=00000000 camera=00000000 node_handle=0 camera_handle=0 node_serial=0 camera_serial=0 load_epoch=0 registry_epoch=0 model=00000000 lod=00000000 vb=0 ib=0 declaration=0000000000000000 offset=0 stride=0 position_offset=0 position_type=0 topology=0 first=0 primitives=0 base_vertex=0 min_vertex=0 vertex_count=0 indexed=0 rows_hash=0000000000000000 result=00000000
motion_input device=1 frame=7 index=2 blockers=00000212 proofs=20 position_path=1 vs=53a0a641107ed76c ps=98731d5594e36226 declaration=0cdf6a8c884ad955 rows_hash=712d59ff944d11a8 color=1 depth=2 width=64 height=64 cull=1 vb=3 vb_revision=0 ib=0 ib_revision=0 position_offset=0 position_type=16 lifetime_verified=0 vertex_finite_verified=0
motion_geometry device=1 frame=7 index=2 source_qualified=1 source_hash=53a0a641107ed76c source_words=526 finite_requested=0 finite_state=0 finite_reason=4 finite_status=00000001 finite_generation=0 finite_revision=0 index_required=0 index_requested=0 index_known=0 index_range_verified=0 index_exact=0 index_min=0 index_max=0 index_reason=1 index_status=00000001 index_generation=0 index_revision=0
draw_result device=1 frame=7 index=2 result=00000000
capture_event device=1 frame=7 seq=5 after_draw=2 op=draw_begin result=00000000 qpc=9073124383412
draw device=1 frame=7 index=3 kind=primitive topology=4 primitives=1 vs=53a0a641107ed76c ps=8759c7838bbc86c2
geometry source=buffers
stream slot=0 result=00000000 identity=4 offset=0 stride=24 frequency=1 frequency_result=00000000
vertex_buffer identity=4 bytes=72 usage=0 pool=1 fvf=0
buffer_content kind=vertex identity=4 result=00000000 status=00000001 requested=0 known=0 ambiguous=0 revision=0 pending=0 flags=00000000
stream slot=1 result=00000000 identity=0
stream slot=2 result=00000000 identity=0
stream slot=3 result=00000000 identity=0
stream slot=4 result=00000000 identity=0
stream slot=5 result=00000000 identity=0
stream slot=6 result=00000000 identity=0
stream slot=7 result=00000000 identity=0
stream slot=8 result=00000000 identity=0
stream slot=9 result=00000000 identity=0
stream slot=10 result=00000000 identity=0
stream slot=11 result=00000000 identity=0
stream slot=12 result=00000000 identity=0
stream slot=13 result=00000000 identity=0
stream slot=14 result=00000000 identity=0
stream slot=15 result=00000000 identity=0
indices result=00000000 identity=0
surface role=rt0 ptr=02111bb0 identity=1 width=64 height=64 format=21 usage=1 msaa=0 container=0 container_type=0 container_result=80004002
surface role=depth ptr=02111be0 identity=2 width=64 height=64 format=77 usage=2 msaa=0 container=0 container_type=0 container_result=80004002
state id=7 value=1
state id=14 value=1
state id=23 value=4
state id=15 value=0
state id=24 value=0
state id=25 value=8
state id=27 value=0
state id=19 value=2
state id=20 value=1
state id=171 value=1
state id=22 value=1
state id=168 value=15
state id=194 value=0
state id=206 value=0
state id=52 value=0
state id=56 value=8
state id=57 value=0
state id=58 value=4294967295
state id=59 value=4294967295
state id=53 value=1
state id=54 value=1
state id=55 value=1
state id=185 value=0
state id=189 value=8
state id=186 value=1
state id=187 value=1
state id=188 value=1
viewport x=0 y=0 w=64 h=64 minz=0 maxz=1
texture stage=0 ptr=02111a90 type=3 identity=5
texture_desc stage=0 w=2 h=2 format=21
sampler stage=0 state=6 value=1
sampler stage=0 state=5 value=1
sampler stage=0 state=7 value=0
sampler stage=0 state=10 value=1
sampler stage=0 state=11 value=0
texture stage=1 ptr=02111af0 type=3 identity=6
texture_desc stage=1 w=2 h=2 format=21
sampler stage=1 state=6 value=1
sampler stage=1 state=5 value=1
sampler stage=1 state=7 value=0
sampler stage=1 state=10 value=1
sampler stage=1 state=11 value=0
texture stage=2 ptr=02111b50 type=3 identity=7
texture_desc stage=2 w=2 h=2 format=21
sampler stage=2 state=6 value=1
sampler stage=2 state=5 value=1
sampler stage=2 state=7 value=0
sampler stage=2 state=10 value=1
sampler stage=2 state=11 value=0
texture stage=3 ptr=02111b80 type=5 identity=8
sampler stage=3 state=6 value=1
sampler stage=3 state=5 value=1
sampler stage=3 state=7 value=0
sampler stage=3 state=10 value=1
sampler stage=3 state=11 value=0
sampler stage=4 state=6 value=1
sampler stage=4 state=5 value=1
sampler stage=4 state=7 value=0
sampler stage=4 state=10 value=1
sampler stage=4 state=11 value=0
sampler stage=5 state=6 value=1
sampler stage=5 state=5 value=1
sampler stage=5 state=7 value=0
sampler stage=5 state=10 value=1
sampler stage=5 state=11 value=0
sampler stage=6 state=6 value=1
sampler stage=6 state=5 value=1
sampler stage=6 state=7 value=0
sampler stage=6 state=10 value=1
sampler stage=6 state=11 value=0
sampler stage=7 state=6 value=1
sampler stage=7 state=5 value=1
sampler stage=7 state=7 value=0
sampler stage=7 state=10 value=1
sampler stage=7 state=11 value=0
sampler stage=8 state=6 value=1
sampler stage=8 state=5 value=1
sampler stage=8 state=7 value=0
sampler stage=8 state=10 value=1
sampler stage=8 state=11 value=0
sampler stage=9 state=6 value=1
sampler stage=9 state=5 value=1
sampler stage=9 state=7 value=0
sampler stage=9 state=10 value=1
sampler stage=9 state=11 value=0
sampler stage=10 state=6 value=1
sampler stage=10 state=5 value=1
sampler stage=10 state=7 value=0
sampler stage=10 state=10 value=1
sampler stage=10 state=11 value=0
sampler stage=11 state=6 value=1
sampler stage=11 state=5 value=1
sampler stage=11 state=7 value=0
sampler stage=11 state=10 value=1
sampler stage=11 state=11 value=0
sampler stage=12 state=6 value=1
sampler stage=12 state=5 value=1
sampler stage=12 state=7 value=0
sampler stage=12 state=10 value=1
sampler stage=12 state=11 value=0
sampler stage=13 state=6 value=1
sampler stage=13 state=5 value=1
sampler stage=13 state=7 value=0
sampler stage=13 state=10 value=1
sampler stage=13 state=11 value=0
sampler stage=14 state=6 value=1
sampler stage=14 state=5 value=1
sampler stage=14 state=7 value=0
sampler stage=14 state=10 value=1
sampler stage=14 state=11 value=0
sampler stage=15 state=6 value=1
sampler stage=15 state=5 value=1
sampler stage=15 state=7 value=0
sampler stage=15 state=10 value=1
sampler stage=15 state=11 value=0
vertex_element stream=0 offset=0 type=16 method=0 usage=0 index=0
vertex_element stream=0 offset=8 type=16 method=0 usage=5 index=0
vertex_element stream=0 offset=16 type=16 method=0 usage=3 index=0
vertex_element stream=255 offset=0 type=17 method=0 usage=0 index=0
transform state=256 row=0 values=1,0,0,0
transform state=256 row=1 values=0,1,0,0
transform state=256 row=2 values=0,0,1,0
transform state=256 row=3 values=0,0,0,1
transform state=2 row=0 values=1,0,0,0
transform state=2 row=1 values=0,1,0,0
transform state=2 row=2 values=0,0,1,0
transform state=2 row=3 values=0,0,0,1
transform state=3 row=0 values=1,0,0,0
transform state=3 row=1 values=0,1,0,0
transform state=3 row=2 values=0,0,1,0
transform state=3 row=3 values=0,0,0,1
constants kind=vs type=f count=256 result=00000000 encoding=sparse_zero
constant kind=vs type=f reg=0 bits=bf800000,3f800000,40400000,00000000
constant kind=vs type=f reg=1 bits=3d23d70a,3ccccccd,3c75c28f,00000000
constant kind=vs type=f reg=2 bits=3f800000,3d4ccccd,00000000,00000000
constant kind=vs type=f reg=3 bits=00000000,3f800000,40400000,00000000
constant kind=vs type=f reg=4 bits=3d23d70a,3ccccccd,3c75c28f,00000000
constant kind=vs type=f reg=5 bits=3f800000,3d4ccccd,00000000,00000000
constant kind=vs type=f reg=6 bits=3f800000,3f800000,40400000,00000000
constant kind=vs type=f reg=7 bits=3d23d70a,3ccccccd,3c75c28f,00000000
constant kind=vs type=f reg=8 bits=3f800000,3d4ccccd,00000000,00000000
constant kind=vs type=f reg=9 bits=bf800000,3f800000,40400000,00000000
constant kind=vs type=f reg=10 bits=3d23d70a,3ccccccd,3c75c28f,00000000
constant kind=vs type=f reg=11 bits=3f800000,3d4ccccd,00000000,00000000
constant kind=vs type=f reg=12 bits=00000000,3f800000,40400000,00000000
constant kind=vs type=f reg=13 bits=3d23d70a,3ccccccd,3c75c28f,00000000
constant kind=vs type=f reg=14 bits=3f800000,3d4ccccd,00000000,00000000
constant kind=vs type=f reg=15 bits=3f800000,3f800000,40400000,00000000
constant kind=vs type=f reg=16 bits=3d23d70a,3ccccccd,3c75c28f,00000000
constant kind=vs type=f reg=17 bits=3f800000,3d4ccccd,00000000,00000000
constant kind=vs type=f reg=18 bits=bf800000,3f800000,40400000,00000000
constant kind=vs type=f reg=19 bits=3d23d70a,3ccccccd,3c75c28f,00000000
constant kind=vs type=f reg=20 bits=3f800000,3d4ccccd,00000000,00000000
constant kind=vs type=f reg=21 bits=00000000,3f800000,40400000,00000000
constant kind=vs type=f reg=22 bits=3d23d70a,3ccccccd,3c75c28f,00000000
constant kind=vs type=f reg=23 bits=3f800000,3d4ccccd,00000000,00000000
constant kind=vs type=f reg=24 bits=3f800000,00000000,00000000,00000000
constant kind=vs type=f reg=25 bits=00000000,3f800000,00000000,00000000
constant kind=vs type=f reg=26 bits=00000000,00000000,3f800000,00000000
constant kind=vs type=f reg=27 bits=00000000,00000000,00000000,3f800000
constant kind=vs type=f reg=28 bits=3f800000,00000000,00000000,00000000
constant kind=vs type=f reg=29 bits=00000000,3f800000,00000000,00000000
constant kind=vs type=f reg=30 bits=00000000,00000000,3f800000,00000000
constant kind=vs type=f reg=31 bits=3f800000,00000000,00000000,00000000
constant kind=vs type=f reg=32 bits=00000000,3f800000,00000000,00000000
constant kind=vs type=f reg=33 bits=00000000,00000000,3f800000,00000000
constant kind=vs type=f reg=34 bits=3f800000,00000000,00000000,00000000
constant kind=vs type=f reg=35 bits=00000000,3f800000,00000000,00000000
constant kind=vs type=f reg=36 bits=00000000,00000000,3f800000,40800000
constant kind=vs type=f reg=37 bits=3f800000,00000000,00000000,00000000
constant kind=vs type=f reg=38 bits=00000000,3f800000,00000000,00000000
constant kind=vs type=f reg=39 bits=3f200000,00000000,00000000,00000000
constant kind=vs type=f reg=40 bits=3e4ccccd,3dcccccd,3d4ccccd,00000000
constant kind=vs type=f reg=41 bits=3f800000,00000000,00000000,00000000
constant kind=vs type=f reg=252 bits=42c80000,42ca0000,42cc0000,42ce0000
constant kind=vs type=f reg=253 bits=42d00000,42d20000,42d40000,42d60000
constant kind=vs type=f reg=254 bits=42d80000,42da0000,42dc0000,42de0000
constant kind=vs type=f reg=255 bits=42e00000,42e20000,42e40000,42e60000
constants kind=vs type=i count=16 result=00000000 encoding=full
constant kind=vs type=i reg=0 values=1,0,1,0
constant kind=vs type=i reg=1 values=0,0,0,0
constant kind=vs type=i reg=2 values=0,0,0,0
constant kind=vs type=i reg=3 values=0,0,0,0
constant kind=vs type=i reg=4 values=0,0,0,0
constant kind=vs type=i reg=5 values=0,0,0,0
constant kind=vs type=i reg=6 values=0,0,0,0
constant kind=vs type=i reg=7 values=0,0,0,0
constant kind=vs type=i reg=8 values=0,0,0,0
constant kind=vs type=i reg=9 values=0,0,0,0
constant kind=vs type=i reg=10 values=0,0,0,0
constant kind=vs type=i reg=11 values=0,0,0,0
constant kind=vs type=i reg=12 values=0,0,0,0
constant kind=vs type=i reg=13 values=0,0,0,0
constant kind=vs type=i reg=14 values=0,0,0,0
constant kind=vs type=i reg=15 values=0,0,0,0
constants kind=vs type=b count=16 result=00000000 encoding=full
constant kind=vs type=b reg=0 values=0
constant kind=vs type=b reg=1 values=0
constant kind=vs type=b reg=2 values=0
constant kind=vs type=b reg=3 values=0
constant kind=vs type=b reg=4 values=0
constant kind=vs type=b reg=5 values=0
constant kind=vs type=b reg=6 values=0
constant kind=vs type=b reg=7 values=0
constant kind=vs type=b reg=8 values=0
constant kind=vs type=b reg=9 values=0
constant kind=vs type=b reg=10 values=0
constant kind=vs type=b reg=11 values=0
constant kind=vs type=b reg=12 values=0
constant kind=vs type=b reg=13 values=0
constant kind=vs type=b reg=14 values=0
constant kind=vs type=b reg=15 values=0
constants kind=ps type=f count=224 result=00000000 encoding=sparse_zero
constant kind=ps type=f reg=0 bits=3f800000,00000000,00000000,00000000
constant kind=ps type=f reg=1 bits=00000000,3f800000,00000000,00000000
constant kind=ps type=f reg=2 bits=00000000,00000000,3f800000,00000000
constant kind=ps type=f reg=3 bits=3e800000,00000000,00000000,00000000
constant kind=ps type=f reg=4 bits=00000000,00000000,3f800000,00000000
constant kind=ps type=f reg=5 bits=3e99999a,3e4ccccd,3dcccccd,00000000
constant kind=ps type=f reg=6 bits=3f000000,00000000,3f000000,00000000
constant kind=ps type=f reg=7 bits=3dcccccd,3e19999a,3e4ccccd,00000000
constant kind=ps type=f reg=216 bits=43480000,43490000,434a0000,434b0000
constant kind=ps type=f reg=217 bits=434c0000,434d0000,434e0000,434f0000
constants kind=ps type=i count=16 result=00000000 encoding=full
constant kind=ps type=i reg=0 values=0,0,0,0
constant kind=ps type=i reg=1 values=0,0,0,0
constant kind=ps type=i reg=2 values=0,0,0,0
constant kind=ps type=i reg=3 values=0,0,0,0
constant kind=ps type=i reg=4 values=0,0,0,0
constant kind=ps type=i reg=5 values=0,0,0,0
constant kind=ps type=i reg=6 values=0,0,0,0
constant kind=ps type=i reg=7 values=0,0,0,0
constant kind=ps type=i reg=8 values=0,0,0,0
constant kind=ps type=i reg=9 values=0,0,0,0
constant kind=ps type=i reg=10 values=0,0,0,0
constant kind=ps type=i reg=11 values=0,0,0,0
constant kind=ps type=i reg=12 values=0,0,0,0
constant kind=ps type=i reg=13 values=0,0,0,0
constant kind=ps type=i reg=14 values=0,0,0,0
constant kind=ps type=i reg=15 values=0,0,0,0
constants kind=ps type=b count=16 result=00000000 encoding=full
constant kind=ps type=b reg=0 values=0
constant kind=ps type=b reg=1 values=0
constant kind=ps type=b reg=2 values=0
constant kind=ps type=b reg=3 values=0
constant kind=ps type=b reg=4 values=0
constant kind=ps type=b reg=5 values=0
constant kind=ps type=b reg=6 values=0
constant kind=ps type=b reg=7 values=0
constant kind=ps type=b reg=8 values=0
constant kind=ps type=b reg=9 values=0
constant kind=ps type=b reg=10 values=0
constant kind=ps type=b reg=11 values=0
constant kind=ps type=b reg=12 values=0
constant kind=ps type=b reg=13 values=0
constant kind=ps type=b reg=14 values=0
constant kind=ps type=b reg=15 values=0
draw_args start_vertex=0
motion_route device=1 frame=7 index=3 gate=5 routed=1 matched=0 depth=1 jittered=0 vs=53a0a641107ed76c ps=8759c7838bbc86c2 node=00000000 camera=00000000 node_handle=0 camera_handle=0 node_serial=0 camera_serial=0 load_epoch=0 registry_epoch=0 model=00000000 lod=00000000 vb=4 ib=0 declaration=0cdf6a8c884ad955 offset=0 stride=24 position_offset=0 position_type=16 topology=4 first=0 primitives=1 base_vertex=0 min_vertex=0 vertex_count=0 indexed=0 rows_hash=1b0c97ae01a7ec05 result=00000000
motion_input device=1 frame=7 index=3 blockers=00000210 proofs=28 position_path=1 vs=53a0a641107ed76c ps=8759c7838bbc86c2 declaration=0cdf6a8c884ad955 rows_hash=1b0c97ae01a7ec05 color=1 depth=2 width=64 height=64 cull=1 vb=4 vb_revision=0 ib=0 ib_revision=0 position_offset=0 position_type=16 lifetime_verified=0 vertex_finite_verified=0
motion_geometry device=1 frame=7 index=3 source_qualified=1 source_hash=53a0a641107ed76c source_words=526 finite_requested=0 finite_state=0 finite_reason=4 finite_status=00000001 finite_generation=0 finite_revision=0 index_required=0 index_requested=0 index_known=0 index_range_verified=0 index_exact=0 index_min=0 index_max=0 index_reason=1 index_status=00000001 index_generation=0 index_revision=0
draw_result device=1 frame=7 index=3 result=00000000
motion_output_cut device=1 frame=7 samples=0 median_px=0.0000 keyed=0 missing=0 missing_fraction=0.0000 bound_px=2.400 bound_missing=0.250 cut=0
motion_output_readback device=1 frame=7 file=motion_1_7.rgba32f width=64 height=64 format=rgba32f_row_major result=00000000 bytes=65536
motion_output_depth_readback device=1 frame=7 file=depth_1_7.r32f width=64 height=64 format=r32f_row_major result=00000000 bytes=16384
motion_output_frame device=1 frame=7 latched=1 filled=1 fill_result=00000000 fill_restore=00000000 draws=3 routed=1 matched=0 gate1=0 gate2=1 gate3=1 gate4=0 gate5=1 gate6=0 apply_failures=0 restore_failures=0 history_previous=0 history_current=0 committed=1 selector_state=2 present=00000000 depth=1 depth_routed=1 jitter=0 jitter_index=7 jitter_x=0.000000 jitter_y=0.000000 jitter_previous_x=0.000000 jitter_previous_y=0.000000 jittered=0 cut=0 cut_median_px=0.0000 cut_missing=0.0000 cut_samples=0
frame_end device=1 frame=7 draws=3 capture=1 present=00000000
ownership_copy_depth phase=present device=1 frame=7 result=00000000 status=00000001 requested=0 available=0 source_bound=0 copy_valid=0 generation=0 source_epoch=0 copy_epoch=0 source_width=0 source_height=0 source_format=0 source_type=0 source_usage=0 source_pool=0 source_msaa=0 source_quality=0
admission_metric device=1 frame=7 phase=present active_roots=1 waiting_roots=0 admitted_roots=2818 promotions=0 veto_bits=0 first_reason=0 replay_active=0 live_replay_enabled=0 coverage_complete=0
frame_begin device=1 frame=8
capture_event device=1 frame=8 seq=1 after_draw=0 op=clear result=00000000 qpc=9073124421867
clear flags=3 color=ff203040 z=1 stencil=0 rect_count=0 rect_ptr=00000000
surface role=clear_rt0 ptr=02111bb0 identity=1 width=64 height=64 format=21 usage=1 msaa=0 container=0 container_type=0 container_result=80004002
surface role=clear_depth ptr=02111be0 identity=2 width=64 height=64 format=77 usage=2 msaa=0 container=0 container_type=0 container_result=80004002
clear_viewport result=00000000 x=0 y=0 w=64 h=64 minz=0 maxz=1
capture_event device=1 frame=8 seq=2 after_draw=0 op=draw_begin result=00000000 qpc=9073124422633
draw device=1 frame=8 index=1 kind=primitive topology=4 primitives=1 vs=53a0a641107ed76c ps=98731d5594e36226
geometry source=buffers
stream slot=0 result=00000000 identity=3 offset=0 stride=24 frequency=1 frequency_result=00000000
vertex_buffer identity=3 bytes=72 usage=0 pool=1 fvf=0
buffer_content kind=vertex identity=3 result=00000000 status=00000001 requested=0 known=0 ambiguous=0 revision=0 pending=0 flags=00000000
stream slot=1 result=00000000 identity=0
stream slot=2 result=00000000 identity=0
stream slot=3 result=00000000 identity=0
stream slot=4 result=00000000 identity=0
stream slot=5 result=00000000 identity=0
stream slot=6 result=00000000 identity=0
stream slot=7 result=00000000 identity=0
stream slot=8 result=00000000 identity=0
stream slot=9 result=00000000 identity=0
stream slot=10 result=00000000 identity=0
stream slot=11 result=00000000 identity=0
stream slot=12 result=00000000 identity=0
stream slot=13 result=00000000 identity=0
stream slot=14 result=00000000 identity=0
stream slot=15 result=00000000 identity=0
indices result=00000000 identity=0
surface role=rt0 ptr=02111bb0 identity=1 width=64 height=64 format=21 usage=1 msaa=0 container=0 container_type=0 container_result=80004002
surface role=depth ptr=02111be0 identity=2 width=64 height=64 format=77 usage=2 msaa=0 container=0 container_type=0 container_result=80004002
state id=7 value=0
state id=14 value=0
state id=23 value=4
state id=15 value=1
state id=24 value=0
state id=25 value=8
state id=27 value=1
state id=19 value=2
state id=20 value=1
state id=171 value=1
state id=22 value=2
state id=168 value=7
state id=194 value=0
state id=206 value=0
state id=52 value=1
state id=56 value=8
state id=57 value=0
state id=58 value=4294967295
state id=59 value=4294967295
state id=53 value=1
state id=54 value=1
state id=55 value=1
state id=185 value=0
state id=189 value=8
state id=186 value=1
state id=187 value=1
state id=188 value=1
viewport x=0 y=0 w=64 h=64 minz=0 maxz=1
texture stage=0 ptr=02111a90 type=3 identity=5
texture_desc stage=0 w=2 h=2 format=21
sampler stage=0 state=6 value=1
sampler stage=0 state=5 value=1
sampler stage=0 state=7 value=0
sampler stage=0 state=10 value=1
sampler stage=0 state=11 value=0
texture stage=1 ptr=02111af0 type=3 identity=6
texture_desc stage=1 w=2 h=2 format=21
sampler stage=1 state=6 value=1
sampler stage=1 state=5 value=1
sampler stage=1 state=7 value=0
sampler stage=1 state=10 value=1
sampler stage=1 state=11 value=0
texture stage=2 ptr=02111b50 type=3 identity=7
texture_desc stage=2 w=2 h=2 format=21
sampler stage=2 state=6 value=1
sampler stage=2 state=5 value=1
sampler stage=2 state=7 value=0
sampler stage=2 state=10 value=1
sampler stage=2 state=11 value=0
texture stage=3 ptr=02111b80 type=5 identity=8
sampler stage=3 state=6 value=1
sampler stage=3 state=5 value=1
sampler stage=3 state=7 value=0
sampler stage=3 state=10 value=1
sampler stage=3 state=11 value=0
sampler stage=4 state=6 value=1
sampler stage=4 state=5 value=1
sampler stage=4 state=7 value=0
sampler stage=4 state=10 value=1
sampler stage=4 state=11 value=0
sampler stage=5 state=6 value=1
sampler stage=5 state=5 value=1
sampler stage=5 state=7 value=0
sampler stage=5 state=10 value=1
sampler stage=5 state=11 value=0
sampler stage=6 state=6 value=1
sampler stage=6 state=5 value=1
sampler stage=6 state=7 value=0
sampler stage=6 state=10 value=1
sampler stage=6 state=11 value=0
sampler stage=7 state=6 value=1
sampler stage=7 state=5 value=1
sampler stage=7 state=7 value=0
sampler stage=7 state=10 value=1
sampler stage=7 state=11 value=0
sampler stage=8 state=6 value=1
sampler stage=8 state=5 value=1
sampler stage=8 state=7 value=0
sampler stage=8 state=10 value=1
sampler stage=8 state=11 value=0
sampler stage=9 state=6 value=1
sampler stage=9 state=5 value=1
sampler stage=9 state=7 value=0
sampler stage=9 state=10 value=1
sampler stage=9 state=11 value=0
sampler stage=10 state=6 value=1
sampler stage=10 state=5 value=1
sampler stage=10 state=7 value=0
sampler stage=10 state=10 value=1
sampler stage=10 state=11 value=0
sampler stage=11 state=6 value=1
sampler stage=11 state=5 value=1
sampler stage=11 state=7 value=0
sampler stage=11 state=10 value=1
sampler stage=11 state=11 value=0
sampler stage=12 state=6 value=1
sampler stage=12 state=5 value=1
sampler stage=12 state=7 value=0
sampler stage=12 state=10 value=1
sampler stage=12 state=11 value=0
sampler stage=13 state=6 value=1
sampler stage=13 state=5 value=1
sampler stage=13 state=7 value=0
sampler stage=13 state=10 value=1
sampler stage=13 state=11 value=0
sampler stage=14 state=6 value=1
sampler stage=14 state=5 value=1
sampler stage=14 state=7 value=0
sampler stage=14 state=10 value=1
sampler stage=14 state=11 value=0
sampler stage=15 state=6 value=1
sampler stage=15 state=5 value=1
sampler stage=15 state=7 value=0
sampler stage=15 state=10 value=1
sampler stage=15 state=11 value=0
vertex_element stream=0 offset=0 type=16 method=0 usage=0 index=0
vertex_element stream=0 offset=8 type=16 method=0 usage=5 index=0
vertex_element stream=0 offset=16 type=16 method=0 usage=3 index=0
vertex_element stream=255 offset=0 type=17 method=0 usage=0 index=0
transform state=256 row=0 values=1,0,0,0
transform state=256 row=1 values=0,1,0,0
transform state=256 row=2 values=0,0,1,0
transform state=256 row=3 values=0,0,0,1
transform state=2 row=0 values=1,0,0,0
transform state=2 row=1 values=0,1,0,0
transform state=2 row=2 values=0,0,1,0
transform state=2 row=3 values=0,0,0,1
transform state=3 row=0 values=1,0,0,0
transform state=3 row=1 values=0,1,0,0
transform state=3 row=2 values=0,0,1,0
transform state=3 row=3 values=0,0,0,1
constants kind=vs type=f count=256 result=00000000 encoding=sparse_zero
constant kind=vs type=f reg=0 bits=bf800000,3f800000,40400000,00000000
constant kind=vs type=f reg=1 bits=3d23d70a,3ccccccd,3c75c28f,00000000
constant kind=vs type=f reg=2 bits=3f800000,3d4ccccd,00000000,00000000
constant kind=vs type=f reg=3 bits=00000000,3f800000,40400000,00000000
constant kind=vs type=f reg=4 bits=3d23d70a,3ccccccd,3c75c28f,00000000
constant kind=vs type=f reg=5 bits=3f800000,3d4ccccd,00000000,00000000
constant kind=vs type=f reg=6 bits=3f800000,3f800000,40400000,00000000
constant kind=vs type=f reg=7 bits=3d23d70a,3ccccccd,3c75c28f,00000000
constant kind=vs type=f reg=8 bits=3f800000,3d4ccccd,00000000,00000000
constant kind=vs type=f reg=9 bits=bf800000,3f800000,40400000,00000000
constant kind=vs type=f reg=10 bits=3d23d70a,3ccccccd,3c75c28f,00000000
constant kind=vs type=f reg=11 bits=3f800000,3d4ccccd,00000000,00000000
constant kind=vs type=f reg=12 bits=00000000,3f800000,40400000,00000000
constant kind=vs type=f reg=13 bits=3d23d70a,3ccccccd,3c75c28f,00000000
constant kind=vs type=f reg=14 bits=3f800000,3d4ccccd,00000000,00000000
constant kind=vs type=f reg=15 bits=3f800000,3f800000,40400000,00000000
constant kind=vs type=f reg=16 bits=3d23d70a,3ccccccd,3c75c28f,00000000
constant kind=vs type=f reg=17 bits=3f800000,3d4ccccd,00000000,00000000
constant kind=vs type=f reg=18 bits=bf800000,3f800000,40400000,00000000
constant kind=vs type=f reg=19 bits=3d23d70a,3ccccccd,3c75c28f,00000000
constant kind=vs type=f reg=20 bits=3f800000,3d4ccccd,00000000,00000000
constant kind=vs type=f reg=21 bits=00000000,3f800000,40400000,00000000
constant kind=vs type=f reg=22 bits=3d23d70a,3ccccccd,3c75c28f,00000000
constant kind=vs type=f reg=23 bits=3f800000,3d4ccccd,00000000,00000000
constant kind=vs type=f reg=24 bits=3f800000,00000000,00000000,00000000
constant kind=vs type=f reg=25 bits=00000000,3f800000,00000000,00000000
constant kind=vs type=f reg=26 bits=00000000,00000000,3f800000,00000000
constant kind=vs type=f reg=27 bits=00000000,00000000,00000000,3f800000
constant kind=vs type=f reg=28 bits=3f800000,00000000,00000000,00000000
constant kind=vs type=f reg=29 bits=00000000,3f800000,00000000,00000000
constant kind=vs type=f reg=30 bits=00000000,00000000,3f800000,00000000
constant kind=vs type=f reg=31 bits=3f800000,00000000,00000000,00000000
constant kind=vs type=f reg=32 bits=00000000,3f800000,00000000,00000000
constant kind=vs type=f reg=33 bits=00000000,00000000,3f800000,00000000
constant kind=vs type=f reg=34 bits=3f800000,00000000,00000000,00000000
constant kind=vs type=f reg=35 bits=00000000,3f800000,00000000,00000000
constant kind=vs type=f reg=36 bits=00000000,00000000,3f800000,40800000
constant kind=vs type=f reg=37 bits=3f800000,00000000,00000000,00000000
constant kind=vs type=f reg=38 bits=00000000,3f800000,00000000,00000000
constant kind=vs type=f reg=39 bits=3f200000,00000000,00000000,00000000
constant kind=vs type=f reg=40 bits=3e4ccccd,3dcccccd,3d4ccccd,00000000
constant kind=vs type=f reg=41 bits=3f800000,00000000,00000000,00000000
constant kind=vs type=f reg=252 bits=42c80000,42ca0000,42cc0000,42ce0000
constant kind=vs type=f reg=253 bits=42d00000,42d20000,42d40000,42d60000
constant kind=vs type=f reg=254 bits=42d80000,42da0000,42dc0000,42de0000
constant kind=vs type=f reg=255 bits=42e00000,42e20000,42e40000,42e60000
constants kind=vs type=i count=16 result=00000000 encoding=full
constant kind=vs type=i reg=0 values=1,0,1,0
constant kind=vs type=i reg=1 values=0,0,0,0
constant kind=vs type=i reg=2 values=0,0,0,0
constant kind=vs type=i reg=3 values=0,0,0,0
constant kind=vs type=i reg=4 values=0,0,0,0
constant kind=vs type=i reg=5 values=0,0,0,0
constant kind=vs type=i reg=6 values=0,0,0,0
constant kind=vs type=i reg=7 values=0,0,0,0
constant kind=vs type=i reg=8 values=0,0,0,0
constant kind=vs type=i reg=9 values=0,0,0,0
constant kind=vs type=i reg=10 values=0,0,0,0
constant kind=vs type=i reg=11 values=0,0,0,0
constant kind=vs type=i reg=12 values=0,0,0,0
constant kind=vs type=i reg=13 values=0,0,0,0
constant kind=vs type=i reg=14 values=0,0,0,0
constant kind=vs type=i reg=15 values=0,0,0,0
constants kind=vs type=b count=16 result=00000000 encoding=full
constant kind=vs type=b reg=0 values=0
constant kind=vs type=b reg=1 values=0
constant kind=vs type=b reg=2 values=0
constant kind=vs type=b reg=3 values=0
constant kind=vs type=b reg=4 values=0
constant kind=vs type=b reg=5 values=0
constant kind=vs type=b reg=6 values=0
constant kind=vs type=b reg=7 values=0
constant kind=vs type=b reg=8 values=0
constant kind=vs type=b reg=9 values=0
constant kind=vs type=b reg=10 values=0
constant kind=vs type=b reg=11 values=0
constant kind=vs type=b reg=12 values=0
constant kind=vs type=b reg=13 values=0
constant kind=vs type=b reg=14 values=0
constant kind=vs type=b reg=15 values=0
constants kind=ps type=f count=224 result=00000000 encoding=sparse_zero
constant kind=ps type=f reg=0 bits=3f800000,00000000,00000000,00000000
constant kind=ps type=f reg=1 bits=00000000,3f800000,00000000,00000000
constant kind=ps type=f reg=2 bits=00000000,00000000,3f800000,00000000
constant kind=ps type=f reg=3 bits=3e800000,00000000,00000000,00000000
constant kind=ps type=f reg=4 bits=00000000,00000000,3f800000,00000000
constant kind=ps type=f reg=5 bits=3e99999a,3e4ccccd,3dcccccd,00000000
constant kind=ps type=f reg=6 bits=3f000000,00000000,3f000000,00000000
constant kind=ps type=f reg=7 bits=3dcccccd,3e19999a,3e4ccccd,00000000
constant kind=ps type=f reg=216 bits=43480000,43490000,434a0000,434b0000
constant kind=ps type=f reg=217 bits=434c0000,434d0000,434e0000,434f0000
constants kind=ps type=i count=16 result=00000000 encoding=full
constant kind=ps type=i reg=0 values=0,0,0,0
constant kind=ps type=i reg=1 values=0,0,0,0
constant kind=ps type=i reg=2 values=0,0,0,0
constant kind=ps type=i reg=3 values=0,0,0,0
constant kind=ps type=i reg=4 values=0,0,0,0
constant kind=ps type=i reg=5 values=0,0,0,0
constant kind=ps type=i reg=6 values=0,0,0,0
constant kind=ps type=i reg=7 values=0,0,0,0
constant kind=ps type=i reg=8 values=0,0,0,0
constant kind=ps type=i reg=9 values=0,0,0,0
constant kind=ps type=i reg=10 values=0,0,0,0
constant kind=ps type=i reg=11 values=0,0,0,0
constant kind=ps type=i reg=12 values=0,0,0,0
constant kind=ps type=i reg=13 values=0,0,0,0
constant kind=ps type=i reg=14 values=0,0,0,0
constant kind=ps type=i reg=15 values=0,0,0,0
constants kind=ps type=b count=16 result=00000000 encoding=full
constant kind=ps type=b reg=0 values=0
constant kind=ps type=b reg=1 values=0
constant kind=ps type=b reg=2 values=0
constant kind=ps type=b reg=3 values=0
constant kind=ps type=b reg=4 values=0
constant kind=ps type=b reg=5 values=0
constant kind=ps type=b reg=6 values=0
constant kind=ps type=b reg=7 values=0
constant kind=ps type=b reg=8 values=0
constant kind=ps type=b reg=9 values=0
constant kind=ps type=b reg=10 values=0
constant kind=ps type=b reg=11 values=0
constant kind=ps type=b reg=12 values=0
constant kind=ps type=b reg=13 values=0
constant kind=ps type=b reg=14 values=0
constant kind=ps type=b reg=15 values=0
draw_args start_vertex=0
motion_input device=1 frame=8 index=1 blockers=00000252 proofs=20 position_path=1 vs=53a0a641107ed76c ps=98731d5594e36226 declaration=0cdf6a8c884ad955 rows_hash=1b0c97ae01a7ec05 color=1 depth=2 width=64 height=64 cull=2 vb=3 vb_revision=0 ib=0 ib_revision=0 position_offset=0 position_type=16 lifetime_verified=0 vertex_finite_verified=0
motion_geometry device=1 frame=8 index=1 source_qualified=1 source_hash=53a0a641107ed76c source_words=526 finite_requested=0 finite_state=0 finite_reason=4 finite_status=00000001 finite_generation=0 finite_revision=0 index_required=0 index_requested=0 index_known=0 index_range_verified=0 index_exact=0 index_min=0 index_max=0 index_reason=1 index_status=00000001 index_generation=0 index_revision=0
draw_result device=1 frame=8 index=1 result=00000000
capture_event device=1 frame=8 seq=3 after_draw=1 op=clear result=00000000 qpc=9073124432170
clear flags=2 color=00000000 z=1 stencil=0 rect_count=0 rect_ptr=00000000
surface role=clear_rt0 ptr=02111bb0 identity=1 width=64 height=64 format=21 usage=1 msaa=0 container=0 container_type=0 container_result=80004002
surface role=clear_depth ptr=02111be0 identity=2 width=64 height=64 format=77 usage=2 msaa=0 container=0 container_type=0 container_result=80004002
clear_viewport result=00000000 x=0 y=0 w=64 h=64 minz=0 maxz=1
capture_event device=1 frame=8 seq=4 after_draw=1 op=draw_begin result=00000000 qpc=9073124433077
draw device=1 frame=8 index=2 kind=primitive topology=4 primitives=1 vs=53a0a641107ed76c ps=8759c7838bbc86c2
geometry source=buffers
stream slot=0 result=00000000 identity=3 offset=0 stride=24 frequency=1 frequency_result=00000000
vertex_buffer identity=3 bytes=72 usage=0 pool=1 fvf=0
buffer_content kind=vertex identity=3 result=00000000 status=00000001 requested=0 known=0 ambiguous=0 revision=0 pending=0 flags=00000000
stream slot=1 result=00000000 identity=0
stream slot=2 result=00000000 identity=0
stream slot=3 result=00000000 identity=0
stream slot=4 result=00000000 identity=0
stream slot=5 result=00000000 identity=0
stream slot=6 result=00000000 identity=0
stream slot=7 result=00000000 identity=0
stream slot=8 result=00000000 identity=0
stream slot=9 result=00000000 identity=0
stream slot=10 result=00000000 identity=0
stream slot=11 result=00000000 identity=0
stream slot=12 result=00000000 identity=0
stream slot=13 result=00000000 identity=0
stream slot=14 result=00000000 identity=0
stream slot=15 result=00000000 identity=0
indices result=00000000 identity=0
surface role=rt0 ptr=02111bb0 identity=1 width=64 height=64 format=21 usage=1 msaa=0 container=0 container_type=0 container_result=80004002
surface role=depth ptr=02111be0 identity=2 width=64 height=64 format=77 usage=2 msaa=0 container=0 container_type=0 container_result=80004002
state id=7 value=1
state id=14 value=1
state id=23 value=4
state id=15 value=0
state id=24 value=0
state id=25 value=8
state id=27 value=0
state id=19 value=2
state id=20 value=1
state id=171 value=1
state id=22 value=1
state id=168 value=15
state id=194 value=0
state id=206 value=0
state id=52 value=0
state id=56 value=8
state id=57 value=0
state id=58 value=4294967295
state id=59 value=4294967295
state id=53 value=1
state id=54 value=1
state id=55 value=1
state id=185 value=0
state id=189 value=8
state id=186 value=1
state id=187 value=1
state id=188 value=1
viewport x=0 y=0 w=64 h=64 minz=0 maxz=1
texture stage=0 ptr=02111a90 type=3 identity=5
texture_desc stage=0 w=2 h=2 format=21
sampler stage=0 state=6 value=1
sampler stage=0 state=5 value=1
sampler stage=0 state=7 value=0
sampler stage=0 state=10 value=1
sampler stage=0 state=11 value=0
texture stage=1 ptr=02111af0 type=3 identity=6
texture_desc stage=1 w=2 h=2 format=21
sampler stage=1 state=6 value=1
sampler stage=1 state=5 value=1
sampler stage=1 state=7 value=0
sampler stage=1 state=10 value=1
sampler stage=1 state=11 value=0
texture stage=2 ptr=02111b50 type=3 identity=7
texture_desc stage=2 w=2 h=2 format=21
sampler stage=2 state=6 value=1
sampler stage=2 state=5 value=1
sampler stage=2 state=7 value=0
sampler stage=2 state=10 value=1
sampler stage=2 state=11 value=0
texture stage=3 ptr=02111b80 type=5 identity=8
sampler stage=3 state=6 value=1
sampler stage=3 state=5 value=1
sampler stage=3 state=7 value=0
sampler stage=3 state=10 value=1
sampler stage=3 state=11 value=0
sampler stage=4 state=6 value=1
sampler stage=4 state=5 value=1
sampler stage=4 state=7 value=0
sampler stage=4 state=10 value=1
sampler stage=4 state=11 value=0
sampler stage=5 state=6 value=1
sampler stage=5 state=5 value=1
sampler stage=5 state=7 value=0
sampler stage=5 state=10 value=1
sampler stage=5 state=11 value=0
sampler stage=6 state=6 value=1
sampler stage=6 state=5 value=1
sampler stage=6 state=7 value=0
sampler stage=6 state=10 value=1
sampler stage=6 state=11 value=0
sampler stage=7 state=6 value=1
sampler stage=7 state=5 value=1
sampler stage=7 state=7 value=0
sampler stage=7 state=10 value=1
sampler stage=7 state=11 value=0
sampler stage=8 state=6 value=1
sampler stage=8 state=5 value=1
sampler stage=8 state=7 value=0
sampler stage=8 state=10 value=1
sampler stage=8 state=11 value=0
sampler stage=9 state=6 value=1
sampler stage=9 state=5 value=1
sampler stage=9 state=7 value=0
sampler stage=9 state=10 value=1
sampler stage=9 state=11 value=0
sampler stage=10 state=6 value=1
sampler stage=10 state=5 value=1
sampler stage=10 state=7 value=0
sampler stage=10 state=10 value=1
sampler stage=10 state=11 value=0
sampler stage=11 state=6 value=1
sampler stage=11 state=5 value=1
sampler stage=11 state=7 value=0
sampler stage=11 state=10 value=1
sampler stage=11 state=11 value=0
sampler stage=12 state=6 value=1
sampler stage=12 state=5 value=1
sampler stage=12 state=7 value=0
sampler stage=12 state=10 value=1
sampler stage=12 state=11 value=0
sampler stage=13 state=6 value=1
sampler stage=13 state=5 value=1
sampler stage=13 state=7 value=0
sampler stage=13 state=10 value=1
sampler stage=13 state=11 value=0
sampler stage=14 state=6 value=1
sampler stage=14 state=5 value=1
sampler stage=14 state=7 value=0
sampler stage=14 state=10 value=1
sampler stage=14 state=11 value=0
sampler stage=15 state=6 value=1
sampler stage=15 state=5 value=1
sampler stage=15 state=7 value=0
sampler stage=15 state=10 value=1
sampler stage=15 state=11 value=0
vertex_element stream=0 offset=0 type=16 method=0 usage=0 index=0
vertex_element stream=0 offset=8 type=16 method=0 usage=5 index=0
vertex_element stream=0 offset=16 type=16 method=0 usage=3 index=0
vertex_element stream=255 offset=0 type=17 method=0 usage=0 index=0
transform state=256 row=0 values=1,0,0,0
transform state=256 row=1 values=0,1,0,0
transform state=256 row=2 values=0,0,1,0
transform state=256 row=3 values=0,0,0,1
transform state=2 row=0 values=1,0,0,0
transform state=2 row=1 values=0,1,0,0
transform state=2 row=2 values=0,0,1,0
transform state=2 row=3 values=0,0,0,1
transform state=3 row=0 values=1,0,0,0
transform state=3 row=1 values=0,1,0,0
transform state=3 row=2 values=0,0,1,0
transform state=3 row=3 values=0,0,0,1
constants kind=vs type=f count=256 result=00000000 encoding=sparse_zero
constant kind=vs type=f reg=0 bits=bf800000,3f800000,40400000,00000000
constant kind=vs type=f reg=1 bits=3d23d70a,3ccccccd,3c75c28f,00000000
constant kind=vs type=f reg=2 bits=3f800000,3d4ccccd,00000000,00000000
constant kind=vs type=f reg=3 bits=00000000,3f800000,40400000,00000000
constant kind=vs type=f reg=4 bits=3d23d70a,3ccccccd,3c75c28f,00000000
constant kind=vs type=f reg=5 bits=3f800000,3d4ccccd,00000000,00000000
constant kind=vs type=f reg=6 bits=3f800000,3f800000,40400000,00000000
constant kind=vs type=f reg=7 bits=3d23d70a,3ccccccd,3c75c28f,00000000
constant kind=vs type=f reg=8 bits=3f800000,3d4ccccd,00000000,00000000
constant kind=vs type=f reg=9 bits=bf800000,3f800000,40400000,00000000
constant kind=vs type=f reg=10 bits=3d23d70a,3ccccccd,3c75c28f,00000000
constant kind=vs type=f reg=11 bits=3f800000,3d4ccccd,00000000,00000000
constant kind=vs type=f reg=12 bits=00000000,3f800000,40400000,00000000
constant kind=vs type=f reg=13 bits=3d23d70a,3ccccccd,3c75c28f,00000000
constant kind=vs type=f reg=14 bits=3f800000,3d4ccccd,00000000,00000000
constant kind=vs type=f reg=15 bits=3f800000,3f800000,40400000,00000000
constant kind=vs type=f reg=16 bits=3d23d70a,3ccccccd,3c75c28f,00000000
constant kind=vs type=f reg=17 bits=3f800000,3d4ccccd,00000000,00000000
constant kind=vs type=f reg=18 bits=bf800000,3f800000,40400000,00000000
constant kind=vs type=f reg=19 bits=3d23d70a,3ccccccd,3c75c28f,00000000
constant kind=vs type=f reg=20 bits=3f800000,3d4ccccd,00000000,00000000
constant kind=vs type=f reg=21 bits=00000000,3f800000,40400000,00000000
constant kind=vs type=f reg=22 bits=3d23d70a,3ccccccd,3c75c28f,00000000
constant kind=vs type=f reg=23 bits=3f800000,3d4ccccd,00000000,00000000
constant kind=vs type=f reg=24 bits=3f800000,00000000,00000000,3f400000
constant kind=vs type=f reg=25 bits=00000000,3f800000,00000000,00000000
constant kind=vs type=f reg=26 bits=00000000,00000000,3f800000,00000000
constant kind=vs type=f reg=27 bits=00000000,00000000,00000000,3f800000
constant kind=vs type=f reg=28 bits=3f800000,00000000,00000000,00000000
constant kind=vs type=f reg=29 bits=00000000,3f800000,00000000,00000000
constant kind=vs type=f reg=30 bits=00000000,00000000,3f800000,00000000
constant kind=vs type=f reg=31 bits=3f800000,00000000,00000000,00000000
constant kind=vs type=f reg=32 bits=00000000,3f800000,00000000,00000000
constant kind=vs type=f reg=33 bits=00000000,00000000,3f800000,00000000
constant kind=vs type=f reg=34 bits=3f800000,00000000,00000000,00000000
constant kind=vs type=f reg=35 bits=00000000,3f800000,00000000,00000000
constant kind=vs type=f reg=36 bits=00000000,00000000,3f800000,40800000
constant kind=vs type=f reg=37 bits=3f800000,00000000,00000000,00000000
constant kind=vs type=f reg=38 bits=00000000,3f800000,00000000,00000000
constant kind=vs type=f reg=39 bits=3f200000,00000000,00000000,00000000
constant kind=vs type=f reg=40 bits=3e4ccccd,3dcccccd,3d4ccccd,00000000
constant kind=vs type=f reg=41 bits=3f800000,00000000,00000000,00000000
constant kind=vs type=f reg=252 bits=42c80000,42ca0000,42cc0000,42ce0000
constant kind=vs type=f reg=253 bits=42d00000,42d20000,42d40000,42d60000
constant kind=vs type=f reg=254 bits=42d80000,42da0000,42dc0000,42de0000
constant kind=vs type=f reg=255 bits=42e00000,42e20000,42e40000,42e60000
constants kind=vs type=i count=16 result=00000000 encoding=full
constant kind=vs type=i reg=0 values=1,0,1,0
constant kind=vs type=i reg=1 values=0,0,0,0
constant kind=vs type=i reg=2 values=0,0,0,0
constant kind=vs type=i reg=3 values=0,0,0,0
constant kind=vs type=i reg=4 values=0,0,0,0
constant kind=vs type=i reg=5 values=0,0,0,0
constant kind=vs type=i reg=6 values=0,0,0,0
constant kind=vs type=i reg=7 values=0,0,0,0
constant kind=vs type=i reg=8 values=0,0,0,0
constant kind=vs type=i reg=9 values=0,0,0,0
constant kind=vs type=i reg=10 values=0,0,0,0
constant kind=vs type=i reg=11 values=0,0,0,0
constant kind=vs type=i reg=12 values=0,0,0,0
constant kind=vs type=i reg=13 values=0,0,0,0
constant kind=vs type=i reg=14 values=0,0,0,0
constant kind=vs type=i reg=15 values=0,0,0,0
constants kind=vs type=b count=16 result=00000000 encoding=full
constant kind=vs type=b reg=0 values=0
constant kind=vs type=b reg=1 values=0
constant kind=vs type=b reg=2 values=0
constant kind=vs type=b reg=3 values=0
constant kind=vs type=b reg=4 values=0
constant kind=vs type=b reg=5 values=0
constant kind=vs type=b reg=6 values=0
constant kind=vs type=b reg=7 values=0
constant kind=vs type=b reg=8 values=0
constant kind=vs type=b reg=9 values=0
constant kind=vs type=b reg=10 values=0
constant kind=vs type=b reg=11 values=0
constant kind=vs type=b reg=12 values=0
constant kind=vs type=b reg=13 values=0
constant kind=vs type=b reg=14 values=0
constant kind=vs type=b reg=15 values=0
constants kind=ps type=f count=224 result=00000000 encoding=sparse_zero
constant kind=ps type=f reg=0 bits=3f800000,00000000,00000000,00000000
constant kind=ps type=f reg=1 bits=00000000,3f800000,00000000,00000000
constant kind=ps type=f reg=2 bits=00000000,00000000,3f800000,00000000
constant kind=ps type=f reg=3 bits=3e800000,00000000,00000000,00000000
constant kind=ps type=f reg=4 bits=00000000,00000000,3f800000,00000000
constant kind=ps type=f reg=5 bits=3e99999a,3e4ccccd,3dcccccd,00000000
constant kind=ps type=f reg=6 bits=3f000000,00000000,3f000000,00000000
constant kind=ps type=f reg=7 bits=3dcccccd,3e19999a,3e4ccccd,00000000
constant kind=ps type=f reg=216 bits=43480000,43490000,434a0000,434b0000
constant kind=ps type=f reg=217 bits=434c0000,434d0000,434e0000,434f0000
constants kind=ps type=i count=16 result=00000000 encoding=full
constant kind=ps type=i reg=0 values=0,0,0,0
constant kind=ps type=i reg=1 values=0,0,0,0
constant kind=ps type=i reg=2 values=0,0,0,0
constant kind=ps type=i reg=3 values=0,0,0,0
constant kind=ps type=i reg=4 values=0,0,0,0
constant kind=ps type=i reg=5 values=0,0,0,0
constant kind=ps type=i reg=6 values=0,0,0,0
constant kind=ps type=i reg=7 values=0,0,0,0
constant kind=ps type=i reg=8 values=0,0,0,0
constant kind=ps type=i reg=9 values=0,0,0,0
constant kind=ps type=i reg=10 values=0,0,0,0
constant kind=ps type=i reg=11 values=0,0,0,0
constant kind=ps type=i reg=12 values=0,0,0,0
constant kind=ps type=i reg=13 values=0,0,0,0
constant kind=ps type=i reg=14 values=0,0,0,0
constant kind=ps type=i reg=15 values=0,0,0,0
constants kind=ps type=b count=16 result=00000000 encoding=full
constant kind=ps type=b reg=0 values=0
constant kind=ps type=b reg=1 values=0
constant kind=ps type=b reg=2 values=0
constant kind=ps type=b reg=3 values=0
constant kind=ps type=b reg=4 values=0
constant kind=ps type=b reg=5 values=0
constant kind=ps type=b reg=6 values=0
constant kind=ps type=b reg=7 values=0
constant kind=ps type=b reg=8 values=0
constant kind=ps type=b reg=9 values=0
constant kind=ps type=b reg=10 values=0
constant kind=ps type=b reg=11 values=0
constant kind=ps type=b reg=12 values=0
constant kind=ps type=b reg=13 values=0
constant kind=ps type=b reg=14 values=0
constant kind=ps type=b reg=15 values=0
draw_args start_vertex=0
motion_route device=1 frame=8 index=2 gate=5 routed=1 matched=0 depth=1 jittered=0 vs=53a0a641107ed76c ps=8759c7838bbc86c2 node=00000000 camera=00000000 node_handle=0 camera_handle=0 node_serial=0 camera_serial=0 load_epoch=0 registry_epoch=0 model=00000000 lod=00000000 vb=3 ib=0 declaration=0cdf6a8c884ad955 offset=0 stride=24 position_offset=0 position_type=16 topology=4 first=0 primitives=1 base_vertex=0 min_vertex=0 vertex_count=0 indexed=0 rows_hash=712d59ff944d11a8 result=00000000
motion_input device=1 frame=8 index=2 blockers=00000210 proofs=28 position_path=1 vs=53a0a641107ed76c ps=8759c7838bbc86c2 declaration=0cdf6a8c884ad955 rows_hash=712d59ff944d11a8 color=1 depth=2 width=64 height=64 cull=1 vb=3 vb_revision=0 ib=0 ib_revision=0 position_offset=0 position_type=16 lifetime_verified=0 vertex_finite_verified=0
motion_geometry device=1 frame=8 index=2 source_qualified=1 source_hash=53a0a641107ed76c source_words=526 finite_requested=0 finite_state=0 finite_reason=4 finite_status=00000001 finite_generation=0 finite_revision=0 index_required=0 index_requested=0 index_known=0 index_range_verified=0 index_exact=0 index_min=0 index_max=0 index_reason=1 index_status=00000001 index_generation=0 index_revision=0
draw_result device=1 frame=8 index=2 result=00000000
capture_event device=1 frame=8 seq=5 after_draw=2 op=draw_begin result=00000000 qpc=9073124442285
draw device=1 frame=8 index=3 kind=primitive topology=4 primitives=1 vs=53a0a641107ed76c ps=8759c7838bbc86c2
geometry source=buffers
stream slot=0 result=00000000 identity=4 offset=0 stride=24 frequency=1 frequency_result=00000000
vertex_buffer identity=4 bytes=72 usage=0 pool=1 fvf=0
buffer_content kind=vertex identity=4 result=00000000 status=00000001 requested=0 known=0 ambiguous=0 revision=0 pending=0 flags=00000000
stream slot=1 result=00000000 identity=0
stream slot=2 result=00000000 identity=0
stream slot=3 result=00000000 identity=0
stream slot=4 result=00000000 identity=0
stream slot=5 result=00000000 identity=0
stream slot=6 result=00000000 identity=0
stream slot=7 result=00000000 identity=0
stream slot=8 result=00000000 identity=0
stream slot=9 result=00000000 identity=0
stream slot=10 result=00000000 identity=0
stream slot=11 result=00000000 identity=0
stream slot=12 result=00000000 identity=0
stream slot=13 result=00000000 identity=0
stream slot=14 result=00000000 identity=0
stream slot=15 result=00000000 identity=0
indices result=00000000 identity=0
surface role=rt0 ptr=02111bb0 identity=1 width=64 height=64 format=21 usage=1 msaa=0 container=0 container_type=0 container_result=80004002
surface role=depth ptr=02111be0 identity=2 width=64 height=64 format=77 usage=2 msaa=0 container=0 container_type=0 container_result=80004002
state id=7 value=1
state id=14 value=1
state id=23 value=4
state id=15 value=0
state id=24 value=0
state id=25 value=8
state id=27 value=0
state id=19 value=2
state id=20 value=1
state id=171 value=1
state id=22 value=1
state id=168 value=15
state id=194 value=0
state id=206 value=0
state id=52 value=0
state id=56 value=8
state id=57 value=0
state id=58 value=4294967295
state id=59 value=4294967295
state id=53 value=1
state id=54 value=1
state id=55 value=1
state id=185 value=0
state id=189 value=8
state id=186 value=1
state id=187 value=1
state id=188 value=1
viewport x=0 y=0 w=64 h=64 minz=0 maxz=1
texture stage=0 ptr=02111a90 type=3 identity=5
texture_desc stage=0 w=2 h=2 format=21
sampler stage=0 state=6 value=1
sampler stage=0 state=5 value=1
sampler stage=0 state=7 value=0
sampler stage=0 state=10 value=1
sampler stage=0 state=11 value=0
texture stage=1 ptr=02111af0 type=3 identity=6
texture_desc stage=1 w=2 h=2 format=21
sampler stage=1 state=6 value=1
sampler stage=1 state=5 value=1
sampler stage=1 state=7 value=0
sampler stage=1 state=10 value=1
sampler stage=1 state=11 value=0
texture stage=2 ptr=02111b50 type=3 identity=7
texture_desc stage=2 w=2 h=2 format=21
sampler stage=2 state=6 value=1
sampler stage=2 state=5 value=1
sampler stage=2 state=7 value=0
sampler stage=2 state=10 value=1
sampler stage=2 state=11 value=0
texture stage=3 ptr=02111b80 type=5 identity=8
sampler stage=3 state=6 value=1
sampler stage=3 state=5 value=1
sampler stage=3 state=7 value=0
sampler stage=3 state=10 value=1
sampler stage=3 state=11 value=0
sampler stage=4 state=6 value=1
sampler stage=4 state=5 value=1
sampler stage=4 state=7 value=0
sampler stage=4 state=10 value=1
sampler stage=4 state=11 value=0
sampler stage=5 state=6 value=1
sampler stage=5 state=5 value=1
sampler stage=5 state=7 value=0
sampler stage=5 state=10 value=1
sampler stage=5 state=11 value=0
sampler stage=6 state=6 value=1
sampler stage=6 state=5 value=1
sampler stage=6 state=7 value=0
sampler stage=6 state=10 value=1
sampler stage=6 state=11 value=0
sampler stage=7 state=6 value=1
sampler stage=7 state=5 value=1
sampler stage=7 state=7 value=0
sampler stage=7 state=10 value=1
sampler stage=7 state=11 value=0
sampler stage=8 state=6 value=1
sampler stage=8 state=5 value=1
sampler stage=8 state=7 value=0
sampler stage=8 state=10 value=1
sampler stage=8 state=11 value=0
sampler stage=9 state=6 value=1
sampler stage=9 state=5 value=1
sampler stage=9 state=7 value=0
sampler stage=9 state=10 value=1
sampler stage=9 state=11 value=0
sampler stage=10 state=6 value=1
sampler stage=10 state=5 value=1
sampler stage=10 state=7 value=0
sampler stage=10 state=10 value=1
sampler stage=10 state=11 value=0
sampler stage=11 state=6 value=1
sampler stage=11 state=5 value=1
sampler stage=11 state=7 value=0
sampler stage=11 state=10 value=1
sampler stage=11 state=11 value=0
sampler stage=12 state=6 value=1
sampler stage=12 state=5 value=1
sampler stage=12 state=7 value=0
sampler stage=12 state=10 value=1
sampler stage=12 state=11 value=0
sampler stage=13 state=6 value=1
sampler stage=13 state=5 value=1
sampler stage=13 state=7 value=0
sampler stage=13 state=10 value=1
sampler stage=13 state=11 value=0
sampler stage=14 state=6 value=1
sampler stage=14 state=5 value=1
sampler stage=14 state=7 value=0
sampler stage=14 state=10 value=1
sampler stage=14 state=11 value=0
sampler stage=15 state=6 value=1
sampler stage=15 state=5 value=1
sampler stage=15 state=7 value=0
sampler stage=15 state=10 value=1
sampler stage=15 state=11 value=0
vertex_element stream=0 offset=0 type=16 method=0 usage=0 index=0
vertex_element stream=0 offset=8 type=16 method=0 usage=5 index=0
vertex_element stream=0 offset=16 type=16 method=0 usage=3 index=0
vertex_element stream=255 offset=0 type=17 method=0 usage=0 index=0
transform state=256 row=0 values=1,0,0,0
transform state=256 row=1 values=0,1,0,0
transform state=256 row=2 values=0,0,1,0
transform state=256 row=3 values=0,0,0,1
transform state=2 row=0 values=1,0,0,0
transform state=2 row=1 values=0,1,0,0
transform state=2 row=2 values=0,0,1,0
transform state=2 row=3 values=0,0,0,1
transform state=3 row=0 values=1,0,0,0
transform state=3 row=1 values=0,1,0,0
transform state=3 row=2 values=0,0,1,0
transform state=3 row=3 values=0,0,0,1
constants kind=vs type=f count=256 result=00000000 encoding=sparse_zero
constant kind=vs type=f reg=0 bits=bf800000,3f800000,40400000,00000000
constant kind=vs type=f reg=1 bits=3d23d70a,3ccccccd,3c75c28f,00000000
constant kind=vs type=f reg=2 bits=3f800000,3d4ccccd,00000000,00000000
constant kind=vs type=f reg=3 bits=00000000,3f800000,40400000,00000000
constant kind=vs type=f reg=4 bits=3d23d70a,3ccccccd,3c75c28f,00000000
constant kind=vs type=f reg=5 bits=3f800000,3d4ccccd,00000000,00000000
constant kind=vs type=f reg=6 bits=3f800000,3f800000,40400000,00000000
constant kind=vs type=f reg=7 bits=3d23d70a,3ccccccd,3c75c28f,00000000
constant kind=vs type=f reg=8 bits=3f800000,3d4ccccd,00000000,00000000
constant kind=vs type=f reg=9 bits=bf800000,3f800000,40400000,00000000
constant kind=vs type=f reg=10 bits=3d23d70a,3ccccccd,3c75c28f,00000000
constant kind=vs type=f reg=11 bits=3f800000,3d4ccccd,00000000,00000000
constant kind=vs type=f reg=12 bits=00000000,3f800000,40400000,00000000
constant kind=vs type=f reg=13 bits=3d23d70a,3ccccccd,3c75c28f,00000000
constant kind=vs type=f reg=14 bits=3f800000,3d4ccccd,00000000,00000000
constant kind=vs type=f reg=15 bits=3f800000,3f800000,40400000,00000000
constant kind=vs type=f reg=16 bits=3d23d70a,3ccccccd,3c75c28f,00000000
constant kind=vs type=f reg=17 bits=3f800000,3d4ccccd,00000000,00000000
constant kind=vs type=f reg=18 bits=bf800000,3f800000,40400000,00000000
constant kind=vs type=f reg=19 bits=3d23d70a,3ccccccd,3c75c28f,00000000
constant kind=vs type=f reg=20 bits=3f800000,3d4ccccd,00000000,00000000
constant kind=vs type=f reg=21 bits=00000000,3f800000,40400000,00000000
constant kind=vs type=f reg=22 bits=3d23d70a,3ccccccd,3c75c28f,00000000
constant kind=vs type=f reg=23 bits=3f800000,3d4ccccd,00000000,00000000
constant kind=vs type=f reg=24 bits=3f800000,00000000,00000000,bd4ccccd
constant kind=vs type=f reg=25 bits=00000000,3f800000,00000000,00000000
constant kind=vs type=f reg=26 bits=00000000,00000000,3f800000,3dcccccd
constant kind=vs type=f reg=27 bits=00000000,00000000,00000000,3f800000
constant kind=vs type=f reg=28 bits=3f800000,00000000,00000000,00000000
constant kind=vs type=f reg=29 bits=00000000,3f800000,00000000,00000000
constant kind=vs type=f reg=30 bits=00000000,00000000,3f800000,00000000
constant kind=vs type=f reg=31 bits=3f800000,00000000,00000000,00000000
constant kind=vs type=f reg=32 bits=00000000,3f800000,00000000,00000000
constant kind=vs type=f reg=33 bits=00000000,00000000,3f800000,00000000
constant kind=vs type=f reg=34 bits=3f800000,00000000,00000000,00000000
constant kind=vs type=f reg=35 bits=00000000,3f800000,00000000,00000000
constant kind=vs type=f reg=36 bits=00000000,00000000,3f800000,40800000
constant kind=vs type=f reg=37 bits=3f800000,00000000,00000000,00000000
constant kind=vs type=f reg=38 bits=00000000,3f800000,00000000,00000000
constant kind=vs type=f reg=39 bits=3f200000,00000000,00000000,00000000
constant kind=vs type=f reg=40 bits=3e4ccccd,3dcccccd,3d4ccccd,00000000
constant kind=vs type=f reg=41 bits=3f800000,00000000,00000000,00000000
constant kind=vs type=f reg=252 bits=42c80000,42ca0000,42cc0000,42ce0000
constant kind=vs type=f reg=253 bits=42d00000,42d20000,42d40000,42d60000
constant kind=vs type=f reg=254 bits=42d80000,42da0000,42dc0000,42de0000
constant kind=vs type=f reg=255 bits=42e00000,42e20000,42e40000,42e60000
constants kind=vs type=i count=16 result=00000000 encoding=full
constant kind=vs type=i reg=0 values=1,0,1,0
constant kind=vs type=i reg=1 values=0,0,0,0
constant kind=vs type=i reg=2 values=0,0,0,0
constant kind=vs type=i reg=3 values=0,0,0,0
constant kind=vs type=i reg=4 values=0,0,0,0
constant kind=vs type=i reg=5 values=0,0,0,0
constant kind=vs type=i reg=6 values=0,0,0,0
constant kind=vs type=i reg=7 values=0,0,0,0
constant kind=vs type=i reg=8 values=0,0,0,0
constant kind=vs type=i reg=9 values=0,0,0,0
constant kind=vs type=i reg=10 values=0,0,0,0
constant kind=vs type=i reg=11 values=0,0,0,0
constant kind=vs type=i reg=12 values=0,0,0,0
constant kind=vs type=i reg=13 values=0,0,0,0
constant kind=vs type=i reg=14 values=0,0,0,0
constant kind=vs type=i reg=15 values=0,0,0,0
constants kind=vs type=b count=16 result=00000000 encoding=full
constant kind=vs type=b reg=0 values=0
constant kind=vs type=b reg=1 values=0
constant kind=vs type=b reg=2 values=0
constant kind=vs type=b reg=3 values=0
constant kind=vs type=b reg=4 values=0
constant kind=vs type=b reg=5 values=0
constant kind=vs type=b reg=6 values=0
constant kind=vs type=b reg=7 values=0
constant kind=vs type=b reg=8 values=0
constant kind=vs type=b reg=9 values=0
constant kind=vs type=b reg=10 values=0
constant kind=vs type=b reg=11 values=0
constant kind=vs type=b reg=12 values=0
constant kind=vs type=b reg=13 values=0
constant kind=vs type=b reg=14 values=0
constant kind=vs type=b reg=15 values=0
constants kind=ps type=f count=224 result=00000000 encoding=sparse_zero
constant kind=ps type=f reg=0 bits=3f800000,00000000,00000000,00000000
constant kind=ps type=f reg=1 bits=00000000,3f800000,00000000,00000000
constant kind=ps type=f reg=2 bits=00000000,00000000,3f800000,00000000
constant kind=ps type=f reg=3 bits=3e800000,00000000,00000000,00000000
constant kind=ps type=f reg=4 bits=00000000,00000000,3f800000,00000000
constant kind=ps type=f reg=5 bits=3e99999a,3e4ccccd,3dcccccd,00000000
constant kind=ps type=f reg=6 bits=3f000000,00000000,3f000000,00000000
constant kind=ps type=f reg=7 bits=3dcccccd,3e19999a,3e4ccccd,00000000
constant kind=ps type=f reg=216 bits=43480000,43490000,434a0000,434b0000
constant kind=ps type=f reg=217 bits=434c0000,434d0000,434e0000,434f0000
constants kind=ps type=i count=16 result=00000000 encoding=full
constant kind=ps type=i reg=0 values=0,0,0,0
constant kind=ps type=i reg=1 values=0,0,0,0
constant kind=ps type=i reg=2 values=0,0,0,0
constant kind=ps type=i reg=3 values=0,0,0,0
constant kind=ps type=i reg=4 values=0,0,0,0
constant kind=ps type=i reg=5 values=0,0,0,0
constant kind=ps type=i reg=6 values=0,0,0,0
constant kind=ps type=i reg=7 values=0,0,0,0
constant kind=ps type=i reg=8 values=0,0,0,0
constant kind=ps type=i reg=9 values=0,0,0,0
constant kind=ps type=i reg=10 values=0,0,0,0
constant kind=ps type=i reg=11 values=0,0,0,0
constant kind=ps type=i reg=12 values=0,0,0,0
constant kind=ps type=i reg=13 values=0,0,0,0
constant kind=ps type=i reg=14 values=0,0,0,0
constant kind=ps type=i reg=15 values=0,0,0,0
constants kind=ps type=b count=16 result=00000000 encoding=full
constant kind=ps type=b reg=0 values=0
constant kind=ps type=b reg=1 values=0
constant kind=ps type=b reg=2 values=0
constant kind=ps type=b reg=3 values=0
constant kind=ps type=b reg=4 values=0
constant kind=ps type=b reg=5 values=0
constant kind=ps type=b reg=6 values=0
constant kind=ps type=b reg=7 values=0
constant kind=ps type=b reg=8 values=0
constant kind=ps type=b reg=9 values=0
constant kind=ps type=b reg=10 values=0
constant kind=ps type=b reg=11 values=0
constant kind=ps type=b reg=12 values=0
constant kind=ps type=b reg=13 values=0
constant kind=ps type=b reg=14 values=0
constant kind=ps type=b reg=15 values=0
draw_args start_vertex=0
motion_route device=1 frame=8 index=3 gate=5 routed=1 matched=0 depth=1 jittered=0 vs=53a0a641107ed76c ps=8759c7838bbc86c2 node=00000000 camera=00000000 node_handle=0 camera_handle=0 node_serial=0 camera_serial=0 load_epoch=0 registry_epoch=0 model=00000000 lod=00000000 vb=4 ib=0 declaration=0cdf6a8c884ad955 offset=0 stride=24 position_offset=0 position_type=16 topology=4 first=0 primitives=1 base_vertex=0 min_vertex=0 vertex_count=0 indexed=0 rows_hash=8804f37c47da2009 result=00000000
motion_input device=1 frame=8 index=3 blockers=00000210 proofs=28 position_path=1 vs=53a0a641107ed76c ps=8759c7838bbc86c2 declaration=0cdf6a8c884ad955 rows_hash=8804f37c47da2009 color=1 depth=2 width=64 height=64 cull=1 vb=4 vb_revision=0 ib=0 ib_revision=0 position_offset=0 position_type=16 lifetime_verified=0 vertex_finite_verified=0
motion_geometry device=1 frame=8 index=3 source_qualified=1 source_hash=53a0a641107ed76c source_words=526 finite_requested=0 finite_state=0 finite_reason=4 finite_status=00000001 finite_generation=0 finite_revision=0 index_required=0 index_requested=0 index_known=0 index_range_verified=0 index_exact=0 index_min=0 index_max=0 index_reason=1 index_status=00000001 index_generation=0 index_revision=0
draw_result device=1 frame=8 index=3 result=00000000
motion_output_cut device=1 frame=8 samples=0 median_px=0.0000 keyed=0 missing=0 missing_fraction=0.0000 bound_px=2.400 bound_missing=0.250 cut=0
motion_output_readback device=1 frame=8 file=motion_1_8.rgba32f width=64 height=64 format=rgba32f_row_major result=00000000 bytes=65536
motion_output_depth_readback device=1 frame=8 file=depth_1_8.r32f width=64 height=64 format=r32f_row_major result=00000000 bytes=16384
motion_output_frame device=1 frame=8 latched=1 filled=1 fill_result=00000000 fill_restore=00000000 draws=3 routed=2 matched=0 gate1=0 gate2=1 gate3=0 gate4=0 gate5=2 gate6=0 apply_failures=0 restore_failures=0 history_previous=0 history_current=0 committed=1 selector_state=2 present=00000000 depth=1 depth_routed=2 jitter=0 jitter_index=0 jitter_x=0.000000 jitter_y=0.000000 jitter_previous_x=0.000000 jitter_previous_y=0.000000 jittered=0 cut=0 cut_median_px=0.0000 cut_missing=0.0000 cut_samples=0
frame_end device=1 frame=8 draws=3 capture=1 present=00000000
ownership_copy_depth phase=present device=1 frame=8 result=00000000 status=00000001 requested=0 available=0 source_bound=0 copy_valid=0 generation=0 source_epoch=0 copy_epoch=0 source_width=0 source_height=0 source_format=0 source_type=0 source_usage=0 source_pool=0 source_msaa=0 source_quality=0
admission_metric device=1 frame=8 phase=present active_roots=1 waiting_roots=0 admitted_roots=3135 promotions=0 veto_bits=0 first_reason=0 replay_active=0 live_replay_enabled=0 coverage_complete=0
telemetry_presentation phase=reset_before device=1 thread=1396 focus_window=017001d0 device_window=017001d0 width=64 height=64 format=21 count=1 msaa=0 quality=0 swap_effect=1 windowed=1 auto_depth=1 depth_format=77 flags=00000000 refresh=0 interval=2147483648
reset_begin ptr=01671d90 device=1
telemetry_presentation phase=reset_after device=1 thread=1396 focus_window=017001d0 device_window=017001d0 width=64 height=64 format=21 count=1 msaa=0 quality=0 swap_effect=1 windowed=1 auto_depth=1 depth_format=77 flags=00000000 refresh=0 interval=2147483648
resource identity=9 ptr=02111bb0 type=1
resource identity=10 ptr=02111bb0 type=1
motion_output_reset device=1 result=00000000 generation=2
ownership_copy_depth phase=reset_after device=1 frame=9 result=00000000 status=00000001 requested=0 available=0 source_bound=0 copy_valid=0 generation=0 source_epoch=0 copy_epoch=0 source_width=0 source_height=0 source_format=0 source_type=0 source_usage=0 source_pool=0 source_msaa=0 source_quality=0
telemetry_summary device=1 frame=9 reason=reset qpc=9073124531587 since_start_us=1053522.700 interval_us=92934.500 position_suppressed=0 cursor_changes_suppressed=0
telemetry_metric device=1 name=present_normal count=1 failures=0 total_us=763.900 min_us=763.900 max_us=763.900 bytes=0 buckets=0,0,1,0,0,0
telemetry_metric device=1 name=present_capture count=8 failures=0 total_us=161.300 min_us=15.800 max_us=27.400 bytes=0 buckets=0,8,0,0,0,0
telemetry_metric device=1 name=frame_capture count=8 failures=0 total_us=61148.200 min_us=5605.200 max_us=15282.300 bytes=0 buckets=0,0,0,7,1,0
telemetry_metric device=1 name=draw_backend count=30 failures=0 total_us=592.300 min_us=2.600 max_us=236.400 bytes=0 buckets=27,1,2,0,0,0
telemetry_metric device=1 name=capture_cpu count=43 failures=0 total_us=23401.800 min_us=21.900 max_us=2561.900 bytes=0 buckets=0,15,27,1,0,0
telemetry_metric device=1 name=snapshot count=27 failures=0 total_us=18841.000 min_us=643.300 max_us=1142.300 bytes=0 buckets=0,0,26,1,0,0
telemetry_metric device=1 name=shader_vs_backend count=1 failures=0 total_us=390.300 min_us=390.300 max_us=390.300 bytes=0 buckets=0,0,1,0,0,0
telemetry_metric device=1 name=shader_ps_backend count=2 failures=0 total_us=78.100 min_us=8.500 max_us=69.600 bytes=0 buckets=1,1,0,0,0,0
telemetry_metric device=1 name=texture count=3 failures=0 total_us=11.200 min_us=2.300 max_us=6.600 bytes=0 buckets=3,0,0,0,0,0
telemetry_metric device=1 name=cube_texture count=1 failures=0 total_us=111.500 min_us=111.500 max_us=111.500 bytes=0 buckets=0,0,1,0,0,0
telemetry_metric device=1 name=vertex_buffer count=2 failures=0 total_us=279.600 min_us=2.100 max_us=277.500 bytes=144 buckets=1,0,1,0,0,0
telemetry_metric device=1 name=reset count=1 failures=0 total_us=5105.800 min_us=5105.800 max_us=5105.800 bytes=0 buckets=0,0,0,1,0,0
telemetry_metric device=1 name=log_flush count=9 failures=0 total_us=18.800 min_us=0.200 max_us=16.700 bytes=0 buckets=8,1,0,0,0,0
reset_end device=1 result=00000000
motion_output_target device=1 width=64 height=64 create=00000000 level=00000000 depth=1 depth_create=00000000 depth_level=00000000
telemetry_first_present device=1 frame=9 qpc=9073124673256 since_start_us=1067689.600 capture=0 reset_count=1
motion_output_variant device=1 kind=vs original=53a0a641107ed76c transform=0 create=00000000 words=556 depth=1
motion_output_variant device=1 kind=ps original=8759c7838bbc86c2 transform=0 create=00000000 words=1402 depth=1
motion_output_release device=1 held=8 count=10 released=1
telemetry_summary device=1 frame=12 reason=device_destroy qpc=9073124809502 since_start_us=1081314.200 interval_us=27791.500 position_suppressed=0 cursor_changes_suppressed=0
telemetry_metric device=1 name=present_normal count=3 failures=0 total_us=33.900 min_us=6.300 max_us=14.300 bytes=0 buckets=1,2,0,0,0,0
telemetry_metric device=1 name=frame_normal count=2 failures=0 total_us=12213.200 min_us=1637.900 max_us=10575.300 bytes=0 buckets=0,0,0,1,1,0
telemetry_metric device=1 name=draw_backend count=9 failures=0 total_us=48.800 min_us=2.300 max_us=14.200 bytes=0 buckets=8,1,0,0,0,0
telemetry_metric device=1 name=shader_vs_backend count=1 failures=0 total_us=19.300 min_us=19.300 max_us=19.300 bytes=0 buckets=0,1,0,0,0,0
telemetry_metric device=1 name=shader_ps_backend count=1 failures=0 total_us=12.400 min_us=12.400 max_us=12.400 bytes=0 buckets=0,1,0,0,0,0
telemetry_metric device=1 name=log_flush count=4 failures=0 total_us=1.400 min_us=0.200 max_us=0.600 bytes=0 buckets=4,0,0,0,0,0
telemetry_summary device=0 frame=12 reason=device_destroy qpc=9073124810086 since_start_us=1081372.600 interval_us=81122.000 position_suppressed=0 cursor_changes_suppressed=0
telemetry_metric device=0 name=lock_wait count=160 failures=0 total_us=31.000 min_us=0.000 max_us=0.700 bytes=0 buckets=160,0,0,0,0,0
telemetry_metric device=0 name=shader_inspect count=44 failures=0 total_us=288.000 min_us=1.500 max_us=13.300 bytes=0 buckets=35,9,0,0,0,0
telemetry_metric device=0 name=shader_getfunction count=44 failures=0 total_us=40.900 min_us=0.600 max_us=1.600 bytes=0 buckets=44,0,0,0,0,0
telemetry_metric device=0 name=shader_hash count=44 failures=0 total_us=209.100 min_us=0.200 max_us=11.100 bytes=117200 buckets=43,1,0,0,0,0
telemetry_metric device=0 name=log_flush count=1 failures=0 total_us=6.000 min_us=6.000 max_us=6.000 bytes=0 buckets=1,0,0,0,0,0
device_destroy ptr=01671d90 device=1
application_admission_final phase=device active_roots=0 waiting_roots=0 admitted_roots=4138 promotions=0 vetoes=0 first_veto=0 enabled=1
application_admission_final phase=factory active_roots=0 waiting_roots=0 admitted_roots=4139 promotions=0 vetoes=0 first_veto=0 enabled=1
