motion_capture_mode requested=0 enabled=0 reason=write_exclusion_unavailable scope=private_rigid_diagnostic temporal_consumer=0
motion_output_mode requested=1 scope=live_same_draw_diagnostic history_requires=object_trace,object_lifetime temporal_consumer=1 taa=1 taa_debug=1 jitter=1 jitter_samples=8 cut_median_px=48.000 cut_missing=0.250 rt_mode=perdraw frame_log=60 sentinel=auto camera_cut_deg=20.00 camera_log=300 state_shadow=1 scene_hook=0 hdr=1 taa_k=-1.00000 mip_bias=0 taa_sharpen=0.000
x3-modern-renderer version=0.4 schema=2 capture_start=1 capture_frames=8 pointer_bits=32
telemetry_start schema=1 qpc_frequency=10000000 qpc=9701442045847 anchor=proxy_initialize cpu_only=1 per_draw=1
mesh_cache requested=0 enabled=0 activation=await_public_mesh_and_buffer_contract adjacency_metric_scope=hook_service restart_on_cleanup_failure=1
mesh_adjacency mode=native scope=hook_service equivalence=d3dx_rules+exact_position_equality gate=public_systemmem_readonly+declaration_float3+no_attribute_table order=cache_lookup,compute,cache_store native_fallback=1 dump=0 rsqrt=rsqrtss
loading_hook name=CreateFileA installed=0
loading_hook name=ReadFile installed=0
loading_hook name=SetFilePointer installed=0
loading_hook name=D3DXCreateEffect installed=0
loading_hook name=D3DXCreateTextureFromFileInMemoryEx installed=0
loading_hook name=D3DXCreateCubeTextureFromFileInMemoryEx installed=0
loading_hook name=D3DXLoadSurfaceFromFileInMemory installed=0
loading_hook name=SetCursor installed=0
loading_hook name=SetCursorPos installed=0
loading_hook name=gzopen installed=0
loading_hook name=gzread installed=0
loading_hook name=gzseek installed=0
loading_hook name=inflate installed=0
loading_hook name=xmlReadMemory installed=0
loading_hook name=D3DXCreateMesh installed=0
loading_hook name=D3DXCleanMesh installed=0
loading_hook name=FindFirstFileA installed=0
loading_hook name=FindNextFileA installed=0
loading_hook name=FindClose installed=0
loading_hook name=gzgetc installed=0
loading_hook name=gztell installed=0
loading_hook name=gzclose installed=0
loading_hook name=gzwrite installed=0
loading_trace coverage_begin=9701442054734 frequency=10000000 hooks=0 module=main inclusive=1 paths=0 qualification=named_pe32_imports light_rows=1 nesting=1 probes=0
application_admission_mode requested=0 enabled=0 live_replay=0 coverage_complete=0
telemetry_span name=backend_load qpc_begin=9701442056196 qpc_end=9701442105518 thread=1984 success=1 error=0
backend path=C:\windows\system32\d3d9.dll
object_trace active=0 status=disabled recovery_required=0
camera_state active=0 status=executable_mismatch
scene_hook active=0 status=disabled
object_lifetime active=0 status=disabled recovery_required=0 baseline_complete=0 baseline_entries=0
telemetry_span name=direct3d_create9 qpc_begin=9701442111795 qpc_end=9701450341517 thread=1984 success=1
adapter description=NVIDIA GeForce 8800 GTX driver=nvd3dum.dll vendor=000010de device=00000191
telemetry_presentation phase=create_before device=0 thread=1984 focus_window=00350060 device_window=00350060 width=64 height=64 format=21 count=0 msaa=0 quality=0 swap_effect=1 windowed=1 auto_depth=1 depth_format=77 flags=00000000 refresh=0 interval=2147483648
create_device adapter=0 flags=00000040 width=64 height=64 format=21 windowed=1 msaa=0 interval=2147483648
telemetry_presentation phase=create_after device=0 thread=1984 focus_window=00350060 device_window=00350060 width=64 height=64 format=21 count=1 msaa=0 quality=0 swap_effect=1 windowed=1 auto_depth=1 depth_format=77 flags=00000000 refresh=0 interval=2147483648
create_device_result hr=00000000
capture_caps result=00000000 streams=16 vs_float_count=256 ps_version=ffff0300
device_hooked ptr=00116658 device=1 ex=0
resource identity=1 ptr=00118c60 type=1
resource identity=2 ptr=00118ca0 type=1
hdr_device device=1 enabled=1 reason=ok fp16_target=00000000 fp16_blending=00000000 fp16_filter=00000000 fp16_sampling=00000000 stretch_conversion=00000000 main_format=21 mrt_blending=1 self_test_targets=3 self_test=stage=compare result=00000000 draw=00000000 blend=00000000 copy=00000000 restore=00000000 copy_restore=00000000 scene=00000000 stretch=00000000 scene_errors=0 sum_errors=0 motion_errors=0 depth_errors=0 copy_errors=0 stretch_errors=0 targets=3 tonemap=00000001 tonemap_errors=0 meter=00000001 meter_errors=0 meter_value=0.00000 meter_expected=0.00000 route=1 depth=1
hdr_tonemap device=1 enabled=1 requested=identity tonemap=0 tonemap_reason=off meter=0 meter_reason=off look=none decode=gamma2.2 clamp=0 exposure=auto ev_manual=0.0000 ev_offset=0.0000 key=0.1800 ev_min=-8.00 ev_max=8.00 tau_up=0.400 tau_down=1.200 meter_floor=0.0001 meter_clip=64 fixed_dt_ms=0.000 tonemap_shader=00000001 meter_shader=00000001 r32f_target=00000001 r32f_sampling=00000001
motion_output_device device=1 enabled=1 reason=ok detail=stage=compare result=00000000 draw=00000000 restore=00000000 scene=00000000 color_errors=0 motion_errors=0 depth_errors=0 targets=3 mrt=4 vs_constants=256 misc=002ecff2 vs=fffe0300 ps=ffff0300 rgba32f=00000000 history_available=0 history_capacity=4096 depth=1 depth_reason=ok depth_detail=stage=compare result=00000000 draw=00000000 restore=00000000 scene=00000000 color_errors=0 motion_errors=0 depth_errors=0 targets=3 r32f=00000000 jitter=1 jitter_samples=8 taa=1 taa_reason=ok taa_format=00000000 taa_debug=1 rt_mode=perdraw camera=executable_mismatch sentinel=0 camera_cut_deg=20.00 camera_log=300 state_shadow=1 scene_hook=0 hdr=1 mip_bias=0
shader kind=ps id=98731d5594e36226 bytes=44 dumped=1
shader kind=ps id=3874adb0f396a660 bytes=44 dumped=1
shader kind=ps id=d4e1373f69f51f0f bytes=44 dumped=1
shader kind=ps id=d85fbde1cbde6f6d bytes=44 dumped=1
shader kind=ps id=8d44a07e3f479b00 bytes=20 dumped=1
shader kind=vs id=53a0a641107ed76c bytes=2104 dumped=1
motion_output_variant device=1 kind=vs original=53a0a641107ed76c transform=0 create=00000000 words=556 depth=1
shader kind=ps id=8759c7838bbc86c2 bytes=5040 dumped=1
motion_output_variant device=1 kind=ps original=8759c7838bbc86c2 transform=0 create=00000000 words=1402 depth=1
resource identity=3 ptr=0214ee28 type=6
hdr_target device=1 frame=0 width=64 height=64 format=A16B16G16R16F bytes=32768 create=00000000 chain_levels=0 chain_bytes=0 meter=0 meter_reason=off
resource identity=4 ptr=0215aad8 type=1
resource identity=5 ptr=0215aa98 type=3
motion_output_target device=1 width=64 height=64 create=00000000 level=00000000 depth=1 depth_create=00000000 depth_level=00000000
resource identity=6 ptr=0214ee58 type=6
resource identity=7 ptr=0215aa58 type=1
resource identity=8 ptr=0215aa18 type=3
motion_output_taa device=1 initialize=00000000 references=1 sharpen=0.000
motion_output_frame device=1 frame=0 latched=1 filled=1 fill_result=00000000 fill_restore=00000000 draws=3 routed=2 matched=0 gate1=0 gate2=1 gate3=0 gate4=0 gate5=2 gate6=0 apply_failures=0 restore_failures=0 history_previous=0 history_current=0 committed=1 selector_state=9 present=00000000 depth=1 depth_routed=2 jitter=1 jitter_index=0 jitter_x=0.000000 jitter_y=-0.166667 jitter_previous_x=0.000000 jitter_previous_y=0.000000 jittered=2 cut=0 cut_median_px=0.0000 cut_missing=0.0000 cut_samples=0 taa=1 taa_attempted=1 taa_resolved=1 taa_history=0 taa_skip=0 taa_result=00000000 taa_restore=00000000 taa_copy=00000001 taa_hdr=1 taa_k=0.00000 taa_sharpen=0 scene_open=0 active_queries=0 taa_references=6 camera_valid=0 camera_background_valid=0 camera_reads=0 camera_policy=1 camera_reason=2 camera_cut=0 camera_rotation_deg=0.0000 rt_mode=perdraw timing=cpu_qpc set_rt=8 lazy_flushes=0 jitter_writes=4 readbacks=0 gate_us=358.5 route_draw_us=111.1 set_rt_us=3.8 lazy_flush_us=0.0 jitter_us=1.6 fill_us=138.8 taa_run_us=1521.8 taa_capture_us=54.7 taa_copy_color_us=0.3 taa_copy_depth_us=4.1 taa_draw_us=474.3 taa_apply_us=347.1 taa_copy_back_us=0.0 readback_us=0.0 state_shadow=1 rs_queries=18 rs_hits=18 rs_gets=14 rs_resyncs=0 sb_resyncs=0 scene_hook=0 scene_end_source=stretchrect scene_end_check=3 hook_signals=0 hook_outside_scene=0 hook_state=0 draws_after_hook=0 bloom_copy_seen=1 mip_bias=0 mip_bias_sets=0 mip_bias_restores=0 mip_bias_draws=0 mip_bias_stages=0000 mip_bias_reads=0 mip_bias_game_writes=0 mip_bias_game_writes_total=0 mip_bias_failures=0 mip_bias_biased_now=0000
camera_state device=1 frame=0 status=executable_mismatch reads=0 valid=0 read_failure=0 failure=0 projection=00000000 view=00000000 p00=0 p11=0 p20=0 p21=0 r00=0 r01=0 r02=0 r10=0 r11=0 r12=0 r20=0 r21=0 r22=0 t=0,0,0 background_valid=0 background_p00=0 background_p11=0 background_rotation_deg=0.0000 history_view_valid=0 history_view_frame=0 rotation_deg=0.0000 policy=1 reason=2 camera_cut=0 mode=0 cut_deg=20.00
hdr_frame device=1 frame=0 hdr=1 redirected=1 end=bloom_copy writebacks=2 flushes=1 writeback_source=shader unwind=0 unwind_reason=none unwind_draw=00000001 unwind_restore=00000001 unwind_stretch=00000001 unwind_bind=00000001 blocked=0 recheck=none suspended=0 resumed=0 dirty_at_present=0 refused_msaa=0 target_create=00000000 latch_bind=00000000 target=64x64 target_bytes=32768 caps=ok stretch_conversion=00000000 timing=cpu_qpc redirect_us=6.8 writeback_us=25548.1 writeback_draw_us=25470.4 writeback_stretch_us=0.0 bind_us=0.0 recheck_us=0.0 tonemap=identity tonemapped=0 look=none decode=gamma2.2 clamp=0 exposure=auto ev=0.00000 ev_adapted=0.00000 ev_target=0.00000 avg_log_l=0.00000 luma_mean=1 dt_ms=0.000 stepped=0 steps=0 meter=00000001 readback=00000001 tonemap_draw=00000001 fallback=0 meter_us=0.0 readback_us=0.0 k=0.00000 chain_bytes=0 sharpen=off sharpened=0 sharpen_fallback=0
telemetry_first_present device=1 frame=0 qpc=9701451284937 since_start_us=923909.000 capture=0 reset_count=0
telemetry_window_context device=1 frame=0 render_thread=1984 window_thread=1984 gui_ok=1 gui_active=00000000 gui_focus=00000000 gui_capture=00000000 clip_ok=1 clip=-1512,0,5120,1440 monitor_ok=1 monitor=0,0,5120,1440 work=0,31,5120,1440
telemetry_window device=1 frame=0 qpc=9701451289789 window=00350060 foreground=00000000 thread_focus=00000000 iconic=0 visible=0 style=04cf0000 exstyle=00000100 window_rect=0,0,119,96 client_rect=0,0,111,62
telemetry_cursor_poll device=1 frame=0 qpc=9701451289789 flags=1 cursor=00000000 x=4033 y=904
telemetry_present_window device=1 frame=0 override=00000000 device_window=00350060 result=00000000
frame_end device=1 frame=0 draws=3 capture=0 present=00000000 elapsed_ms=932 dt_ms=0 qpc=9701451294431
frame_begin device=1 frame=1
capture_event device=1 frame=1 seq=1 after_draw=0 op=clear result=00000000 qpc=9701451296700
clear flags=3 color=ff203040 z=1 stencil=0 rect_count=0 rect_ptr=00000000
surface role=clear_rt0 ptr=00118c60 identity=1 width=64 height=64 format=21 usage=1 msaa=0 container=0 container_type=0 container_result=80004002
surface role=clear_depth ptr=00118ca0 identity=2 width=64 height=64 format=77 usage=2 msaa=0 container=0 container_type=0 container_result=80004002
clear_viewport result=00000000 x=0 y=0 w=64 h=64 minz=0 maxz=1
capture_event device=1 frame=1 seq=2 after_draw=0 op=draw_begin result=00000000 qpc=9701451305435
draw device=1 frame=1 index=1 kind=primitive topology=4 primitives=1 vs=53a0a641107ed76c ps=98731d5594e36226
geometry source=buffers
stream slot=0 result=00000000 identity=3 offset=0 stride=24 frequency=1 frequency_result=00000000
vertex_buffer identity=3 bytes=72 usage=0 pool=1 fvf=0
buffer_content kind=vertex identity=3 result=80070057 status=00000001 requested=0 known=0 ambiguous=0 revision=0 pending=0 flags=00000000
stream slot=1 result=00000000 identity=0
stream slot=2 result=00000000 identity=0
stream slot=3 result=00000000 identity=0
stream slot=4 result=00000000 identity=0
stream slot=5 result=00000000 identity=0
stream slot=6 result=00000000 identity=0
stream slot=7 result=00000000 identity=0
stream slot=8 result=00000000 identity=0
stream slot=9 result=00000000 identity=0
stream slot=10 result=00000000 identity=0
stream slot=11 result=00000000 identity=0
stream slot=12 result=00000000 identity=0
stream slot=13 result=00000000 identity=0
stream slot=14 result=00000000 identity=0
stream slot=15 result=00000000 identity=0
indices result=00000000 identity=0
surface role=rt0 ptr=00118c60 identity=1 width=64 height=64 format=21 usage=1 msaa=0 container=0 container_type=0 container_result=80004002
surface role=depth ptr=00118ca0 identity=2 width=64 height=64 format=77 usage=2 msaa=0 container=0 container_type=0 container_result=80004002
state id=7 value=0
state id=14 value=0
state id=23 value=4
state id=15 value=1
state id=24 value=0
state id=25 value=8
state id=27 value=1
state id=19 value=2
state id=20 value=1
state id=171 value=1
state id=22 value=2
state id=168 value=7
state id=194 value=0
state id=206 value=0
state id=52 value=1
state id=56 value=8
state id=57 value=0
state id=58 value=4294967295
state id=59 value=4294967295
state id=53 value=1
state id=54 value=1
state id=55 value=1
state id=185 value=0
state id=189 value=8
state id=186 value=1
state id=187 value=1
state id=188 value=1
viewport x=0 y=0 w=64 h=64 minz=0 maxz=1
resource identity=9 ptr=0214d8d0 type=3
texture stage=0 ptr=0214d8d0 type=3 identity=9 levels=1
texture_desc stage=0 w=2 h=2 format=21
sampler stage=0 state=6 value=1
sampler stage=0 state=5 value=1
sampler stage=0 state=7 value=0
sampler stage=0 state=10 value=1
sampler stage=0 state=11 value=0
sampler stage=0 state=8 value=0 bias=0
sampler stage=0 state=9 value=0
resource identity=10 ptr=0214d950 type=3
texture stage=1 ptr=0214d950 type=3 identity=10 levels=1
texture_desc stage=1 w=2 h=2 format=21
sampler stage=1 state=6 value=1
sampler stage=1 state=5 value=1
sampler stage=1 state=7 value=0
sampler stage=1 state=10 value=1
sampler stage=1 state=11 value=0
sampler stage=1 state=8 value=0 bias=0
sampler stage=1 state=9 value=0
resource identity=11 ptr=0214d9d0 type=3
texture stage=2 ptr=0214d9d0 type=3 identity=11 levels=1
texture_desc stage=2 w=2 h=2 format=21
sampler stage=2 state=6 value=1
sampler stage=2 state=5 value=1
sampler stage=2 state=7 value=0
sampler stage=2 state=10 value=1
sampler stage=2 state=11 value=0
sampler stage=2 state=8 value=0 bias=0
sampler stage=2 state=9 value=0
resource identity=12 ptr=0214dd50 type=5
texture stage=3 ptr=0214dd50 type=5 identity=12 levels=1
sampler stage=3 state=6 value=1
sampler stage=3 state=5 value=1
sampler stage=3 state=7 value=0
sampler stage=3 state=10 value=1
sampler stage=3 state=11 value=0
sampler stage=3 state=8 value=0 bias=0
sampler stage=3 state=9 value=0
sampler stage=4 state=6 value=1
sampler stage=4 state=5 value=1
sampler stage=4 state=7 value=0
sampler stage=4 state=10 value=1
sampler stage=4 state=11 value=0
sampler stage=4 state=8 value=0 bias=0
sampler stage=4 state=9 value=0
sampler stage=5 state=6 value=1
sampler stage=5 state=5 value=1
sampler stage=5 state=7 value=0
sampler stage=5 state=10 value=1
sampler stage=5 state=11 value=0
sampler stage=5 state=8 value=0 bias=0
sampler stage=5 state=9 value=0
sampler stage=6 state=6 value=1
sampler stage=6 state=5 value=1
sampler stage=6 state=7 value=0
sampler stage=6 state=10 value=1
sampler stage=6 state=11 value=0
sampler stage=6 state=8 value=0 bias=0
sampler stage=6 state=9 value=0
sampler stage=7 state=6 value=1
sampler stage=7 state=5 value=1
sampler stage=7 state=7 value=0
sampler stage=7 state=10 value=1
sampler stage=7 state=11 value=0
sampler stage=7 state=8 value=0 bias=0
sampler stage=7 state=9 value=0
sampler stage=8 state=6 value=1
sampler stage=8 state=5 value=1
sampler stage=8 state=7 value=0
sampler stage=8 state=10 value=1
sampler stage=8 state=11 value=0
sampler stage=8 state=8 value=0 bias=0
sampler stage=8 state=9 value=0
sampler stage=9 state=6 value=1
sampler stage=9 state=5 value=1
sampler stage=9 state=7 value=0
sampler stage=9 state=10 value=1
sampler stage=9 state=11 value=0
sampler stage=9 state=8 value=0 bias=0
sampler stage=9 state=9 value=0
sampler stage=10 state=6 value=1
sampler stage=10 state=5 value=1
sampler stage=10 state=7 value=0
sampler stage=10 state=10 value=1
sampler stage=10 state=11 value=0
sampler stage=10 state=8 value=0 bias=0
sampler stage=10 state=9 value=0
sampler stage=11 state=6 value=1
sampler stage=11 state=5 value=1
sampler stage=11 state=7 value=0
sampler stage=11 state=10 value=1
sampler stage=11 state=11 value=0
sampler stage=11 state=8 value=0 bias=0
sampler stage=11 state=9 value=0
sampler stage=12 state=6 value=1
sampler stage=12 state=5 value=1
sampler stage=12 state=7 value=0
sampler stage=12 state=10 value=1
sampler stage=12 state=11 value=0
sampler stage=12 state=8 value=0 bias=0
sampler stage=12 state=9 value=0
sampler stage=13 state=6 value=1
sampler stage=13 state=5 value=1
sampler stage=13 state=7 value=0
sampler stage=13 state=10 value=1
sampler stage=13 state=11 value=0
sampler stage=13 state=8 value=0 bias=0
sampler stage=13 state=9 value=0
sampler stage=14 state=6 value=1
sampler stage=14 state=5 value=1
sampler stage=14 state=7 value=0
sampler stage=14 state=10 value=1
sampler stage=14 state=11 value=0
sampler stage=14 state=8 value=0 bias=0
sampler stage=14 state=9 value=0
sampler stage=15 state=6 value=1
sampler stage=15 state=5 value=1
sampler stage=15 state=7 value=0
sampler stage=15 state=10 value=1
sampler stage=15 state=11 value=0
sampler stage=15 state=8 value=0 bias=0
sampler stage=15 state=9 value=0
vertex_element stream=0 offset=0 type=16 method=0 usage=0 index=0
vertex_element stream=0 offset=8 type=16 method=0 usage=5 index=0
vertex_element stream=0 offset=16 type=16 method=0 usage=3 index=0
vertex_element stream=255 offset=0 type=17 method=0 usage=0 index=0
transform state=256 row=0 values=1,0,0,0
transform state=256 row=1 values=0,1,0,0
transform state=256 row=2 values=0,0,1,0
transform state=256 row=3 values=0,0,0,1
transform state=2 row=0 values=1,0,0,0
transform state=2 row=1 values=0,1,0,0
transform state=2 row=2 values=0,0,1,0
transform state=2 row=3 values=0,0,0,1
transform state=3 row=0 values=1,0,0,0
transform state=3 row=1 values=0,1,0,0
transform state=3 row=2 values=0,0,1,0
transform state=3 row=3 values=0,0,0,1
constants kind=vs type=f count=256 result=00000000 encoding=sparse_zero
constant kind=vs type=f reg=0 bits=bf800000,3f800000,40400000,00000000
constant kind=vs type=f reg=1 bits=3d23d70a,3ccccccd,3c75c28f,00000000
constant kind=vs type=f reg=2 bits=3f800000,3d4ccccd,00000000,00000000
constant kind=vs type=f reg=3 bits=00000000,3f800000,40400000,00000000
constant kind=vs type=f reg=4 bits=3d23d70a,3ccccccd,3c75c28f,00000000
constant kind=vs type=f reg=5 bits=3f800000,3d4ccccd,00000000,00000000
constant kind=vs type=f reg=6 bits=3f800000,3f800000,40400000,00000000
constant kind=vs type=f reg=7 bits=3d23d70a,3ccccccd,3c75c28f,00000000
constant kind=vs type=f reg=8 bits=3f800000,3d4ccccd,00000000,00000000
constant kind=vs type=f reg=9 bits=bf800000,3f800000,40400000,00000000
constant kind=vs type=f reg=10 bits=3d23d70a,3ccccccd,3c75c28f,00000000
constant kind=vs type=f reg=11 bits=3f800000,3d4ccccd,00000000,00000000
constant kind=vs type=f reg=12 bits=00000000,3f800000,40400000,00000000
constant kind=vs type=f reg=13 bits=3d23d70a,3ccccccd,3c75c28f,00000000
constant kind=vs type=f reg=14 bits=3f800000,3d4ccccd,00000000,00000000
constant kind=vs type=f reg=15 bits=3f800000,3f800000,40400000,00000000
constant kind=vs type=f reg=16 bits=3d23d70a,3ccccccd,3c75c28f,00000000
constant kind=vs type=f reg=17 bits=3f800000,3d4ccccd,00000000,00000000
constant kind=vs type=f reg=18 bits=bf800000,3f800000,40400000,00000000
constant kind=vs type=f reg=19 bits=3d23d70a,3ccccccd,3c75c28f,00000000
constant kind=vs type=f reg=20 bits=3f800000,3d4ccccd,00000000,00000000
constant kind=vs type=f reg=21 bits=00000000,3f800000,40400000,00000000
constant kind=vs type=f reg=22 bits=3d23d70a,3ccccccd,3c75c28f,00000000
constant kind=vs type=f reg=23 bits=3f800000,3d4ccccd,00000000,00000000
constant kind=vs type=f reg=24 bits=3f800000,00000000,00000000,00000000
constant kind=vs type=f reg=25 bits=00000000,3f800000,00000000,00000000
constant kind=vs type=f reg=26 bits=00000000,00000000,3f800000,00000000
constant kind=vs type=f reg=27 bits=00000000,00000000,00000000,3f800000
constant kind=vs type=f reg=28 bits=3f800000,00000000,00000000,00000000
constant kind=vs type=f reg=29 bits=00000000,3f800000,00000000,00000000
constant kind=vs type=f reg=30 bits=00000000,00000000,3f800000,00000000
constant kind=vs type=f reg=31 bits=3f800000,00000000,00000000,00000000
constant kind=vs type=f reg=32 bits=00000000,3f800000,00000000,00000000
constant kind=vs type=f reg=33 bits=00000000,00000000,3f800000,00000000
constant kind=vs type=f reg=34 bits=3f800000,00000000,00000000,00000000
constant kind=vs type=f reg=35 bits=00000000,3f800000,00000000,00000000
constant kind=vs type=f reg=36 bits=00000000,00000000,3f800000,40800000
constant kind=vs type=f reg=37 bits=3f800000,00000000,00000000,00000000
constant kind=vs type=f reg=38 bits=00000000,3f800000,00000000,00000000
constant kind=vs type=f reg=39 bits=3f200000,00000000,00000000,00000000
constant kind=vs type=f reg=40 bits=3e4ccccd,3dcccccd,3d4ccccd,00000000
constant kind=vs type=f reg=41 bits=3f800000,00000000,00000000,00000000
constants kind=vs type=i count=16 result=00000000 encoding=full
constant kind=vs type=i reg=0 values=1,0,1,0
constant kind=vs type=i reg=1 values=0,0,0,0
constant kind=vs type=i reg=2 values=0,0,0,0
constant kind=vs type=i reg=3 values=0,0,0,0
constant kind=vs type=i reg=4 values=0,0,0,0
constant kind=vs type=i reg=5 values=0,0,0,0
constant kind=vs type=i reg=6 values=0,0,0,0
constant kind=vs type=i reg=7 values=0,0,0,0
constant kind=vs type=i reg=8 values=0,0,0,0
constant kind=vs type=i reg=9 values=0,0,0,0
constant kind=vs type=i reg=10 values=0,0,0,0
constant kind=vs type=i reg=11 values=0,0,0,0
constant kind=vs type=i reg=12 values=0,0,0,0
constant kind=vs type=i reg=13 values=0,0,0,0
constant kind=vs type=i reg=14 values=0,0,0,0
constant kind=vs type=i reg=15 values=0,0,0,0
constants kind=vs type=b count=16 result=00000000 encoding=full
constant kind=vs type=b reg=0 values=0
constant kind=vs type=b reg=1 values=0
constant kind=vs type=b reg=2 values=0
constant kind=vs type=b reg=3 values=0
constant kind=vs type=b reg=4 values=0
constant kind=vs type=b reg=5 values=0
constant kind=vs type=b reg=6 values=0
constant kind=vs type=b reg=7 values=0
constant kind=vs type=b reg=8 values=0
constant kind=vs type=b reg=9 values=0
constant kind=vs type=b reg=10 values=0
constant kind=vs type=b reg=11 values=0
constant kind=vs type=b reg=12 values=0
constant kind=vs type=b reg=13 values=0
constant kind=vs type=b reg=14 values=0
constant kind=vs type=b reg=15 values=0
constants kind=ps type=f count=224 result=00000000 encoding=sparse_zero
constant kind=ps type=f reg=0 bits=3f800000,00000000,00000000,00000000
constant kind=ps type=f reg=1 bits=00000000,3f800000,00000000,00000000
constant kind=ps type=f reg=2 bits=00000000,00000000,3f800000,00000000
constant kind=ps type=f reg=3 bits=3e800000,00000000,00000000,00000000
constant kind=ps type=f reg=4 bits=00000000,00000000,3f800000,00000000
constant kind=ps type=f reg=5 bits=3e99999a,3e4ccccd,3dcccccd,00000000
constant kind=ps type=f reg=6 bits=3f000000,00000000,3f000000,00000000
constant kind=ps type=f reg=7 bits=3dcccccd,3e19999a,3e4ccccd,00000000
constants kind=ps type=i count=16 result=00000000 encoding=full
constant kind=ps type=i reg=0 values=0,0,0,0
constant kind=ps type=i reg=1 values=0,0,0,0
constant kind=ps type=i reg=2 values=0,0,0,0
constant kind=ps type=i reg=3 values=0,0,0,0
constant kind=ps type=i reg=4 values=0,0,0,0
constant kind=ps type=i reg=5 values=0,0,0,0
constant kind=ps type=i reg=6 values=0,0,0,0
constant kind=ps type=i reg=7 values=0,0,0,0
constant kind=ps type=i reg=8 values=0,0,0,0
constant kind=ps type=i reg=9 values=0,0,0,0
constant kind=ps type=i reg=10 values=0,0,0,0
constant kind=ps type=i reg=11 values=0,0,0,0
constant kind=ps type=i reg=12 values=0,0,0,0
constant kind=ps type=i reg=13 values=0,0,0,0
constant kind=ps type=i reg=14 values=0,0,0,0
constant kind=ps type=i reg=15 values=0,0,0,0
constants kind=ps type=b count=16 result=00000000 encoding=full
constant kind=ps type=b reg=0 values=0
constant kind=ps type=b reg=1 values=0
constant kind=ps type=b reg=2 values=0
constant kind=ps type=b reg=3 values=0
constant kind=ps type=b reg=4 values=0
constant kind=ps type=b reg=5 values=0
constant kind=ps type=b reg=6 values=0
constant kind=ps type=b reg=7 values=0
constant kind=ps type=b reg=8 values=0
constant kind=ps type=b reg=9 values=0
constant kind=ps type=b reg=10 values=0
constant kind=ps type=b reg=11 values=0
constant kind=ps type=b reg=12 values=0
constant kind=ps type=b reg=13 values=0
constant kind=ps type=b reg=14 values=0
constant kind=ps type=b reg=15 values=0
draw_args start_vertex=0
motion_input device=1 frame=1 index=1 blockers=00000252 proofs=20 position_path=1 vs=53a0a641107ed76c ps=98731d5594e36226 declaration=0cdf6a8c884ad955 rows_hash=1b0c97ae01a7ec05 color=1 depth=2 width=64 height=64 cull=2 vb=3 vb_revision=0 ib=0 ib_revision=0 position_offset=0 position_type=16 lifetime_verified=0 vertex_finite_verified=0
motion_geometry device=1 frame=1 index=1 source_qualified=1 source_hash=53a0a641107ed76c source_words=526 finite_requested=0 finite_state=0 finite_reason=4 finite_status=00000001 finite_generation=0 finite_revision=0 index_required=0 index_requested=0 index_known=0 index_range_verified=0 index_exact=0 index_min=0 index_max=0 index_reason=1 index_status=00000001 index_generation=0 index_revision=0
draw_result device=1 frame=1 index=1 result=00000000
capture_event device=1 frame=1 seq=3 after_draw=1 op=clear result=00000000 qpc=9701451317916
clear flags=2 color=00000000 z=1 stencil=0 rect_count=0 rect_ptr=00000000
surface role=clear_rt0 ptr=00118c60 identity=1 width=64 height=64 format=21 usage=1 msaa=0 container=0 container_type=0 container_result=80004002
surface role=clear_depth ptr=00118ca0 identity=2 width=64 height=64 format=77 usage=2 msaa=0 container=0 container_type=0 container_result=80004002
clear_viewport result=00000000 x=0 y=0 w=64 h=64 minz=0 maxz=1
capture_event device=1 frame=1 seq=4 after_draw=1 op=draw_begin result=00000000 qpc=9701451319119
draw device=1 frame=1 index=2 kind=primitive topology=4 primitives=1 vs=53a0a641107ed76c ps=8759c7838bbc86c2
geometry source=buffers
stream slot=0 result=00000000 identity=3 offset=0 stride=24 frequency=1 frequency_result=00000000
vertex_buffer identity=3 bytes=72 usage=0 pool=1 fvf=0
buffer_content kind=vertex identity=3 result=80070057 status=00000001 requested=0 known=0 ambiguous=0 revision=0 pending=0 flags=00000000
stream slot=1 result=00000000 identity=0
stream slot=2 result=00000000 identity=0
stream slot=3 result=00000000 identity=0
stream slot=4 result=00000000 identity=0
stream slot=5 result=00000000 identity=0
stream slot=6 result=00000000 identity=0
stream slot=7 result=00000000 identity=0
stream slot=8 result=00000000 identity=0
stream slot=9 result=00000000 identity=0
stream slot=10 result=00000000 identity=0
stream slot=11 result=00000000 identity=0
stream slot=12 result=00000000 identity=0
stream slot=13 result=00000000 identity=0
stream slot=14 result=00000000 identity=0
stream slot=15 result=00000000 identity=0
indices result=00000000 identity=0
surface role=rt0 ptr=00118c60 identity=1 width=64 height=64 format=21 usage=1 msaa=0 container=0 container_type=0 container_result=80004002
surface role=depth ptr=00118ca0 identity=2 width=64 height=64 format=77 usage=2 msaa=0 container=0 container_type=0 container_result=80004002
state id=7 value=1
state id=14 value=1
state id=23 value=4
state id=15 value=0
state id=24 value=0
state id=25 value=8
state id=27 value=0
state id=19 value=2
state id=20 value=1
state id=171 value=1
state id=22 value=1
state id=168 value=15
state id=194 value=0
state id=206 value=0
state id=52 value=0
state id=56 value=8
state id=57 value=0
state id=58 value=4294967295
state id=59 value=4294967295
state id=53 value=1
state id=54 value=1
state id=55 value=1
state id=185 value=0
state id=189 value=8
state id=186 value=1
state id=187 value=1
state id=188 value=1
viewport x=0 y=0 w=64 h=64 minz=0 maxz=1
texture stage=0 ptr=0214d8d0 type=3 identity=9 levels=1
texture_desc stage=0 w=2 h=2 format=21
sampler stage=0 state=6 value=1
sampler stage=0 state=5 value=1
sampler stage=0 state=7 value=0
sampler stage=0 state=10 value=1
sampler stage=0 state=11 value=0
sampler stage=0 state=8 value=0 bias=0
sampler stage=0 state=9 value=0
texture stage=1 ptr=0214d950 type=3 identity=10 levels=1
texture_desc stage=1 w=2 h=2 format=21
sampler stage=1 state=6 value=1
sampler stage=1 state=5 value=1
sampler stage=1 state=7 value=0
sampler stage=1 state=10 value=1
sampler stage=1 state=11 value=0
sampler stage=1 state=8 value=0 bias=0
sampler stage=1 state=9 value=0
texture stage=2 ptr=0214d9d0 type=3 identity=11 levels=1
texture_desc stage=2 w=2 h=2 format=21
sampler stage=2 state=6 value=1
sampler stage=2 state=5 value=1
sampler stage=2 state=7 value=0
sampler stage=2 state=10 value=1
sampler stage=2 state=11 value=0
sampler stage=2 state=8 value=0 bias=0
sampler stage=2 state=9 value=0
texture stage=3 ptr=0214dd50 type=5 identity=12 levels=1
sampler stage=3 state=6 value=1
sampler stage=3 state=5 value=1
sampler stage=3 state=7 value=0
sampler stage=3 state=10 value=1
sampler stage=3 state=11 value=0
sampler stage=3 state=8 value=0 bias=0
sampler stage=3 state=9 value=0
sampler stage=4 state=6 value=1
sampler stage=4 state=5 value=1
sampler stage=4 state=7 value=0
sampler stage=4 state=10 value=1
sampler stage=4 state=11 value=0
sampler stage=4 state=8 value=0 bias=0
sampler stage=4 state=9 value=0
sampler stage=5 state=6 value=1
sampler stage=5 state=5 value=1
sampler stage=5 state=7 value=0
sampler stage=5 state=10 value=1
sampler stage=5 state=11 value=0
sampler stage=5 state=8 value=0 bias=0
sampler stage=5 state=9 value=0
sampler stage=6 state=6 value=1
sampler stage=6 state=5 value=1
sampler stage=6 state=7 value=0
sampler stage=6 state=10 value=1
sampler stage=6 state=11 value=0
sampler stage=6 state=8 value=0 bias=0
sampler stage=6 state=9 value=0
sampler stage=7 state=6 value=1
sampler stage=7 state=5 value=1
sampler stage=7 state=7 value=0
sampler stage=7 state=10 value=1
sampler stage=7 state=11 value=0
sampler stage=7 state=8 value=0 bias=0
sampler stage=7 state=9 value=0
sampler stage=8 state=6 value=1
sampler stage=8 state=5 value=1
sampler stage=8 state=7 value=0
sampler stage=8 state=10 value=1
sampler stage=8 state=11 value=0
sampler stage=8 state=8 value=0 bias=0
sampler stage=8 state=9 value=0
sampler stage=9 state=6 value=1
sampler stage=9 state=5 value=1
sampler stage=9 state=7 value=0
sampler stage=9 state=10 value=1
sampler stage=9 state=11 value=0
sampler stage=9 state=8 value=0 bias=0
sampler stage=9 state=9 value=0
sampler stage=10 state=6 value=1
sampler stage=10 state=5 value=1
sampler stage=10 state=7 value=0
sampler stage=10 state=10 value=1
sampler stage=10 state=11 value=0
sampler stage=10 state=8 value=0 bias=0
sampler stage=10 state=9 value=0
sampler stage=11 state=6 value=1
sampler stage=11 state=5 value=1
sampler stage=11 state=7 value=0
sampler stage=11 state=10 value=1
sampler stage=11 state=11 value=0
sampler stage=11 state=8 value=0 bias=0
sampler stage=11 state=9 value=0
sampler stage=12 state=6 value=1
sampler stage=12 state=5 value=1
sampler stage=12 state=7 value=0
sampler stage=12 state=10 value=1
sampler stage=12 state=11 value=0
sampler stage=12 state=8 value=0 bias=0
sampler stage=12 state=9 value=0
sampler stage=13 state=6 value=1
sampler stage=13 state=5 value=1
sampler stage=13 state=7 value=0
sampler stage=13 state=10 value=1
sampler stage=13 state=11 value=0
sampler stage=13 state=8 value=0 bias=0
sampler stage=13 state=9 value=0
sampler stage=14 state=6 value=1
sampler stage=14 state=5 value=1
sampler stage=14 state=7 value=0
sampler stage=14 state=10 value=1
sampler stage=14 state=11 value=0
sampler stage=14 state=8 value=0 bias=0
sampler stage=14 state=9 value=0
sampler stage=15 state=6 value=1
sampler stage=15 state=5 value=1
sampler stage=15 state=7 value=0
sampler stage=15 state=10 value=1
sampler stage=15 state=11 value=0
sampler stage=15 state=8 value=0 bias=0
sampler stage=15 state=9 value=0
vertex_element stream=0 offset=0 type=16 method=0 usage=0 index=0
vertex_element stream=0 offset=8 type=16 method=0 usage=5 index=0
vertex_element stream=0 offset=16 type=16 method=0 usage=3 index=0
vertex_element stream=255 offset=0 type=17 method=0 usage=0 index=0
transform state=256 row=0 values=1,0,0,0
transform state=256 row=1 values=0,1,0,0
transform state=256 row=2 values=0,0,1,0
transform state=256 row=3 values=0,0,0,1
transform state=2 row=0 values=1,0,0,0
transform state=2 row=1 values=0,1,0,0
transform state=2 row=2 values=0,0,1,0
transform state=2 row=3 values=0,0,0,1
transform state=3 row=0 values=1,0,0,0
transform state=3 row=1 values=0,1,0,0
transform state=3 row=2 values=0,0,1,0
transform state=3 row=3 values=0,0,0,1
constants kind=vs type=f count=256 result=00000000 encoding=sparse_zero
constant kind=vs type=f reg=0 bits=bf800000,3f800000,40400000,00000000
constant kind=vs type=f reg=1 bits=3d23d70a,3ccccccd,3c75c28f,00000000
constant kind=vs type=f reg=2 bits=3f800000,3d4ccccd,00000000,00000000
constant kind=vs type=f reg=3 bits=00000000,3f800000,40400000,00000000
constant kind=vs type=f reg=4 bits=3d23d70a,3ccccccd,3c75c28f,00000000
constant kind=vs type=f reg=5 bits=3f800000,3d4ccccd,00000000,00000000
constant kind=vs type=f reg=6 bits=3f800000,3f800000,40400000,00000000
constant kind=vs type=f reg=7 bits=3d23d70a,3ccccccd,3c75c28f,00000000
constant kind=vs type=f reg=8 bits=3f800000,3d4ccccd,00000000,00000000
constant kind=vs type=f reg=9 bits=bf800000,3f800000,40400000,00000000
constant kind=vs type=f reg=10 bits=3d23d70a,3ccccccd,3c75c28f,00000000
constant kind=vs type=f reg=11 bits=3f800000,3d4ccccd,00000000,00000000
constant kind=vs type=f reg=12 bits=00000000,3f800000,40400000,00000000
constant kind=vs type=f reg=13 bits=3d23d70a,3ccccccd,3c75c28f,00000000
constant kind=vs type=f reg=14 bits=3f800000,3d4ccccd,00000000,00000000
constant kind=vs type=f reg=15 bits=3f800000,3f800000,40400000,00000000
constant kind=vs type=f reg=16 bits=3d23d70a,3ccccccd,3c75c28f,00000000
constant kind=vs type=f reg=17 bits=3f800000,3d4ccccd,00000000,00000000
constant kind=vs type=f reg=18 bits=bf800000,3f800000,40400000,00000000
constant kind=vs type=f reg=19 bits=3d23d70a,3ccccccd,3c75c28f,00000000
constant kind=vs type=f reg=20 bits=3f800000,3d4ccccd,00000000,00000000
constant kind=vs type=f reg=21 bits=00000000,3f800000,40400000,00000000
constant kind=vs type=f reg=22 bits=3d23d70a,3ccccccd,3c75c28f,00000000
constant kind=vs type=f reg=23 bits=3f800000,3d4ccccd,00000000,00000000
constant kind=vs type=f reg=24 bits=3f800000,00000000,00000000,3f4ccccd
constant kind=vs type=f reg=25 bits=00000000,3f800000,00000000,00000000
constant kind=vs type=f reg=26 bits=00000000,00000000,3f800000,00000000
constant kind=vs type=f reg=27 bits=3e000000,00000000,00000000,3f800000
constant kind=vs type=f reg=28 bits=3f800000,00000000,00000000,00000000
constant kind=vs type=f reg=29 bits=00000000,3f800000,00000000,00000000
constant kind=vs type=f reg=30 bits=00000000,00000000,3f800000,00000000
constant kind=vs type=f reg=31 bits=3f800000,00000000,00000000,00000000
constant kind=vs type=f reg=32 bits=00000000,3f800000,00000000,00000000
constant kind=vs type=f reg=33 bits=00000000,00000000,3f800000,00000000
constant kind=vs type=f reg=34 bits=3f800000,00000000,00000000,00000000
constant kind=vs type=f reg=35 bits=00000000,3f800000,00000000,00000000
constant kind=vs type=f reg=36 bits=00000000,00000000,3f800000,40800000
constant kind=vs type=f reg=37 bits=3f800000,00000000,00000000,00000000
constant kind=vs type=f reg=38 bits=00000000,3f800000,00000000,00000000
constant kind=vs type=f reg=39 bits=3f200000,00000000,00000000,00000000
constant kind=vs type=f reg=40 bits=3e4ccccd,3dcccccd,3d4ccccd,00000000
constant kind=vs type=f reg=41 bits=3f800000,00000000,00000000,00000000
constant kind=vs type=f reg=252 bits=42c80000,42ca0000,42cc0000,42ce0000
constant kind=vs type=f reg=253 bits=42d00000,42d20000,42d40000,42d60000
constant kind=vs type=f reg=254 bits=42d80000,42da0000,42dc0000,42de0000
constant kind=vs type=f reg=255 bits=42e00000,42e20000,42e40000,42e60000
constants kind=vs type=i count=16 result=00000000 encoding=full
constant kind=vs type=i reg=0 values=1,0,1,0
constant kind=vs type=i reg=1 values=0,0,0,0
constant kind=vs type=i reg=2 values=0,0,0,0
constant kind=vs type=i reg=3 values=0,0,0,0
constant kind=vs type=i reg=4 values=0,0,0,0
constant kind=vs type=i reg=5 values=0,0,0,0
constant kind=vs type=i reg=6 values=0,0,0,0
constant kind=vs type=i reg=7 values=0,0,0,0
constant kind=vs type=i reg=8 values=0,0,0,0
constant kind=vs type=i reg=9 values=0,0,0,0
constant kind=vs type=i reg=10 values=0,0,0,0
constant kind=vs type=i reg=11 values=0,0,0,0
constant kind=vs type=i reg=12 values=0,0,0,0
constant kind=vs type=i reg=13 values=0,0,0,0
constant kind=vs type=i reg=14 values=0,0,0,0
constant kind=vs type=i reg=15 values=0,0,0,0
constants kind=vs type=b count=16 result=00000000 encoding=full
constant kind=vs type=b reg=0 values=0
constant kind=vs type=b reg=1 values=0
constant kind=vs type=b reg=2 values=0
constant kind=vs type=b reg=3 values=0
constant kind=vs type=b reg=4 values=0
constant kind=vs type=b reg=5 values=0
constant kind=vs type=b reg=6 values=0
constant kind=vs type=b reg=7 values=0
constant kind=vs type=b reg=8 values=0
constant kind=vs type=b reg=9 values=0
constant kind=vs type=b reg=10 values=0
constant kind=vs type=b reg=11 values=0
constant kind=vs type=b reg=12 values=0
constant kind=vs type=b reg=13 values=0
constant kind=vs type=b reg=14 values=0
constant kind=vs type=b reg=15 values=0
constants kind=ps type=f count=224 result=00000000 encoding=sparse_zero
constant kind=ps type=f reg=0 bits=3f800000,00000000,00000000,00000000
constant kind=ps type=f reg=1 bits=00000000,3f800000,00000000,00000000
constant kind=ps type=f reg=2 bits=00000000,00000000,3f800000,00000000
constant kind=ps type=f reg=3 bits=3e800000,00000000,00000000,00000000
constant kind=ps type=f reg=4 bits=00000000,00000000,3f800000,00000000
constant kind=ps type=f reg=5 bits=3e99999a,3e4ccccd,3dcccccd,00000000
constant kind=ps type=f reg=6 bits=3f000000,00000000,3f000000,00000000
constant kind=ps type=f reg=7 bits=3dcccccd,3e19999a,3e4ccccd,00000000
constant kind=ps type=f reg=216 bits=43480000,43490000,434a0000,434b0000
constant kind=ps type=f reg=217 bits=434c0000,434d0000,434e0000,434f0000
constants kind=ps type=i count=16 result=00000000 encoding=full
constant kind=ps type=i reg=0 values=0,0,0,0
constant kind=ps type=i reg=1 values=0,0,0,0
constant kind=ps type=i reg=2 values=0,0,0,0
constant kind=ps type=i reg=3 values=0,0,0,0
constant kind=ps type=i reg=4 values=0,0,0,0
constant kind=ps type=i reg=5 values=0,0,0,0
constant kind=ps type=i reg=6 values=0,0,0,0
constant kind=ps type=i reg=7 values=0,0,0,0
constant kind=ps type=i reg=8 values=0,0,0,0
constant kind=ps type=i reg=9 values=0,0,0,0
constant kind=ps type=i reg=10 values=0,0,0,0
constant kind=ps type=i reg=11 values=0,0,0,0
constant kind=ps type=i reg=12 values=0,0,0,0
constant kind=ps type=i reg=13 values=0,0,0,0
constant kind=ps type=i reg=14 values=0,0,0,0
constant kind=ps type=i reg=15 values=0,0,0,0
constants kind=ps type=b count=16 result=00000000 encoding=full
constant kind=ps type=b reg=0 values=0
constant kind=ps type=b reg=1 values=0
constant kind=ps type=b reg=2 values=0
constant kind=ps type=b reg=3 values=0
constant kind=ps type=b reg=4 values=0
constant kind=ps type=b reg=5 values=0
constant kind=ps type=b reg=6 values=0
constant kind=ps type=b reg=7 values=0
constant kind=ps type=b reg=8 values=0
constant kind=ps type=b reg=9 values=0
constant kind=ps type=b reg=10 values=0
constant kind=ps type=b reg=11 values=0
constant kind=ps type=b reg=12 values=0
constant kind=ps type=b reg=13 values=0
constant kind=ps type=b reg=14 values=0
constant kind=ps type=b reg=15 values=0
draw_args start_vertex=0
motion_route device=1 frame=1 index=2 gate=5 routed=1 matched=0 depth=1 jittered=1 vs=53a0a641107ed76c ps=8759c7838bbc86c2 node=00000000 camera=00000000 node_handle=0 camera_handle=0 node_serial=0 camera_serial=0 load_epoch=0 registry_epoch=0 model=00000000 lod=00000000 vb=3 ib=0 declaration=0cdf6a8c884ad955 offset=0 stride=24 position_offset=0 position_type=16 topology=4 first=0 primitives=1 base_vertex=0 min_vertex=0 vertex_count=0 indexed=0 pass=1 rows_hash=6e1905db0b783f53 result=00000000
motion_input device=1 frame=1 index=2 blockers=00000210 proofs=28 position_path=1 vs=53a0a641107ed76c ps=8759c7838bbc86c2 declaration=0cdf6a8c884ad955 rows_hash=6e1905db0b783f53 color=1 depth=2 width=64 height=64 cull=1 vb=3 vb_revision=0 ib=0 ib_revision=0 position_offset=0 position_type=16 lifetime_verified=0 vertex_finite_verified=0
motion_geometry device=1 frame=1 index=2 source_qualified=1 source_hash=53a0a641107ed76c source_words=526 finite_requested=0 finite_state=0 finite_reason=4 finite_status=00000001 finite_generation=0 finite_revision=0 index_required=0 index_requested=0 index_known=0 index_range_verified=0 index_exact=0 index_min=0 index_max=0 index_reason=1 index_status=00000001 index_generation=0 index_revision=0
draw_result device=1 frame=1 index=2 result=00000000
capture_event device=1 frame=1 seq=5 after_draw=2 op=draw_begin result=00000000 qpc=9701451328890
draw device=1 frame=1 index=3 kind=primitive topology=4 primitives=1 vs=53a0a641107ed76c ps=8759c7838bbc86c2
geometry source=buffers
stream slot=0 result=00000000 identity=6 offset=0 stride=24 frequency=1 frequency_result=00000000
vertex_buffer identity=6 bytes=72 usage=0 pool=1 fvf=0
buffer_content kind=vertex identity=6 result=80070057 status=00000001 requested=0 known=0 ambiguous=0 revision=0 pending=0 flags=00000000
stream slot=1 result=00000000 identity=0
stream slot=2 result=00000000 identity=0
stream slot=3 result=00000000 identity=0
stream slot=4 result=00000000 identity=0
stream slot=5 result=00000000 identity=0
stream slot=6 result=00000000 identity=0
stream slot=7 result=00000000 identity=0
stream slot=8 result=00000000 identity=0
stream slot=9 result=00000000 identity=0
stream slot=10 result=00000000 identity=0
stream slot=11 result=00000000 identity=0
stream slot=12 result=00000000 identity=0
stream slot=13 result=00000000 identity=0
stream slot=14 result=00000000 identity=0
stream slot=15 result=00000000 identity=0
indices result=00000000 identity=0
surface role=rt0 ptr=00118c60 identity=1 width=64 height=64 format=21 usage=1 msaa=0 container=0 container_type=0 container_result=80004002
surface role=depth ptr=00118ca0 identity=2 width=64 height=64 format=77 usage=2 msaa=0 container=0 container_type=0 container_result=80004002
state id=7 value=1
state id=14 value=1
state id=23 value=4
state id=15 value=0
state id=24 value=0
state id=25 value=8
state id=27 value=0
state id=19 value=2
state id=20 value=1
state id=171 value=1
state id=22 value=1
state id=168 value=15
state id=194 value=0
state id=206 value=0
state id=52 value=0
state id=56 value=8
state id=57 value=0
state id=58 value=4294967295
state id=59 value=4294967295
state id=53 value=1
state id=54 value=1
state id=55 value=1
state id=185 value=0
state id=189 value=8
state id=186 value=1
state id=187 value=1
state id=188 value=1
viewport x=0 y=0 w=64 h=64 minz=0 maxz=1
texture stage=0 ptr=0214d8d0 type=3 identity=9 levels=1
texture_desc stage=0 w=2 h=2 format=21
sampler stage=0 state=6 value=1
sampler stage=0 state=5 value=1
sampler stage=0 state=7 value=0
sampler stage=0 state=10 value=1
sampler stage=0 state=11 value=0
sampler stage=0 state=8 value=0 bias=0
sampler stage=0 state=9 value=0
texture stage=1 ptr=0214d950 type=3 identity=10 levels=1
texture_desc stage=1 w=2 h=2 format=21
sampler stage=1 state=6 value=1
sampler stage=1 state=5 value=1
sampler stage=1 state=7 value=0
sampler stage=1 state=10 value=1
sampler stage=1 state=11 value=0
sampler stage=1 state=8 value=0 bias=0
sampler stage=1 state=9 value=0
texture stage=2 ptr=0214d9d0 type=3 identity=11 levels=1
texture_desc stage=2 w=2 h=2 format=21
sampler stage=2 state=6 value=1
sampler stage=2 state=5 value=1
sampler stage=2 state=7 value=0
sampler stage=2 state=10 value=1
sampler stage=2 state=11 value=0
sampler stage=2 state=8 value=0 bias=0
sampler stage=2 state=9 value=0
texture stage=3 ptr=0214dd50 type=5 identity=12 levels=1
sampler stage=3 state=6 value=1
sampler stage=3 state=5 value=1
sampler stage=3 state=7 value=0
sampler stage=3 state=10 value=1
sampler stage=3 state=11 value=0
sampler stage=3 state=8 value=0 bias=0
sampler stage=3 state=9 value=0
sampler stage=4 state=6 value=1
sampler stage=4 state=5 value=1
sampler stage=4 state=7 value=0
sampler stage=4 state=10 value=1
sampler stage=4 state=11 value=0
sampler stage=4 state=8 value=0 bias=0
sampler stage=4 state=9 value=0
sampler stage=5 state=6 value=1
sampler stage=5 state=5 value=1
sampler stage=5 state=7 value=0
sampler stage=5 state=10 value=1
sampler stage=5 state=11 value=0
sampler stage=5 state=8 value=0 bias=0
sampler stage=5 state=9 value=0
sampler stage=6 state=6 value=1
sampler stage=6 state=5 value=1
sampler stage=6 state=7 value=0
sampler stage=6 state=10 value=1
sampler stage=6 state=11 value=0
sampler stage=6 state=8 value=0 bias=0
sampler stage=6 state=9 value=0
sampler stage=7 state=6 value=1
sampler stage=7 state=5 value=1
sampler stage=7 state=7 value=0
sampler stage=7 state=10 value=1
sampler stage=7 state=11 value=0
sampler stage=7 state=8 value=0 bias=0
sampler stage=7 state=9 value=0
sampler stage=8 state=6 value=1
sampler stage=8 state=5 value=1
sampler stage=8 state=7 value=0
sampler stage=8 state=10 value=1
sampler stage=8 state=11 value=0
sampler stage=8 state=8 value=0 bias=0
sampler stage=8 state=9 value=0
sampler stage=9 state=6 value=1
sampler stage=9 state=5 value=1
sampler stage=9 state=7 value=0
sampler stage=9 state=10 value=1
sampler stage=9 state=11 value=0
sampler stage=9 state=8 value=0 bias=0
sampler stage=9 state=9 value=0
sampler stage=10 state=6 value=1
sampler stage=10 state=5 value=1
sampler stage=10 state=7 value=0
sampler stage=10 state=10 value=1
sampler stage=10 state=11 value=0
sampler stage=10 state=8 value=0 bias=0
sampler stage=10 state=9 value=0
sampler stage=11 state=6 value=1
sampler stage=11 state=5 value=1
sampler stage=11 state=7 value=0
sampler stage=11 state=10 value=1
sampler stage=11 state=11 value=0
sampler stage=11 state=8 value=0 bias=0
sampler stage=11 state=9 value=0
sampler stage=12 state=6 value=1
sampler stage=12 state=5 value=1
sampler stage=12 state=7 value=0
sampler stage=12 state=10 value=1
sampler stage=12 state=11 value=0
sampler stage=12 state=8 value=0 bias=0
sampler stage=12 state=9 value=0
sampler stage=13 state=6 value=1
sampler stage=13 state=5 value=1
sampler stage=13 state=7 value=0
sampler stage=13 state=10 value=1
sampler stage=13 state=11 value=0
sampler stage=13 state=8 value=0 bias=0
sampler stage=13 state=9 value=0
sampler stage=14 state=6 value=1
sampler stage=14 state=5 value=1
sampler stage=14 state=7 value=0
sampler stage=14 state=10 value=1
sampler stage=14 state=11 value=0
sampler stage=14 state=8 value=0 bias=0
sampler stage=14 state=9 value=0
sampler stage=15 state=6 value=1
sampler stage=15 state=5 value=1
sampler stage=15 state=7 value=0
sampler stage=15 state=10 value=1
sampler stage=15 state=11 value=0
sampler stage=15 state=8 value=0 bias=0
sampler stage=15 state=9 value=0
vertex_element stream=0 offset=0 type=16 method=0 usage=0 index=0
vertex_element stream=0 offset=8 type=16 method=0 usage=5 index=0
vertex_element stream=0 offset=16 type=16 method=0 usage=3 index=0
vertex_element stream=255 offset=0 type=17 method=0 usage=0 index=0
transform state=256 row=0 values=1,0,0,0
transform state=256 row=1 values=0,1,0,0
transform state=256 row=2 values=0,0,1,0
transform state=256 row=3 values=0,0,0,1
transform state=2 row=0 values=1,0,0,0
transform state=2 row=1 values=0,1,0,0
transform state=2 row=2 values=0,0,1,0
transform state=2 row=3 values=0,0,0,1
transform state=3 row=0 values=1,0,0,0
transform state=3 row=1 values=0,1,0,0
transform state=3 row=2 values=0,0,1,0
transform state=3 row=3 values=0,0,0,1
constants kind=vs type=f count=256 result=00000000 encoding=sparse_zero
constant kind=vs type=f reg=0 bits=bf800000,3f800000,40400000,00000000
constant kind=vs type=f reg=1 bits=3d23d70a,3ccccccd,3c75c28f,00000000
constant kind=vs type=f reg=2 bits=3f800000,3d4ccccd,00000000,00000000
constant kind=vs type=f reg=3 bits=00000000,3f800000,40400000,00000000
constant kind=vs type=f reg=4 bits=3d23d70a,3ccccccd,3c75c28f,00000000
constant kind=vs type=f reg=5 bits=3f800000,3d4ccccd,00000000,00000000
constant kind=vs type=f reg=6 bits=3f800000,3f800000,40400000,00000000
constant kind=vs type=f reg=7 bits=3d23d70a,3ccccccd,3c75c28f,00000000
constant kind=vs type=f reg=8 bits=3f800000,3d4ccccd,00000000,00000000
constant kind=vs type=f reg=9 bits=bf800000,3f800000,40400000,00000000
constant kind=vs type=f reg=10 bits=3d23d70a,3ccccccd,3c75c28f,00000000
constant kind=vs type=f reg=11 bits=3f800000,3d4ccccd,00000000,00000000
constant kind=vs type=f reg=12 bits=00000000,3f800000,40400000,00000000
constant kind=vs type=f reg=13 bits=3d23d70a,3ccccccd,3c75c28f,00000000
constant kind=vs type=f reg=14 bits=3f800000,3d4ccccd,00000000,00000000
constant kind=vs type=f reg=15 bits=3f800000,3f800000,40400000,00000000
constant kind=vs type=f reg=16 bits=3d23d70a,3ccccccd,3c75c28f,00000000
constant kind=vs type=f reg=17 bits=3f800000,3d4ccccd,00000000,00000000
constant kind=vs type=f reg=18 bits=bf800000,3f800000,40400000,00000000
constant kind=vs type=f reg=19 bits=3d23d70a,3ccccccd,3c75c28f,00000000
constant kind=vs type=f reg=20 bits=3f800000,3d4ccccd,00000000,00000000
constant kind=vs type=f reg=21 bits=00000000,3f800000,40400000,00000000
constant kind=vs type=f reg=22 bits=3d23d70a,3ccccccd,3c75c28f,00000000
constant kind=vs type=f reg=23 bits=3f800000,3d4ccccd,00000000,00000000
constant kind=vs type=f reg=24 bits=3f800000,00000000,00000000,bd4ccccd
constant kind=vs type=f reg=25 bits=00000000,3f800000,00000000,00000000
constant kind=vs type=f reg=26 bits=00000000,00000000,3f800000,3dcccccd
constant kind=vs type=f reg=27 bits=00000000,00000000,00000000,3f800000
constant kind=vs type=f reg=28 bits=3f800000,00000000,00000000,00000000
constant kind=vs type=f reg=29 bits=00000000,3f800000,00000000,00000000
constant kind=vs type=f reg=30 bits=00000000,00000000,3f800000,00000000
constant kind=vs type=f reg=31 bits=3f800000,00000000,00000000,00000000
constant kind=vs type=f reg=32 bits=00000000,3f800000,00000000,00000000
constant kind=vs type=f reg=33 bits=00000000,00000000,3f800000,00000000
constant kind=vs type=f reg=34 bits=3f800000,00000000,00000000,00000000
constant kind=vs type=f reg=35 bits=00000000,3f800000,00000000,00000000
constant kind=vs type=f reg=36 bits=00000000,00000000,3f800000,40800000
constant kind=vs type=f reg=37 bits=3f800000,00000000,00000000,00000000
constant kind=vs type=f reg=38 bits=00000000,3f800000,00000000,00000000
constant kind=vs type=f reg=39 bits=3f200000,00000000,00000000,00000000
constant kind=vs type=f reg=40 bits=3e4ccccd,3dcccccd,3d4ccccd,00000000
constant kind=vs type=f reg=41 bits=3f800000,00000000,00000000,00000000
constant kind=vs type=f reg=252 bits=42c80000,42ca0000,42cc0000,42ce0000
constant kind=vs type=f reg=253 bits=42d00000,42d20000,42d40000,42d60000
constant kind=vs type=f reg=254 bits=42d80000,42da0000,42dc0000,42de0000
constant kind=vs type=f reg=255 bits=42e00000,42e20000,42e40000,42e60000
constants kind=vs type=i count=16 result=00000000 encoding=full
constant kind=vs type=i reg=0 values=1,0,1,0
constant kind=vs type=i reg=1 values=0,0,0,0
constant kind=vs type=i reg=2 values=0,0,0,0
constant kind=vs type=i reg=3 values=0,0,0,0
constant kind=vs type=i reg=4 values=0,0,0,0
constant kind=vs type=i reg=5 values=0,0,0,0
constant kind=vs type=i reg=6 values=0,0,0,0
constant kind=vs type=i reg=7 values=0,0,0,0
constant kind=vs type=i reg=8 values=0,0,0,0
constant kind=vs type=i reg=9 values=0,0,0,0
constant kind=vs type=i reg=10 values=0,0,0,0
constant kind=vs type=i reg=11 values=0,0,0,0
constant kind=vs type=i reg=12 values=0,0,0,0
constant kind=vs type=i reg=13 values=0,0,0,0
constant kind=vs type=i reg=14 values=0,0,0,0
constant kind=vs type=i reg=15 values=0,0,0,0
constants kind=vs type=b count=16 result=00000000 encoding=full
constant kind=vs type=b reg=0 values=0
constant kind=vs type=b reg=1 values=0
constant kind=vs type=b reg=2 values=0
constant kind=vs type=b reg=3 values=0
constant kind=vs type=b reg=4 values=0
constant kind=vs type=b reg=5 values=0
constant kind=vs type=b reg=6 values=0
constant kind=vs type=b reg=7 values=0
constant kind=vs type=b reg=8 values=0
constant kind=vs type=b reg=9 values=0
constant kind=vs type=b reg=10 values=0
constant kind=vs type=b reg=11 values=0
constant kind=vs type=b reg=12 values=0
constant kind=vs type=b reg=13 values=0
constant kind=vs type=b reg=14 values=0
constant kind=vs type=b reg=15 values=0
constants kind=ps type=f count=224 result=00000000 encoding=sparse_zero
constant kind=ps type=f reg=0 bits=3f800000,00000000,00000000,00000000
constant kind=ps type=f reg=1 bits=00000000,3f800000,00000000,00000000
constant kind=ps type=f reg=2 bits=00000000,00000000,3f800000,00000000
constant kind=ps type=f reg=3 bits=3e800000,00000000,00000000,00000000
constant kind=ps type=f reg=4 bits=00000000,00000000,3f800000,00000000
constant kind=ps type=f reg=5 bits=3e99999a,3e4ccccd,3dcccccd,00000000
constant kind=ps type=f reg=6 bits=3f000000,00000000,3f000000,00000000
constant kind=ps type=f reg=7 bits=3dcccccd,3e19999a,3e4ccccd,00000000
constant kind=ps type=f reg=216 bits=43480000,43490000,434a0000,434b0000
constant kind=ps type=f reg=217 bits=434c0000,434d0000,434e0000,434f0000
constants kind=ps type=i count=16 result=00000000 encoding=full
constant kind=ps type=i reg=0 values=0,0,0,0
constant kind=ps type=i reg=1 values=0,0,0,0
constant kind=ps type=i reg=2 values=0,0,0,0
constant kind=ps type=i reg=3 values=0,0,0,0
constant kind=ps type=i reg=4 values=0,0,0,0
constant kind=ps type=i reg=5 values=0,0,0,0
constant kind=ps type=i reg=6 values=0,0,0,0
constant kind=ps type=i reg=7 values=0,0,0,0
constant kind=ps type=i reg=8 values=0,0,0,0
constant kind=ps type=i reg=9 values=0,0,0,0
constant kind=ps type=i reg=10 values=0,0,0,0
constant kind=ps type=i reg=11 values=0,0,0,0
constant kind=ps type=i reg=12 values=0,0,0,0
constant kind=ps type=i reg=13 values=0,0,0,0
constant kind=ps type=i reg=14 values=0,0,0,0
constant kind=ps type=i reg=15 values=0,0,0,0
constants kind=ps type=b count=16 result=00000000 encoding=full
constant kind=ps type=b reg=0 values=0
constant kind=ps type=b reg=1 values=0
constant kind=ps type=b reg=2 values=0
constant kind=ps type=b reg=3 values=0
constant kind=ps type=b reg=4 values=0
constant kind=ps type=b reg=5 values=0
constant kind=ps type=b reg=6 values=0
constant kind=ps type=b reg=7 values=0
constant kind=ps type=b reg=8 values=0
constant kind=ps type=b reg=9 values=0
constant kind=ps type=b reg=10 values=0
constant kind=ps type=b reg=11 values=0
constant kind=ps type=b reg=12 values=0
constant kind=ps type=b reg=13 values=0
constant kind=ps type=b reg=14 values=0
constant kind=ps type=b reg=15 values=0
draw_args start_vertex=0
motion_route device=1 frame=1 index=3 gate=5 routed=1 matched=0 depth=1 jittered=1 vs=53a0a641107ed76c ps=8759c7838bbc86c2 node=00000000 camera=00000000 node_handle=0 camera_handle=0 node_serial=0 camera_serial=0 load_epoch=0 registry_epoch=0 model=00000000 lod=00000000 vb=6 ib=0 declaration=0cdf6a8c884ad955 offset=0 stride=24 position_offset=0 position_type=16 topology=4 first=0 primitives=1 base_vertex=0 min_vertex=0 vertex_count=0 indexed=0 pass=1 rows_hash=8804f37c47da2009 result=00000000
motion_input device=1 frame=1 index=3 blockers=00000210 proofs=28 position_path=1 vs=53a0a641107ed76c ps=8759c7838bbc86c2 declaration=0cdf6a8c884ad955 rows_hash=8804f37c47da2009 color=1 depth=2 width=64 height=64 cull=1 vb=6 vb_revision=0 ib=0 ib_revision=0 position_offset=0 position_type=16 lifetime_verified=0 vertex_finite_verified=0
motion_geometry device=1 frame=1 index=3 source_qualified=1 source_hash=53a0a641107ed76c source_words=526 finite_requested=0 finite_state=0 finite_reason=4 finite_status=00000001 finite_generation=0 finite_revision=0 index_required=0 index_requested=0 index_known=0 index_range_verified=0 index_exact=0 index_min=0 index_max=0 index_reason=1 index_status=00000001 index_generation=0 index_revision=0
draw_result device=1 frame=1 index=3 result=00000000
motion_output_cut device=1 frame=1 samples=0 median_px=0.0000 keyed=0 missing=0 missing_fraction=0.0000 bound_px=2.400 bound_missing=0.250 cut=0
capture_event device=1 frame=1 seq=6 after_draw=3 op=set_depth result=00000000 qpc=9701451339096
set_depth ptr=00000000 result=00000000
surface role=depth_binding ptr=0 identity=0
hdr_readback device=1 frame=1 file=hdr_1_1.rgba16f width=64 height=64 format=rgba16f_row_major result=00000000 bytes=32768
motion_output_color_readback device=1 frame=1 file=color_1_1.bgra8 width=64 height=64 format=bgra8_row_major result=00000000 bytes=16384
motion_output_taa_readback device=1 frame=1 file=taa_1_1.rgba16f width=64 height=64 format=rgba16f_row_major result=00000000 bytes=32768
motion_output_present_readback device=1 frame=1 file=present_1_1.bgra8 width=64 height=64 format=bgra8_row_major result=00000000 bytes=16384
capture_event device=1 frame=1 seq=7 after_draw=3 op=stretch_rect result=00000000 qpc=9701451390899
stretch_rect source=00118c60 dest=0215aa58 filter=0 source_rect_null=1 dest_rect_null=1
surface role=stretch_source ptr=00118c60 identity=1 width=64 height=64 format=21 usage=1 msaa=0 container=0 container_type=0 container_result=80004002
surface role=stretch_dest ptr=0215aa58 identity=7 width=64 height=64 format=21 usage=1 msaa=0 container=8 container_type=3 container_result=00000000
capture_event device=1 frame=1 seq=8 after_draw=3 op=set_depth result=00000000 qpc=9701451429236
set_depth ptr=00118ca0 result=00000000
surface role=depth_binding ptr=00118ca0 identity=2 width=64 height=64 format=77 usage=2 msaa=0 container=0 container_type=0 container_result=80004002
motion_output_readback device=1 frame=1 file=motion_1_1.rgba32f width=64 height=64 format=rgba32f_row_major result=00000000 bytes=65536
motion_output_depth_readback device=1 frame=1 file=depth_1_1.r32f width=64 height=64 format=r32f_row_major result=00000000 bytes=16384
motion_output_frame device=1 frame=1 latched=1 filled=1 fill_result=00000000 fill_restore=00000000 draws=3 routed=2 matched=0 gate1=0 gate2=1 gate3=0 gate4=0 gate5=2 gate6=0 apply_failures=0 restore_failures=0 history_previous=0 history_current=0 committed=1 selector_state=9 present=00000000 depth=1 depth_routed=2 jitter=1 jitter_index=1 jitter_x=-0.250000 jitter_y=0.166667 jitter_previous_x=0.000000 jitter_previous_y=-0.166667 jittered=2 cut=0 cut_median_px=0.0000 cut_missing=0.0000 cut_samples=0 taa=1 taa_attempted=1 taa_resolved=1 taa_history=1 taa_skip=0 taa_result=00000000 taa_restore=00000000 taa_copy=00000001 taa_hdr=1 taa_k=0.00000 taa_sharpen=0 scene_open=0 active_queries=0 taa_references=6 camera_valid=0 camera_background_valid=0 camera_reads=0 camera_policy=1 camera_reason=2 camera_cut=0 camera_rotation_deg=0.0000 rt_mode=perdraw timing=cpu_qpc set_rt=8 lazy_flushes=0 jitter_writes=4 readbacks=6 gate_us=7.1 route_draw_us=15.9 set_rt_us=8.4 lazy_flush_us=0.0 jitter_us=1.0 fill_us=41.4 taa_run_us=277.3 taa_capture_us=5.7 taa_copy_color_us=0.1 taa_copy_depth_us=2.8 taa_draw_us=189.3 taa_apply_us=13.2 taa_copy_back_us=0.0 readback_us=5145.7 state_shadow=1 rs_queries=18 rs_hits=18 rs_gets=14 rs_resyncs=0 sb_resyncs=0 scene_hook=0 scene_end_source=stretchrect scene_end_check=3 hook_signals=0 hook_outside_scene=0 hook_state=0 draws_after_hook=0 bloom_copy_seen=1 mip_bias=0 mip_bias_sets=0 mip_bias_restores=0 mip_bias_draws=0 mip_bias_stages=0000 mip_bias_reads=0 mip_bias_game_writes=0 mip_bias_game_writes_total=0 mip_bias_failures=0 mip_bias_biased_now=0000
camera_state device=1 frame=1 status=executable_mismatch reads=0 valid=0 read_failure=0 failure=0 projection=00000000 view=00000000 p00=0 p11=0 p20=0 p21=0 r00=0 r01=0 r02=0 r10=0 r11=0 r12=0 r20=0 r21=0 r22=0 t=0,0,0 background_valid=0 background_p00=0 background_p11=0 background_rotation_deg=0.0000 history_view_valid=0 history_view_frame=1 rotation_deg=0.0000 policy=1 reason=2 camera_cut=0 mode=0 cut_deg=20.00
hdr_frame device=1 frame=1 hdr=1 redirected=1 end=bloom_copy writebacks=2 flushes=1 writeback_source=shader unwind=0 unwind_reason=none unwind_draw=00000001 unwind_restore=00000001 unwind_stretch=00000001 unwind_bind=00000001 blocked=0 recheck=none suspended=0 resumed=0 dirty_at_present=0 refused_msaa=0 target_create=00000000 latch_bind=00000000 target=64x64 target_bytes=32768 caps=ok stretch_conversion=00000000 timing=cpu_qpc redirect_us=3.9 writeback_us=86.9 writeback_draw_us=85.1 writeback_stretch_us=0.0 bind_us=0.0 recheck_us=0.0 tonemap=identity tonemapped=0 look=none decode=gamma2.2 clamp=0 exposure=auto ev=0.00000 ev_adapted=0.00000 ev_target=0.00000 avg_log_l=0.00000 luma_mean=1 dt_ms=0.000 stepped=0 steps=0 meter=00000001 readback=00000001 tonemap_draw=00000001 fallback=0 meter_us=0.0 readback_us=0.0 k=0.00000 chain_bytes=0 sharpen=off sharpened=0 sharpen_fallback=0
frame_end device=1 frame=1 draws=3 capture=1 present=00000000 elapsed_ms=946 dt_ms=14 qpc=9701451441142
frame_begin device=1 frame=2
capture_event device=1 frame=2 seq=1 after_draw=0 op=clear result=00000000 qpc=9701451441830
clear flags=3 color=ff203040 z=1 stencil=0 rect_count=0 rect_ptr=00000000
surface role=clear_rt0 ptr=00118c60 identity=1 width=64 height=64 format=21 usage=1 msaa=0 container=0 container_type=0 container_result=80004002
surface role=clear_depth ptr=00118ca0 identity=2 width=64 height=64 format=77 usage=2 msaa=0 container=0 container_type=0 container_result=80004002
clear_viewport result=00000000 x=0 y=0 w=64 h=64 minz=0 maxz=1
capture_event device=1 frame=2 seq=2 after_draw=0 op=draw_begin result=00000000 qpc=9701451442706
draw device=1 frame=2 index=1 kind=primitive topology=4 primitives=1 vs=53a0a641107ed76c ps=98731d5594e36226
geometry source=buffers
stream slot=0 result=00000000 identity=3 offset=0 stride=24 frequency=1 frequency_result=00000000
vertex_buffer identity=3 bytes=72 usage=0 pool=1 fvf=0
buffer_content kind=vertex identity=3 result=80070057 status=00000001 requested=0 known=0 ambiguous=0 revision=0 pending=0 flags=00000000
stream slot=1 result=00000000 identity=0
stream slot=2 result=00000000 identity=0
stream slot=3 result=00000000 identity=0
stream slot=4 result=00000000 identity=0
stream slot=5 result=00000000 identity=0
stream slot=6 result=00000000 identity=0
stream slot=7 result=00000000 identity=0
stream slot=8 result=00000000 identity=0
stream slot=9 result=00000000 identity=0
stream slot=10 result=00000000 identity=0
stream slot=11 result=00000000 identity=0
stream slot=12 result=00000000 identity=0
stream slot=13 result=00000000 identity=0
stream slot=14 result=00000000 identity=0
stream slot=15 result=00000000 identity=0
indices result=00000000 identity=0
surface role=rt0 ptr=00118c60 identity=1 width=64 height=64 format=21 usage=1 msaa=0 container=0 container_type=0 container_result=80004002
surface role=depth ptr=00118ca0 identity=2 width=64 height=64 format=77 usage=2 msaa=0 container=0 container_type=0 container_result=80004002
state id=7 value=0
state id=14 value=0
state id=23 value=4
state id=15 value=1
state id=24 value=0
state id=25 value=8
state id=27 value=1
state id=19 value=2
state id=20 value=1
state id=171 value=1
state id=22 value=2
state id=168 value=7
state id=194 value=0
state id=206 value=0
state id=52 value=1
state id=56 value=8
state id=57 value=0
state id=58 value=4294967295
state id=59 value=4294967295
state id=53 value=1
state id=54 value=1
state id=55 value=1
state id=185 value=0
state id=189 value=8
state id=186 value=1
state id=187 value=1
state id=188 value=1
viewport x=0 y=0 w=64 h=64 minz=0 maxz=1
texture stage=0 ptr=0214d8d0 type=3 identity=9 levels=1
texture_desc stage=0 w=2 h=2 format=21
sampler stage=0 state=6 value=1
sampler stage=0 state=5 value=1
sampler stage=0 state=7 value=0
sampler stage=0 state=10 value=1
sampler stage=0 state=11 value=0
sampler stage=0 state=8 value=0 bias=0
sampler stage=0 state=9 value=0
texture stage=1 ptr=0214d950 type=3 identity=10 levels=1
texture_desc stage=1 w=2 h=2 format=21
sampler stage=1 state=6 value=1
sampler stage=1 state=5 value=1
sampler stage=1 state=7 value=0
sampler stage=1 state=10 value=1
sampler stage=1 state=11 value=0
sampler stage=1 state=8 value=0 bias=0
sampler stage=1 state=9 value=0
texture stage=2 ptr=0214d9d0 type=3 identity=11 levels=1
texture_desc stage=2 w=2 h=2 format=21
sampler stage=2 state=6 value=1
sampler stage=2 state=5 value=1
sampler stage=2 state=7 value=0
sampler stage=2 state=10 value=1
sampler stage=2 state=11 value=0
sampler stage=2 state=8 value=0 bias=0
sampler stage=2 state=9 value=0
texture stage=3 ptr=0214dd50 type=5 identity=12 levels=1
sampler stage=3 state=6 value=1
sampler stage=3 state=5 value=1
sampler stage=3 state=7 value=0
sampler stage=3 state=10 value=1
sampler stage=3 state=11 value=0
sampler stage=3 state=8 value=0 bias=0
sampler stage=3 state=9 value=0
sampler stage=4 state=6 value=1
sampler stage=4 state=5 value=1
sampler stage=4 state=7 value=0
sampler stage=4 state=10 value=1
sampler stage=4 state=11 value=0
sampler stage=4 state=8 value=0 bias=0
sampler stage=4 state=9 value=0
sampler stage=5 state=6 value=1
sampler stage=5 state=5 value=1
sampler stage=5 state=7 value=0
sampler stage=5 state=10 value=1
sampler stage=5 state=11 value=0
sampler stage=5 state=8 value=0 bias=0
sampler stage=5 state=9 value=0
sampler stage=6 state=6 value=1
sampler stage=6 state=5 value=1
sampler stage=6 state=7 value=0
sampler stage=6 state=10 value=1
sampler stage=6 state=11 value=0
sampler stage=6 state=8 value=0 bias=0
sampler stage=6 state=9 value=0
sampler stage=7 state=6 value=1
sampler stage=7 state=5 value=1
sampler stage=7 state=7 value=0
sampler stage=7 state=10 value=1
sampler stage=7 state=11 value=0
sampler stage=7 state=8 value=0 bias=0
sampler stage=7 state=9 value=0
sampler stage=8 state=6 value=1
sampler stage=8 state=5 value=1
sampler stage=8 state=7 value=0
sampler stage=8 state=10 value=1
sampler stage=8 state=11 value=0
sampler stage=8 state=8 value=0 bias=0
sampler stage=8 state=9 value=0
sampler stage=9 state=6 value=1
sampler stage=9 state=5 value=1
sampler stage=9 state=7 value=0
sampler stage=9 state=10 value=1
sampler stage=9 state=11 value=0
sampler stage=9 state=8 value=0 bias=0
sampler stage=9 state=9 value=0
sampler stage=10 state=6 value=1
sampler stage=10 state=5 value=1
sampler stage=10 state=7 value=0
sampler stage=10 state=10 value=1
sampler stage=10 state=11 value=0
sampler stage=10 state=8 value=0 bias=0
sampler stage=10 state=9 value=0
sampler stage=11 state=6 value=1
sampler stage=11 state=5 value=1
sampler stage=11 state=7 value=0
sampler stage=11 state=10 value=1
sampler stage=11 state=11 value=0
sampler stage=11 state=8 value=0 bias=0
sampler stage=11 state=9 value=0
sampler stage=12 state=6 value=1
sampler stage=12 state=5 value=1
sampler stage=12 state=7 value=0
sampler stage=12 state=10 value=1
sampler stage=12 state=11 value=0
sampler stage=12 state=8 value=0 bias=0
sampler stage=12 state=9 value=0
sampler stage=13 state=6 value=1
sampler stage=13 state=5 value=1
sampler stage=13 state=7 value=0
sampler stage=13 state=10 value=1
sampler stage=13 state=11 value=0
sampler stage=13 state=8 value=0 bias=0
sampler stage=13 state=9 value=0
sampler stage=14 state=6 value=1
sampler stage=14 state=5 value=1
sampler stage=14 state=7 value=0
sampler stage=14 state=10 value=1
sampler stage=14 state=11 value=0
sampler stage=14 state=8 value=0 bias=0
sampler stage=14 state=9 value=0
sampler stage=15 state=6 value=1
sampler stage=15 state=5 value=1
sampler stage=15 state=7 value=0
sampler stage=15 state=10 value=1
sampler stage=15 state=11 value=0
sampler stage=15 state=8 value=0 bias=0
sampler stage=15 state=9 value=0
vertex_element stream=0 offset=0 type=16 method=0 usage=0 index=0
vertex_element stream=0 offset=8 type=16 method=0 usage=5 index=0
vertex_element stream=0 offset=16 type=16 method=0 usage=3 index=0
vertex_element stream=255 offset=0 type=17 method=0 usage=0 index=0
transform state=256 row=0 values=1,0,0,0
transform state=256 row=1 values=0,1,0,0
transform state=256 row=2 values=0,0,1,0
transform state=256 row=3 values=0,0,0,1
transform state=2 row=0 values=1,0,0,0
transform state=2 row=1 values=0,1,0,0
transform state=2 row=2 values=0,0,1,0
transform state=2 row=3 values=0,0,0,1
transform state=3 row=0 values=1,0,0,0
transform state=3 row=1 values=0,1,0,0
transform state=3 row=2 values=0,0,1,0
transform state=3 row=3 values=0,0,0,1
constants kind=vs type=f count=256 result=00000000 encoding=sparse_zero
constant kind=vs type=f reg=0 bits=bf800000,3f800000,40400000,00000000
constant kind=vs type=f reg=1 bits=3d23d70a,3ccccccd,3c75c28f,00000000
constant kind=vs type=f reg=2 bits=3f800000,3d4ccccd,00000000,00000000
constant kind=vs type=f reg=3 bits=00000000,3f800000,40400000,00000000
constant kind=vs type=f reg=4 bits=3d23d70a,3ccccccd,3c75c28f,00000000
constant kind=vs type=f reg=5 bits=3f800000,3d4ccccd,00000000,00000000
constant kind=vs type=f reg=6 bits=3f800000,3f800000,40400000,00000000
constant kind=vs type=f reg=7 bits=3d23d70a,3ccccccd,3c75c28f,00000000
constant kind=vs type=f reg=8 bits=3f800000,3d4ccccd,00000000,00000000
constant kind=vs type=f reg=9 bits=bf800000,3f800000,40400000,00000000
constant kind=vs type=f reg=10 bits=3d23d70a,3ccccccd,3c75c28f,00000000
constant kind=vs type=f reg=11 bits=3f800000,3d4ccccd,00000000,00000000
constant kind=vs type=f reg=12 bits=00000000,3f800000,40400000,00000000
constant kind=vs type=f reg=13 bits=3d23d70a,3ccccccd,3c75c28f,00000000
constant kind=vs type=f reg=14 bits=3f800000,3d4ccccd,00000000,00000000
constant kind=vs type=f reg=15 bits=3f800000,3f800000,40400000,00000000
constant kind=vs type=f reg=16 bits=3d23d70a,3ccccccd,3c75c28f,00000000
constant kind=vs type=f reg=17 bits=3f800000,3d4ccccd,00000000,00000000
constant kind=vs type=f reg=18 bits=bf800000,3f800000,40400000,00000000
constant kind=vs type=f reg=19 bits=3d23d70a,3ccccccd,3c75c28f,00000000
constant kind=vs type=f reg=20 bits=3f800000,3d4ccccd,00000000,00000000
constant kind=vs type=f reg=21 bits=00000000,3f800000,40400000,00000000
constant kind=vs type=f reg=22 bits=3d23d70a,3ccccccd,3c75c28f,00000000
constant kind=vs type=f reg=23 bits=3f800000,3d4ccccd,00000000,00000000
constant kind=vs type=f reg=24 bits=3f800000,00000000,00000000,00000000
constant kind=vs type=f reg=25 bits=00000000,3f800000,00000000,00000000
constant kind=vs type=f reg=26 bits=00000000,00000000,3f800000,00000000
constant kind=vs type=f reg=27 bits=00000000,00000000,00000000,3f800000
constant kind=vs type=f reg=28 bits=3f800000,00000000,00000000,00000000
constant kind=vs type=f reg=29 bits=00000000,3f800000,00000000,00000000
constant kind=vs type=f reg=30 bits=00000000,00000000,3f800000,00000000
constant kind=vs type=f reg=31 bits=3f800000,00000000,00000000,00000000
constant kind=vs type=f reg=32 bits=00000000,3f800000,00000000,00000000
constant kind=vs type=f reg=33 bits=00000000,00000000,3f800000,00000000
constant kind=vs type=f reg=34 bits=3f800000,00000000,00000000,00000000
constant kind=vs type=f reg=35 bits=00000000,3f800000,00000000,00000000
constant kind=vs type=f reg=36 bits=00000000,00000000,3f800000,40800000
constant kind=vs type=f reg=37 bits=3f800000,00000000,00000000,00000000
constant kind=vs type=f reg=38 bits=00000000,3f800000,00000000,00000000
constant kind=vs type=f reg=39 bits=3f200000,00000000,00000000,00000000
constant kind=vs type=f reg=40 bits=3e4ccccd,3dcccccd,3d4ccccd,00000000
constant kind=vs type=f reg=41 bits=3f800000,00000000,00000000,00000000
constant kind=vs type=f reg=252 bits=42c80000,42ca0000,42cc0000,42ce0000
constant kind=vs type=f reg=253 bits=42d00000,42d20000,42d40000,42d60000
constant kind=vs type=f reg=254 bits=42d80000,42da0000,42dc0000,42de0000
constant kind=vs type=f reg=255 bits=42e00000,42e20000,42e40000,42e60000
constants kind=vs type=i count=16 result=00000000 encoding=full
constant kind=vs type=i reg=0 values=1,0,1,0
constant kind=vs type=i reg=1 values=0,0,0,0
constant kind=vs type=i reg=2 values=0,0,0,0
constant kind=vs type=i reg=3 values=0,0,0,0
constant kind=vs type=i reg=4 values=0,0,0,0
constant kind=vs type=i reg=5 values=0,0,0,0
constant kind=vs type=i reg=6 values=0,0,0,0
constant kind=vs type=i reg=7 values=0,0,0,0
constant kind=vs type=i reg=8 values=0,0,0,0
constant kind=vs type=i reg=9 values=0,0,0,0
constant kind=vs type=i reg=10 values=0,0,0,0
constant kind=vs type=i reg=11 values=0,0,0,0
constant kind=vs type=i reg=12 values=0,0,0,0
constant kind=vs type=i reg=13 values=0,0,0,0
constant kind=vs type=i reg=14 values=0,0,0,0
constant kind=vs type=i reg=15 values=0,0,0,0
constants kind=vs type=b count=16 result=00000000 encoding=full
constant kind=vs type=b reg=0 values=0
constant kind=vs type=b reg=1 values=0
constant kind=vs type=b reg=2 values=0
constant kind=vs type=b reg=3 values=0
constant kind=vs type=b reg=4 values=0
constant kind=vs type=b reg=5 values=0
constant kind=vs type=b reg=6 values=0
constant kind=vs type=b reg=7 values=0
constant kind=vs type=b reg=8 values=0
constant kind=vs type=b reg=9 values=0
constant kind=vs type=b reg=10 values=0
constant kind=vs type=b reg=11 values=0
constant kind=vs type=b reg=12 values=0
constant kind=vs type=b reg=13 values=0
constant kind=vs type=b reg=14 values=0
constant kind=vs type=b reg=15 values=0
constants kind=ps type=f count=224 result=00000000 encoding=sparse_zero
constant kind=ps type=f reg=0 bits=3f800000,00000000,00000000,00000000
constant kind=ps type=f reg=1 bits=00000000,3f800000,00000000,00000000
constant kind=ps type=f reg=2 bits=00000000,00000000,3f800000,00000000
constant kind=ps type=f reg=3 bits=3e800000,00000000,00000000,00000000
constant kind=ps type=f reg=4 bits=00000000,00000000,3f800000,00000000
constant kind=ps type=f reg=5 bits=3e99999a,3e4ccccd,3dcccccd,00000000
constant kind=ps type=f reg=6 bits=3f000000,00000000,3f000000,00000000
constant kind=ps type=f reg=7 bits=3dcccccd,3e19999a,3e4ccccd,00000000
constant kind=ps type=f reg=216 bits=43480000,43490000,434a0000,434b0000
constant kind=ps type=f reg=217 bits=434c0000,434d0000,434e0000,434f0000
constants kind=ps type=i count=16 result=00000000 encoding=full
constant kind=ps type=i reg=0 values=0,0,0,0
constant kind=ps type=i reg=1 values=0,0,0,0
constant kind=ps type=i reg=2 values=0,0,0,0
constant kind=ps type=i reg=3 values=0,0,0,0
constant kind=ps type=i reg=4 values=0,0,0,0
constant kind=ps type=i reg=5 values=0,0,0,0
constant kind=ps type=i reg=6 values=0,0,0,0
constant kind=ps type=i reg=7 values=0,0,0,0
constant kind=ps type=i reg=8 values=0,0,0,0
constant kind=ps type=i reg=9 values=0,0,0,0
constant kind=ps type=i reg=10 values=0,0,0,0
constant kind=ps type=i reg=11 values=0,0,0,0
constant kind=ps type=i reg=12 values=0,0,0,0
constant kind=ps type=i reg=13 values=0,0,0,0
constant kind=ps type=i reg=14 values=0,0,0,0
constant kind=ps type=i reg=15 values=0,0,0,0
constants kind=ps type=b count=16 result=00000000 encoding=full
constant kind=ps type=b reg=0 values=0
constant kind=ps type=b reg=1 values=0
constant kind=ps type=b reg=2 values=0
constant kind=ps type=b reg=3 values=0
constant kind=ps type=b reg=4 values=0
constant kind=ps type=b reg=5 values=0
constant kind=ps type=b reg=6 values=0
constant kind=ps type=b reg=7 values=0
constant kind=ps type=b reg=8 values=0
constant kind=ps type=b reg=9 values=0
constant kind=ps type=b reg=10 values=0
constant kind=ps type=b reg=11 values=0
constant kind=ps type=b reg=12 values=0
constant kind=ps type=b reg=13 values=0
constant kind=ps type=b reg=14 values=0
constant kind=ps type=b reg=15 values=0
draw_args start_vertex=0
motion_input device=1 frame=2 index=1 blockers=00000252 proofs=20 position_path=1 vs=53a0a641107ed76c ps=98731d5594e36226 declaration=0cdf6a8c884ad955 rows_hash=1b0c97ae01a7ec05 color=1 depth=2 width=64 height=64 cull=2 vb=3 vb_revision=0 ib=0 ib_revision=0 position_offset=0 position_type=16 lifetime_verified=0 vertex_finite_verified=0
motion_geometry device=1 frame=2 index=1 source_qualified=1 source_hash=53a0a641107ed76c source_words=526 finite_requested=0 finite_state=0 finite_reason=4 finite_status=00000001 finite_generation=0 finite_revision=0 index_required=0 index_requested=0 index_known=0 index_range_verified=0 index_exact=0 index_min=0 index_max=0 index_reason=1 index_status=00000001 index_generation=0 index_revision=0
draw_result device=1 frame=2 index=1 result=00000000
capture_event device=1 frame=2 seq=3 after_draw=1 op=clear result=00000000 qpc=9701451451140
clear flags=2 color=00000000 z=1 stencil=0 rect_count=0 rect_ptr=00000000
surface role=clear_rt0 ptr=00118c60 identity=1 width=64 height=64 format=21 usage=1 msaa=0 container=0 container_type=0 container_result=80004002
surface role=clear_depth ptr=00118ca0 identity=2 width=64 height=64 format=77 usage=2 msaa=0 container=0 container_type=0 container_result=80004002
clear_viewport result=00000000 x=0 y=0 w=64 h=64 minz=0 maxz=1
capture_event device=1 frame=2 seq=4 after_draw=1 op=draw_begin result=00000000 qpc=9701451452068
draw device=1 frame=2 index=2 kind=primitive topology=4 primitives=1 vs=53a0a641107ed76c ps=8759c7838bbc86c2
geometry source=buffers
stream slot=0 result=00000000 identity=3 offset=0 stride=24 frequency=1 frequency_result=00000000
vertex_buffer identity=3 bytes=72 usage=0 pool=1 fvf=0
buffer_content kind=vertex identity=3 result=80070057 status=00000001 requested=0 known=0 ambiguous=0 revision=0 pending=0 flags=00000000
stream slot=1 result=00000000 identity=0
stream slot=2 result=00000000 identity=0
stream slot=3 result=00000000 identity=0
stream slot=4 result=00000000 identity=0
stream slot=5 result=00000000 identity=0
stream slot=6 result=00000000 identity=0
stream slot=7 result=00000000 identity=0
stream slot=8 result=00000000 identity=0
stream slot=9 result=00000000 identity=0
stream slot=10 result=00000000 identity=0
stream slot=11 result=00000000 identity=0
stream slot=12 result=00000000 identity=0
stream slot=13 result=00000000 identity=0
stream slot=14 result=00000000 identity=0
stream slot=15 result=00000000 identity=0
indices result=00000000 identity=0
surface role=rt0 ptr=00118c60 identity=1 width=64 height=64 format=21 usage=1 msaa=0 container=0 container_type=0 container_result=80004002
surface role=depth ptr=00118ca0 identity=2 width=64 height=64 format=77 usage=2 msaa=0 container=0 container_type=0 container_result=80004002
state id=7 value=1
state id=14 value=1
state id=23 value=4
state id=15 value=0
state id=24 value=0
state id=25 value=8
state id=27 value=0
state id=19 value=2
state id=20 value=1
state id=171 value=1
state id=22 value=1
state id=168 value=15
state id=194 value=0
state id=206 value=0
state id=52 value=0
state id=56 value=8
state id=57 value=0
state id=58 value=4294967295
state id=59 value=4294967295
state id=53 value=1
state id=54 value=1
state id=55 value=1
state id=185 value=0
state id=189 value=8
state id=186 value=1
state id=187 value=1
state id=188 value=1
viewport x=0 y=0 w=64 h=64 minz=0 maxz=1
texture stage=0 ptr=0214d8d0 type=3 identity=9 levels=1
texture_desc stage=0 w=2 h=2 format=21
sampler stage=0 state=6 value=1
sampler stage=0 state=5 value=1
sampler stage=0 state=7 value=0
sampler stage=0 state=10 value=1
sampler stage=0 state=11 value=0
sampler stage=0 state=8 value=0 bias=0
sampler stage=0 state=9 value=0
texture stage=1 ptr=0214d950 type=3 identity=10 levels=1
texture_desc stage=1 w=2 h=2 format=21
sampler stage=1 state=6 value=1
sampler stage=1 state=5 value=1
sampler stage=1 state=7 value=0
sampler stage=1 state=10 value=1
sampler stage=1 state=11 value=0
sampler stage=1 state=8 value=0 bias=0
sampler stage=1 state=9 value=0
texture stage=2 ptr=0214d9d0 type=3 identity=11 levels=1
texture_desc stage=2 w=2 h=2 format=21
sampler stage=2 state=6 value=1
sampler stage=2 state=5 value=1
sampler stage=2 state=7 value=0
sampler stage=2 state=10 value=1
sampler stage=2 state=11 value=0
sampler stage=2 state=8 value=0 bias=0
sampler stage=2 state=9 value=0
texture stage=3 ptr=0214dd50 type=5 identity=12 levels=1
sampler stage=3 state=6 value=1
sampler stage=3 state=5 value=1
sampler stage=3 state=7 value=0
sampler stage=3 state=10 value=1
sampler stage=3 state=11 value=0
sampler stage=3 state=8 value=0 bias=0
sampler stage=3 state=9 value=0
sampler stage=4 state=6 value=1
sampler stage=4 state=5 value=1
sampler stage=4 state=7 value=0
sampler stage=4 state=10 value=1
sampler stage=4 state=11 value=0
sampler stage=4 state=8 value=0 bias=0
sampler stage=4 state=9 value=0
sampler stage=5 state=6 value=1
sampler stage=5 state=5 value=1
sampler stage=5 state=7 value=0
sampler stage=5 state=10 value=1
sampler stage=5 state=11 value=0
sampler stage=5 state=8 value=0 bias=0
sampler stage=5 state=9 value=0
sampler stage=6 state=6 value=1
sampler stage=6 state=5 value=1
sampler stage=6 state=7 value=0
sampler stage=6 state=10 value=1
sampler stage=6 state=11 value=0
sampler stage=6 state=8 value=0 bias=0
sampler stage=6 state=9 value=0
sampler stage=7 state=6 value=1
sampler stage=7 state=5 value=1
sampler stage=7 state=7 value=0
sampler stage=7 state=10 value=1
sampler stage=7 state=11 value=0
sampler stage=7 state=8 value=0 bias=0
sampler stage=7 state=9 value=0
sampler stage=8 state=6 value=1
sampler stage=8 state=5 value=1
sampler stage=8 state=7 value=0
sampler stage=8 state=10 value=1
sampler stage=8 state=11 value=0
sampler stage=8 state=8 value=0 bias=0
sampler stage=8 state=9 value=0
sampler stage=9 state=6 value=1
sampler stage=9 state=5 value=1
sampler stage=9 state=7 value=0
sampler stage=9 state=10 value=1
sampler stage=9 state=11 value=0
sampler stage=9 state=8 value=0 bias=0
sampler stage=9 state=9 value=0
sampler stage=10 state=6 value=1
sampler stage=10 state=5 value=1
sampler stage=10 state=7 value=0
sampler stage=10 state=10 value=1
sampler stage=10 state=11 value=0
sampler stage=10 state=8 value=0 bias=0
sampler stage=10 state=9 value=0
sampler stage=11 state=6 value=1
sampler stage=11 state=5 value=1
sampler stage=11 state=7 value=0
sampler stage=11 state=10 value=1
sampler stage=11 state=11 value=0
sampler stage=11 state=8 value=0 bias=0
sampler stage=11 state=9 value=0
sampler stage=12 state=6 value=1
sampler stage=12 state=5 value=1
sampler stage=12 state=7 value=0
sampler stage=12 state=10 value=1
sampler stage=12 state=11 value=0
sampler stage=12 state=8 value=0 bias=0
sampler stage=12 state=9 value=0
sampler stage=13 state=6 value=1
sampler stage=13 state=5 value=1
sampler stage=13 state=7 value=0
sampler stage=13 state=10 value=1
sampler stage=13 state=11 value=0
sampler stage=13 state=8 value=0 bias=0
sampler stage=13 state=9 value=0
sampler stage=14 state=6 value=1
sampler stage=14 state=5 value=1
sampler stage=14 state=7 value=0
sampler stage=14 state=10 value=1
sampler stage=14 state=11 value=0
sampler stage=14 state=8 value=0 bias=0
sampler stage=14 state=9 value=0
sampler stage=15 state=6 value=1
sampler stage=15 state=5 value=1
sampler stage=15 state=7 value=0
sampler stage=15 state=10 value=1
sampler stage=15 state=11 value=0
sampler stage=15 state=8 value=0 bias=0
sampler stage=15 state=9 value=0
vertex_element stream=0 offset=0 type=16 method=0 usage=0 index=0
vertex_element stream=0 offset=8 type=16 method=0 usage=5 index=0
vertex_element stream=0 offset=16 type=16 method=0 usage=3 index=0
vertex_element stream=255 offset=0 type=17 method=0 usage=0 index=0
transform state=256 row=0 values=1,0,0,0
transform state=256 row=1 values=0,1,0,0
transform state=256 row=2 values=0,0,1,0
transform state=256 row=3 values=0,0,0,1
transform state=2 row=0 values=1,0,0,0
transform state=2 row=1 values=0,1,0,0
transform state=2 row=2 values=0,0,1,0
transform state=2 row=3 values=0,0,0,1
transform state=3 row=0 values=1,0,0,0
transform state=3 row=1 values=0,1,0,0
transform state=3 row=2 values=0,0,1,0
transform state=3 row=3 values=0,0,0,1
constants kind=vs type=f count=256 result=00000000 encoding=sparse_zero
constant kind=vs type=f reg=0 bits=bf800000,3f800000,40400000,00000000
constant kind=vs type=f reg=1 bits=3d23d70a,3ccccccd,3c75c28f,00000000
constant kind=vs type=f reg=2 bits=3f800000,3d4ccccd,00000000,00000000
constant kind=vs type=f reg=3 bits=00000000,3f800000,40400000,00000000
constant kind=vs type=f reg=4 bits=3d23d70a,3ccccccd,3c75c28f,00000000
constant kind=vs type=f reg=5 bits=3f800000,3d4ccccd,00000000,00000000
constant kind=vs type=f reg=6 bits=3f800000,3f800000,40400000,00000000
constant kind=vs type=f reg=7 bits=3d23d70a,3ccccccd,3c75c28f,00000000
constant kind=vs type=f reg=8 bits=3f800000,3d4ccccd,00000000,00000000
constant kind=vs type=f reg=9 bits=bf800000,3f800000,40400000,00000000
constant kind=vs type=f reg=10 bits=3d23d70a,3ccccccd,3c75c28f,00000000
constant kind=vs type=f reg=11 bits=3f800000,3d4ccccd,00000000,00000000
constant kind=vs type=f reg=12 bits=00000000,3f800000,40400000,00000000
constant kind=vs type=f reg=13 bits=3d23d70a,3ccccccd,3c75c28f,00000000
constant kind=vs type=f reg=14 bits=3f800000,3d4ccccd,00000000,00000000
constant kind=vs type=f reg=15 bits=3f800000,3f800000,40400000,00000000
constant kind=vs type=f reg=16 bits=3d23d70a,3ccccccd,3c75c28f,00000000
constant kind=vs type=f reg=17 bits=3f800000,3d4ccccd,00000000,00000000
constant kind=vs type=f reg=18 bits=bf800000,3f800000,40400000,00000000
constant kind=vs type=f reg=19 bits=3d23d70a,3ccccccd,3c75c28f,00000000
constant kind=vs type=f reg=20 bits=3f800000,3d4ccccd,00000000,00000000
constant kind=vs type=f reg=21 bits=00000000,3f800000,40400000,00000000
constant kind=vs type=f reg=22 bits=3d23d70a,3ccccccd,3c75c28f,00000000
constant kind=vs type=f reg=23 bits=3f800000,3d4ccccd,00000000,00000000
constant kind=vs type=f reg=24 bits=3f800000,00000000,00000000,3f4ccccd
constant kind=vs type=f reg=25 bits=00000000,3f800000,00000000,00000000
constant kind=vs type=f reg=26 bits=00000000,00000000,3f800000,00000000
constant kind=vs type=f reg=27 bits=3e000000,00000000,00000000,3f800000
constant kind=vs type=f reg=28 bits=3f800000,00000000,00000000,00000000
constant kind=vs type=f reg=29 bits=00000000,3f800000,00000000,00000000
constant kind=vs type=f reg=30 bits=00000000,00000000,3f800000,00000000
constant kind=vs type=f reg=31 bits=3f800000,00000000,00000000,00000000
constant kind=vs type=f reg=32 bits=00000000,3f800000,00000000,00000000
constant kind=vs type=f reg=33 bits=00000000,00000000,3f800000,00000000
constant kind=vs type=f reg=34 bits=3f800000,00000000,00000000,00000000
constant kind=vs type=f reg=35 bits=00000000,3f800000,00000000,00000000
constant kind=vs type=f reg=36 bits=00000000,00000000,3f800000,40800000
constant kind=vs type=f reg=37 bits=3f800000,00000000,00000000,00000000
constant kind=vs type=f reg=38 bits=00000000,3f800000,00000000,00000000
constant kind=vs type=f reg=39 bits=3f200000,00000000,00000000,00000000
constant kind=vs type=f reg=40 bits=3e4ccccd,3dcccccd,3d4ccccd,00000000
constant kind=vs type=f reg=41 bits=3f800000,00000000,00000000,00000000
constant kind=vs type=f reg=252 bits=42c80000,42ca0000,42cc0000,42ce0000
constant kind=vs type=f reg=253 bits=42d00000,42d20000,42d40000,42d60000
constant kind=vs type=f reg=254 bits=42d80000,42da0000,42dc0000,42de0000
constant kind=vs type=f reg=255 bits=42e00000,42e20000,42e40000,42e60000
constants kind=vs type=i count=16 result=00000000 encoding=full
constant kind=vs type=i reg=0 values=1,0,1,0
constant kind=vs type=i reg=1 values=0,0,0,0
constant kind=vs type=i reg=2 values=0,0,0,0
constant kind=vs type=i reg=3 values=0,0,0,0
constant kind=vs type=i reg=4 values=0,0,0,0
constant kind=vs type=i reg=5 values=0,0,0,0
constant kind=vs type=i reg=6 values=0,0,0,0
constant kind=vs type=i reg=7 values=0,0,0,0
constant kind=vs type=i reg=8 values=0,0,0,0
constant kind=vs type=i reg=9 values=0,0,0,0
constant kind=vs type=i reg=10 values=0,0,0,0
constant kind=vs type=i reg=11 values=0,0,0,0
constant kind=vs type=i reg=12 values=0,0,0,0
constant kind=vs type=i reg=13 values=0,0,0,0
constant kind=vs type=i reg=14 values=0,0,0,0
constant kind=vs type=i reg=15 values=0,0,0,0
constants kind=vs type=b count=16 result=00000000 encoding=full
constant kind=vs type=b reg=0 values=0
constant kind=vs type=b reg=1 values=0
constant kind=vs type=b reg=2 values=0
constant kind=vs type=b reg=3 values=0
constant kind=vs type=b reg=4 values=0
constant kind=vs type=b reg=5 values=0
constant kind=vs type=b reg=6 values=0
constant kind=vs type=b reg=7 values=0
constant kind=vs type=b reg=8 values=0
constant kind=vs type=b reg=9 values=0
constant kind=vs type=b reg=10 values=0
constant kind=vs type=b reg=11 values=0
constant kind=vs type=b reg=12 values=0
constant kind=vs type=b reg=13 values=0
constant kind=vs type=b reg=14 values=0
constant kind=vs type=b reg=15 values=0
constants kind=ps type=f count=224 result=00000000 encoding=sparse_zero
constant kind=ps type=f reg=0 bits=3f800000,00000000,00000000,00000000
constant kind=ps type=f reg=1 bits=00000000,3f800000,00000000,00000000
constant kind=ps type=f reg=2 bits=00000000,00000000,3f800000,00000000
constant kind=ps type=f reg=3 bits=3e800000,00000000,00000000,00000000
constant kind=ps type=f reg=4 bits=00000000,00000000,3f800000,00000000
constant kind=ps type=f reg=5 bits=3e99999a,3e4ccccd,3dcccccd,00000000
constant kind=ps type=f reg=6 bits=3f000000,00000000,3f000000,00000000
constant kind=ps type=f reg=7 bits=3dcccccd,3e19999a,3e4ccccd,00000000
constant kind=ps type=f reg=216 bits=43480000,43490000,434a0000,434b0000
constant kind=ps type=f reg=217 bits=434c0000,434d0000,434e0000,434f0000
constants kind=ps type=i count=16 result=00000000 encoding=full
constant kind=ps type=i reg=0 values=0,0,0,0
constant kind=ps type=i reg=1 values=0,0,0,0
constant kind=ps type=i reg=2 values=0,0,0,0
constant kind=ps type=i reg=3 values=0,0,0,0
constant kind=ps type=i reg=4 values=0,0,0,0
constant kind=ps type=i reg=5 values=0,0,0,0
constant kind=ps type=i reg=6 values=0,0,0,0
constant kind=ps type=i reg=7 values=0,0,0,0
constant kind=ps type=i reg=8 values=0,0,0,0
constant kind=ps type=i reg=9 values=0,0,0,0
constant kind=ps type=i reg=10 values=0,0,0,0
constant kind=ps type=i reg=11 values=0,0,0,0
constant kind=ps type=i reg=12 values=0,0,0,0
constant kind=ps type=i reg=13 values=0,0,0,0
constant kind=ps type=i reg=14 values=0,0,0,0
constant kind=ps type=i reg=15 values=0,0,0,0
constants kind=ps type=b count=16 result=00000000 encoding=full
constant kind=ps type=b reg=0 values=0
constant kind=ps type=b reg=1 values=0
constant kind=ps type=b reg=2 values=0
constant kind=ps type=b reg=3 values=0
constant kind=ps type=b reg=4 values=0
constant kind=ps type=b reg=5 values=0
constant kind=ps type=b reg=6 values=0
constant kind=ps type=b reg=7 values=0
constant kind=ps type=b reg=8 values=0
constant kind=ps type=b reg=9 values=0
constant kind=ps type=b reg=10 values=0
constant kind=ps type=b reg=11 values=0
constant kind=ps type=b reg=12 values=0
constant kind=ps type=b reg=13 values=0
constant kind=ps type=b reg=14 values=0
constant kind=ps type=b reg=15 values=0
draw_args start_vertex=0
motion_route device=1 frame=2 index=2 gate=5 routed=1 matched=0 depth=1 jittered=1 vs=53a0a641107ed76c ps=8759c7838bbc86c2 node=00000000 camera=00000000 node_handle=0 camera_handle=0 node_serial=0 camera_serial=0 load_epoch=0 registry_epoch=0 model=00000000 lod=00000000 vb=3 ib=0 declaration=0cdf6a8c884ad955 offset=0 stride=24 position_offset=0 position_type=16 topology=4 first=0 primitives=1 base_vertex=0 min_vertex=0 vertex_count=0 indexed=0 pass=1 rows_hash=6e1905db0b783f53 result=00000000
motion_input device=1 frame=2 index=2 blockers=00000210 proofs=28 position_path=1 vs=53a0a641107ed76c ps=8759c7838bbc86c2 declaration=0cdf6a8c884ad955 rows_hash=6e1905db0b783f53 color=1 depth=2 width=64 height=64 cull=1 vb=3 vb_revision=0 ib=0 ib_revision=0 position_offset=0 position_type=16 lifetime_verified=0 vertex_finite_verified=0
motion_geometry device=1 frame=2 index=2 source_qualified=1 source_hash=53a0a641107ed76c source_words=526 finite_requested=0 finite_state=0 finite_reason=4 finite_status=00000001 finite_generation=0 finite_revision=0 index_required=0 index_requested=0 index_known=0 index_range_verified=0 index_exact=0 index_min=0 index_max=0 index_reason=1 index_status=00000001 index_generation=0 index_revision=0
draw_result device=1 frame=2 index=2 result=00000000
capture_event device=1 frame=2 seq=5 after_draw=2 op=draw_begin result=00000000 qpc=9701451461353
draw device=1 frame=2 index=3 kind=primitive topology=4 primitives=1 vs=53a0a641107ed76c ps=8759c7838bbc86c2
geometry source=buffers
stream slot=0 result=00000000 identity=6 offset=0 stride=24 frequency=1 frequency_result=00000000
vertex_buffer identity=6 bytes=72 usage=0 pool=1 fvf=0
buffer_content kind=vertex identity=6 result=80070057 status=00000001 requested=0 known=0 ambiguous=0 revision=0 pending=0 flags=00000000
stream slot=1 result=00000000 identity=0
stream slot=2 result=00000000 identity=0
stream slot=3 result=00000000 identity=0
stream slot=4 result=00000000 identity=0
stream slot=5 result=00000000 identity=0
stream slot=6 result=00000000 identity=0
stream slot=7 result=00000000 identity=0
stream slot=8 result=00000000 identity=0
stream slot=9 result=00000000 identity=0
stream slot=10 result=00000000 identity=0
stream slot=11 result=00000000 identity=0
stream slot=12 result=00000000 identity=0
stream slot=13 result=00000000 identity=0
stream slot=14 result=00000000 identity=0
stream slot=15 result=00000000 identity=0
indices result=00000000 identity=0
surface role=rt0 ptr=00118c60 identity=1 width=64 height=64 format=21 usage=1 msaa=0 container=0 container_type=0 container_result=80004002
surface role=depth ptr=00118ca0 identity=2 width=64 height=64 format=77 usage=2 msaa=0 container=0 container_type=0 container_result=80004002
state id=7 value=1
state id=14 value=1
state id=23 value=4
state id=15 value=0
state id=24 value=0
state id=25 value=8
state id=27 value=0
state id=19 value=2
state id=20 value=1
state id=171 value=1
state id=22 value=1
state id=168 value=15
state id=194 value=0
state id=206 value=0
state id=52 value=0
state id=56 value=8
state id=57 value=0
state id=58 value=4294967295
state id=59 value=4294967295
state id=53 value=1
state id=54 value=1
state id=55 value=1
state id=185 value=0
state id=189 value=8
state id=186 value=1
state id=187 value=1
state id=188 value=1
viewport x=0 y=0 w=64 h=64 minz=0 maxz=1
texture stage=0 ptr=0214d8d0 type=3 identity=9 levels=1
texture_desc stage=0 w=2 h=2 format=21
sampler stage=0 state=6 value=1
sampler stage=0 state=5 value=1
sampler stage=0 state=7 value=0
sampler stage=0 state=10 value=1
sampler stage=0 state=11 value=0
sampler stage=0 state=8 value=0 bias=0
sampler stage=0 state=9 value=0
texture stage=1 ptr=0214d950 type=3 identity=10 levels=1
texture_desc stage=1 w=2 h=2 format=21
sampler stage=1 state=6 value=1
sampler stage=1 state=5 value=1
sampler stage=1 state=7 value=0
sampler stage=1 state=10 value=1
sampler stage=1 state=11 value=0
sampler stage=1 state=8 value=0 bias=0
sampler stage=1 state=9 value=0
texture stage=2 ptr=0214d9d0 type=3 identity=11 levels=1
texture_desc stage=2 w=2 h=2 format=21
sampler stage=2 state=6 value=1
sampler stage=2 state=5 value=1
sampler stage=2 state=7 value=0
sampler stage=2 state=10 value=1
sampler stage=2 state=11 value=0
sampler stage=2 state=8 value=0 bias=0
sampler stage=2 state=9 value=0
texture stage=3 ptr=0214dd50 type=5 identity=12 levels=1
sampler stage=3 state=6 value=1
sampler stage=3 state=5 value=1
sampler stage=3 state=7 value=0
sampler stage=3 state=10 value=1
sampler stage=3 state=11 value=0
sampler stage=3 state=8 value=0 bias=0
sampler stage=3 state=9 value=0
sampler stage=4 state=6 value=1
sampler stage=4 state=5 value=1
sampler stage=4 state=7 value=0
sampler stage=4 state=10 value=1
sampler stage=4 state=11 value=0
sampler stage=4 state=8 value=0 bias=0
sampler stage=4 state=9 value=0
sampler stage=5 state=6 value=1
sampler stage=5 state=5 value=1
sampler stage=5 state=7 value=0
sampler stage=5 state=10 value=1
sampler stage=5 state=11 value=0
sampler stage=5 state=8 value=0 bias=0
sampler stage=5 state=9 value=0
sampler stage=6 state=6 value=1
sampler stage=6 state=5 value=1
sampler stage=6 state=7 value=0
sampler stage=6 state=10 value=1
sampler stage=6 state=11 value=0
sampler stage=6 state=8 value=0 bias=0
sampler stage=6 state=9 value=0
sampler stage=7 state=6 value=1
sampler stage=7 state=5 value=1
sampler stage=7 state=7 value=0
sampler stage=7 state=10 value=1
sampler stage=7 state=11 value=0
sampler stage=7 state=8 value=0 bias=0
sampler stage=7 state=9 value=0
sampler stage=8 state=6 value=1
sampler stage=8 state=5 value=1
sampler stage=8 state=7 value=0
sampler stage=8 state=10 value=1
sampler stage=8 state=11 value=0
sampler stage=8 state=8 value=0 bias=0
sampler stage=8 state=9 value=0
sampler stage=9 state=6 value=1
sampler stage=9 state=5 value=1
sampler stage=9 state=7 value=0
sampler stage=9 state=10 value=1
sampler stage=9 state=11 value=0
sampler stage=9 state=8 value=0 bias=0
sampler stage=9 state=9 value=0
sampler stage=10 state=6 value=1
sampler stage=10 state=5 value=1
sampler stage=10 state=7 value=0
sampler stage=10 state=10 value=1
sampler stage=10 state=11 value=0
sampler stage=10 state=8 value=0 bias=0
sampler stage=10 state=9 value=0
sampler stage=11 state=6 value=1
sampler stage=11 state=5 value=1
sampler stage=11 state=7 value=0
sampler stage=11 state=10 value=1
sampler stage=11 state=11 value=0
sampler stage=11 state=8 value=0 bias=0
sampler stage=11 state=9 value=0
sampler stage=12 state=6 value=1
sampler stage=12 state=5 value=1
sampler stage=12 state=7 value=0
sampler stage=12 state=10 value=1
sampler stage=12 state=11 value=0
sampler stage=12 state=8 value=0 bias=0
sampler stage=12 state=9 value=0
sampler stage=13 state=6 value=1
sampler stage=13 state=5 value=1
sampler stage=13 state=7 value=0
sampler stage=13 state=10 value=1
sampler stage=13 state=11 value=0
sampler stage=13 state=8 value=0 bias=0
sampler stage=13 state=9 value=0
sampler stage=14 state=6 value=1
sampler stage=14 state=5 value=1
sampler stage=14 state=7 value=0
sampler stage=14 state=10 value=1
sampler stage=14 state=11 value=0
sampler stage=14 state=8 value=0 bias=0
sampler stage=14 state=9 value=0
sampler stage=15 state=6 value=1
sampler stage=15 state=5 value=1
sampler stage=15 state=7 value=0
sampler stage=15 state=10 value=1
sampler stage=15 state=11 value=0
sampler stage=15 state=8 value=0 bias=0
sampler stage=15 state=9 value=0
vertex_element stream=0 offset=0 type=16 method=0 usage=0 index=0
vertex_element stream=0 offset=8 type=16 method=0 usage=5 index=0
vertex_element stream=0 offset=16 type=16 method=0 usage=3 index=0
vertex_element stream=255 offset=0 type=17 method=0 usage=0 index=0
transform state=256 row=0 values=1,0,0,0
transform state=256 row=1 values=0,1,0,0
transform state=256 row=2 values=0,0,1,0
transform state=256 row=3 values=0,0,0,1
transform state=2 row=0 values=1,0,0,0
transform state=2 row=1 values=0,1,0,0
transform state=2 row=2 values=0,0,1,0
transform state=2 row=3 values=0,0,0,1
transform state=3 row=0 values=1,0,0,0
transform state=3 row=1 values=0,1,0,0
transform state=3 row=2 values=0,0,1,0
transform state=3 row=3 values=0,0,0,1
constants kind=vs type=f count=256 result=00000000 encoding=sparse_zero
constant kind=vs type=f reg=0 bits=bf800000,3f800000,40400000,00000000
constant kind=vs type=f reg=1 bits=3d23d70a,3ccccccd,3c75c28f,00000000
constant kind=vs type=f reg=2 bits=3f800000,3d4ccccd,00000000,00000000
constant kind=vs type=f reg=3 bits=00000000,3f800000,40400000,00000000
constant kind=vs type=f reg=4 bits=3d23d70a,3ccccccd,3c75c28f,00000000
constant kind=vs type=f reg=5 bits=3f800000,3d4ccccd,00000000,00000000
constant kind=vs type=f reg=6 bits=3f800000,3f800000,40400000,00000000
constant kind=vs type=f reg=7 bits=3d23d70a,3ccccccd,3c75c28f,00000000
constant kind=vs type=f reg=8 bits=3f800000,3d4ccccd,00000000,00000000
constant kind=vs type=f reg=9 bits=bf800000,3f800000,40400000,00000000
constant kind=vs type=f reg=10 bits=3d23d70a,3ccccccd,3c75c28f,00000000
constant kind=vs type=f reg=11 bits=3f800000,3d4ccccd,00000000,00000000
constant kind=vs type=f reg=12 bits=00000000,3f800000,40400000,00000000
constant kind=vs type=f reg=13 bits=3d23d70a,3ccccccd,3c75c28f,00000000
constant kind=vs type=f reg=14 bits=3f800000,3d4ccccd,00000000,00000000
constant kind=vs type=f reg=15 bits=3f800000,3f800000,40400000,00000000
constant kind=vs type=f reg=16 bits=3d23d70a,3ccccccd,3c75c28f,00000000
constant kind=vs type=f reg=17 bits=3f800000,3d4ccccd,00000000,00000000
constant kind=vs type=f reg=18 bits=bf800000,3f800000,40400000,00000000
constant kind=vs type=f reg=19 bits=3d23d70a,3ccccccd,3c75c28f,00000000
constant kind=vs type=f reg=20 bits=3f800000,3d4ccccd,00000000,00000000
constant kind=vs type=f reg=21 bits=00000000,3f800000,40400000,00000000
constant kind=vs type=f reg=22 bits=3d23d70a,3ccccccd,3c75c28f,00000000
constant kind=vs type=f reg=23 bits=3f800000,3d4ccccd,00000000,00000000
constant kind=vs type=f reg=24 bits=3f800000,00000000,00000000,bd4ccccd
constant kind=vs type=f reg=25 bits=00000000,3f800000,00000000,00000000
constant kind=vs type=f reg=26 bits=00000000,00000000,3f800000,3dcccccd
constant kind=vs type=f reg=27 bits=00000000,00000000,00000000,3f800000
constant kind=vs type=f reg=28 bits=3f800000,00000000,00000000,00000000
constant kind=vs type=f reg=29 bits=00000000,3f800000,00000000,00000000
constant kind=vs type=f reg=30 bits=00000000,00000000,3f800000,00000000
constant kind=vs type=f reg=31 bits=3f800000,00000000,00000000,00000000
constant kind=vs type=f reg=32 bits=00000000,3f800000,00000000,00000000
constant kind=vs type=f reg=33 bits=00000000,00000000,3f800000,00000000
constant kind=vs type=f reg=34 bits=3f800000,00000000,00000000,00000000
constant kind=vs type=f reg=35 bits=00000000,3f800000,00000000,00000000
constant kind=vs type=f reg=36 bits=00000000,00000000,3f800000,40800000
constant kind=vs type=f reg=37 bits=3f800000,00000000,00000000,00000000
constant kind=vs type=f reg=38 bits=00000000,3f800000,00000000,00000000
constant kind=vs type=f reg=39 bits=3f200000,00000000,00000000,00000000
constant kind=vs type=f reg=40 bits=3e4ccccd,3dcccccd,3d4ccccd,00000000
constant kind=vs type=f reg=41 bits=3f800000,00000000,00000000,00000000
constant kind=vs type=f reg=252 bits=42c80000,42ca0000,42cc0000,42ce0000
constant kind=vs type=f reg=253 bits=42d00000,42d20000,42d40000,42d60000
constant kind=vs type=f reg=254 bits=42d80000,42da0000,42dc0000,42de0000
constant kind=vs type=f reg=255 bits=42e00000,42e20000,42e40000,42e60000
constants kind=vs type=i count=16 result=00000000 encoding=full
constant kind=vs type=i reg=0 values=1,0,1,0
constant kind=vs type=i reg=1 values=0,0,0,0
constant kind=vs type=i reg=2 values=0,0,0,0
constant kind=vs type=i reg=3 values=0,0,0,0
constant kind=vs type=i reg=4 values=0,0,0,0
constant kind=vs type=i reg=5 values=0,0,0,0
constant kind=vs type=i reg=6 values=0,0,0,0
constant kind=vs type=i reg=7 values=0,0,0,0
constant kind=vs type=i reg=8 values=0,0,0,0
constant kind=vs type=i reg=9 values=0,0,0,0
constant kind=vs type=i reg=10 values=0,0,0,0
constant kind=vs type=i reg=11 values=0,0,0,0
constant kind=vs type=i reg=12 values=0,0,0,0
constant kind=vs type=i reg=13 values=0,0,0,0
constant kind=vs type=i reg=14 values=0,0,0,0
constant kind=vs type=i reg=15 values=0,0,0,0
constants kind=vs type=b count=16 result=00000000 encoding=full
constant kind=vs type=b reg=0 values=0
constant kind=vs type=b reg=1 values=0
constant kind=vs type=b reg=2 values=0
constant kind=vs type=b reg=3 values=0
constant kind=vs type=b reg=4 values=0
constant kind=vs type=b reg=5 values=0
constant kind=vs type=b reg=6 values=0
constant kind=vs type=b reg=7 values=0
constant kind=vs type=b reg=8 values=0
constant kind=vs type=b reg=9 values=0
constant kind=vs type=b reg=10 values=0
constant kind=vs type=b reg=11 values=0
constant kind=vs type=b reg=12 values=0
constant kind=vs type=b reg=13 values=0
constant kind=vs type=b reg=14 values=0
constant kind=vs type=b reg=15 values=0
constants kind=ps type=f count=224 result=00000000 encoding=sparse_zero
constant kind=ps type=f reg=0 bits=3f800000,00000000,00000000,00000000
constant kind=ps type=f reg=1 bits=00000000,3f800000,00000000,00000000
constant kind=ps type=f reg=2 bits=00000000,00000000,3f800000,00000000
constant kind=ps type=f reg=3 bits=3e800000,00000000,00000000,00000000
constant kind=ps type=f reg=4 bits=00000000,00000000,3f800000,00000000
constant kind=ps type=f reg=5 bits=3e99999a,3e4ccccd,3dcccccd,00000000
constant kind=ps type=f reg=6 bits=3f000000,00000000,3f000000,00000000
constant kind=ps type=f reg=7 bits=3dcccccd,3e19999a,3e4ccccd,00000000
constant kind=ps type=f reg=216 bits=43480000,43490000,434a0000,434b0000
constant kind=ps type=f reg=217 bits=434c0000,434d0000,434e0000,434f0000
constants kind=ps type=i count=16 result=00000000 encoding=full
constant kind=ps type=i reg=0 values=0,0,0,0
constant kind=ps type=i reg=1 values=0,0,0,0
constant kind=ps type=i reg=2 values=0,0,0,0
constant kind=ps type=i reg=3 values=0,0,0,0
constant kind=ps type=i reg=4 values=0,0,0,0
constant kind=ps type=i reg=5 values=0,0,0,0
constant kind=ps type=i reg=6 values=0,0,0,0
constant kind=ps type=i reg=7 values=0,0,0,0
constant kind=ps type=i reg=8 values=0,0,0,0
constant kind=ps type=i reg=9 values=0,0,0,0
constant kind=ps type=i reg=10 values=0,0,0,0
constant kind=ps type=i reg=11 values=0,0,0,0
constant kind=ps type=i reg=12 values=0,0,0,0
constant kind=ps type=i reg=13 values=0,0,0,0
constant kind=ps type=i reg=14 values=0,0,0,0
constant kind=ps type=i reg=15 values=0,0,0,0
constants kind=ps type=b count=16 result=00000000 encoding=full
constant kind=ps type=b reg=0 values=0
constant kind=ps type=b reg=1 values=0
constant kind=ps type=b reg=2 values=0
constant kind=ps type=b reg=3 values=0
constant kind=ps type=b reg=4 values=0
constant kind=ps type=b reg=5 values=0
constant kind=ps type=b reg=6 values=0
constant kind=ps type=b reg=7 values=0
constant kind=ps type=b reg=8 values=0
constant kind=ps type=b reg=9 values=0
constant kind=ps type=b reg=10 values=0
constant kind=ps type=b reg=11 values=0
constant kind=ps type=b reg=12 values=0
constant kind=ps type=b reg=13 values=0
constant kind=ps type=b reg=14 values=0
constant kind=ps type=b reg=15 values=0
draw_args start_vertex=0
motion_route device=1 frame=2 index=3 gate=5 routed=1 matched=0 depth=1 jittered=1 vs=53a0a641107ed76c ps=8759c7838bbc86c2 node=00000000 camera=00000000 node_handle=0 camera_handle=0 node_serial=0 camera_serial=0 load_epoch=0 registry_epoch=0 model=00000000 lod=00000000 vb=6 ib=0 declaration=0cdf6a8c884ad955 offset=0 stride=24 position_offset=0 position_type=16 topology=4 first=0 primitives=1 base_vertex=0 min_vertex=0 vertex_count=0 indexed=0 pass=1 rows_hash=8804f37c47da2009 result=00000000
motion_input device=1 frame=2 index=3 blockers=00000210 proofs=28 position_path=1 vs=53a0a641107ed76c ps=8759c7838bbc86c2 declaration=0cdf6a8c884ad955 rows_hash=8804f37c47da2009 color=1 depth=2 width=64 height=64 cull=1 vb=6 vb_revision=0 ib=0 ib_revision=0 position_offset=0 position_type=16 lifetime_verified=0 vertex_finite_verified=0
motion_geometry device=1 frame=2 index=3 source_qualified=1 source_hash=53a0a641107ed76c source_words=526 finite_requested=0 finite_state=0 finite_reason=4 finite_status=00000001 finite_generation=0 finite_revision=0 index_required=0 index_requested=0 index_known=0 index_range_verified=0 index_exact=0 index_min=0 index_max=0 index_reason=1 index_status=00000001 index_generation=0 index_revision=0
draw_result device=1 frame=2 index=3 result=00000000
motion_output_cut device=1 frame=2 samples=0 median_px=0.0000 keyed=0 missing=0 missing_fraction=0.0000 bound_px=2.400 bound_missing=0.250 cut=0
capture_event device=1 frame=2 seq=6 after_draw=3 op=set_depth result=00000000 qpc=9701451472810
set_depth ptr=00000000 result=00000000
surface role=depth_binding ptr=0 identity=0
hdr_readback device=1 frame=2 file=hdr_1_2.rgba16f width=64 height=64 format=rgba16f_row_major result=00000000 bytes=32768
motion_output_color_readback device=1 frame=2 file=color_1_2.bgra8 width=64 height=64 format=bgra8_row_major result=00000000 bytes=16384
motion_output_taa_readback device=1 frame=2 file=taa_1_2.rgba16f width=64 height=64 format=rgba16f_row_major result=00000000 bytes=32768
motion_output_present_readback device=1 frame=2 file=present_1_2.bgra8 width=64 height=64 format=bgra8_row_major result=00000000 bytes=16384
capture_event device=1 frame=2 seq=7 after_draw=3 op=stretch_rect result=00000000 qpc=9701451533222
stretch_rect source=00118c60 dest=0215aa58 filter=0 source_rect_null=1 dest_rect_null=1
surface role=stretch_source ptr=00118c60 identity=1 width=64 height=64 format=21 usage=1 msaa=0 container=0 container_type=0 container_result=80004002
surface role=stretch_dest ptr=0215aa58 identity=7 width=64 height=64 format=21 usage=1 msaa=0 container=8 container_type=3 container_result=00000000
capture_event device=1 frame=2 seq=8 after_draw=3 op=set_depth result=00000000 qpc=9701451554558
set_depth ptr=00118ca0 result=00000000
surface role=depth_binding ptr=00118ca0 identity=2 width=64 height=64 format=77 usage=2 msaa=0 container=0 container_type=0 container_result=80004002
motion_output_readback device=1 frame=2 file=motion_1_2.rgba32f width=64 height=64 format=rgba32f_row_major result=00000000 bytes=65536
motion_output_depth_readback device=1 frame=2 file=depth_1_2.r32f width=64 height=64 format=r32f_row_major result=00000000 bytes=16384
motion_output_frame device=1 frame=2 latched=1 filled=1 fill_result=00000000 fill_restore=00000000 draws=3 routed=2 matched=0 gate1=0 gate2=1 gate3=0 gate4=0 gate5=2 gate6=0 apply_failures=0 restore_failures=0 history_previous=0 history_current=0 committed=1 selector_state=9 present=00000000 depth=1 depth_routed=2 jitter=1 jitter_index=2 jitter_x=0.250000 jitter_y=-0.388889 jitter_previous_x=-0.250000 jitter_previous_y=0.166667 jittered=2 cut=0 cut_median_px=0.0000 cut_missing=0.0000 cut_samples=0 taa=1 taa_attempted=1 taa_resolved=1 taa_history=1 taa_skip=0 taa_result=00000000 taa_restore=00000000 taa_copy=00000001 taa_hdr=1 taa_k=0.00000 taa_sharpen=0 scene_open=0 active_queries=0 taa_references=6 camera_valid=0 camera_background_valid=0 camera_reads=0 camera_policy=1 camera_reason=2 camera_cut=0 camera_rotation_deg=0.0000 rt_mode=perdraw timing=cpu_qpc set_rt=8 lazy_flushes=0 jitter_writes=4 readbacks=6 gate_us=7.6 route_draw_us=14.0 set_rt_us=6.7 lazy_flush_us=0.0 jitter_us=1.1 fill_us=43.0 taa_run_us=165.4 taa_capture_us=5.4 taa_copy_color_us=0.2 taa_copy_depth_us=3.0 taa_draw_us=137.2 taa_apply_us=12.8 taa_copy_back_us=0.0 readback_us=9818.3 state_shadow=1 rs_queries=18 rs_hits=18 rs_gets=14 rs_resyncs=0 sb_resyncs=0 scene_hook=0 scene_end_source=stretchrect scene_end_check=3 hook_signals=0 hook_outside_scene=0 hook_state=0 draws_after_hook=0 bloom_copy_seen=1 mip_bias=0 mip_bias_sets=0 mip_bias_restores=0 mip_bias_draws=0 mip_bias_stages=0000 mip_bias_reads=0 mip_bias_game_writes=0 mip_bias_game_writes_total=0 mip_bias_failures=0 mip_bias_biased_now=0000
camera_state device=1 frame=2 status=executable_mismatch reads=0 valid=0 read_failure=0 failure=0 projection=00000000 view=00000000 p00=0 p11=0 p20=0 p21=0 r00=0 r01=0 r02=0 r10=0 r11=0 r12=0 r20=0 r21=0 r22=0 t=0,0,0 background_valid=0 background_p00=0 background_p11=0 background_rotation_deg=0.0000 history_view_valid=0 history_view_frame=2 rotation_deg=0.0000 policy=1 reason=2 camera_cut=0 mode=0 cut_deg=20.00
hdr_frame device=1 frame=2 hdr=1 redirected=1 end=bloom_copy writebacks=2 flushes=1 writeback_source=shader unwind=0 unwind_reason=none unwind_draw=00000001 unwind_restore=00000001 unwind_stretch=00000001 unwind_bind=00000001 blocked=0 recheck=none suspended=0 resumed=0 dirty_at_present=0 refused_msaa=0 target_create=00000000 latch_bind=00000000 target=64x64 target_bytes=32768 caps=ok stretch_conversion=00000000 timing=cpu_qpc redirect_us=3.1 writeback_us=104.6 writeback_draw_us=103.2 writeback_stretch_us=0.0 bind_us=0.0 recheck_us=0.0 tonemap=identity tonemapped=0 look=none decode=gamma2.2 clamp=0 exposure=auto ev=0.00000 ev_adapted=0.00000 ev_target=0.00000 avg_log_l=0.00000 luma_mean=1 dt_ms=0.000 stepped=0 steps=0 meter=00000001 readback=00000001 tonemap_draw=00000001 fallback=0 meter_us=0.0 readback_us=0.0 k=0.00000 chain_bytes=0 sharpen=off sharpened=0 sharpen_fallback=0
frame_end device=1 frame=2 draws=3 capture=1 present=00000000 elapsed_ms=962 dt_ms=16 qpc=9701451603398
frame_begin device=1 frame=3
capture_event device=1 frame=3 seq=1 after_draw=0 op=clear result=00000000 qpc=9701451603835
clear flags=3 color=ff203040 z=1 stencil=0 rect_count=0 rect_ptr=00000000
surface role=clear_rt0 ptr=00118c60 identity=1 width=64 height=64 format=21 usage=1 msaa=0 container=0 container_type=0 container_result=80004002
surface role=clear_depth ptr=00118ca0 identity=2 width=64 height=64 format=77 usage=2 msaa=0 container=0 container_type=0 container_result=80004002
clear_viewport result=00000000 x=0 y=0 w=64 h=64 minz=0 maxz=1
capture_event device=1 frame=3 seq=2 after_draw=0 op=draw_begin result=00000000 qpc=9701451604656
draw device=1 frame=3 index=1 kind=primitive topology=4 primitives=1 vs=53a0a641107ed76c ps=98731d5594e36226
geometry source=buffers
stream slot=0 result=00000000 identity=3 offset=0 stride=24 frequency=1 frequency_result=00000000
vertex_buffer identity=3 bytes=72 usage=0 pool=1 fvf=0
buffer_content kind=vertex identity=3 result=80070057 status=00000001 requested=0 known=0 ambiguous=0 revision=0 pending=0 flags=00000000
stream slot=1 result=00000000 identity=0
stream slot=2 result=00000000 identity=0
stream slot=3 result=00000000 identity=0
stream slot=4 result=00000000 identity=0
stream slot=5 result=00000000 identity=0
stream slot=6 result=00000000 identity=0
stream slot=7 result=00000000 identity=0
stream slot=8 result=00000000 identity=0
stream slot=9 result=00000000 identity=0
stream slot=10 result=00000000 identity=0
stream slot=11 result=00000000 identity=0
stream slot=12 result=00000000 identity=0
stream slot=13 result=00000000 identity=0
stream slot=14 result=00000000 identity=0
stream slot=15 result=00000000 identity=0
indices result=00000000 identity=0
surface role=rt0 ptr=00118c60 identity=1 width=64 height=64 format=21 usage=1 msaa=0 container=0 container_type=0 container_result=80004002
surface role=depth ptr=00118ca0 identity=2 width=64 height=64 format=77 usage=2 msaa=0 container=0 container_type=0 container_result=80004002
state id=7 value=0
state id=14 value=0
state id=23 value=4
state id=15 value=1
state id=24 value=0
state id=25 value=8
state id=27 value=1
state id=19 value=2
state id=20 value=1
state id=171 value=1
state id=22 value=2
state id=168 value=7
state id=194 value=0
state id=206 value=0
state id=52 value=1
state id=56 value=8
state id=57 value=0
state id=58 value=4294967295
state id=59 value=4294967295
state id=53 value=1
state id=54 value=1
state id=55 value=1
state id=185 value=0
state id=189 value=8
state id=186 value=1
state id=187 value=1
state id=188 value=1
viewport x=0 y=0 w=64 h=64 minz=0 maxz=1
texture stage=0 ptr=0214d8d0 type=3 identity=9 levels=1
texture_desc stage=0 w=2 h=2 format=21
sampler stage=0 state=6 value=1
sampler stage=0 state=5 value=1
sampler stage=0 state=7 value=0
sampler stage=0 state=10 value=1
sampler stage=0 state=11 value=0
sampler stage=0 state=8 value=0 bias=0
sampler stage=0 state=9 value=0
texture stage=1 ptr=0214d950 type=3 identity=10 levels=1
texture_desc stage=1 w=2 h=2 format=21
sampler stage=1 state=6 value=1
sampler stage=1 state=5 value=1
sampler stage=1 state=7 value=0
sampler stage=1 state=10 value=1
sampler stage=1 state=11 value=0
sampler stage=1 state=8 value=0 bias=0
sampler stage=1 state=9 value=0
texture stage=2 ptr=0214d9d0 type=3 identity=11 levels=1
texture_desc stage=2 w=2 h=2 format=21
sampler stage=2 state=6 value=1
sampler stage=2 state=5 value=1
sampler stage=2 state=7 value=0
sampler stage=2 state=10 value=1
sampler stage=2 state=11 value=0
sampler stage=2 state=8 value=0 bias=0
sampler stage=2 state=9 value=0
texture stage=3 ptr=0214dd50 type=5 identity=12 levels=1
sampler stage=3 state=6 value=1
sampler stage=3 state=5 value=1
sampler stage=3 state=7 value=0
sampler stage=3 state=10 value=1
sampler stage=3 state=11 value=0
sampler stage=3 state=8 value=0 bias=0
sampler stage=3 state=9 value=0
sampler stage=4 state=6 value=1
sampler stage=4 state=5 value=1
sampler stage=4 state=7 value=0
sampler stage=4 state=10 value=1
sampler stage=4 state=11 value=0
sampler stage=4 state=8 value=0 bias=0
sampler stage=4 state=9 value=0
sampler stage=5 state=6 value=1
sampler stage=5 state=5 value=1
sampler stage=5 state=7 value=0
sampler stage=5 state=10 value=1
sampler stage=5 state=11 value=0
sampler stage=5 state=8 value=0 bias=0
sampler stage=5 state=9 value=0
sampler stage=6 state=6 value=1
sampler stage=6 state=5 value=1
sampler stage=6 state=7 value=0
sampler stage=6 state=10 value=1
sampler stage=6 state=11 value=0
sampler stage=6 state=8 value=0 bias=0
sampler stage=6 state=9 value=0
sampler stage=7 state=6 value=1
sampler stage=7 state=5 value=1
sampler stage=7 state=7 value=0
sampler stage=7 state=10 value=1
sampler stage=7 state=11 value=0
sampler stage=7 state=8 value=0 bias=0
sampler stage=7 state=9 value=0
sampler stage=8 state=6 value=1
sampler stage=8 state=5 value=1
sampler stage=8 state=7 value=0
sampler stage=8 state=10 value=1
sampler stage=8 state=11 value=0
sampler stage=8 state=8 value=0 bias=0
sampler stage=8 state=9 value=0
sampler stage=9 state=6 value=1
sampler stage=9 state=5 value=1
sampler stage=9 state=7 value=0
sampler stage=9 state=10 value=1
sampler stage=9 state=11 value=0
sampler stage=9 state=8 value=0 bias=0
sampler stage=9 state=9 value=0
sampler stage=10 state=6 value=1
sampler stage=10 state=5 value=1
sampler stage=10 state=7 value=0
sampler stage=10 state=10 value=1
sampler stage=10 state=11 value=0
sampler stage=10 state=8 value=0 bias=0
sampler stage=10 state=9 value=0
sampler stage=11 state=6 value=1
sampler stage=11 state=5 value=1
sampler stage=11 state=7 value=0
sampler stage=11 state=10 value=1
sampler stage=11 state=11 value=0
sampler stage=11 state=8 value=0 bias=0
sampler stage=11 state=9 value=0
sampler stage=12 state=6 value=1
sampler stage=12 state=5 value=1
sampler stage=12 state=7 value=0
sampler stage=12 state=10 value=1
sampler stage=12 state=11 value=0
sampler stage=12 state=8 value=0 bias=0
sampler stage=12 state=9 value=0
sampler stage=13 state=6 value=1
sampler stage=13 state=5 value=1
sampler stage=13 state=7 value=0
sampler stage=13 state=10 value=1
sampler stage=13 state=11 value=0
sampler stage=13 state=8 value=0 bias=0
sampler stage=13 state=9 value=0
sampler stage=14 state=6 value=1
sampler stage=14 state=5 value=1
sampler stage=14 state=7 value=0
sampler stage=14 state=10 value=1
sampler stage=14 state=11 value=0
sampler stage=14 state=8 value=0 bias=0
sampler stage=14 state=9 value=0
sampler stage=15 state=6 value=1
sampler stage=15 state=5 value=1
sampler stage=15 state=7 value=0
sampler stage=15 state=10 value=1
sampler stage=15 state=11 value=0
sampler stage=15 state=8 value=0 bias=0
sampler stage=15 state=9 value=0
vertex_element stream=0 offset=0 type=16 method=0 usage=0 index=0
vertex_element stream=0 offset=8 type=16 method=0 usage=5 index=0
vertex_element stream=0 offset=16 type=16 method=0 usage=3 index=0
vertex_element stream=255 offset=0 type=17 method=0 usage=0 index=0
transform state=256 row=0 values=1,0,0,0
transform state=256 row=1 values=0,1,0,0
transform state=256 row=2 values=0,0,1,0
transform state=256 row=3 values=0,0,0,1
transform state=2 row=0 values=1,0,0,0
transform state=2 row=1 values=0,1,0,0
transform state=2 row=2 values=0,0,1,0
transform state=2 row=3 values=0,0,0,1
transform state=3 row=0 values=1,0,0,0
transform state=3 row=1 values=0,1,0,0
transform state=3 row=2 values=0,0,1,0
transform state=3 row=3 values=0,0,0,1
constants kind=vs type=f count=256 result=00000000 encoding=sparse_zero
constant kind=vs type=f reg=0 bits=bf800000,3f800000,40400000,00000000
constant kind=vs type=f reg=1 bits=3d23d70a,3ccccccd,3c75c28f,00000000
constant kind=vs type=f reg=2 bits=3f800000,3d4ccccd,00000000,00000000
constant kind=vs type=f reg=3 bits=00000000,3f800000,40400000,00000000
constant kind=vs type=f reg=4 bits=3d23d70a,3ccccccd,3c75c28f,00000000
constant kind=vs type=f reg=5 bits=3f800000,3d4ccccd,00000000,00000000
constant kind=vs type=f reg=6 bits=3f800000,3f800000,40400000,00000000
constant kind=vs type=f reg=7 bits=3d23d70a,3ccccccd,3c75c28f,00000000
constant kind=vs type=f reg=8 bits=3f800000,3d4ccccd,00000000,00000000
constant kind=vs type=f reg=9 bits=bf800000,3f800000,40400000,00000000
constant kind=vs type=f reg=10 bits=3d23d70a,3ccccccd,3c75c28f,00000000
constant kind=vs type=f reg=11 bits=3f800000,3d4ccccd,00000000,00000000
constant kind=vs type=f reg=12 bits=00000000,3f800000,40400000,00000000
constant kind=vs type=f reg=13 bits=3d23d70a,3ccccccd,3c75c28f,00000000
constant kind=vs type=f reg=14 bits=3f800000,3d4ccccd,00000000,00000000
constant kind=vs type=f reg=15 bits=3f800000,3f800000,40400000,00000000
constant kind=vs type=f reg=16 bits=3d23d70a,3ccccccd,3c75c28f,00000000
constant kind=vs type=f reg=17 bits=3f800000,3d4ccccd,00000000,00000000
constant kind=vs type=f reg=18 bits=bf800000,3f800000,40400000,00000000
constant kind=vs type=f reg=19 bits=3d23d70a,3ccccccd,3c75c28f,00000000
constant kind=vs type=f reg=20 bits=3f800000,3d4ccccd,00000000,00000000
constant kind=vs type=f reg=21 bits=00000000,3f800000,40400000,00000000
constant kind=vs type=f reg=22 bits=3d23d70a,3ccccccd,3c75c28f,00000000
constant kind=vs type=f reg=23 bits=3f800000,3d4ccccd,00000000,00000000
constant kind=vs type=f reg=24 bits=3f800000,00000000,00000000,00000000
constant kind=vs type=f reg=25 bits=00000000,3f800000,00000000,00000000
constant kind=vs type=f reg=26 bits=00000000,00000000,3f800000,00000000
constant kind=vs type=f reg=27 bits=00000000,00000000,00000000,3f800000
constant kind=vs type=f reg=28 bits=3f800000,00000000,00000000,00000000
constant kind=vs type=f reg=29 bits=00000000,3f800000,00000000,00000000
constant kind=vs type=f reg=30 bits=00000000,00000000,3f800000,00000000
constant kind=vs type=f reg=31 bits=3f800000,00000000,00000000,00000000
constant kind=vs type=f reg=32 bits=00000000,3f800000,00000000,00000000
constant kind=vs type=f reg=33 bits=00000000,00000000,3f800000,00000000
constant kind=vs type=f reg=34 bits=3f800000,00000000,00000000,00000000
constant kind=vs type=f reg=35 bits=00000000,3f800000,00000000,00000000
constant kind=vs type=f reg=36 bits=00000000,00000000,3f800000,40800000
constant kind=vs type=f reg=37 bits=3f800000,00000000,00000000,00000000
constant kind=vs type=f reg=38 bits=00000000,3f800000,00000000,00000000
constant kind=vs type=f reg=39 bits=3f200000,00000000,00000000,00000000
constant kind=vs type=f reg=40 bits=3e4ccccd,3dcccccd,3d4ccccd,00000000
constant kind=vs type=f reg=41 bits=3f800000,00000000,00000000,00000000
constant kind=vs type=f reg=252 bits=42c80000,42ca0000,42cc0000,42ce0000
constant kind=vs type=f reg=253 bits=42d00000,42d20000,42d40000,42d60000
constant kind=vs type=f reg=254 bits=42d80000,42da0000,42dc0000,42de0000
constant kind=vs type=f reg=255 bits=42e00000,42e20000,42e40000,42e60000
constants kind=vs type=i count=16 result=00000000 encoding=full
constant kind=vs type=i reg=0 values=1,0,1,0
constant kind=vs type=i reg=1 values=0,0,0,0
constant kind=vs type=i reg=2 values=0,0,0,0
constant kind=vs type=i reg=3 values=0,0,0,0
constant kind=vs type=i reg=4 values=0,0,0,0
constant kind=vs type=i reg=5 values=0,0,0,0
constant kind=vs type=i reg=6 values=0,0,0,0
constant kind=vs type=i reg=7 values=0,0,0,0
constant kind=vs type=i reg=8 values=0,0,0,0
constant kind=vs type=i reg=9 values=0,0,0,0
constant kind=vs type=i reg=10 values=0,0,0,0
constant kind=vs type=i reg=11 values=0,0,0,0
constant kind=vs type=i reg=12 values=0,0,0,0
constant kind=vs type=i reg=13 values=0,0,0,0
constant kind=vs type=i reg=14 values=0,0,0,0
constant kind=vs type=i reg=15 values=0,0,0,0
constants kind=vs type=b count=16 result=00000000 encoding=full
constant kind=vs type=b reg=0 values=0
constant kind=vs type=b reg=1 values=0
constant kind=vs type=b reg=2 values=0
constant kind=vs type=b reg=3 values=0
constant kind=vs type=b reg=4 values=0
constant kind=vs type=b reg=5 values=0
constant kind=vs type=b reg=6 values=0
constant kind=vs type=b reg=7 values=0
constant kind=vs type=b reg=8 values=0
constant kind=vs type=b reg=9 values=0
constant kind=vs type=b reg=10 values=0
constant kind=vs type=b reg=11 values=0
constant kind=vs type=b reg=12 values=0
constant kind=vs type=b reg=13 values=0
constant kind=vs type=b reg=14 values=0
constant kind=vs type=b reg=15 values=0
constants kind=ps type=f count=224 result=00000000 encoding=sparse_zero
constant kind=ps type=f reg=0 bits=3f800000,00000000,00000000,00000000
constant kind=ps type=f reg=1 bits=00000000,3f800000,00000000,00000000
constant kind=ps type=f reg=2 bits=00000000,00000000,3f800000,00000000
constant kind=ps type=f reg=3 bits=3e800000,00000000,00000000,00000000
constant kind=ps type=f reg=4 bits=00000000,00000000,3f800000,00000000
constant kind=ps type=f reg=5 bits=3e99999a,3e4ccccd,3dcccccd,00000000
constant kind=ps type=f reg=6 bits=3f000000,00000000,3f000000,00000000
constant kind=ps type=f reg=7 bits=3dcccccd,3e19999a,3e4ccccd,00000000
constant kind=ps type=f reg=216 bits=43480000,43490000,434a0000,434b0000
constant kind=ps type=f reg=217 bits=434c0000,434d0000,434e0000,434f0000
constants kind=ps type=i count=16 result=00000000 encoding=full
constant kind=ps type=i reg=0 values=0,0,0,0
constant kind=ps type=i reg=1 values=0,0,0,0
constant kind=ps type=i reg=2 values=0,0,0,0
constant kind=ps type=i reg=3 values=0,0,0,0
constant kind=ps type=i reg=4 values=0,0,0,0
constant kind=ps type=i reg=5 values=0,0,0,0
constant kind=ps type=i reg=6 values=0,0,0,0
constant kind=ps type=i reg=7 values=0,0,0,0
constant kind=ps type=i reg=8 values=0,0,0,0
constant kind=ps type=i reg=9 values=0,0,0,0
constant kind=ps type=i reg=10 values=0,0,0,0
constant kind=ps type=i reg=11 values=0,0,0,0
constant kind=ps type=i reg=12 values=0,0,0,0
constant kind=ps type=i reg=13 values=0,0,0,0
constant kind=ps type=i reg=14 values=0,0,0,0
constant kind=ps type=i reg=15 values=0,0,0,0
constants kind=ps type=b count=16 result=00000000 encoding=full
constant kind=ps type=b reg=0 values=0
constant kind=ps type=b reg=1 values=0
constant kind=ps type=b reg=2 values=0
constant kind=ps type=b reg=3 values=0
constant kind=ps type=b reg=4 values=0
constant kind=ps type=b reg=5 values=0
constant kind=ps type=b reg=6 values=0
constant kind=ps type=b reg=7 values=0
constant kind=ps type=b reg=8 values=0
constant kind=ps type=b reg=9 values=0
constant kind=ps type=b reg=10 values=0
constant kind=ps type=b reg=11 values=0
constant kind=ps type=b reg=12 values=0
constant kind=ps type=b reg=13 values=0
constant kind=ps type=b reg=14 values=0
constant kind=ps type=b reg=15 values=0
draw_args start_vertex=0
motion_input device=1 frame=3 index=1 blockers=00000252 proofs=20 position_path=1 vs=53a0a641107ed76c ps=98731d5594e36226 declaration=0cdf6a8c884ad955 rows_hash=1b0c97ae01a7ec05 color=1 depth=2 width=64 height=64 cull=2 vb=3 vb_revision=0 ib=0 ib_revision=0 position_offset=0 position_type=16 lifetime_verified=0 vertex_finite_verified=0
motion_geometry device=1 frame=3 index=1 source_qualified=1 source_hash=53a0a641107ed76c source_words=526 finite_requested=0 finite_state=0 finite_reason=4 finite_status=00000001 finite_generation=0 finite_revision=0 index_required=0 index_requested=0 index_known=0 index_range_verified=0 index_exact=0 index_min=0 index_max=0 index_reason=1 index_status=00000001 index_generation=0 index_revision=0
draw_result device=1 frame=3 index=1 result=00000000
capture_event device=1 frame=3 seq=3 after_draw=1 op=clear result=00000000 qpc=9701451613397
clear flags=2 color=00000000 z=1 stencil=0 rect_count=0 rect_ptr=00000000
surface role=clear_rt0 ptr=00118c60 identity=1 width=64 height=64 format=21 usage=1 msaa=0 container=0 container_type=0 container_result=80004002
surface role=clear_depth ptr=00118ca0 identity=2 width=64 height=64 format=77 usage=2 msaa=0 container=0 container_type=0 container_result=80004002
clear_viewport result=00000000 x=0 y=0 w=64 h=64 minz=0 maxz=1
capture_event device=1 frame=3 seq=4 after_draw=1 op=draw_begin result=00000000 qpc=9701451614272
draw device=1 frame=3 index=2 kind=primitive topology=4 primitives=1 vs=53a0a641107ed76c ps=8759c7838bbc86c2
geometry source=buffers
stream slot=0 result=00000000 identity=3 offset=0 stride=24 frequency=1 frequency_result=00000000
vertex_buffer identity=3 bytes=72 usage=0 pool=1 fvf=0
buffer_content kind=vertex identity=3 result=80070057 status=00000001 requested=0 known=0 ambiguous=0 revision=0 pending=0 flags=00000000
stream slot=1 result=00000000 identity=0
stream slot=2 result=00000000 identity=0
stream slot=3 result=00000000 identity=0
stream slot=4 result=00000000 identity=0
stream slot=5 result=00000000 identity=0
stream slot=6 result=00000000 identity=0
stream slot=7 result=00000000 identity=0
stream slot=8 result=00000000 identity=0
stream slot=9 result=00000000 identity=0
stream slot=10 result=00000000 identity=0
stream slot=11 result=00000000 identity=0
stream slot=12 result=00000000 identity=0
stream slot=13 result=00000000 identity=0
stream slot=14 result=00000000 identity=0
stream slot=15 result=00000000 identity=0
indices result=00000000 identity=0
surface role=rt0 ptr=00118c60 identity=1 width=64 height=64 format=21 usage=1 msaa=0 container=0 container_type=0 container_result=80004002
surface role=depth ptr=00118ca0 identity=2 width=64 height=64 format=77 usage=2 msaa=0 container=0 container_type=0 container_result=80004002
state id=7 value=1
state id=14 value=1
state id=23 value=4
state id=15 value=0
state id=24 value=0
state id=25 value=8
state id=27 value=0
state id=19 value=2
state id=20 value=1
state id=171 value=1
state id=22 value=1
state id=168 value=15
state id=194 value=0
state id=206 value=0
state id=52 value=0
state id=56 value=8
state id=57 value=0
state id=58 value=4294967295
state id=59 value=4294967295
state id=53 value=1
state id=54 value=1
state id=55 value=1
state id=185 value=0
state id=189 value=8
state id=186 value=1
state id=187 value=1
state id=188 value=1
viewport x=0 y=0 w=64 h=64 minz=0 maxz=1
texture stage=0 ptr=0214d8d0 type=3 identity=9 levels=1
texture_desc stage=0 w=2 h=2 format=21
sampler stage=0 state=6 value=1
sampler stage=0 state=5 value=1
sampler stage=0 state=7 value=0
sampler stage=0 state=10 value=1
sampler stage=0 state=11 value=0
sampler stage=0 state=8 value=0 bias=0
sampler stage=0 state=9 value=0
texture stage=1 ptr=0214d950 type=3 identity=10 levels=1
texture_desc stage=1 w=2 h=2 format=21
sampler stage=1 state=6 value=1
sampler stage=1 state=5 value=1
sampler stage=1 state=7 value=0
sampler stage=1 state=10 value=1
sampler stage=1 state=11 value=0
sampler stage=1 state=8 value=0 bias=0
sampler stage=1 state=9 value=0
texture stage=2 ptr=0214d9d0 type=3 identity=11 levels=1
texture_desc stage=2 w=2 h=2 format=21
sampler stage=2 state=6 value=1
sampler stage=2 state=5 value=1
sampler stage=2 state=7 value=0
sampler stage=2 state=10 value=1
sampler stage=2 state=11 value=0
sampler stage=2 state=8 value=0 bias=0
sampler stage=2 state=9 value=0
texture stage=3 ptr=0214dd50 type=5 identity=12 levels=1
sampler stage=3 state=6 value=1
sampler stage=3 state=5 value=1
sampler stage=3 state=7 value=0
sampler stage=3 state=10 value=1
sampler stage=3 state=11 value=0
sampler stage=3 state=8 value=0 bias=0
sampler stage=3 state=9 value=0
sampler stage=4 state=6 value=1
sampler stage=4 state=5 value=1
sampler stage=4 state=7 value=0
sampler stage=4 state=10 value=1
sampler stage=4 state=11 value=0
sampler stage=4 state=8 value=0 bias=0
sampler stage=4 state=9 value=0
sampler stage=5 state=6 value=1
sampler stage=5 state=5 value=1
sampler stage=5 state=7 value=0
sampler stage=5 state=10 value=1
sampler stage=5 state=11 value=0
sampler stage=5 state=8 value=0 bias=0
sampler stage=5 state=9 value=0
sampler stage=6 state=6 value=1
sampler stage=6 state=5 value=1
sampler stage=6 state=7 value=0
sampler stage=6 state=10 value=1
sampler stage=6 state=11 value=0
sampler stage=6 state=8 value=0 bias=0
sampler stage=6 state=9 value=0
sampler stage=7 state=6 value=1
sampler stage=7 state=5 value=1
sampler stage=7 state=7 value=0
sampler stage=7 state=10 value=1
sampler stage=7 state=11 value=0
sampler stage=7 state=8 value=0 bias=0
sampler stage=7 state=9 value=0
sampler stage=8 state=6 value=1
sampler stage=8 state=5 value=1
sampler stage=8 state=7 value=0
sampler stage=8 state=10 value=1
sampler stage=8 state=11 value=0
sampler stage=8 state=8 value=0 bias=0
sampler stage=8 state=9 value=0
sampler stage=9 state=6 value=1
sampler stage=9 state=5 value=1
sampler stage=9 state=7 value=0
sampler stage=9 state=10 value=1
sampler stage=9 state=11 value=0
sampler stage=9 state=8 value=0 bias=0
sampler stage=9 state=9 value=0
sampler stage=10 state=6 value=1
sampler stage=10 state=5 value=1
sampler stage=10 state=7 value=0
sampler stage=10 state=10 value=1
sampler stage=10 state=11 value=0
sampler stage=10 state=8 value=0 bias=0
sampler stage=10 state=9 value=0
sampler stage=11 state=6 value=1
sampler stage=11 state=5 value=1
sampler stage=11 state=7 value=0
sampler stage=11 state=10 value=1
sampler stage=11 state=11 value=0
sampler stage=11 state=8 value=0 bias=0
sampler stage=11 state=9 value=0
sampler stage=12 state=6 value=1
sampler stage=12 state=5 value=1
sampler stage=12 state=7 value=0
sampler stage=12 state=10 value=1
sampler stage=12 state=11 value=0
sampler stage=12 state=8 value=0 bias=0
sampler stage=12 state=9 value=0
sampler stage=13 state=6 value=1
sampler stage=13 state=5 value=1
sampler stage=13 state=7 value=0
sampler stage=13 state=10 value=1
sampler stage=13 state=11 value=0
sampler stage=13 state=8 value=0 bias=0
sampler stage=13 state=9 value=0
sampler stage=14 state=6 value=1
sampler stage=14 state=5 value=1
sampler stage=14 state=7 value=0
sampler stage=14 state=10 value=1
sampler stage=14 state=11 value=0
sampler stage=14 state=8 value=0 bias=0
sampler stage=14 state=9 value=0
sampler stage=15 state=6 value=1
sampler stage=15 state=5 value=1
sampler stage=15 state=7 value=0
sampler stage=15 state=10 value=1
sampler stage=15 state=11 value=0
sampler stage=15 state=8 value=0 bias=0
sampler stage=15 state=9 value=0
vertex_element stream=0 offset=0 type=16 method=0 usage=0 index=0
vertex_element stream=0 offset=8 type=16 method=0 usage=5 index=0
vertex_element stream=0 offset=16 type=16 method=0 usage=3 index=0
vertex_element stream=255 offset=0 type=17 method=0 usage=0 index=0
transform state=256 row=0 values=1,0,0,0
transform state=256 row=1 values=0,1,0,0
transform state=256 row=2 values=0,0,1,0
transform state=256 row=3 values=0,0,0,1
transform state=2 row=0 values=1,0,0,0
transform state=2 row=1 values=0,1,0,0
transform state=2 row=2 values=0,0,1,0
transform state=2 row=3 values=0,0,0,1
transform state=3 row=0 values=1,0,0,0
transform state=3 row=1 values=0,1,0,0
transform state=3 row=2 values=0,0,1,0
transform state=3 row=3 values=0,0,0,1
constants kind=vs type=f count=256 result=00000000 encoding=sparse_zero
constant kind=vs type=f reg=0 bits=bf800000,3f800000,40400000,00000000
constant kind=vs type=f reg=1 bits=3d23d70a,3ccccccd,3c75c28f,00000000
constant kind=vs type=f reg=2 bits=3f800000,3d4ccccd,00000000,00000000
constant kind=vs type=f reg=3 bits=00000000,3f800000,40400000,00000000
constant kind=vs type=f reg=4 bits=3d23d70a,3ccccccd,3c75c28f,00000000
constant kind=vs type=f reg=5 bits=3f800000,3d4ccccd,00000000,00000000
constant kind=vs type=f reg=6 bits=3f800000,3f800000,40400000,00000000
constant kind=vs type=f reg=7 bits=3d23d70a,3ccccccd,3c75c28f,00000000
constant kind=vs type=f reg=8 bits=3f800000,3d4ccccd,00000000,00000000
constant kind=vs type=f reg=9 bits=bf800000,3f800000,40400000,00000000
constant kind=vs type=f reg=10 bits=3d23d70a,3ccccccd,3c75c28f,00000000
constant kind=vs type=f reg=11 bits=3f800000,3d4ccccd,00000000,00000000
constant kind=vs type=f reg=12 bits=00000000,3f800000,40400000,00000000
constant kind=vs type=f reg=13 bits=3d23d70a,3ccccccd,3c75c28f,00000000
constant kind=vs type=f reg=14 bits=3f800000,3d4ccccd,00000000,00000000
constant kind=vs type=f reg=15 bits=3f800000,3f800000,40400000,00000000
constant kind=vs type=f reg=16 bits=3d23d70a,3ccccccd,3c75c28f,00000000
constant kind=vs type=f reg=17 bits=3f800000,3d4ccccd,00000000,00000000
constant kind=vs type=f reg=18 bits=bf800000,3f800000,40400000,00000000
constant kind=vs type=f reg=19 bits=3d23d70a,3ccccccd,3c75c28f,00000000
constant kind=vs type=f reg=20 bits=3f800000,3d4ccccd,00000000,00000000
constant kind=vs type=f reg=21 bits=00000000,3f800000,40400000,00000000
constant kind=vs type=f reg=22 bits=3d23d70a,3ccccccd,3c75c28f,00000000
constant kind=vs type=f reg=23 bits=3f800000,3d4ccccd,00000000,00000000
constant kind=vs type=f reg=24 bits=3f800000,00000000,00000000,3f400000
constant kind=vs type=f reg=25 bits=00000000,3f800000,00000000,00000000
constant kind=vs type=f reg=26 bits=00000000,00000000,3f800000,00000000
constant kind=vs type=f reg=27 bits=00000000,00000000,00000000,3f800000
constant kind=vs type=f reg=28 bits=3f800000,00000000,00000000,00000000
constant kind=vs type=f reg=29 bits=00000000,3f800000,00000000,00000000
constant kind=vs type=f reg=30 bits=00000000,00000000,3f800000,00000000
constant kind=vs type=f reg=31 bits=3f800000,00000000,00000000,00000000
constant kind=vs type=f reg=32 bits=00000000,3f800000,00000000,00000000
constant kind=vs type=f reg=33 bits=00000000,00000000,3f800000,00000000
constant kind=vs type=f reg=34 bits=3f800000,00000000,00000000,00000000
constant kind=vs type=f reg=35 bits=00000000,3f800000,00000000,00000000
constant kind=vs type=f reg=36 bits=00000000,00000000,3f800000,40800000
constant kind=vs type=f reg=37 bits=3f800000,00000000,00000000,00000000
constant kind=vs type=f reg=38 bits=00000000,3f800000,00000000,00000000
constant kind=vs type=f reg=39 bits=3f200000,00000000,00000000,00000000
constant kind=vs type=f reg=40 bits=3e4ccccd,3dcccccd,3d4ccccd,00000000
constant kind=vs type=f reg=41 bits=3f800000,00000000,00000000,00000000
constant kind=vs type=f reg=252 bits=42c80000,42ca0000,42cc0000,42ce0000
constant kind=vs type=f reg=253 bits=42d00000,42d20000,42d40000,42d60000
constant kind=vs type=f reg=254 bits=42d80000,42da0000,42dc0000,42de0000
constant kind=vs type=f reg=255 bits=42e00000,42e20000,42e40000,42e60000
constants kind=vs type=i count=16 result=00000000 encoding=full
constant kind=vs type=i reg=0 values=1,0,1,0
constant kind=vs type=i reg=1 values=0,0,0,0
constant kind=vs type=i reg=2 values=0,0,0,0
constant kind=vs type=i reg=3 values=0,0,0,0
constant kind=vs type=i reg=4 values=0,0,0,0
constant kind=vs type=i reg=5 values=0,0,0,0
constant kind=vs type=i reg=6 values=0,0,0,0
constant kind=vs type=i reg=7 values=0,0,0,0
constant kind=vs type=i reg=8 values=0,0,0,0
constant kind=vs type=i reg=9 values=0,0,0,0
constant kind=vs type=i reg=10 values=0,0,0,0
constant kind=vs type=i reg=11 values=0,0,0,0
constant kind=vs type=i reg=12 values=0,0,0,0
constant kind=vs type=i reg=13 values=0,0,0,0
constant kind=vs type=i reg=14 values=0,0,0,0
constant kind=vs type=i reg=15 values=0,0,0,0
constants kind=vs type=b count=16 result=00000000 encoding=full
constant kind=vs type=b reg=0 values=0
constant kind=vs type=b reg=1 values=0
constant kind=vs type=b reg=2 values=0
constant kind=vs type=b reg=3 values=0
constant kind=vs type=b reg=4 values=0
constant kind=vs type=b reg=5 values=0
constant kind=vs type=b reg=6 values=0
constant kind=vs type=b reg=7 values=0
constant kind=vs type=b reg=8 values=0
constant kind=vs type=b reg=9 values=0
constant kind=vs type=b reg=10 values=0
constant kind=vs type=b reg=11 values=0
constant kind=vs type=b reg=12 values=0
constant kind=vs type=b reg=13 values=0
constant kind=vs type=b reg=14 values=0
constant kind=vs type=b reg=15 values=0
constants kind=ps type=f count=224 result=00000000 encoding=sparse_zero
constant kind=ps type=f reg=0 bits=3f800000,00000000,00000000,00000000
constant kind=ps type=f reg=1 bits=00000000,3f800000,00000000,00000000
constant kind=ps type=f reg=2 bits=00000000,00000000,3f800000,00000000
constant kind=ps type=f reg=3 bits=3e800000,00000000,00000000,00000000
constant kind=ps type=f reg=4 bits=00000000,00000000,3f800000,00000000
constant kind=ps type=f reg=5 bits=3e99999a,3e4ccccd,3dcccccd,00000000
constant kind=ps type=f reg=6 bits=3f000000,00000000,3f000000,00000000
constant kind=ps type=f reg=7 bits=3dcccccd,3e19999a,3e4ccccd,00000000
constant kind=ps type=f reg=216 bits=43480000,43490000,434a0000,434b0000
constant kind=ps type=f reg=217 bits=434c0000,434d0000,434e0000,434f0000
constants kind=ps type=i count=16 result=00000000 encoding=full
constant kind=ps type=i reg=0 values=0,0,0,0
constant kind=ps type=i reg=1 values=0,0,0,0
constant kind=ps type=i reg=2 values=0,0,0,0
constant kind=ps type=i reg=3 values=0,0,0,0
constant kind=ps type=i reg=4 values=0,0,0,0
constant kind=ps type=i reg=5 values=0,0,0,0
constant kind=ps type=i reg=6 values=0,0,0,0
constant kind=ps type=i reg=7 values=0,0,0,0
constant kind=ps type=i reg=8 values=0,0,0,0
constant kind=ps type=i reg=9 values=0,0,0,0
constant kind=ps type=i reg=10 values=0,0,0,0
constant kind=ps type=i reg=11 values=0,0,0,0
constant kind=ps type=i reg=12 values=0,0,0,0
constant kind=ps type=i reg=13 values=0,0,0,0
constant kind=ps type=i reg=14 values=0,0,0,0
constant kind=ps type=i reg=15 values=0,0,0,0
constants kind=ps type=b count=16 result=00000000 encoding=full
constant kind=ps type=b reg=0 values=0
constant kind=ps type=b reg=1 values=0
constant kind=ps type=b reg=2 values=0
constant kind=ps type=b reg=3 values=0
constant kind=ps type=b reg=4 values=0
constant kind=ps type=b reg=5 values=0
constant kind=ps type=b reg=6 values=0
constant kind=ps type=b reg=7 values=0
constant kind=ps type=b reg=8 values=0
constant kind=ps type=b reg=9 values=0
constant kind=ps type=b reg=10 values=0
constant kind=ps type=b reg=11 values=0
constant kind=ps type=b reg=12 values=0
constant kind=ps type=b reg=13 values=0
constant kind=ps type=b reg=14 values=0
constant kind=ps type=b reg=15 values=0
draw_args start_vertex=0
motion_route device=1 frame=3 index=2 gate=5 routed=1 matched=0 depth=1 jittered=1 vs=53a0a641107ed76c ps=8759c7838bbc86c2 node=00000000 camera=00000000 node_handle=0 camera_handle=0 node_serial=0 camera_serial=0 load_epoch=0 registry_epoch=0 model=00000000 lod=00000000 vb=3 ib=0 declaration=0cdf6a8c884ad955 offset=0 stride=24 position_offset=0 position_type=16 topology=4 first=0 primitives=1 base_vertex=0 min_vertex=0 vertex_count=0 indexed=0 pass=1 rows_hash=712d59ff944d11a8 result=00000000
motion_input device=1 frame=3 index=2 blockers=00000210 proofs=28 position_path=1 vs=53a0a641107ed76c ps=8759c7838bbc86c2 declaration=0cdf6a8c884ad955 rows_hash=712d59ff944d11a8 color=1 depth=2 width=64 height=64 cull=1 vb=3 vb_revision=0 ib=0 ib_revision=0 position_offset=0 position_type=16 lifetime_verified=0 vertex_finite_verified=0
motion_geometry device=1 frame=3 index=2 source_qualified=1 source_hash=53a0a641107ed76c source_words=526 finite_requested=0 finite_state=0 finite_reason=4 finite_status=00000001 finite_generation=0 finite_revision=0 index_required=0 index_requested=0 index_known=0 index_range_verified=0 index_exact=0 index_min=0 index_max=0 index_reason=1 index_status=00000001 index_generation=0 index_revision=0
draw_result device=1 frame=3 index=2 result=00000000
capture_event device=1 frame=3 seq=5 after_draw=2 op=draw_begin result=00000000 qpc=9701451623847
draw device=1 frame=3 index=3 kind=primitive topology=4 primitives=1 vs=53a0a641107ed76c ps=8759c7838bbc86c2
geometry source=buffers
stream slot=0 result=00000000 identity=6 offset=0 stride=24 frequency=1 frequency_result=00000000
vertex_buffer identity=6 bytes=72 usage=0 pool=1 fvf=0
buffer_content kind=vertex identity=6 result=80070057 status=00000001 requested=0 known=0 ambiguous=0 revision=0 pending=0 flags=00000000
stream slot=1 result=00000000 identity=0
stream slot=2 result=00000000 identity=0
stream slot=3 result=00000000 identity=0
stream slot=4 result=00000000 identity=0
stream slot=5 result=00000000 identity=0
stream slot=6 result=00000000 identity=0
stream slot=7 result=00000000 identity=0
stream slot=8 result=00000000 identity=0
stream slot=9 result=00000000 identity=0
stream slot=10 result=00000000 identity=0
stream slot=11 result=00000000 identity=0
stream slot=12 result=00000000 identity=0
stream slot=13 result=00000000 identity=0
stream slot=14 result=00000000 identity=0
stream slot=15 result=00000000 identity=0
indices result=00000000 identity=0
surface role=rt0 ptr=00118c60 identity=1 width=64 height=64 format=21 usage=1 msaa=0 container=0 container_type=0 container_result=80004002
surface role=depth ptr=00118ca0 identity=2 width=64 height=64 format=77 usage=2 msaa=0 container=0 container_type=0 container_result=80004002
state id=7 value=1
state id=14 value=1
state id=23 value=4
state id=15 value=0
state id=24 value=0
state id=25 value=8
state id=27 value=0
state id=19 value=2
state id=20 value=1
state id=171 value=1
state id=22 value=1
state id=168 value=15
state id=194 value=0
state id=206 value=0
state id=52 value=0
state id=56 value=8
state id=57 value=0
state id=58 value=4294967295
state id=59 value=4294967295
state id=53 value=1
state id=54 value=1
state id=55 value=1
state id=185 value=0
state id=189 value=8
state id=186 value=1
state id=187 value=1
state id=188 value=1
viewport x=0 y=0 w=64 h=64 minz=0 maxz=1
texture stage=0 ptr=0214d8d0 type=3 identity=9 levels=1
texture_desc stage=0 w=2 h=2 format=21
sampler stage=0 state=6 value=1
sampler stage=0 state=5 value=1
sampler stage=0 state=7 value=0
sampler stage=0 state=10 value=1
sampler stage=0 state=11 value=0
sampler stage=0 state=8 value=0 bias=0
sampler stage=0 state=9 value=0
texture stage=1 ptr=0214d950 type=3 identity=10 levels=1
texture_desc stage=1 w=2 h=2 format=21
sampler stage=1 state=6 value=1
sampler stage=1 state=5 value=1
sampler stage=1 state=7 value=0
sampler stage=1 state=10 value=1
sampler stage=1 state=11 value=0
sampler stage=1 state=8 value=0 bias=0
sampler stage=1 state=9 value=0
texture stage=2 ptr=0214d9d0 type=3 identity=11 levels=1
texture_desc stage=2 w=2 h=2 format=21
sampler stage=2 state=6 value=1
sampler stage=2 state=5 value=1
sampler stage=2 state=7 value=0
sampler stage=2 state=10 value=1
sampler stage=2 state=11 value=0
sampler stage=2 state=8 value=0 bias=0
sampler stage=2 state=9 value=0
texture stage=3 ptr=0214dd50 type=5 identity=12 levels=1
sampler stage=3 state=6 value=1
sampler stage=3 state=5 value=1
sampler stage=3 state=7 value=0
sampler stage=3 state=10 value=1
sampler stage=3 state=11 value=0
sampler stage=3 state=8 value=0 bias=0
sampler stage=3 state=9 value=0
sampler stage=4 state=6 value=1
sampler stage=4 state=5 value=1
sampler stage=4 state=7 value=0
sampler stage=4 state=10 value=1
sampler stage=4 state=11 value=0
sampler stage=4 state=8 value=0 bias=0
sampler stage=4 state=9 value=0
sampler stage=5 state=6 value=1
sampler stage=5 state=5 value=1
sampler stage=5 state=7 value=0
sampler stage=5 state=10 value=1
sampler stage=5 state=11 value=0
sampler stage=5 state=8 value=0 bias=0
sampler stage=5 state=9 value=0
sampler stage=6 state=6 value=1
sampler stage=6 state=5 value=1
sampler stage=6 state=7 value=0
sampler stage=6 state=10 value=1
sampler stage=6 state=11 value=0
sampler stage=6 state=8 value=0 bias=0
sampler stage=6 state=9 value=0
sampler stage=7 state=6 value=1
sampler stage=7 state=5 value=1
sampler stage=7 state=7 value=0
sampler stage=7 state=10 value=1
sampler stage=7 state=11 value=0
sampler stage=7 state=8 value=0 bias=0
sampler stage=7 state=9 value=0
sampler stage=8 state=6 value=1
sampler stage=8 state=5 value=1
sampler stage=8 state=7 value=0
sampler stage=8 state=10 value=1
sampler stage=8 state=11 value=0
sampler stage=8 state=8 value=0 bias=0
sampler stage=8 state=9 value=0
sampler stage=9 state=6 value=1
sampler stage=9 state=5 value=1
sampler stage=9 state=7 value=0
sampler stage=9 state=10 value=1
sampler stage=9 state=11 value=0
sampler stage=9 state=8 value=0 bias=0
sampler stage=9 state=9 value=0
sampler stage=10 state=6 value=1
sampler stage=10 state=5 value=1
sampler stage=10 state=7 value=0
sampler stage=10 state=10 value=1
sampler stage=10 state=11 value=0
sampler stage=10 state=8 value=0 bias=0
sampler stage=10 state=9 value=0
sampler stage=11 state=6 value=1
sampler stage=11 state=5 value=1
sampler stage=11 state=7 value=0
sampler stage=11 state=10 value=1
sampler stage=11 state=11 value=0
sampler stage=11 state=8 value=0 bias=0
sampler stage=11 state=9 value=0
sampler stage=12 state=6 value=1
sampler stage=12 state=5 value=1
sampler stage=12 state=7 value=0
sampler stage=12 state=10 value=1
sampler stage=12 state=11 value=0
sampler stage=12 state=8 value=0 bias=0
sampler stage=12 state=9 value=0
sampler stage=13 state=6 value=1
sampler stage=13 state=5 value=1
sampler stage=13 state=7 value=0
sampler stage=13 state=10 value=1
sampler stage=13 state=11 value=0
sampler stage=13 state=8 value=0 bias=0
sampler stage=13 state=9 value=0
sampler stage=14 state=6 value=1
sampler stage=14 state=5 value=1
sampler stage=14 state=7 value=0
sampler stage=14 state=10 value=1
sampler stage=14 state=11 value=0
sampler stage=14 state=8 value=0 bias=0
sampler stage=14 state=9 value=0
sampler stage=15 state=6 value=1
sampler stage=15 state=5 value=1
sampler stage=15 state=7 value=0
sampler stage=15 state=10 value=1
sampler stage=15 state=11 value=0
sampler stage=15 state=8 value=0 bias=0
sampler stage=15 state=9 value=0
vertex_element stream=0 offset=0 type=16 method=0 usage=0 index=0
vertex_element stream=0 offset=8 type=16 method=0 usage=5 index=0
vertex_element stream=0 offset=16 type=16 method=0 usage=3 index=0
vertex_element stream=255 offset=0 type=17 method=0 usage=0 index=0
transform state=256 row=0 values=1,0,0,0
transform state=256 row=1 values=0,1,0,0
transform state=256 row=2 values=0,0,1,0
transform state=256 row=3 values=0,0,0,1
transform state=2 row=0 values=1,0,0,0
transform state=2 row=1 values=0,1,0,0
transform state=2 row=2 values=0,0,1,0
transform state=2 row=3 values=0,0,0,1
transform state=3 row=0 values=1,0,0,0
transform state=3 row=1 values=0,1,0,0
transform state=3 row=2 values=0,0,1,0
transform state=3 row=3 values=0,0,0,1
constants kind=vs type=f count=256 result=00000000 encoding=sparse_zero
constant kind=vs type=f reg=0 bits=bf800000,3f800000,40400000,00000000
constant kind=vs type=f reg=1 bits=3d23d70a,3ccccccd,3c75c28f,00000000
constant kind=vs type=f reg=2 bits=3f800000,3d4ccccd,00000000,00000000
constant kind=vs type=f reg=3 bits=00000000,3f800000,40400000,00000000
constant kind=vs type=f reg=4 bits=3d23d70a,3ccccccd,3c75c28f,00000000
constant kind=vs type=f reg=5 bits=3f800000,3d4ccccd,00000000,00000000
constant kind=vs type=f reg=6 bits=3f800000,3f800000,40400000,00000000
constant kind=vs type=f reg=7 bits=3d23d70a,3ccccccd,3c75c28f,00000000
constant kind=vs type=f reg=8 bits=3f800000,3d4ccccd,00000000,00000000
constant kind=vs type=f reg=9 bits=bf800000,3f800000,40400000,00000000
constant kind=vs type=f reg=10 bits=3d23d70a,3ccccccd,3c75c28f,00000000
constant kind=vs type=f reg=11 bits=3f800000,3d4ccccd,00000000,00000000
constant kind=vs type=f reg=12 bits=00000000,3f800000,40400000,00000000
constant kind=vs type=f reg=13 bits=3d23d70a,3ccccccd,3c75c28f,00000000
constant kind=vs type=f reg=14 bits=3f800000,3d4ccccd,00000000,00000000
constant kind=vs type=f reg=15 bits=3f800000,3f800000,40400000,00000000
constant kind=vs type=f reg=16 bits=3d23d70a,3ccccccd,3c75c28f,00000000
constant kind=vs type=f reg=17 bits=3f800000,3d4ccccd,00000000,00000000
constant kind=vs type=f reg=18 bits=bf800000,3f800000,40400000,00000000
constant kind=vs type=f reg=19 bits=3d23d70a,3ccccccd,3c75c28f,00000000
constant kind=vs type=f reg=20 bits=3f800000,3d4ccccd,00000000,00000000
constant kind=vs type=f reg=21 bits=00000000,3f800000,40400000,00000000
constant kind=vs type=f reg=22 bits=3d23d70a,3ccccccd,3c75c28f,00000000
constant kind=vs type=f reg=23 bits=3f800000,3d4ccccd,00000000,00000000
constant kind=vs type=f reg=24 bits=3f800000,00000000,00000000,00000000
constant kind=vs type=f reg=25 bits=00000000,3f800000,00000000,00000000
constant kind=vs type=f reg=26 bits=00000000,00000000,3f800000,00000000
constant kind=vs type=f reg=27 bits=00000000,00000000,00000000,3f800000
constant kind=vs type=f reg=28 bits=3f800000,00000000,00000000,00000000
constant kind=vs type=f reg=29 bits=00000000,3f800000,00000000,00000000
constant kind=vs type=f reg=30 bits=00000000,00000000,3f800000,00000000
constant kind=vs type=f reg=31 bits=3f800000,00000000,00000000,00000000
constant kind=vs type=f reg=32 bits=00000000,3f800000,00000000,00000000
constant kind=vs type=f reg=33 bits=00000000,00000000,3f800000,00000000
constant kind=vs type=f reg=34 bits=3f800000,00000000,00000000,00000000
constant kind=vs type=f reg=35 bits=00000000,3f800000,00000000,00000000
constant kind=vs type=f reg=36 bits=00000000,00000000,3f800000,40800000
constant kind=vs type=f reg=37 bits=3f800000,00000000,00000000,00000000
constant kind=vs type=f reg=38 bits=00000000,3f800000,00000000,00000000
constant kind=vs type=f reg=39 bits=3f200000,00000000,00000000,00000000
constant kind=vs type=f reg=40 bits=3e4ccccd,3dcccccd,3d4ccccd,00000000
constant kind=vs type=f reg=41 bits=3f800000,00000000,00000000,00000000
constant kind=vs type=f reg=252 bits=42c80000,42ca0000,42cc0000,42ce0000
constant kind=vs type=f reg=253 bits=42d00000,42d20000,42d40000,42d60000
constant kind=vs type=f reg=254 bits=42d80000,42da0000,42dc0000,42de0000
constant kind=vs type=f reg=255 bits=42e00000,42e20000,42e40000,42e60000
constants kind=vs type=i count=16 result=00000000 encoding=full
constant kind=vs type=i reg=0 values=1,0,1,0
constant kind=vs type=i reg=1 values=0,0,0,0
constant kind=vs type=i reg=2 values=0,0,0,0
constant kind=vs type=i reg=3 values=0,0,0,0
constant kind=vs type=i reg=4 values=0,0,0,0
constant kind=vs type=i reg=5 values=0,0,0,0
constant kind=vs type=i reg=6 values=0,0,0,0
constant kind=vs type=i reg=7 values=0,0,0,0
constant kind=vs type=i reg=8 values=0,0,0,0
constant kind=vs type=i reg=9 values=0,0,0,0
constant kind=vs type=i reg=10 values=0,0,0,0
constant kind=vs type=i reg=11 values=0,0,0,0
constant kind=vs type=i reg=12 values=0,0,0,0
constant kind=vs type=i reg=13 values=0,0,0,0
constant kind=vs type=i reg=14 values=0,0,0,0
constant kind=vs type=i reg=15 values=0,0,0,0
constants kind=vs type=b count=16 result=00000000 encoding=full
constant kind=vs type=b reg=0 values=0
constant kind=vs type=b reg=1 values=0
constant kind=vs type=b reg=2 values=0
constant kind=vs type=b reg=3 values=0
constant kind=vs type=b reg=4 values=0
constant kind=vs type=b reg=5 values=0
constant kind=vs type=b reg=6 values=0
constant kind=vs type=b reg=7 values=0
constant kind=vs type=b reg=8 values=0
constant kind=vs type=b reg=9 values=0
constant kind=vs type=b reg=10 values=0
constant kind=vs type=b reg=11 values=0
constant kind=vs type=b reg=12 values=0
constant kind=vs type=b reg=13 values=0
constant kind=vs type=b reg=14 values=0
constant kind=vs type=b reg=15 values=0
constants kind=ps type=f count=224 result=00000000 encoding=sparse_zero
constant kind=ps type=f reg=0 bits=3f800000,00000000,00000000,00000000
constant kind=ps type=f reg=1 bits=00000000,3f800000,00000000,00000000
constant kind=ps type=f reg=2 bits=00000000,00000000,3f800000,00000000
constant kind=ps type=f reg=3 bits=3e800000,00000000,00000000,00000000
constant kind=ps type=f reg=4 bits=00000000,00000000,3f800000,00000000
constant kind=ps type=f reg=5 bits=3e99999a,3e4ccccd,3dcccccd,00000000
constant kind=ps type=f reg=6 bits=3f000000,00000000,3f000000,00000000
constant kind=ps type=f reg=7 bits=3dcccccd,3e19999a,3e4ccccd,00000000
constant kind=ps type=f reg=216 bits=43480000,43490000,434a0000,434b0000
constant kind=ps type=f reg=217 bits=434c0000,434d0000,434e0000,434f0000
constants kind=ps type=i count=16 result=00000000 encoding=full
constant kind=ps type=i reg=0 values=0,0,0,0
constant kind=ps type=i reg=1 values=0,0,0,0
constant kind=ps type=i reg=2 values=0,0,0,0
constant kind=ps type=i reg=3 values=0,0,0,0
constant kind=ps type=i reg=4 values=0,0,0,0
constant kind=ps type=i reg=5 values=0,0,0,0
constant kind=ps type=i reg=6 values=0,0,0,0
constant kind=ps type=i reg=7 values=0,0,0,0
constant kind=ps type=i reg=8 values=0,0,0,0
constant kind=ps type=i reg=9 values=0,0,0,0
constant kind=ps type=i reg=10 values=0,0,0,0
constant kind=ps type=i reg=11 values=0,0,0,0
constant kind=ps type=i reg=12 values=0,0,0,0
constant kind=ps type=i reg=13 values=0,0,0,0
constant kind=ps type=i reg=14 values=0,0,0,0
constant kind=ps type=i reg=15 values=0,0,0,0
constants kind=ps type=b count=16 result=00000000 encoding=full
constant kind=ps type=b reg=0 values=0
constant kind=ps type=b reg=1 values=0
constant kind=ps type=b reg=2 values=0
constant kind=ps type=b reg=3 values=0
constant kind=ps type=b reg=4 values=0
constant kind=ps type=b reg=5 values=0
constant kind=ps type=b reg=6 values=0
constant kind=ps type=b reg=7 values=0
constant kind=ps type=b reg=8 values=0
constant kind=ps type=b reg=9 values=0
constant kind=ps type=b reg=10 values=0
constant kind=ps type=b reg=11 values=0
constant kind=ps type=b reg=12 values=0
constant kind=ps type=b reg=13 values=0
constant kind=ps type=b reg=14 values=0
constant kind=ps type=b reg=15 values=0
draw_args start_vertex=0
motion_route device=1 frame=3 index=3 gate=5 routed=1 matched=0 depth=1 jittered=1 vs=53a0a641107ed76c ps=8759c7838bbc86c2 node=00000000 camera=00000000 node_handle=0 camera_handle=0 node_serial=0 camera_serial=0 load_epoch=0 registry_epoch=0 model=00000000 lod=00000000 vb=6 ib=0 declaration=0cdf6a8c884ad955 offset=0 stride=24 position_offset=0 position_type=16 topology=4 first=0 primitives=1 base_vertex=0 min_vertex=0 vertex_count=0 indexed=0 pass=1 rows_hash=1b0c97ae01a7ec05 result=00000000
motion_input device=1 frame=3 index=3 blockers=00000210 proofs=28 position_path=1 vs=53a0a641107ed76c ps=8759c7838bbc86c2 declaration=0cdf6a8c884ad955 rows_hash=1b0c97ae01a7ec05 color=1 depth=2 width=64 height=64 cull=1 vb=6 vb_revision=0 ib=0 ib_revision=0 position_offset=0 position_type=16 lifetime_verified=0 vertex_finite_verified=0
motion_geometry device=1 frame=3 index=3 source_qualified=1 source_hash=53a0a641107ed76c source_words=526 finite_requested=0 finite_state=0 finite_reason=4 finite_status=00000001 finite_generation=0 finite_revision=0 index_required=0 index_requested=0 index_known=0 index_range_verified=0 index_exact=0 index_min=0 index_max=0 index_reason=1 index_status=00000001 index_generation=0 index_revision=0
draw_result device=1 frame=3 index=3 result=00000000
motion_output_cut device=1 frame=3 samples=0 median_px=0.0000 keyed=0 missing=0 missing_fraction=0.0000 bound_px=2.400 bound_missing=0.250 cut=0
capture_event device=1 frame=3 seq=6 after_draw=3 op=set_depth result=00000000 qpc=9701451634855
set_depth ptr=00000000 result=00000000
surface role=depth_binding ptr=0 identity=0
hdr_readback device=1 frame=3 file=hdr_1_3.rgba16f width=64 height=64 format=rgba16f_row_major result=00000000 bytes=32768
motion_output_color_readback device=1 frame=3 file=color_1_3.bgra8 width=64 height=64 format=bgra8_row_major result=00000000 bytes=16384
motion_output_taa_readback device=1 frame=3 file=taa_1_3.rgba16f width=64 height=64 format=rgba16f_row_major result=00000000 bytes=32768
motion_output_present_readback device=1 frame=3 file=present_1_3.bgra8 width=64 height=64 format=bgra8_row_major result=00000000 bytes=16384
capture_event device=1 frame=3 seq=7 after_draw=3 op=stretch_rect result=00000000 qpc=9701451684905
stretch_rect source=00118c60 dest=0215aa58 filter=0 source_rect_null=1 dest_rect_null=1
surface role=stretch_source ptr=00118c60 identity=1 width=64 height=64 format=21 usage=1 msaa=0 container=0 container_type=0 container_result=80004002
surface role=stretch_dest ptr=0215aa58 identity=7 width=64 height=64 format=21 usage=1 msaa=0 container=8 container_type=3 container_result=00000000
capture_event device=1 frame=3 seq=8 after_draw=3 op=set_depth result=00000000 qpc=9701451706073
set_depth ptr=00118ca0 result=00000000
surface role=depth_binding ptr=00118ca0 identity=2 width=64 height=64 format=77 usage=2 msaa=0 container=0 container_type=0 container_result=80004002
motion_output_readback device=1 frame=3 file=motion_1_3.rgba32f width=64 height=64 format=rgba32f_row_major result=00000000 bytes=65536
motion_output_depth_readback device=1 frame=3 file=depth_1_3.r32f width=64 height=64 format=r32f_row_major result=00000000 bytes=16384
motion_output_frame device=1 frame=3 latched=1 filled=1 fill_result=00000000 fill_restore=00000000 draws=3 routed=2 matched=0 gate1=0 gate2=1 gate3=0 gate4=0 gate5=2 gate6=0 apply_failures=0 restore_failures=0 history_previous=0 history_current=0 committed=1 selector_state=9 present=00000000 depth=1 depth_routed=2 jitter=1 jitter_index=3 jitter_x=-0.375000 jitter_y=-0.055556 jitter_previous_x=0.250000 jitter_previous_y=-0.388889 jittered=2 cut=0 cut_median_px=0.0000 cut_missing=0.0000 cut_samples=0 taa=1 taa_attempted=1 taa_resolved=1 taa_history=1 taa_skip=0 taa_result=00000000 taa_restore=00000000 taa_copy=00000001 taa_hdr=1 taa_k=0.00000 taa_sharpen=0 scene_open=0 active_queries=0 taa_references=6 camera_valid=0 camera_background_valid=0 camera_reads=0 camera_policy=1 camera_reason=2 camera_cut=0 camera_rotation_deg=0.0000 rt_mode=perdraw timing=cpu_qpc set_rt=8 lazy_flushes=0 jitter_writes=4 readbacks=6 gate_us=7.2 route_draw_us=11.7 set_rt_us=5.6 lazy_flush_us=0.0 jitter_us=0.8 fill_us=52.6 taa_run_us=235.2 taa_capture_us=6.4 taa_copy_color_us=0.3 taa_copy_depth_us=4.2 taa_draw_us=202.5 taa_apply_us=13.6 taa_copy_back_us=0.0 readback_us=4952.4 state_shadow=1 rs_queries=18 rs_hits=18 rs_gets=14 rs_resyncs=0 sb_resyncs=0 scene_hook=0 scene_end_source=stretchrect scene_end_check=3 hook_signals=0 hook_outside_scene=0 hook_state=0 draws_after_hook=0 bloom_copy_seen=1 mip_bias=0 mip_bias_sets=0 mip_bias_restores=0 mip_bias_draws=0 mip_bias_stages=0000 mip_bias_reads=0 mip_bias_game_writes=0 mip_bias_game_writes_total=0 mip_bias_failures=0 mip_bias_biased_now=0000
camera_state device=1 frame=3 status=executable_mismatch reads=0 valid=0 read_failure=0 failure=0 projection=00000000 view=00000000 p00=0 p11=0 p20=0 p21=0 r00=0 r01=0 r02=0 r10=0 r11=0 r12=0 r20=0 r21=0 r22=0 t=0,0,0 background_valid=0 background_p00=0 background_p11=0 background_rotation_deg=0.0000 history_view_valid=0 history_view_frame=3 rotation_deg=0.0000 policy=1 reason=2 camera_cut=0 mode=0 cut_deg=20.00
hdr_frame device=1 frame=3 hdr=1 redirected=1 end=bloom_copy writebacks=2 flushes=1 writeback_source=shader unwind=0 unwind_reason=none unwind_draw=00000001 unwind_restore=00000001 unwind_stretch=00000001 unwind_bind=00000001 blocked=0 recheck=none suspended=0 resumed=0 dirty_at_present=0 refused_msaa=0 target_create=00000000 latch_bind=00000000 target=64x64 target_bytes=32768 caps=ok stretch_conversion=00000000 timing=cpu_qpc redirect_us=2.5 writeback_us=107.1 writeback_draw_us=106.0 writeback_stretch_us=0.0 bind_us=0.0 recheck_us=0.0 tonemap=identity tonemapped=0 look=none decode=gamma2.2 clamp=0 exposure=auto ev=0.00000 ev_adapted=0.00000 ev_target=0.00000 avg_log_l=0.00000 luma_mean=1 dt_ms=0.000 stepped=0 steps=0 meter=00000001 readback=00000001 tonemap_draw=00000001 fallback=0 meter_us=0.0 readback_us=0.0 k=0.00000 chain_bytes=0 sharpen=off sharpened=0 sharpen_fallback=0
frame_end device=1 frame=3 draws=3 capture=1 present=00000000 elapsed_ms=974 dt_ms=11 qpc=9701451716629
frame_begin device=1 frame=4
capture_event device=1 frame=4 seq=1 after_draw=0 op=clear result=00000000 qpc=9701451717461
clear flags=3 color=ff203040 z=1 stencil=0 rect_count=0 rect_ptr=00000000
surface role=clear_rt0 ptr=00118c60 identity=1 width=64 height=64 format=21 usage=1 msaa=0 container=0 container_type=0 container_result=80004002
surface role=clear_depth ptr=00118ca0 identity=2 width=64 height=64 format=77 usage=2 msaa=0 container=0 container_type=0 container_result=80004002
clear_viewport result=00000000 x=0 y=0 w=64 h=64 minz=0 maxz=1
capture_event device=1 frame=4 seq=2 after_draw=0 op=draw_begin result=00000000 qpc=9701451718487
draw device=1 frame=4 index=1 kind=primitive topology=4 primitives=1 vs=53a0a641107ed76c ps=98731d5594e36226
geometry source=buffers
stream slot=0 result=00000000 identity=3 offset=0 stride=24 frequency=1 frequency_result=00000000
vertex_buffer identity=3 bytes=72 usage=0 pool=1 fvf=0
buffer_content kind=vertex identity=3 result=80070057 status=00000001 requested=0 known=0 ambiguous=0 revision=0 pending=0 flags=00000000
stream slot=1 result=00000000 identity=0
stream slot=2 result=00000000 identity=0
stream slot=3 result=00000000 identity=0
stream slot=4 result=00000000 identity=0
stream slot=5 result=00000000 identity=0
stream slot=6 result=00000000 identity=0
stream slot=7 result=00000000 identity=0
stream slot=8 result=00000000 identity=0
stream slot=9 result=00000000 identity=0
stream slot=10 result=00000000 identity=0
stream slot=11 result=00000000 identity=0
stream slot=12 result=00000000 identity=0
stream slot=13 result=00000000 identity=0
stream slot=14 result=00000000 identity=0
stream slot=15 result=00000000 identity=0
indices result=00000000 identity=0
surface role=rt0 ptr=00118c60 identity=1 width=64 height=64 format=21 usage=1 msaa=0 container=0 container_type=0 container_result=80004002
surface role=depth ptr=00118ca0 identity=2 width=64 height=64 format=77 usage=2 msaa=0 container=0 container_type=0 container_result=80004002
state id=7 value=0
state id=14 value=0
state id=23 value=4
state id=15 value=1
state id=24 value=0
state id=25 value=8
state id=27 value=1
state id=19 value=2
state id=20 value=1
state id=171 value=1
state id=22 value=2
state id=168 value=7
state id=194 value=0
state id=206 value=0
state id=52 value=1
state id=56 value=8
state id=57 value=0
state id=58 value=4294967295
state id=59 value=4294967295
state id=53 value=1
state id=54 value=1
state id=55 value=1
state id=185 value=0
state id=189 value=8
state id=186 value=1
state id=187 value=1
state id=188 value=1
viewport x=0 y=0 w=64 h=64 minz=0 maxz=1
texture stage=0 ptr=0214d8d0 type=3 identity=9 levels=1
texture_desc stage=0 w=2 h=2 format=21
sampler stage=0 state=6 value=1
sampler stage=0 state=5 value=1
sampler stage=0 state=7 value=0
sampler stage=0 state=10 value=1
sampler stage=0 state=11 value=0
sampler stage=0 state=8 value=0 bias=0
sampler stage=0 state=9 value=0
texture stage=1 ptr=0214d950 type=3 identity=10 levels=1
texture_desc stage=1 w=2 h=2 format=21
sampler stage=1 state=6 value=1
sampler stage=1 state=5 value=1
sampler stage=1 state=7 value=0
sampler stage=1 state=10 value=1
sampler stage=1 state=11 value=0
sampler stage=1 state=8 value=0 bias=0
sampler stage=1 state=9 value=0
texture stage=2 ptr=0214d9d0 type=3 identity=11 levels=1
texture_desc stage=2 w=2 h=2 format=21
sampler stage=2 state=6 value=1
sampler stage=2 state=5 value=1
sampler stage=2 state=7 value=0
sampler stage=2 state=10 value=1
sampler stage=2 state=11 value=0
sampler stage=2 state=8 value=0 bias=0
sampler stage=2 state=9 value=0
texture stage=3 ptr=0214dd50 type=5 identity=12 levels=1
sampler stage=3 state=6 value=1
sampler stage=3 state=5 value=1
sampler stage=3 state=7 value=0
sampler stage=3 state=10 value=1
sampler stage=3 state=11 value=0
sampler stage=3 state=8 value=0 bias=0
sampler stage=3 state=9 value=0
sampler stage=4 state=6 value=1
sampler stage=4 state=5 value=1
sampler stage=4 state=7 value=0
sampler stage=4 state=10 value=1
sampler stage=4 state=11 value=0
sampler stage=4 state=8 value=0 bias=0
sampler stage=4 state=9 value=0
sampler stage=5 state=6 value=1
sampler stage=5 state=5 value=1
sampler stage=5 state=7 value=0
sampler stage=5 state=10 value=1
sampler stage=5 state=11 value=0
sampler stage=5 state=8 value=0 bias=0
sampler stage=5 state=9 value=0
sampler stage=6 state=6 value=1
sampler stage=6 state=5 value=1
sampler stage=6 state=7 value=0
sampler stage=6 state=10 value=1
sampler stage=6 state=11 value=0
sampler stage=6 state=8 value=0 bias=0
sampler stage=6 state=9 value=0
sampler stage=7 state=6 value=1
sampler stage=7 state=5 value=1
sampler stage=7 state=7 value=0
sampler stage=7 state=10 value=1
sampler stage=7 state=11 value=0
sampler stage=7 state=8 value=0 bias=0
sampler stage=7 state=9 value=0
sampler stage=8 state=6 value=1
sampler stage=8 state=5 value=1
sampler stage=8 state=7 value=0
sampler stage=8 state=10 value=1
sampler stage=8 state=11 value=0
sampler stage=8 state=8 value=0 bias=0
sampler stage=8 state=9 value=0
sampler stage=9 state=6 value=1
sampler stage=9 state=5 value=1
sampler stage=9 state=7 value=0
sampler stage=9 state=10 value=1
sampler stage=9 state=11 value=0
sampler stage=9 state=8 value=0 bias=0
sampler stage=9 state=9 value=0
sampler stage=10 state=6 value=1
sampler stage=10 state=5 value=1
sampler stage=10 state=7 value=0
sampler stage=10 state=10 value=1
sampler stage=10 state=11 value=0
sampler stage=10 state=8 value=0 bias=0
sampler stage=10 state=9 value=0
sampler stage=11 state=6 value=1
sampler stage=11 state=5 value=1
sampler stage=11 state=7 value=0
sampler stage=11 state=10 value=1
sampler stage=11 state=11 value=0
sampler stage=11 state=8 value=0 bias=0
sampler stage=11 state=9 value=0
sampler stage=12 state=6 value=1
sampler stage=12 state=5 value=1
sampler stage=12 state=7 value=0
sampler stage=12 state=10 value=1
sampler stage=12 state=11 value=0
sampler stage=12 state=8 value=0 bias=0
sampler stage=12 state=9 value=0
sampler stage=13 state=6 value=1
sampler stage=13 state=5 value=1
sampler stage=13 state=7 value=0
sampler stage=13 state=10 value=1
sampler stage=13 state=11 value=0
sampler stage=13 state=8 value=0 bias=0
sampler stage=13 state=9 value=0
sampler stage=14 state=6 value=1
sampler stage=14 state=5 value=1
sampler stage=14 state=7 value=0
sampler stage=14 state=10 value=1
sampler stage=14 state=11 value=0
sampler stage=14 state=8 value=0 bias=0
sampler stage=14 state=9 value=0
sampler stage=15 state=6 value=1
sampler stage=15 state=5 value=1
sampler stage=15 state=7 value=0
sampler stage=15 state=10 value=1
sampler stage=15 state=11 value=0
sampler stage=15 state=8 value=0 bias=0
sampler stage=15 state=9 value=0
vertex_element stream=0 offset=0 type=16 method=0 usage=0 index=0
vertex_element stream=0 offset=8 type=16 method=0 usage=5 index=0
vertex_element stream=0 offset=16 type=16 method=0 usage=3 index=0
vertex_element stream=255 offset=0 type=17 method=0 usage=0 index=0
transform state=256 row=0 values=1,0,0,0
transform state=256 row=1 values=0,1,0,0
transform state=256 row=2 values=0,0,1,0
transform state=256 row=3 values=0,0,0,1
transform state=2 row=0 values=1,0,0,0
transform state=2 row=1 values=0,1,0,0
transform state=2 row=2 values=0,0,1,0
transform state=2 row=3 values=0,0,0,1
transform state=3 row=0 values=1,0,0,0
transform state=3 row=1 values=0,1,0,0
transform state=3 row=2 values=0,0,1,0
transform state=3 row=3 values=0,0,0,1
constants kind=vs type=f count=256 result=00000000 encoding=sparse_zero
constant kind=vs type=f reg=0 bits=bf800000,3f800000,40400000,00000000
constant kind=vs type=f reg=1 bits=3d23d70a,3ccccccd,3c75c28f,00000000
constant kind=vs type=f reg=2 bits=3f800000,3d4ccccd,00000000,00000000
constant kind=vs type=f reg=3 bits=00000000,3f800000,40400000,00000000
constant kind=vs type=f reg=4 bits=3d23d70a,3ccccccd,3c75c28f,00000000
constant kind=vs type=f reg=5 bits=3f800000,3d4ccccd,00000000,00000000
constant kind=vs type=f reg=6 bits=3f800000,3f800000,40400000,00000000
constant kind=vs type=f reg=7 bits=3d23d70a,3ccccccd,3c75c28f,00000000
constant kind=vs type=f reg=8 bits=3f800000,3d4ccccd,00000000,00000000
constant kind=vs type=f reg=9 bits=bf800000,3f800000,40400000,00000000
constant kind=vs type=f reg=10 bits=3d23d70a,3ccccccd,3c75c28f,00000000
constant kind=vs type=f reg=11 bits=3f800000,3d4ccccd,00000000,00000000
constant kind=vs type=f reg=12 bits=00000000,3f800000,40400000,00000000
constant kind=vs type=f reg=13 bits=3d23d70a,3ccccccd,3c75c28f,00000000
constant kind=vs type=f reg=14 bits=3f800000,3d4ccccd,00000000,00000000
constant kind=vs type=f reg=15 bits=3f800000,3f800000,40400000,00000000
constant kind=vs type=f reg=16 bits=3d23d70a,3ccccccd,3c75c28f,00000000
constant kind=vs type=f reg=17 bits=3f800000,3d4ccccd,00000000,00000000
constant kind=vs type=f reg=18 bits=bf800000,3f800000,40400000,00000000
constant kind=vs type=f reg=19 bits=3d23d70a,3ccccccd,3c75c28f,00000000
constant kind=vs type=f reg=20 bits=3f800000,3d4ccccd,00000000,00000000
constant kind=vs type=f reg=21 bits=00000000,3f800000,40400000,00000000
constant kind=vs type=f reg=22 bits=3d23d70a,3ccccccd,3c75c28f,00000000
constant kind=vs type=f reg=23 bits=3f800000,3d4ccccd,00000000,00000000
constant kind=vs type=f reg=24 bits=3f800000,00000000,00000000,00000000
constant kind=vs type=f reg=25 bits=00000000,3f800000,00000000,00000000
constant kind=vs type=f reg=26 bits=00000000,00000000,3f800000,00000000
constant kind=vs type=f reg=27 bits=00000000,00000000,00000000,3f800000
constant kind=vs type=f reg=28 bits=3f800000,00000000,00000000,00000000
constant kind=vs type=f reg=29 bits=00000000,3f800000,00000000,00000000
constant kind=vs type=f reg=30 bits=00000000,00000000,3f800000,00000000
constant kind=vs type=f reg=31 bits=3f800000,00000000,00000000,00000000
constant kind=vs type=f reg=32 bits=00000000,3f800000,00000000,00000000
constant kind=vs type=f reg=33 bits=00000000,00000000,3f800000,00000000
constant kind=vs type=f reg=34 bits=3f800000,00000000,00000000,00000000
constant kind=vs type=f reg=35 bits=00000000,3f800000,00000000,00000000
constant kind=vs type=f reg=36 bits=00000000,00000000,3f800000,40800000
constant kind=vs type=f reg=37 bits=3f800000,00000000,00000000,00000000
constant kind=vs type=f reg=38 bits=00000000,3f800000,00000000,00000000
constant kind=vs type=f reg=39 bits=3f200000,00000000,00000000,00000000
constant kind=vs type=f reg=40 bits=3e4ccccd,3dcccccd,3d4ccccd,00000000
constant kind=vs type=f reg=41 bits=3f800000,00000000,00000000,00000000
constant kind=vs type=f reg=252 bits=42c80000,42ca0000,42cc0000,42ce0000
constant kind=vs type=f reg=253 bits=42d00000,42d20000,42d40000,42d60000
constant kind=vs type=f reg=254 bits=42d80000,42da0000,42dc0000,42de0000
constant kind=vs type=f reg=255 bits=42e00000,42e20000,42e40000,42e60000
constants kind=vs type=i count=16 result=00000000 encoding=full
constant kind=vs type=i reg=0 values=1,0,1,0
constant kind=vs type=i reg=1 values=0,0,0,0
constant kind=vs type=i reg=2 values=0,0,0,0
constant kind=vs type=i reg=3 values=0,0,0,0
constant kind=vs type=i reg=4 values=0,0,0,0
constant kind=vs type=i reg=5 values=0,0,0,0
constant kind=vs type=i reg=6 values=0,0,0,0
constant kind=vs type=i reg=7 values=0,0,0,0
constant kind=vs type=i reg=8 values=0,0,0,0
constant kind=vs type=i reg=9 values=0,0,0,0
constant kind=vs type=i reg=10 values=0,0,0,0
constant kind=vs type=i reg=11 values=0,0,0,0
constant kind=vs type=i reg=12 values=0,0,0,0
constant kind=vs type=i reg=13 values=0,0,0,0
constant kind=vs type=i reg=14 values=0,0,0,0
constant kind=vs type=i reg=15 values=0,0,0,0
constants kind=vs type=b count=16 result=00000000 encoding=full
constant kind=vs type=b reg=0 values=0
constant kind=vs type=b reg=1 values=0
constant kind=vs type=b reg=2 values=0
constant kind=vs type=b reg=3 values=0
constant kind=vs type=b reg=4 values=0
constant kind=vs type=b reg=5 values=0
constant kind=vs type=b reg=6 values=0
constant kind=vs type=b reg=7 values=0
constant kind=vs type=b reg=8 values=0
constant kind=vs type=b reg=9 values=0
constant kind=vs type=b reg=10 values=0
constant kind=vs type=b reg=11 values=0
constant kind=vs type=b reg=12 values=0
constant kind=vs type=b reg=13 values=0
constant kind=vs type=b reg=14 values=0
constant kind=vs type=b reg=15 values=0
constants kind=ps type=f count=224 result=00000000 encoding=sparse_zero
constant kind=ps type=f reg=0 bits=3f800000,00000000,00000000,00000000
constant kind=ps type=f reg=1 bits=00000000,3f800000,00000000,00000000
constant kind=ps type=f reg=2 bits=00000000,00000000,3f800000,00000000
constant kind=ps type=f reg=3 bits=3e800000,00000000,00000000,00000000
constant kind=ps type=f reg=4 bits=00000000,00000000,3f800000,00000000
constant kind=ps type=f reg=5 bits=3e99999a,3e4ccccd,3dcccccd,00000000
constant kind=ps type=f reg=6 bits=3f000000,00000000,3f000000,00000000
constant kind=ps type=f reg=7 bits=3dcccccd,3e19999a,3e4ccccd,00000000
constant kind=ps type=f reg=216 bits=43480000,43490000,434a0000,434b0000
constant kind=ps type=f reg=217 bits=434c0000,434d0000,434e0000,434f0000
constants kind=ps type=i count=16 result=00000000 encoding=full
constant kind=ps type=i reg=0 values=0,0,0,0
constant kind=ps type=i reg=1 values=0,0,0,0
constant kind=ps type=i reg=2 values=0,0,0,0
constant kind=ps type=i reg=3 values=0,0,0,0
constant kind=ps type=i reg=4 values=0,0,0,0
constant kind=ps type=i reg=5 values=0,0,0,0
constant kind=ps type=i reg=6 values=0,0,0,0
constant kind=ps type=i reg=7 values=0,0,0,0
constant kind=ps type=i reg=8 values=0,0,0,0
constant kind=ps type=i reg=9 values=0,0,0,0
constant kind=ps type=i reg=10 values=0,0,0,0
constant kind=ps type=i reg=11 values=0,0,0,0
constant kind=ps type=i reg=12 values=0,0,0,0
constant kind=ps type=i reg=13 values=0,0,0,0
constant kind=ps type=i reg=14 values=0,0,0,0
constant kind=ps type=i reg=15 values=0,0,0,0
constants kind=ps type=b count=16 result=00000000 encoding=full
constant kind=ps type=b reg=0 values=0
constant kind=ps type=b reg=1 values=0
constant kind=ps type=b reg=2 values=0
constant kind=ps type=b reg=3 values=0
constant kind=ps type=b reg=4 values=0
constant kind=ps type=b reg=5 values=0
constant kind=ps type=b reg=6 values=0
constant kind=ps type=b reg=7 values=0
constant kind=ps type=b reg=8 values=0
constant kind=ps type=b reg=9 values=0
constant kind=ps type=b reg=10 values=0
constant kind=ps type=b reg=11 values=0
constant kind=ps type=b reg=12 values=0
constant kind=ps type=b reg=13 values=0
constant kind=ps type=b reg=14 values=0
constant kind=ps type=b reg=15 values=0
draw_args start_vertex=0
motion_input device=1 frame=4 index=1 blockers=00000252 proofs=20 position_path=1 vs=53a0a641107ed76c ps=98731d5594e36226 declaration=0cdf6a8c884ad955 rows_hash=1b0c97ae01a7ec05 color=1 depth=2 width=64 height=64 cull=2 vb=3 vb_revision=0 ib=0 ib_revision=0 position_offset=0 position_type=16 lifetime_verified=0 vertex_finite_verified=0
motion_geometry device=1 frame=4 index=1 source_qualified=1 source_hash=53a0a641107ed76c source_words=526 finite_requested=0 finite_state=0 finite_reason=4 finite_status=00000001 finite_generation=0 finite_revision=0 index_required=0 index_requested=0 index_known=0 index_range_verified=0 index_exact=0 index_min=0 index_max=0 index_reason=1 index_status=00000001 index_generation=0 index_revision=0
draw_result device=1 frame=4 index=1 result=00000000
capture_event device=1 frame=4 seq=3 after_draw=1 op=clear result=00000000 qpc=9701451731194
clear flags=2 color=00000000 z=1 stencil=0 rect_count=0 rect_ptr=00000000
surface role=clear_rt0 ptr=00118c60 identity=1 width=64 height=64 format=21 usage=1 msaa=0 container=0 container_type=0 container_result=80004002
surface role=clear_depth ptr=00118ca0 identity=2 width=64 height=64 format=77 usage=2 msaa=0 container=0 container_type=0 container_result=80004002
clear_viewport result=00000000 x=0 y=0 w=64 h=64 minz=0 maxz=1
capture_event device=1 frame=4 seq=4 after_draw=1 op=draw_begin result=00000000 qpc=9701451732317
draw device=1 frame=4 index=2 kind=primitive topology=4 primitives=1 vs=53a0a641107ed76c ps=8759c7838bbc86c2
geometry source=buffers
stream slot=0 result=00000000 identity=3 offset=0 stride=24 frequency=1 frequency_result=00000000
vertex_buffer identity=3 bytes=72 usage=0 pool=1 fvf=0
buffer_content kind=vertex identity=3 result=80070057 status=00000001 requested=0 known=0 ambiguous=0 revision=0 pending=0 flags=00000000
stream slot=1 result=00000000 identity=0
stream slot=2 result=00000000 identity=0
stream slot=3 result=00000000 identity=0
stream slot=4 result=00000000 identity=0
stream slot=5 result=00000000 identity=0
stream slot=6 result=00000000 identity=0
stream slot=7 result=00000000 identity=0
stream slot=8 result=00000000 identity=0
stream slot=9 result=00000000 identity=0
stream slot=10 result=00000000 identity=0
stream slot=11 result=00000000 identity=0
stream slot=12 result=00000000 identity=0
stream slot=13 result=00000000 identity=0
stream slot=14 result=00000000 identity=0
stream slot=15 result=00000000 identity=0
indices result=00000000 identity=0
surface role=rt0 ptr=00118c60 identity=1 width=64 height=64 format=21 usage=1 msaa=0 container=0 container_type=0 container_result=80004002
surface role=depth ptr=00118ca0 identity=2 width=64 height=64 format=77 usage=2 msaa=0 container=0 container_type=0 container_result=80004002
state id=7 value=1
state id=14 value=1
state id=23 value=4
state id=15 value=0
state id=24 value=0
state id=25 value=8
state id=27 value=0
state id=19 value=2
state id=20 value=1
state id=171 value=1
state id=22 value=1
state id=168 value=15
state id=194 value=0
state id=206 value=0
state id=52 value=0
state id=56 value=8
state id=57 value=0
state id=58 value=4294967295
state id=59 value=4294967295
state id=53 value=1
state id=54 value=1
state id=55 value=1
state id=185 value=0
state id=189 value=8
state id=186 value=1
state id=187 value=1
state id=188 value=1
viewport x=0 y=0 w=64 h=64 minz=0 maxz=1
texture stage=0 ptr=0214d8d0 type=3 identity=9 levels=1
texture_desc stage=0 w=2 h=2 format=21
sampler stage=0 state=6 value=1
sampler stage=0 state=5 value=1
sampler stage=0 state=7 value=0
sampler stage=0 state=10 value=1
sampler stage=0 state=11 value=0
sampler stage=0 state=8 value=0 bias=0
sampler stage=0 state=9 value=0
texture stage=1 ptr=0214d950 type=3 identity=10 levels=1
texture_desc stage=1 w=2 h=2 format=21
sampler stage=1 state=6 value=1
sampler stage=1 state=5 value=1
sampler stage=1 state=7 value=0
sampler stage=1 state=10 value=1
sampler stage=1 state=11 value=0
sampler stage=1 state=8 value=0 bias=0
sampler stage=1 state=9 value=0
texture stage=2 ptr=0214d9d0 type=3 identity=11 levels=1
texture_desc stage=2 w=2 h=2 format=21
sampler stage=2 state=6 value=1
sampler stage=2 state=5 value=1
sampler stage=2 state=7 value=0
sampler stage=2 state=10 value=1
sampler stage=2 state=11 value=0
sampler stage=2 state=8 value=0 bias=0
sampler stage=2 state=9 value=0
texture stage=3 ptr=0214dd50 type=5 identity=12 levels=1
sampler stage=3 state=6 value=1
sampler stage=3 state=5 value=1
sampler stage=3 state=7 value=0
sampler stage=3 state=10 value=1
sampler stage=3 state=11 value=0
sampler stage=3 state=8 value=0 bias=0
sampler stage=3 state=9 value=0
sampler stage=4 state=6 value=1
sampler stage=4 state=5 value=1
sampler stage=4 state=7 value=0
sampler stage=4 state=10 value=1
sampler stage=4 state=11 value=0
sampler stage=4 state=8 value=0 bias=0
sampler stage=4 state=9 value=0
sampler stage=5 state=6 value=1
sampler stage=5 state=5 value=1
sampler stage=5 state=7 value=0
sampler stage=5 state=10 value=1
sampler stage=5 state=11 value=0
sampler stage=5 state=8 value=0 bias=0
sampler stage=5 state=9 value=0
sampler stage=6 state=6 value=1
sampler stage=6 state=5 value=1
sampler stage=6 state=7 value=0
sampler stage=6 state=10 value=1
sampler stage=6 state=11 value=0
sampler stage=6 state=8 value=0 bias=0
sampler stage=6 state=9 value=0
sampler stage=7 state=6 value=1
sampler stage=7 state=5 value=1
sampler stage=7 state=7 value=0
sampler stage=7 state=10 value=1
sampler stage=7 state=11 value=0
sampler stage=7 state=8 value=0 bias=0
sampler stage=7 state=9 value=0
sampler stage=8 state=6 value=1
sampler stage=8 state=5 value=1
sampler stage=8 state=7 value=0
sampler stage=8 state=10 value=1
sampler stage=8 state=11 value=0
sampler stage=8 state=8 value=0 bias=0
sampler stage=8 state=9 value=0
sampler stage=9 state=6 value=1
sampler stage=9 state=5 value=1
sampler stage=9 state=7 value=0
sampler stage=9 state=10 value=1
sampler stage=9 state=11 value=0
sampler stage=9 state=8 value=0 bias=0
sampler stage=9 state=9 value=0
sampler stage=10 state=6 value=1
sampler stage=10 state=5 value=1
sampler stage=10 state=7 value=0
sampler stage=10 state=10 value=1
sampler stage=10 state=11 value=0
sampler stage=10 state=8 value=0 bias=0
sampler stage=10 state=9 value=0
sampler stage=11 state=6 value=1
sampler stage=11 state=5 value=1
sampler stage=11 state=7 value=0
sampler stage=11 state=10 value=1
sampler stage=11 state=11 value=0
sampler stage=11 state=8 value=0 bias=0
sampler stage=11 state=9 value=0
sampler stage=12 state=6 value=1
sampler stage=12 state=5 value=1
sampler stage=12 state=7 value=0
sampler stage=12 state=10 value=1
sampler stage=12 state=11 value=0
sampler stage=12 state=8 value=0 bias=0
sampler stage=12 state=9 value=0
sampler stage=13 state=6 value=1
sampler stage=13 state=5 value=1
sampler stage=13 state=7 value=0
sampler stage=13 state=10 value=1
sampler stage=13 state=11 value=0
sampler stage=13 state=8 value=0 bias=0
sampler stage=13 state=9 value=0
sampler stage=14 state=6 value=1
sampler stage=14 state=5 value=1
sampler stage=14 state=7 value=0
sampler stage=14 state=10 value=1
sampler stage=14 state=11 value=0
sampler stage=14 state=8 value=0 bias=0
sampler stage=14 state=9 value=0
sampler stage=15 state=6 value=1
sampler stage=15 state=5 value=1
sampler stage=15 state=7 value=0
sampler stage=15 state=10 value=1
sampler stage=15 state=11 value=0
sampler stage=15 state=8 value=0 bias=0
sampler stage=15 state=9 value=0
vertex_element stream=0 offset=0 type=16 method=0 usage=0 index=0
vertex_element stream=0 offset=8 type=16 method=0 usage=5 index=0
vertex_element stream=0 offset=16 type=16 method=0 usage=3 index=0
vertex_element stream=255 offset=0 type=17 method=0 usage=0 index=0
transform state=256 row=0 values=1,0,0,0
transform state=256 row=1 values=0,1,0,0
transform state=256 row=2 values=0,0,1,0
transform state=256 row=3 values=0,0,0,1
transform state=2 row=0 values=1,0,0,0
transform state=2 row=1 values=0,1,0,0
transform state=2 row=2 values=0,0,1,0
transform state=2 row=3 values=0,0,0,1
transform state=3 row=0 values=1,0,0,0
transform state=3 row=1 values=0,1,0,0
transform state=3 row=2 values=0,0,1,0
transform state=3 row=3 values=0,0,0,1
constants kind=vs type=f count=256 result=00000000 encoding=sparse_zero
constant kind=vs type=f reg=0 bits=bf800000,3f800000,40400000,00000000
constant kind=vs type=f reg=1 bits=3d23d70a,3ccccccd,3c75c28f,00000000
constant kind=vs type=f reg=2 bits=3f800000,3d4ccccd,00000000,00000000
constant kind=vs type=f reg=3 bits=00000000,3f800000,40400000,00000000
constant kind=vs type=f reg=4 bits=3d23d70a,3ccccccd,3c75c28f,00000000
constant kind=vs type=f reg=5 bits=3f800000,3d4ccccd,00000000,00000000
constant kind=vs type=f reg=6 bits=3f800000,3f800000,40400000,00000000
constant kind=vs type=f reg=7 bits=3d23d70a,3ccccccd,3c75c28f,00000000
constant kind=vs type=f reg=8 bits=3f800000,3d4ccccd,00000000,00000000
constant kind=vs type=f reg=9 bits=bf800000,3f800000,40400000,00000000
constant kind=vs type=f reg=10 bits=3d23d70a,3ccccccd,3c75c28f,00000000
constant kind=vs type=f reg=11 bits=3f800000,3d4ccccd,00000000,00000000
constant kind=vs type=f reg=12 bits=00000000,3f800000,40400000,00000000
constant kind=vs type=f reg=13 bits=3d23d70a,3ccccccd,3c75c28f,00000000
constant kind=vs type=f reg=14 bits=3f800000,3d4ccccd,00000000,00000000
constant kind=vs type=f reg=15 bits=3f800000,3f800000,40400000,00000000
constant kind=vs type=f reg=16 bits=3d23d70a,3ccccccd,3c75c28f,00000000
constant kind=vs type=f reg=17 bits=3f800000,3d4ccccd,00000000,00000000
constant kind=vs type=f reg=18 bits=bf800000,3f800000,40400000,00000000
constant kind=vs type=f reg=19 bits=3d23d70a,3ccccccd,3c75c28f,00000000
constant kind=vs type=f reg=20 bits=3f800000,3d4ccccd,00000000,00000000
constant kind=vs type=f reg=21 bits=00000000,3f800000,40400000,00000000
constant kind=vs type=f reg=22 bits=3d23d70a,3ccccccd,3c75c28f,00000000
constant kind=vs type=f reg=23 bits=3f800000,3d4ccccd,00000000,00000000
constant kind=vs type=f reg=24 bits=3f800000,00000000,00000000,3f4ccccd
constant kind=vs type=f reg=25 bits=00000000,3f800000,00000000,00000000
constant kind=vs type=f reg=26 bits=00000000,00000000,3f800000,00000000
constant kind=vs type=f reg=27 bits=3e000000,00000000,00000000,3f800000
constant kind=vs type=f reg=28 bits=3f800000,00000000,00000000,00000000
constant kind=vs type=f reg=29 bits=00000000,3f800000,00000000,00000000
constant kind=vs type=f reg=30 bits=00000000,00000000,3f800000,00000000
constant kind=vs type=f reg=31 bits=3f800000,00000000,00000000,00000000
constant kind=vs type=f reg=32 bits=00000000,3f800000,00000000,00000000
constant kind=vs type=f reg=33 bits=00000000,00000000,3f800000,00000000
constant kind=vs type=f reg=34 bits=3f800000,00000000,00000000,00000000
constant kind=vs type=f reg=35 bits=00000000,3f800000,00000000,00000000
constant kind=vs type=f reg=36 bits=00000000,00000000,3f800000,40800000
constant kind=vs type=f reg=37 bits=3f800000,00000000,00000000,00000000
constant kind=vs type=f reg=38 bits=00000000,3f800000,00000000,00000000
constant kind=vs type=f reg=39 bits=3f200000,00000000,00000000,00000000
constant kind=vs type=f reg=40 bits=3e4ccccd,3dcccccd,3d4ccccd,00000000
constant kind=vs type=f reg=41 bits=3f800000,00000000,00000000,00000000
constant kind=vs type=f reg=252 bits=42c80000,42ca0000,42cc0000,42ce0000
constant kind=vs type=f reg=253 bits=42d00000,42d20000,42d40000,42d60000
constant kind=vs type=f reg=254 bits=42d80000,42da0000,42dc0000,42de0000
constant kind=vs type=f reg=255 bits=42e00000,42e20000,42e40000,42e60000
constants kind=vs type=i count=16 result=00000000 encoding=full
constant kind=vs type=i reg=0 values=1,0,1,0
constant kind=vs type=i reg=1 values=0,0,0,0
constant kind=vs type=i reg=2 values=0,0,0,0
constant kind=vs type=i reg=3 values=0,0,0,0
constant kind=vs type=i reg=4 values=0,0,0,0
constant kind=vs type=i reg=5 values=0,0,0,0
constant kind=vs type=i reg=6 values=0,0,0,0
constant kind=vs type=i reg=7 values=0,0,0,0
constant kind=vs type=i reg=8 values=0,0,0,0
constant kind=vs type=i reg=9 values=0,0,0,0
constant kind=vs type=i reg=10 values=0,0,0,0
constant kind=vs type=i reg=11 values=0,0,0,0
constant kind=vs type=i reg=12 values=0,0,0,0
constant kind=vs type=i reg=13 values=0,0,0,0
constant kind=vs type=i reg=14 values=0,0,0,0
constant kind=vs type=i reg=15 values=0,0,0,0
constants kind=vs type=b count=16 result=00000000 encoding=full
constant kind=vs type=b reg=0 values=0
constant kind=vs type=b reg=1 values=0
constant kind=vs type=b reg=2 values=0
constant kind=vs type=b reg=3 values=0
constant kind=vs type=b reg=4 values=0
constant kind=vs type=b reg=5 values=0
constant kind=vs type=b reg=6 values=0
constant kind=vs type=b reg=7 values=0
constant kind=vs type=b reg=8 values=0
constant kind=vs type=b reg=9 values=0
constant kind=vs type=b reg=10 values=0
constant kind=vs type=b reg=11 values=0
constant kind=vs type=b reg=12 values=0
constant kind=vs type=b reg=13 values=0
constant kind=vs type=b reg=14 values=0
constant kind=vs type=b reg=15 values=0
constants kind=ps type=f count=224 result=00000000 encoding=sparse_zero
constant kind=ps type=f reg=0 bits=3f800000,00000000,00000000,00000000
constant kind=ps type=f reg=1 bits=00000000,3f800000,00000000,00000000
constant kind=ps type=f reg=2 bits=00000000,00000000,3f800000,00000000
constant kind=ps type=f reg=3 bits=3e800000,00000000,00000000,00000000
constant kind=ps type=f reg=4 bits=00000000,00000000,3f800000,00000000
constant kind=ps type=f reg=5 bits=3e99999a,3e4ccccd,3dcccccd,00000000
constant kind=ps type=f reg=6 bits=3f000000,00000000,3f000000,00000000
constant kind=ps type=f reg=7 bits=3dcccccd,3e19999a,3e4ccccd,00000000
constant kind=ps type=f reg=216 bits=43480000,43490000,434a0000,434b0000
constant kind=ps type=f reg=217 bits=434c0000,434d0000,434e0000,434f0000
constants kind=ps type=i count=16 result=00000000 encoding=full
constant kind=ps type=i reg=0 values=0,0,0,0
constant kind=ps type=i reg=1 values=0,0,0,0
constant kind=ps type=i reg=2 values=0,0,0,0
constant kind=ps type=i reg=3 values=0,0,0,0
constant kind=ps type=i reg=4 values=0,0,0,0
constant kind=ps type=i reg=5 values=0,0,0,0
constant kind=ps type=i reg=6 values=0,0,0,0
constant kind=ps type=i reg=7 values=0,0,0,0
constant kind=ps type=i reg=8 values=0,0,0,0
constant kind=ps type=i reg=9 values=0,0,0,0
constant kind=ps type=i reg=10 values=0,0,0,0
constant kind=ps type=i reg=11 values=0,0,0,0
constant kind=ps type=i reg=12 values=0,0,0,0
constant kind=ps type=i reg=13 values=0,0,0,0
constant kind=ps type=i reg=14 values=0,0,0,0
constant kind=ps type=i reg=15 values=0,0,0,0
constants kind=ps type=b count=16 result=00000000 encoding=full
constant kind=ps type=b reg=0 values=0
constant kind=ps type=b reg=1 values=0
constant kind=ps type=b reg=2 values=0
constant kind=ps type=b reg=3 values=0
constant kind=ps type=b reg=4 values=0
constant kind=ps type=b reg=5 values=0
constant kind=ps type=b reg=6 values=0
constant kind=ps type=b reg=7 values=0
constant kind=ps type=b reg=8 values=0
constant kind=ps type=b reg=9 values=0
constant kind=ps type=b reg=10 values=0
constant kind=ps type=b reg=11 values=0
constant kind=ps type=b reg=12 values=0
constant kind=ps type=b reg=13 values=0
constant kind=ps type=b reg=14 values=0
constant kind=ps type=b reg=15 values=0
draw_args start_vertex=0
motion_route device=1 frame=4 index=2 gate=5 routed=1 matched=0 depth=1 jittered=1 vs=53a0a641107ed76c ps=8759c7838bbc86c2 node=00000000 camera=00000000 node_handle=0 camera_handle=0 node_serial=0 camera_serial=0 load_epoch=0 registry_epoch=0 model=00000000 lod=00000000 vb=3 ib=0 declaration=0cdf6a8c884ad955 offset=0 stride=24 position_offset=0 position_type=16 topology=4 first=0 primitives=1 base_vertex=0 min_vertex=0 vertex_count=0 indexed=0 pass=1 rows_hash=6e1905db0b783f53 result=00000000
motion_input device=1 frame=4 index=2 blockers=00000210 proofs=28 position_path=1 vs=53a0a641107ed76c ps=8759c7838bbc86c2 declaration=0cdf6a8c884ad955 rows_hash=6e1905db0b783f53 color=1 depth=2 width=64 height=64 cull=1 vb=3 vb_revision=0 ib=0 ib_revision=0 position_offset=0 position_type=16 lifetime_verified=0 vertex_finite_verified=0
motion_geometry device=1 frame=4 index=2 source_qualified=1 source_hash=53a0a641107ed76c source_words=526 finite_requested=0 finite_state=0 finite_reason=4 finite_status=00000001 finite_generation=0 finite_revision=0 index_required=0 index_requested=0 index_known=0 index_range_verified=0 index_exact=0 index_min=0 index_max=0 index_reason=1 index_status=00000001 index_generation=0 index_revision=0
draw_result device=1 frame=4 index=2 result=00000000
capture_event device=1 frame=4 seq=5 after_draw=2 op=draw_begin result=00000000 qpc=9701451743342
draw device=1 frame=4 index=3 kind=primitive topology=4 primitives=1 vs=53a0a641107ed76c ps=8759c7838bbc86c2
geometry source=buffers
stream slot=0 result=00000000 identity=6 offset=0 stride=24 frequency=1 frequency_result=00000000
vertex_buffer identity=6 bytes=72 usage=0 pool=1 fvf=0
buffer_content kind=vertex identity=6 result=80070057 status=00000001 requested=0 known=0 ambiguous=0 revision=0 pending=0 flags=00000000
stream slot=1 result=00000000 identity=0
stream slot=2 result=00000000 identity=0
stream slot=3 result=00000000 identity=0
stream slot=4 result=00000000 identity=0
stream slot=5 result=00000000 identity=0
stream slot=6 result=00000000 identity=0
stream slot=7 result=00000000 identity=0
stream slot=8 result=00000000 identity=0
stream slot=9 result=00000000 identity=0
stream slot=10 result=00000000 identity=0
stream slot=11 result=00000000 identity=0
stream slot=12 result=00000000 identity=0
stream slot=13 result=00000000 identity=0
stream slot=14 result=00000000 identity=0
stream slot=15 result=00000000 identity=0
indices result=00000000 identity=0
surface role=rt0 ptr=00118c60 identity=1 width=64 height=64 format=21 usage=1 msaa=0 container=0 container_type=0 container_result=80004002
surface role=depth ptr=00118ca0 identity=2 width=64 height=64 format=77 usage=2 msaa=0 container=0 container_type=0 container_result=80004002
state id=7 value=1
state id=14 value=1
state id=23 value=4
state id=15 value=0
state id=24 value=0
state id=25 value=8
state id=27 value=0
state id=19 value=2
state id=20 value=1
state id=171 value=1
state id=22 value=1
state id=168 value=15
state id=194 value=0
state id=206 value=0
state id=52 value=0
state id=56 value=8
state id=57 value=0
state id=58 value=4294967295
state id=59 value=4294967295
state id=53 value=1
state id=54 value=1
state id=55 value=1
state id=185 value=0
state id=189 value=8
state id=186 value=1
state id=187 value=1
state id=188 value=1
viewport x=0 y=0 w=64 h=64 minz=0 maxz=1
texture stage=0 ptr=0214d8d0 type=3 identity=9 levels=1
texture_desc stage=0 w=2 h=2 format=21
sampler stage=0 state=6 value=1
sampler stage=0 state=5 value=1
sampler stage=0 state=7 value=0
sampler stage=0 state=10 value=1
sampler stage=0 state=11 value=0
sampler stage=0 state=8 value=0 bias=0
sampler stage=0 state=9 value=0
texture stage=1 ptr=0214d950 type=3 identity=10 levels=1
texture_desc stage=1 w=2 h=2 format=21
sampler stage=1 state=6 value=1
sampler stage=1 state=5 value=1
sampler stage=1 state=7 value=0
sampler stage=1 state=10 value=1
sampler stage=1 state=11 value=0
sampler stage=1 state=8 value=0 bias=0
sampler stage=1 state=9 value=0
texture stage=2 ptr=0214d9d0 type=3 identity=11 levels=1
texture_desc stage=2 w=2 h=2 format=21
sampler stage=2 state=6 value=1
sampler stage=2 state=5 value=1
sampler stage=2 state=7 value=0
sampler stage=2 state=10 value=1
sampler stage=2 state=11 value=0
sampler stage=2 state=8 value=0 bias=0
sampler stage=2 state=9 value=0
texture stage=3 ptr=0214dd50 type=5 identity=12 levels=1
sampler stage=3 state=6 value=1
sampler stage=3 state=5 value=1
sampler stage=3 state=7 value=0
sampler stage=3 state=10 value=1
sampler stage=3 state=11 value=0
sampler stage=3 state=8 value=0 bias=0
sampler stage=3 state=9 value=0
sampler stage=4 state=6 value=1
sampler stage=4 state=5 value=1
sampler stage=4 state=7 value=0
sampler stage=4 state=10 value=1
sampler stage=4 state=11 value=0
sampler stage=4 state=8 value=0 bias=0
sampler stage=4 state=9 value=0
sampler stage=5 state=6 value=1
sampler stage=5 state=5 value=1
sampler stage=5 state=7 value=0
sampler stage=5 state=10 value=1
sampler stage=5 state=11 value=0
sampler stage=5 state=8 value=0 bias=0
sampler stage=5 state=9 value=0
sampler stage=6 state=6 value=1
sampler stage=6 state=5 value=1
sampler stage=6 state=7 value=0
sampler stage=6 state=10 value=1
sampler stage=6 state=11 value=0
sampler stage=6 state=8 value=0 bias=0
sampler stage=6 state=9 value=0
sampler stage=7 state=6 value=1
sampler stage=7 state=5 value=1
sampler stage=7 state=7 value=0
sampler stage=7 state=10 value=1
sampler stage=7 state=11 value=0
sampler stage=7 state=8 value=0 bias=0
sampler stage=7 state=9 value=0
sampler stage=8 state=6 value=1
sampler stage=8 state=5 value=1
sampler stage=8 state=7 value=0
sampler stage=8 state=10 value=1
sampler stage=8 state=11 value=0
sampler stage=8 state=8 value=0 bias=0
sampler stage=8 state=9 value=0
sampler stage=9 state=6 value=1
sampler stage=9 state=5 value=1
sampler stage=9 state=7 value=0
sampler stage=9 state=10 value=1
sampler stage=9 state=11 value=0
sampler stage=9 state=8 value=0 bias=0
sampler stage=9 state=9 value=0
sampler stage=10 state=6 value=1
sampler stage=10 state=5 value=1
sampler stage=10 state=7 value=0
sampler stage=10 state=10 value=1
sampler stage=10 state=11 value=0
sampler stage=10 state=8 value=0 bias=0
sampler stage=10 state=9 value=0
sampler stage=11 state=6 value=1
sampler stage=11 state=5 value=1
sampler stage=11 state=7 value=0
sampler stage=11 state=10 value=1
sampler stage=11 state=11 value=0
sampler stage=11 state=8 value=0 bias=0
sampler stage=11 state=9 value=0
sampler stage=12 state=6 value=1
sampler stage=12 state=5 value=1
sampler stage=12 state=7 value=0
sampler stage=12 state=10 value=1
sampler stage=12 state=11 value=0
sampler stage=12 state=8 value=0 bias=0
sampler stage=12 state=9 value=0
sampler stage=13 state=6 value=1
sampler stage=13 state=5 value=1
sampler stage=13 state=7 value=0
sampler stage=13 state=10 value=1
sampler stage=13 state=11 value=0
sampler stage=13 state=8 value=0 bias=0
sampler stage=13 state=9 value=0
sampler stage=14 state=6 value=1
sampler stage=14 state=5 value=1
sampler stage=14 state=7 value=0
sampler stage=14 state=10 value=1
sampler stage=14 state=11 value=0
sampler stage=14 state=8 value=0 bias=0
sampler stage=14 state=9 value=0
sampler stage=15 state=6 value=1
sampler stage=15 state=5 value=1
sampler stage=15 state=7 value=0
sampler stage=15 state=10 value=1
sampler stage=15 state=11 value=0
sampler stage=15 state=8 value=0 bias=0
sampler stage=15 state=9 value=0
vertex_element stream=0 offset=0 type=16 method=0 usage=0 index=0
vertex_element stream=0 offset=8 type=16 method=0 usage=5 index=0
vertex_element stream=0 offset=16 type=16 method=0 usage=3 index=0
vertex_element stream=255 offset=0 type=17 method=0 usage=0 index=0
transform state=256 row=0 values=1,0,0,0
transform state=256 row=1 values=0,1,0,0
transform state=256 row=2 values=0,0,1,0
transform state=256 row=3 values=0,0,0,1
transform state=2 row=0 values=1,0,0,0
transform state=2 row=1 values=0,1,0,0
transform state=2 row=2 values=0,0,1,0
transform state=2 row=3 values=0,0,0,1
transform state=3 row=0 values=1,0,0,0
transform state=3 row=1 values=0,1,0,0
transform state=3 row=2 values=0,0,1,0
transform state=3 row=3 values=0,0,0,1
constants kind=vs type=f count=256 result=00000000 encoding=sparse_zero
constant kind=vs type=f reg=0 bits=bf800000,3f800000,40400000,00000000
constant kind=vs type=f reg=1 bits=3d23d70a,3ccccccd,3c75c28f,00000000
constant kind=vs type=f reg=2 bits=3f800000,3d4ccccd,00000000,00000000
constant kind=vs type=f reg=3 bits=00000000,3f800000,40400000,00000000
constant kind=vs type=f reg=4 bits=3d23d70a,3ccccccd,3c75c28f,00000000
constant kind=vs type=f reg=5 bits=3f800000,3d4ccccd,00000000,00000000
constant kind=vs type=f reg=6 bits=3f800000,3f800000,40400000,00000000
constant kind=vs type=f reg=7 bits=3d23d70a,3ccccccd,3c75c28f,00000000
constant kind=vs type=f reg=8 bits=3f800000,3d4ccccd,00000000,00000000
constant kind=vs type=f reg=9 bits=bf800000,3f800000,40400000,00000000
constant kind=vs type=f reg=10 bits=3d23d70a,3ccccccd,3c75c28f,00000000
constant kind=vs type=f reg=11 bits=3f800000,3d4ccccd,00000000,00000000
constant kind=vs type=f reg=12 bits=00000000,3f800000,40400000,00000000
constant kind=vs type=f reg=13 bits=3d23d70a,3ccccccd,3c75c28f,00000000
constant kind=vs type=f reg=14 bits=3f800000,3d4ccccd,00000000,00000000
constant kind=vs type=f reg=15 bits=3f800000,3f800000,40400000,00000000
constant kind=vs type=f reg=16 bits=3d23d70a,3ccccccd,3c75c28f,00000000
constant kind=vs type=f reg=17 bits=3f800000,3d4ccccd,00000000,00000000
constant kind=vs type=f reg=18 bits=bf800000,3f800000,40400000,00000000
constant kind=vs type=f reg=19 bits=3d23d70a,3ccccccd,3c75c28f,00000000
constant kind=vs type=f reg=20 bits=3f800000,3d4ccccd,00000000,00000000
constant kind=vs type=f reg=21 bits=00000000,3f800000,40400000,00000000
constant kind=vs type=f reg=22 bits=3d23d70a,3ccccccd,3c75c28f,00000000
constant kind=vs type=f reg=23 bits=3f800000,3d4ccccd,00000000,00000000
constant kind=vs type=f reg=24 bits=3f800000,00000000,00000000,bd4ccccd
constant kind=vs type=f reg=25 bits=00000000,3f800000,00000000,00000000
constant kind=vs type=f reg=26 bits=00000000,00000000,3f800000,3dcccccd
constant kind=vs type=f reg=27 bits=00000000,00000000,00000000,3f800000
constant kind=vs type=f reg=28 bits=3f800000,00000000,00000000,00000000
constant kind=vs type=f reg=29 bits=00000000,3f800000,00000000,00000000
constant kind=vs type=f reg=30 bits=00000000,00000000,3f800000,00000000
constant kind=vs type=f reg=31 bits=3f800000,00000000,00000000,00000000
constant kind=vs type=f reg=32 bits=00000000,3f800000,00000000,00000000
constant kind=vs type=f reg=33 bits=00000000,00000000,3f800000,00000000
constant kind=vs type=f reg=34 bits=3f800000,00000000,00000000,00000000
constant kind=vs type=f reg=35 bits=00000000,3f800000,00000000,00000000
constant kind=vs type=f reg=36 bits=00000000,00000000,3f800000,40800000
constant kind=vs type=f reg=37 bits=3f800000,00000000,00000000,00000000
constant kind=vs type=f reg=38 bits=00000000,3f800000,00000000,00000000
constant kind=vs type=f reg=39 bits=3f200000,00000000,00000000,00000000
constant kind=vs type=f reg=40 bits=3e4ccccd,3dcccccd,3d4ccccd,00000000
constant kind=vs type=f reg=41 bits=3f800000,00000000,00000000,00000000
constant kind=vs type=f reg=252 bits=42c80000,42ca0000,42cc0000,42ce0000
constant kind=vs type=f reg=253 bits=42d00000,42d20000,42d40000,42d60000
constant kind=vs type=f reg=254 bits=42d80000,42da0000,42dc0000,42de0000
constant kind=vs type=f reg=255 bits=42e00000,42e20000,42e40000,42e60000
constants kind=vs type=i count=16 result=00000000 encoding=full
constant kind=vs type=i reg=0 values=1,0,1,0
constant kind=vs type=i reg=1 values=0,0,0,0
constant kind=vs type=i reg=2 values=0,0,0,0
constant kind=vs type=i reg=3 values=0,0,0,0
constant kind=vs type=i reg=4 values=0,0,0,0
constant kind=vs type=i reg=5 values=0,0,0,0
constant kind=vs type=i reg=6 values=0,0,0,0
constant kind=vs type=i reg=7 values=0,0,0,0
constant kind=vs type=i reg=8 values=0,0,0,0
constant kind=vs type=i reg=9 values=0,0,0,0
constant kind=vs type=i reg=10 values=0,0,0,0
constant kind=vs type=i reg=11 values=0,0,0,0
constant kind=vs type=i reg=12 values=0,0,0,0
constant kind=vs type=i reg=13 values=0,0,0,0
constant kind=vs type=i reg=14 values=0,0,0,0
constant kind=vs type=i reg=15 values=0,0,0,0
constants kind=vs type=b count=16 result=00000000 encoding=full
constant kind=vs type=b reg=0 values=0
constant kind=vs type=b reg=1 values=0
constant kind=vs type=b reg=2 values=0
constant kind=vs type=b reg=3 values=0
constant kind=vs type=b reg=4 values=0
constant kind=vs type=b reg=5 values=0
constant kind=vs type=b reg=6 values=0
constant kind=vs type=b reg=7 values=0
constant kind=vs type=b reg=8 values=0
constant kind=vs type=b reg=9 values=0
constant kind=vs type=b reg=10 values=0
constant kind=vs type=b reg=11 values=0
constant kind=vs type=b reg=12 values=0
constant kind=vs type=b reg=13 values=0
constant kind=vs type=b reg=14 values=0
constant kind=vs type=b reg=15 values=0
constants kind=ps type=f count=224 result=00000000 encoding=sparse_zero
constant kind=ps type=f reg=0 bits=3f800000,00000000,00000000,00000000
constant kind=ps type=f reg=1 bits=00000000,3f800000,00000000,00000000
constant kind=ps type=f reg=2 bits=00000000,00000000,3f800000,00000000
constant kind=ps type=f reg=3 bits=3e800000,00000000,00000000,00000000
constant kind=ps type=f reg=4 bits=00000000,00000000,3f800000,00000000
constant kind=ps type=f reg=5 bits=3e99999a,3e4ccccd,3dcccccd,00000000
constant kind=ps type=f reg=6 bits=3f000000,00000000,3f000000,00000000
constant kind=ps type=f reg=7 bits=3dcccccd,3e19999a,3e4ccccd,00000000
constant kind=ps type=f reg=216 bits=43480000,43490000,434a0000,434b0000
constant kind=ps type=f reg=217 bits=434c0000,434d0000,434e0000,434f0000
constants kind=ps type=i count=16 result=00000000 encoding=full
constant kind=ps type=i reg=0 values=0,0,0,0
constant kind=ps type=i reg=1 values=0,0,0,0
constant kind=ps type=i reg=2 values=0,0,0,0
constant kind=ps type=i reg=3 values=0,0,0,0
constant kind=ps type=i reg=4 values=0,0,0,0
constant kind=ps type=i reg=5 values=0,0,0,0
constant kind=ps type=i reg=6 values=0,0,0,0
constant kind=ps type=i reg=7 values=0,0,0,0
constant kind=ps type=i reg=8 values=0,0,0,0
constant kind=ps type=i reg=9 values=0,0,0,0
constant kind=ps type=i reg=10 values=0,0,0,0
constant kind=ps type=i reg=11 values=0,0,0,0
constant kind=ps type=i reg=12 values=0,0,0,0
constant kind=ps type=i reg=13 values=0,0,0,0
constant kind=ps type=i reg=14 values=0,0,0,0
constant kind=ps type=i reg=15 values=0,0,0,0
constants kind=ps type=b count=16 result=00000000 encoding=full
constant kind=ps type=b reg=0 values=0
constant kind=ps type=b reg=1 values=0
constant kind=ps type=b reg=2 values=0
constant kind=ps type=b reg=3 values=0
constant kind=ps type=b reg=4 values=0
constant kind=ps type=b reg=5 values=0
constant kind=ps type=b reg=6 values=0
constant kind=ps type=b reg=7 values=0
constant kind=ps type=b reg=8 values=0
constant kind=ps type=b reg=9 values=0
constant kind=ps type=b reg=10 values=0
constant kind=ps type=b reg=11 values=0
constant kind=ps type=b reg=12 values=0
constant kind=ps type=b reg=13 values=0
constant kind=ps type=b reg=14 values=0
constant kind=ps type=b reg=15 values=0
draw_args start_vertex=0
motion_route device=1 frame=4 index=3 gate=5 routed=1 matched=0 depth=1 jittered=1 vs=53a0a641107ed76c ps=8759c7838bbc86c2 node=00000000 camera=00000000 node_handle=0 camera_handle=0 node_serial=0 camera_serial=0 load_epoch=0 registry_epoch=0 model=00000000 lod=00000000 vb=6 ib=0 declaration=0cdf6a8c884ad955 offset=0 stride=24 position_offset=0 position_type=16 topology=4 first=0 primitives=1 base_vertex=0 min_vertex=0 vertex_count=0 indexed=0 pass=1 rows_hash=8804f37c47da2009 result=00000000
motion_input device=1 frame=4 index=3 blockers=00000210 proofs=28 position_path=1 vs=53a0a641107ed76c ps=8759c7838bbc86c2 declaration=0cdf6a8c884ad955 rows_hash=8804f37c47da2009 color=1 depth=2 width=64 height=64 cull=1 vb=6 vb_revision=0 ib=0 ib_revision=0 position_offset=0 position_type=16 lifetime_verified=0 vertex_finite_verified=0
motion_geometry device=1 frame=4 index=3 source_qualified=1 source_hash=53a0a641107ed76c source_words=526 finite_requested=0 finite_state=0 finite_reason=4 finite_status=00000001 finite_generation=0 finite_revision=0 index_required=0 index_requested=0 index_known=0 index_range_verified=0 index_exact=0 index_min=0 index_max=0 index_reason=1 index_status=00000001 index_generation=0 index_revision=0
draw_result device=1 frame=4 index=3 result=00000000
capture_event device=1 frame=4 seq=6 after_draw=3 op=draw_begin result=00000000 qpc=9701451753606
draw device=1 frame=4 index=4 kind=primitive topology=4 primitives=1 vs=53a0a641107ed76c ps=8759c7838bbc86c2
geometry source=buffers
stream slot=0 result=00000000 identity=3 offset=0 stride=24 frequency=1 frequency_result=00000000
vertex_buffer identity=3 bytes=72 usage=0 pool=1 fvf=0
buffer_content kind=vertex identity=3 result=80070057 status=00000001 requested=0 known=0 ambiguous=0 revision=0 pending=0 flags=00000000
stream slot=1 result=00000000 identity=0
stream slot=2 result=00000000 identity=0
stream slot=3 result=00000000 identity=0
stream slot=4 result=00000000 identity=0
stream slot=5 result=00000000 identity=0
stream slot=6 result=00000000 identity=0
stream slot=7 result=00000000 identity=0
stream slot=8 result=00000000 identity=0
stream slot=9 result=00000000 identity=0
stream slot=10 result=00000000 identity=0
stream slot=11 result=00000000 identity=0
stream slot=12 result=00000000 identity=0
stream slot=13 result=00000000 identity=0
stream slot=14 result=00000000 identity=0
stream slot=15 result=00000000 identity=0
indices result=00000000 identity=0
surface role=rt0 ptr=00118c60 identity=1 width=64 height=64 format=21 usage=1 msaa=0 container=0 container_type=0 container_result=80004002
surface role=depth ptr=00118ca0 identity=2 width=64 height=64 format=77 usage=2 msaa=0 container=0 container_type=0 container_result=80004002
state id=7 value=1
state id=14 value=1
state id=23 value=4
state id=15 value=0
state id=24 value=0
state id=25 value=8
state id=27 value=1
state id=19 value=2
state id=20 value=1
state id=171 value=1
state id=22 value=1
state id=168 value=15
state id=194 value=0
state id=206 value=0
state id=52 value=0
state id=56 value=8
state id=57 value=0
state id=58 value=4294967295
state id=59 value=4294967295
state id=53 value=1
state id=54 value=1
state id=55 value=1
state id=185 value=0
state id=189 value=8
state id=186 value=1
state id=187 value=1
state id=188 value=1
viewport x=0 y=0 w=64 h=64 minz=0 maxz=1
texture stage=0 ptr=0214d8d0 type=3 identity=9 levels=1
texture_desc stage=0 w=2 h=2 format=21
sampler stage=0 state=6 value=1
sampler stage=0 state=5 value=1
sampler stage=0 state=7 value=0
sampler stage=0 state=10 value=1
sampler stage=0 state=11 value=0
sampler stage=0 state=8 value=0 bias=0
sampler stage=0 state=9 value=0
texture stage=1 ptr=0214d950 type=3 identity=10 levels=1
texture_desc stage=1 w=2 h=2 format=21
sampler stage=1 state=6 value=1
sampler stage=1 state=5 value=1
sampler stage=1 state=7 value=0
sampler stage=1 state=10 value=1
sampler stage=1 state=11 value=0
sampler stage=1 state=8 value=0 bias=0
sampler stage=1 state=9 value=0
texture stage=2 ptr=0214d9d0 type=3 identity=11 levels=1
texture_desc stage=2 w=2 h=2 format=21
sampler stage=2 state=6 value=1
sampler stage=2 state=5 value=1
sampler stage=2 state=7 value=0
sampler stage=2 state=10 value=1
sampler stage=2 state=11 value=0
sampler stage=2 state=8 value=0 bias=0
sampler stage=2 state=9 value=0
texture stage=3 ptr=0214dd50 type=5 identity=12 levels=1
sampler stage=3 state=6 value=1
sampler stage=3 state=5 value=1
sampler stage=3 state=7 value=0
sampler stage=3 state=10 value=1
sampler stage=3 state=11 value=0
sampler stage=3 state=8 value=0 bias=0
sampler stage=3 state=9 value=0
sampler stage=4 state=6 value=1
sampler stage=4 state=5 value=1
sampler stage=4 state=7 value=0
sampler stage=4 state=10 value=1
sampler stage=4 state=11 value=0
sampler stage=4 state=8 value=0 bias=0
sampler stage=4 state=9 value=0
sampler stage=5 state=6 value=1
sampler stage=5 state=5 value=1
sampler stage=5 state=7 value=0
sampler stage=5 state=10 value=1
sampler stage=5 state=11 value=0
sampler stage=5 state=8 value=0 bias=0
sampler stage=5 state=9 value=0
sampler stage=6 state=6 value=1
sampler stage=6 state=5 value=1
sampler stage=6 state=7 value=0
sampler stage=6 state=10 value=1
sampler stage=6 state=11 value=0
sampler stage=6 state=8 value=0 bias=0
sampler stage=6 state=9 value=0
sampler stage=7 state=6 value=1
sampler stage=7 state=5 value=1
sampler stage=7 state=7 value=0
sampler stage=7 state=10 value=1
sampler stage=7 state=11 value=0
sampler stage=7 state=8 value=0 bias=0
sampler stage=7 state=9 value=0
sampler stage=8 state=6 value=1
sampler stage=8 state=5 value=1
sampler stage=8 state=7 value=0
sampler stage=8 state=10 value=1
sampler stage=8 state=11 value=0
sampler stage=8 state=8 value=0 bias=0
sampler stage=8 state=9 value=0
sampler stage=9 state=6 value=1
sampler stage=9 state=5 value=1
sampler stage=9 state=7 value=0
sampler stage=9 state=10 value=1
sampler stage=9 state=11 value=0
sampler stage=9 state=8 value=0 bias=0
sampler stage=9 state=9 value=0
sampler stage=10 state=6 value=1
sampler stage=10 state=5 value=1
sampler stage=10 state=7 value=0
sampler stage=10 state=10 value=1
sampler stage=10 state=11 value=0
sampler stage=10 state=8 value=0 bias=0
sampler stage=10 state=9 value=0
sampler stage=11 state=6 value=1
sampler stage=11 state=5 value=1
sampler stage=11 state=7 value=0
sampler stage=11 state=10 value=1
sampler stage=11 state=11 value=0
sampler stage=11 state=8 value=0 bias=0
sampler stage=11 state=9 value=0
sampler stage=12 state=6 value=1
sampler stage=12 state=5 value=1
sampler stage=12 state=7 value=0
sampler stage=12 state=10 value=1
sampler stage=12 state=11 value=0
sampler stage=12 state=8 value=0 bias=0
sampler stage=12 state=9 value=0
sampler stage=13 state=6 value=1
sampler stage=13 state=5 value=1
sampler stage=13 state=7 value=0
sampler stage=13 state=10 value=1
sampler stage=13 state=11 value=0
sampler stage=13 state=8 value=0 bias=0
sampler stage=13 state=9 value=0
sampler stage=14 state=6 value=1
sampler stage=14 state=5 value=1
sampler stage=14 state=7 value=0
sampler stage=14 state=10 value=1
sampler stage=14 state=11 value=0
sampler stage=14 state=8 value=0 bias=0
sampler stage=14 state=9 value=0
sampler stage=15 state=6 value=1
sampler stage=15 state=5 value=1
sampler stage=15 state=7 value=0
sampler stage=15 state=10 value=1
sampler stage=15 state=11 value=0
sampler stage=15 state=8 value=0 bias=0
sampler stage=15 state=9 value=0
vertex_element stream=0 offset=0 type=16 method=0 usage=0 index=0
vertex_element stream=0 offset=8 type=16 method=0 usage=5 index=0
vertex_element stream=0 offset=16 type=16 method=0 usage=3 index=0
vertex_element stream=255 offset=0 type=17 method=0 usage=0 index=0
transform state=256 row=0 values=1,0,0,0
transform state=256 row=1 values=0,1,0,0
transform state=256 row=2 values=0,0,1,0
transform state=256 row=3 values=0,0,0,1
transform state=2 row=0 values=1,0,0,0
transform state=2 row=1 values=0,1,0,0
transform state=2 row=2 values=0,0,1,0
transform state=2 row=3 values=0,0,0,1
transform state=3 row=0 values=1,0,0,0
transform state=3 row=1 values=0,1,0,0
transform state=3 row=2 values=0,0,1,0
transform state=3 row=3 values=0,0,0,1
constants kind=vs type=f count=256 result=00000000 encoding=sparse_zero
constant kind=vs type=f reg=0 bits=bf800000,3f800000,40400000,00000000
constant kind=vs type=f reg=1 bits=3d23d70a,3ccccccd,3c75c28f,00000000
constant kind=vs type=f reg=2 bits=3f800000,3d4ccccd,00000000,00000000
constant kind=vs type=f reg=3 bits=00000000,3f800000,40400000,00000000
constant kind=vs type=f reg=4 bits=3d23d70a,3ccccccd,3c75c28f,00000000
constant kind=vs type=f reg=5 bits=3f800000,3d4ccccd,00000000,00000000
constant kind=vs type=f reg=6 bits=3f800000,3f800000,40400000,00000000
constant kind=vs type=f reg=7 bits=3d23d70a,3ccccccd,3c75c28f,00000000
constant kind=vs type=f reg=8 bits=3f800000,3d4ccccd,00000000,00000000
constant kind=vs type=f reg=9 bits=bf800000,3f800000,40400000,00000000
constant kind=vs type=f reg=10 bits=3d23d70a,3ccccccd,3c75c28f,00000000
constant kind=vs type=f reg=11 bits=3f800000,3d4ccccd,00000000,00000000
constant kind=vs type=f reg=12 bits=00000000,3f800000,40400000,00000000
constant kind=vs type=f reg=13 bits=3d23d70a,3ccccccd,3c75c28f,00000000
constant kind=vs type=f reg=14 bits=3f800000,3d4ccccd,00000000,00000000
constant kind=vs type=f reg=15 bits=3f800000,3f800000,40400000,00000000
constant kind=vs type=f reg=16 bits=3d23d70a,3ccccccd,3c75c28f,00000000
constant kind=vs type=f reg=17 bits=3f800000,3d4ccccd,00000000,00000000
constant kind=vs type=f reg=18 bits=bf800000,3f800000,40400000,00000000
constant kind=vs type=f reg=19 bits=3d23d70a,3ccccccd,3c75c28f,00000000
constant kind=vs type=f reg=20 bits=3f800000,3d4ccccd,00000000,00000000
constant kind=vs type=f reg=21 bits=00000000,3f800000,40400000,00000000
constant kind=vs type=f reg=22 bits=3d23d70a,3ccccccd,3c75c28f,00000000
constant kind=vs type=f reg=23 bits=3f800000,3d4ccccd,00000000,00000000
constant kind=vs type=f reg=24 bits=3f800000,00000000,00000000,3f4ccccd
constant kind=vs type=f reg=25 bits=00000000,3f800000,00000000,00000000
constant kind=vs type=f reg=26 bits=00000000,00000000,3f800000,00000000
constant kind=vs type=f reg=27 bits=3e000000,00000000,00000000,3f800000
constant kind=vs type=f reg=28 bits=3f800000,00000000,00000000,00000000
constant kind=vs type=f reg=29 bits=00000000,3f800000,00000000,00000000
constant kind=vs type=f reg=30 bits=00000000,00000000,3f800000,00000000
constant kind=vs type=f reg=31 bits=3f800000,00000000,00000000,00000000
constant kind=vs type=f reg=32 bits=00000000,3f800000,00000000,00000000
constant kind=vs type=f reg=33 bits=00000000,00000000,3f800000,00000000
constant kind=vs type=f reg=34 bits=3f800000,00000000,00000000,00000000
constant kind=vs type=f reg=35 bits=00000000,3f800000,00000000,00000000
constant kind=vs type=f reg=36 bits=00000000,00000000,3f800000,40800000
constant kind=vs type=f reg=37 bits=3f800000,00000000,00000000,00000000
constant kind=vs type=f reg=38 bits=00000000,3f800000,00000000,00000000
constant kind=vs type=f reg=39 bits=3f200000,00000000,00000000,00000000
constant kind=vs type=f reg=40 bits=3e4ccccd,3dcccccd,3d4ccccd,00000000
constant kind=vs type=f reg=41 bits=3f800000,00000000,00000000,00000000
constant kind=vs type=f reg=252 bits=42c80000,42ca0000,42cc0000,42ce0000
constant kind=vs type=f reg=253 bits=42d00000,42d20000,42d40000,42d60000
constant kind=vs type=f reg=254 bits=42d80000,42da0000,42dc0000,42de0000
constant kind=vs type=f reg=255 bits=42e00000,42e20000,42e40000,42e60000
constants kind=vs type=i count=16 result=00000000 encoding=full
constant kind=vs type=i reg=0 values=1,0,1,0
constant kind=vs type=i reg=1 values=0,0,0,0
constant kind=vs type=i reg=2 values=0,0,0,0
constant kind=vs type=i reg=3 values=0,0,0,0
constant kind=vs type=i reg=4 values=0,0,0,0
constant kind=vs type=i reg=5 values=0,0,0,0
constant kind=vs type=i reg=6 values=0,0,0,0
constant kind=vs type=i reg=7 values=0,0,0,0
constant kind=vs type=i reg=8 values=0,0,0,0
constant kind=vs type=i reg=9 values=0,0,0,0
constant kind=vs type=i reg=10 values=0,0,0,0
constant kind=vs type=i reg=11 values=0,0,0,0
constant kind=vs type=i reg=12 values=0,0,0,0
constant kind=vs type=i reg=13 values=0,0,0,0
constant kind=vs type=i reg=14 values=0,0,0,0
constant kind=vs type=i reg=15 values=0,0,0,0
constants kind=vs type=b count=16 result=00000000 encoding=full
constant kind=vs type=b reg=0 values=0
constant kind=vs type=b reg=1 values=0
constant kind=vs type=b reg=2 values=0
constant kind=vs type=b reg=3 values=0
constant kind=vs type=b reg=4 values=0
constant kind=vs type=b reg=5 values=0
constant kind=vs type=b reg=6 values=0
constant kind=vs type=b reg=7 values=0
constant kind=vs type=b reg=8 values=0
constant kind=vs type=b reg=9 values=0
constant kind=vs type=b reg=10 values=0
constant kind=vs type=b reg=11 values=0
constant kind=vs type=b reg=12 values=0
constant kind=vs type=b reg=13 values=0
constant kind=vs type=b reg=14 values=0
constant kind=vs type=b reg=15 values=0
constants kind=ps type=f count=224 result=00000000 encoding=sparse_zero
constant kind=ps type=f reg=0 bits=3f800000,00000000,00000000,00000000
constant kind=ps type=f reg=1 bits=00000000,3f800000,00000000,00000000
constant kind=ps type=f reg=2 bits=00000000,00000000,3f800000,00000000
constant kind=ps type=f reg=3 bits=3e800000,00000000,00000000,00000000
constant kind=ps type=f reg=4 bits=00000000,00000000,3f800000,00000000
constant kind=ps type=f reg=5 bits=3e99999a,3e4ccccd,3dcccccd,00000000
constant kind=ps type=f reg=6 bits=3f000000,00000000,3f000000,00000000
constant kind=ps type=f reg=7 bits=3dcccccd,3e19999a,3e4ccccd,00000000
constant kind=ps type=f reg=216 bits=43480000,43490000,434a0000,434b0000
constant kind=ps type=f reg=217 bits=434c0000,434d0000,434e0000,434f0000
constants kind=ps type=i count=16 result=00000000 encoding=full
constant kind=ps type=i reg=0 values=0,0,0,0
constant kind=ps type=i reg=1 values=0,0,0,0
constant kind=ps type=i reg=2 values=0,0,0,0
constant kind=ps type=i reg=3 values=0,0,0,0
constant kind=ps type=i reg=4 values=0,0,0,0
constant kind=ps type=i reg=5 values=0,0,0,0
constant kind=ps type=i reg=6 values=0,0,0,0
constant kind=ps type=i reg=7 values=0,0,0,0
constant kind=ps type=i reg=8 values=0,0,0,0
constant kind=ps type=i reg=9 values=0,0,0,0
constant kind=ps type=i reg=10 values=0,0,0,0
constant kind=ps type=i reg=11 values=0,0,0,0
constant kind=ps type=i reg=12 values=0,0,0,0
constant kind=ps type=i reg=13 values=0,0,0,0
constant kind=ps type=i reg=14 values=0,0,0,0
constant kind=ps type=i reg=15 values=0,0,0,0
constants kind=ps type=b count=16 result=00000000 encoding=full
constant kind=ps type=b reg=0 values=0
constant kind=ps type=b reg=1 values=0
constant kind=ps type=b reg=2 values=0
constant kind=ps type=b reg=3 values=0
constant kind=ps type=b reg=4 values=0
constant kind=ps type=b reg=5 values=0
constant kind=ps type=b reg=6 values=0
constant kind=ps type=b reg=7 values=0
constant kind=ps type=b reg=8 values=0
constant kind=ps type=b reg=9 values=0
constant kind=ps type=b reg=10 values=0
constant kind=ps type=b reg=11 values=0
constant kind=ps type=b reg=12 values=0
constant kind=ps type=b reg=13 values=0
constant kind=ps type=b reg=14 values=0
constant kind=ps type=b reg=15 values=0
draw_args start_vertex=0
motion_route device=1 frame=4 index=4 gate=4 routed=0 matched=0 depth=0 jittered=1 vs=53a0a641107ed76c ps=8759c7838bbc86c2 node=00000000 camera=00000000 node_handle=0 camera_handle=0 node_serial=0 camera_serial=0 load_epoch=0 registry_epoch=0 model=00000000 lod=00000000 vb=0 ib=0 declaration=0000000000000000 offset=0 stride=0 position_offset=0 position_type=0 topology=0 first=0 primitives=0 base_vertex=0 min_vertex=0 vertex_count=0 indexed=0 pass=0 rows_hash=0000000000000000 result=00000000
motion_input device=1 frame=4 index=4 blockers=00000250 proofs=20 position_path=1 vs=53a0a641107ed76c ps=8759c7838bbc86c2 declaration=0cdf6a8c884ad955 rows_hash=6e1905db0b783f53 color=1 depth=2 width=64 height=64 cull=1 vb=3 vb_revision=0 ib=0 ib_revision=0 position_offset=0 position_type=16 lifetime_verified=0 vertex_finite_verified=0
motion_geometry device=1 frame=4 index=4 source_qualified=1 source_hash=53a0a641107ed76c source_words=526 finite_requested=0 finite_state=0 finite_reason=4 finite_status=00000001 finite_generation=0 finite_revision=0 index_required=0 index_requested=0 index_known=0 index_range_verified=0 index_exact=0 index_min=0 index_max=0 index_reason=1 index_status=00000001 index_generation=0 index_revision=0
draw_result device=1 frame=4 index=4 result=00000000
capture_event device=1 frame=4 seq=7 after_draw=4 op=draw_begin result=00000000 qpc=9701451763295
draw device=1 frame=4 index=5 kind=primitive topology=4 primitives=1 vs=53a0a641107ed76c ps=98731d5594e36226
geometry source=buffers
stream slot=0 result=00000000 identity=3 offset=0 stride=24 frequency=1 frequency_result=00000000
vertex_buffer identity=3 bytes=72 usage=0 pool=1 fvf=0
buffer_content kind=vertex identity=3 result=80070057 status=00000001 requested=0 known=0 ambiguous=0 revision=0 pending=0 flags=00000000
stream slot=1 result=00000000 identity=0
stream slot=2 result=00000000 identity=0
stream slot=3 result=00000000 identity=0
stream slot=4 result=00000000 identity=0
stream slot=5 result=00000000 identity=0
stream slot=6 result=00000000 identity=0
stream slot=7 result=00000000 identity=0
stream slot=8 result=00000000 identity=0
stream slot=9 result=00000000 identity=0
stream slot=10 result=00000000 identity=0
stream slot=11 result=00000000 identity=0
stream slot=12 result=00000000 identity=0
stream slot=13 result=00000000 identity=0
stream slot=14 result=00000000 identity=0
stream slot=15 result=00000000 identity=0
indices result=00000000 identity=0
surface role=rt0 ptr=00118c60 identity=1 width=64 height=64 format=21 usage=1 msaa=0 container=0 container_type=0 container_result=80004002
surface role=depth ptr=00118ca0 identity=2 width=64 height=64 format=77 usage=2 msaa=0 container=0 container_type=0 container_result=80004002
state id=7 value=1
state id=14 value=1
state id=23 value=4
state id=15 value=0
state id=24 value=0
state id=25 value=8
state id=27 value=0
state id=19 value=2
state id=20 value=1
state id=171 value=1
state id=22 value=1
state id=168 value=15
state id=194 value=0
state id=206 value=0
state id=52 value=0
state id=56 value=8
state id=57 value=0
state id=58 value=4294967295
state id=59 value=4294967295
state id=53 value=1
state id=54 value=1
state id=55 value=1
state id=185 value=0
state id=189 value=8
state id=186 value=1
state id=187 value=1
state id=188 value=1
viewport x=0 y=0 w=64 h=64 minz=0 maxz=1
texture stage=0 ptr=0214d8d0 type=3 identity=9 levels=1
texture_desc stage=0 w=2 h=2 format=21
sampler stage=0 state=6 value=1
sampler stage=0 state=5 value=1
sampler stage=0 state=7 value=0
sampler stage=0 state=10 value=1
sampler stage=0 state=11 value=0
sampler stage=0 state=8 value=0 bias=0
sampler stage=0 state=9 value=0
texture stage=1 ptr=0214d950 type=3 identity=10 levels=1
texture_desc stage=1 w=2 h=2 format=21
sampler stage=1 state=6 value=1
sampler stage=1 state=5 value=1
sampler stage=1 state=7 value=0
sampler stage=1 state=10 value=1
sampler stage=1 state=11 value=0
sampler stage=1 state=8 value=0 bias=0
sampler stage=1 state=9 value=0
texture stage=2 ptr=0214d9d0 type=3 identity=11 levels=1
texture_desc stage=2 w=2 h=2 format=21
sampler stage=2 state=6 value=1
sampler stage=2 state=5 value=1
sampler stage=2 state=7 value=0
sampler stage=2 state=10 value=1
sampler stage=2 state=11 value=0
sampler stage=2 state=8 value=0 bias=0
sampler stage=2 state=9 value=0
texture stage=3 ptr=0214dd50 type=5 identity=12 levels=1
sampler stage=3 state=6 value=1
sampler stage=3 state=5 value=1
sampler stage=3 state=7 value=0
sampler stage=3 state=10 value=1
sampler stage=3 state=11 value=0
sampler stage=3 state=8 value=0 bias=0
sampler stage=3 state=9 value=0
sampler stage=4 state=6 value=1
sampler stage=4 state=5 value=1
sampler stage=4 state=7 value=0
sampler stage=4 state=10 value=1
sampler stage=4 state=11 value=0
sampler stage=4 state=8 value=0 bias=0
sampler stage=4 state=9 value=0
sampler stage=5 state=6 value=1
sampler stage=5 state=5 value=1
sampler stage=5 state=7 value=0
sampler stage=5 state=10 value=1
sampler stage=5 state=11 value=0
sampler stage=5 state=8 value=0 bias=0
sampler stage=5 state=9 value=0
sampler stage=6 state=6 value=1
sampler stage=6 state=5 value=1
sampler stage=6 state=7 value=0
sampler stage=6 state=10 value=1
sampler stage=6 state=11 value=0
sampler stage=6 state=8 value=0 bias=0
sampler stage=6 state=9 value=0
sampler stage=7 state=6 value=1
sampler stage=7 state=5 value=1
sampler stage=7 state=7 value=0
sampler stage=7 state=10 value=1
sampler stage=7 state=11 value=0
sampler stage=7 state=8 value=0 bias=0
sampler stage=7 state=9 value=0
sampler stage=8 state=6 value=1
sampler stage=8 state=5 value=1
sampler stage=8 state=7 value=0
sampler stage=8 state=10 value=1
sampler stage=8 state=11 value=0
sampler stage=8 state=8 value=0 bias=0
sampler stage=8 state=9 value=0
sampler stage=9 state=6 value=1
sampler stage=9 state=5 value=1
sampler stage=9 state=7 value=0
sampler stage=9 state=10 value=1
sampler stage=9 state=11 value=0
sampler stage=9 state=8 value=0 bias=0
sampler stage=9 state=9 value=0
sampler stage=10 state=6 value=1
sampler stage=10 state=5 value=1
sampler stage=10 state=7 value=0
sampler stage=10 state=10 value=1
sampler stage=10 state=11 value=0
sampler stage=10 state=8 value=0 bias=0
sampler stage=10 state=9 value=0
sampler stage=11 state=6 value=1
sampler stage=11 state=5 value=1
sampler stage=11 state=7 value=0
sampler stage=11 state=10 value=1
sampler stage=11 state=11 value=0
sampler stage=11 state=8 value=0 bias=0
sampler stage=11 state=9 value=0
sampler stage=12 state=6 value=1
sampler stage=12 state=5 value=1
sampler stage=12 state=7 value=0
sampler stage=12 state=10 value=1
sampler stage=12 state=11 value=0
sampler stage=12 state=8 value=0 bias=0
sampler stage=12 state=9 value=0
sampler stage=13 state=6 value=1
sampler stage=13 state=5 value=1
sampler stage=13 state=7 value=0
sampler stage=13 state=10 value=1
sampler stage=13 state=11 value=0
sampler stage=13 state=8 value=0 bias=0
sampler stage=13 state=9 value=0
sampler stage=14 state=6 value=1
sampler stage=14 state=5 value=1
sampler stage=14 state=7 value=0
sampler stage=14 state=10 value=1
sampler stage=14 state=11 value=0
sampler stage=14 state=8 value=0 bias=0
sampler stage=14 state=9 value=0
sampler stage=15 state=6 value=1
sampler stage=15 state=5 value=1
sampler stage=15 state=7 value=0
sampler stage=15 state=10 value=1
sampler stage=15 state=11 value=0
sampler stage=15 state=8 value=0 bias=0
sampler stage=15 state=9 value=0
vertex_element stream=0 offset=0 type=16 method=0 usage=0 index=0
vertex_element stream=0 offset=8 type=16 method=0 usage=5 index=0
vertex_element stream=0 offset=16 type=16 method=0 usage=3 index=0
vertex_element stream=255 offset=0 type=17 method=0 usage=0 index=0
transform state=256 row=0 values=1,0,0,0
transform state=256 row=1 values=0,1,0,0
transform state=256 row=2 values=0,0,1,0
transform state=256 row=3 values=0,0,0,1
transform state=2 row=0 values=1,0,0,0
transform state=2 row=1 values=0,1,0,0
transform state=2 row=2 values=0,0,1,0
transform state=2 row=3 values=0,0,0,1
transform state=3 row=0 values=1,0,0,0
transform state=3 row=1 values=0,1,0,0
transform state=3 row=2 values=0,0,1,0
transform state=3 row=3 values=0,0,0,1
constants kind=vs type=f count=256 result=00000000 encoding=sparse_zero
constant kind=vs type=f reg=0 bits=bf800000,3f800000,40400000,00000000
constant kind=vs type=f reg=1 bits=3d23d70a,3ccccccd,3c75c28f,00000000
constant kind=vs type=f reg=2 bits=3f800000,3d4ccccd,00000000,00000000
constant kind=vs type=f reg=3 bits=00000000,3f800000,40400000,00000000
constant kind=vs type=f reg=4 bits=3d23d70a,3ccccccd,3c75c28f,00000000
constant kind=vs type=f reg=5 bits=3f800000,3d4ccccd,00000000,00000000
constant kind=vs type=f reg=6 bits=3f800000,3f800000,40400000,00000000
constant kind=vs type=f reg=7 bits=3d23d70a,3ccccccd,3c75c28f,00000000
constant kind=vs type=f reg=8 bits=3f800000,3d4ccccd,00000000,00000000
constant kind=vs type=f reg=9 bits=bf800000,3f800000,40400000,00000000
constant kind=vs type=f reg=10 bits=3d23d70a,3ccccccd,3c75c28f,00000000
constant kind=vs type=f reg=11 bits=3f800000,3d4ccccd,00000000,00000000
constant kind=vs type=f reg=12 bits=00000000,3f800000,40400000,00000000
constant kind=vs type=f reg=13 bits=3d23d70a,3ccccccd,3c75c28f,00000000
constant kind=vs type=f reg=14 bits=3f800000,3d4ccccd,00000000,00000000
constant kind=vs type=f reg=15 bits=3f800000,3f800000,40400000,00000000
constant kind=vs type=f reg=16 bits=3d23d70a,3ccccccd,3c75c28f,00000000
constant kind=vs type=f reg=17 bits=3f800000,3d4ccccd,00000000,00000000
constant kind=vs type=f reg=18 bits=bf800000,3f800000,40400000,00000000
constant kind=vs type=f reg=19 bits=3d23d70a,3ccccccd,3c75c28f,00000000
constant kind=vs type=f reg=20 bits=3f800000,3d4ccccd,00000000,00000000
constant kind=vs type=f reg=21 bits=00000000,3f800000,40400000,00000000
constant kind=vs type=f reg=22 bits=3d23d70a,3ccccccd,3c75c28f,00000000
constant kind=vs type=f reg=23 bits=3f800000,3d4ccccd,00000000,00000000
constant kind=vs type=f reg=24 bits=3f800000,00000000,00000000,3f4ccccd
constant kind=vs type=f reg=25 bits=00000000,3f800000,00000000,00000000
constant kind=vs type=f reg=26 bits=00000000,00000000,3f800000,00000000
constant kind=vs type=f reg=27 bits=3e000000,00000000,00000000,3f800000
constant kind=vs type=f reg=28 bits=3f800000,00000000,00000000,00000000
constant kind=vs type=f reg=29 bits=00000000,3f800000,00000000,00000000
constant kind=vs type=f reg=30 bits=00000000,00000000,3f800000,00000000
constant kind=vs type=f reg=31 bits=3f800000,00000000,00000000,00000000
constant kind=vs type=f reg=32 bits=00000000,3f800000,00000000,00000000
constant kind=vs type=f reg=33 bits=00000000,00000000,3f800000,00000000
constant kind=vs type=f reg=34 bits=3f800000,00000000,00000000,00000000
constant kind=vs type=f reg=35 bits=00000000,3f800000,00000000,00000000
constant kind=vs type=f reg=36 bits=00000000,00000000,3f800000,40800000
constant kind=vs type=f reg=37 bits=3f800000,00000000,00000000,00000000
constant kind=vs type=f reg=38 bits=00000000,3f800000,00000000,00000000
constant kind=vs type=f reg=39 bits=3f200000,00000000,00000000,00000000
constant kind=vs type=f reg=40 bits=3e4ccccd,3dcccccd,3d4ccccd,00000000
constant kind=vs type=f reg=41 bits=3f800000,00000000,00000000,00000000
constant kind=vs type=f reg=252 bits=42c80000,42ca0000,42cc0000,42ce0000
constant kind=vs type=f reg=253 bits=42d00000,42d20000,42d40000,42d60000
constant kind=vs type=f reg=254 bits=42d80000,42da0000,42dc0000,42de0000
constant kind=vs type=f reg=255 bits=42e00000,42e20000,42e40000,42e60000
constants kind=vs type=i count=16 result=00000000 encoding=full
constant kind=vs type=i reg=0 values=1,0,1,0
constant kind=vs type=i reg=1 values=0,0,0,0
constant kind=vs type=i reg=2 values=0,0,0,0
constant kind=vs type=i reg=3 values=0,0,0,0
constant kind=vs type=i reg=4 values=0,0,0,0
constant kind=vs type=i reg=5 values=0,0,0,0
constant kind=vs type=i reg=6 values=0,0,0,0
constant kind=vs type=i reg=7 values=0,0,0,0
constant kind=vs type=i reg=8 values=0,0,0,0
constant kind=vs type=i reg=9 values=0,0,0,0
constant kind=vs type=i reg=10 values=0,0,0,0
constant kind=vs type=i reg=11 values=0,0,0,0
constant kind=vs type=i reg=12 values=0,0,0,0
constant kind=vs type=i reg=13 values=0,0,0,0
constant kind=vs type=i reg=14 values=0,0,0,0
constant kind=vs type=i reg=15 values=0,0,0,0
constants kind=vs type=b count=16 result=00000000 encoding=full
constant kind=vs type=b reg=0 values=0
constant kind=vs type=b reg=1 values=0
constant kind=vs type=b reg=2 values=0
constant kind=vs type=b reg=3 values=0
constant kind=vs type=b reg=4 values=0
constant kind=vs type=b reg=5 values=0
constant kind=vs type=b reg=6 values=0
constant kind=vs type=b reg=7 values=0
constant kind=vs type=b reg=8 values=0
constant kind=vs type=b reg=9 values=0
constant kind=vs type=b reg=10 values=0
constant kind=vs type=b reg=11 values=0
constant kind=vs type=b reg=12 values=0
constant kind=vs type=b reg=13 values=0
constant kind=vs type=b reg=14 values=0
constant kind=vs type=b reg=15 values=0
constants kind=ps type=f count=224 result=00000000 encoding=sparse_zero
constant kind=ps type=f reg=0 bits=3f800000,00000000,00000000,00000000
constant kind=ps type=f reg=1 bits=00000000,3f800000,00000000,00000000
constant kind=ps type=f reg=2 bits=00000000,00000000,3f800000,00000000
constant kind=ps type=f reg=3 bits=3e800000,00000000,00000000,00000000
constant kind=ps type=f reg=4 bits=00000000,00000000,3f800000,00000000
constant kind=ps type=f reg=5 bits=3e99999a,3e4ccccd,3dcccccd,00000000
constant kind=ps type=f reg=6 bits=3f000000,00000000,3f000000,00000000
constant kind=ps type=f reg=7 bits=3dcccccd,3e19999a,3e4ccccd,00000000
constant kind=ps type=f reg=216 bits=43480000,43490000,434a0000,434b0000
constant kind=ps type=f reg=217 bits=434c0000,434d0000,434e0000,434f0000
constants kind=ps type=i count=16 result=00000000 encoding=full
constant kind=ps type=i reg=0 values=0,0,0,0
constant kind=ps type=i reg=1 values=0,0,0,0
constant kind=ps type=i reg=2 values=0,0,0,0
constant kind=ps type=i reg=3 values=0,0,0,0
constant kind=ps type=i reg=4 values=0,0,0,0
constant kind=ps type=i reg=5 values=0,0,0,0
constant kind=ps type=i reg=6 values=0,0,0,0
constant kind=ps type=i reg=7 values=0,0,0,0
constant kind=ps type=i reg=8 values=0,0,0,0
constant kind=ps type=i reg=9 values=0,0,0,0
constant kind=ps type=i reg=10 values=0,0,0,0
constant kind=ps type=i reg=11 values=0,0,0,0
constant kind=ps type=i reg=12 values=0,0,0,0
constant kind=ps type=i reg=13 values=0,0,0,0
constant kind=ps type=i reg=14 values=0,0,0,0
constant kind=ps type=i reg=15 values=0,0,0,0
constants kind=ps type=b count=16 result=00000000 encoding=full
constant kind=ps type=b reg=0 values=0
constant kind=ps type=b reg=1 values=0
constant kind=ps type=b reg=2 values=0
constant kind=ps type=b reg=3 values=0
constant kind=ps type=b reg=4 values=0
constant kind=ps type=b reg=5 values=0
constant kind=ps type=b reg=6 values=0
constant kind=ps type=b reg=7 values=0
constant kind=ps type=b reg=8 values=0
constant kind=ps type=b reg=9 values=0
constant kind=ps type=b reg=10 values=0
constant kind=ps type=b reg=11 values=0
constant kind=ps type=b reg=12 values=0
constant kind=ps type=b reg=13 values=0
constant kind=ps type=b reg=14 values=0
constant kind=ps type=b reg=15 values=0
draw_args start_vertex=0
motion_route device=1 frame=4 index=5 gate=3 routed=0 matched=0 depth=0 jittered=1 vs=53a0a641107ed76c ps=98731d5594e36226 node=00000000 camera=00000000 node_handle=0 camera_handle=0 node_serial=0 camera_serial=0 load_epoch=0 registry_epoch=0 model=00000000 lod=00000000 vb=0 ib=0 declaration=0000000000000000 offset=0 stride=0 position_offset=0 position_type=0 topology=0 first=0 primitives=0 base_vertex=0 min_vertex=0 vertex_count=0 indexed=0 pass=0 rows_hash=0000000000000000 result=00000000
motion_input device=1 frame=4 index=5 blockers=00000212 proofs=20 position_path=1 vs=53a0a641107ed76c ps=98731d5594e36226 declaration=0cdf6a8c884ad955 rows_hash=6e1905db0b783f53 color=1 depth=2 width=64 height=64 cull=1 vb=3 vb_revision=0 ib=0 ib_revision=0 position_offset=0 position_type=16 lifetime_verified=0 vertex_finite_verified=0
motion_geometry device=1 frame=4 index=5 source_qualified=1 source_hash=53a0a641107ed76c source_words=526 finite_requested=0 finite_state=0 finite_reason=4 finite_status=00000001 finite_generation=0 finite_revision=0 index_required=0 index_requested=0 index_known=0 index_range_verified=0 index_exact=0 index_min=0 index_max=0 index_reason=1 index_status=00000001 index_generation=0 index_revision=0
draw_result device=1 frame=4 index=5 result=00000000
motion_output_cut device=1 frame=4 samples=0 median_px=0.0000 keyed=0 missing=0 missing_fraction=0.0000 bound_px=2.400 bound_missing=0.250 cut=0
capture_event device=1 frame=4 seq=8 after_draw=5 op=set_depth result=00000000 qpc=9701451775477
set_depth ptr=00000000 result=00000000
surface role=depth_binding ptr=0 identity=0
hdr_readback device=1 frame=4 file=hdr_1_4.rgba16f width=64 height=64 format=rgba16f_row_major result=00000000 bytes=32768
motion_output_color_readback device=1 frame=4 file=color_1_4.bgra8 width=64 height=64 format=bgra8_row_major result=00000000 bytes=16384
motion_output_taa_readback device=1 frame=4 file=taa_1_4.rgba16f width=64 height=64 format=rgba16f_row_major result=00000000 bytes=32768
motion_output_present_readback device=1 frame=4 file=present_1_4.bgra8 width=64 height=64 format=bgra8_row_major result=00000000 bytes=16384
capture_event device=1 frame=4 seq=9 after_draw=5 op=stretch_rect result=00000000 qpc=9701451863624
stretch_rect source=00118c60 dest=0215aa58 filter=0 source_rect_null=1 dest_rect_null=1
surface role=stretch_source ptr=00118c60 identity=1 width=64 height=64 format=21 usage=1 msaa=0 container=0 container_type=0 container_result=80004002
surface role=stretch_dest ptr=0215aa58 identity=7 width=64 height=64 format=21 usage=1 msaa=0 container=8 container_type=3 container_result=00000000
capture_event device=1 frame=4 seq=10 after_draw=5 op=set_depth result=00000000 qpc=9701451888722
set_depth ptr=00118ca0 result=00000000
surface role=depth_binding ptr=00118ca0 identity=2 width=64 height=64 format=77 usage=2 msaa=0 container=0 container_type=0 container_result=80004002
motion_output_readback device=1 frame=4 file=motion_1_4.rgba32f width=64 height=64 format=rgba32f_row_major result=00000000 bytes=65536
motion_output_depth_readback device=1 frame=4 file=depth_1_4.r32f width=64 height=64 format=r32f_row_major result=00000000 bytes=16384
motion_output_frame device=1 frame=4 latched=1 filled=1 fill_result=00000000 fill_restore=00000000 draws=5 routed=2 matched=0 gate1=0 gate2=1 gate3=1 gate4=1 gate5=2 gate6=0 apply_failures=0 restore_failures=0 history_previous=0 history_current=0 committed=1 selector_state=9 present=00000000 depth=1 depth_routed=2 jitter=1 jitter_index=4 jitter_x=0.125000 jitter_y=0.277778 jitter_previous_x=-0.375000 jitter_previous_y=-0.055556 jittered=4 cut=0 cut_median_px=0.0000 cut_missing=0.0000 cut_samples=0 taa=1 taa_attempted=1 taa_resolved=1 taa_history=1 taa_skip=0 taa_result=00000000 taa_restore=00000000 taa_copy=00000001 taa_hdr=1 taa_k=0.00000 taa_sharpen=0 scene_open=0 active_queries=0 taa_references=6 camera_valid=0 camera_background_valid=0 camera_reads=0 camera_policy=1 camera_reason=2 camera_cut=0 camera_rotation_deg=0.0000 rt_mode=perdraw timing=cpu_qpc set_rt=8 lazy_flushes=0 jitter_writes=8 readbacks=6 gate_us=15.1 route_draw_us=15.6 set_rt_us=7.7 lazy_flush_us=0.0 jitter_us=2.0 fill_us=152.4 taa_run_us=179.6 taa_capture_us=8.1 taa_copy_color_us=0.1 taa_copy_depth_us=2.7 taa_draw_us=151.8 taa_apply_us=10.1 taa_copy_back_us=0.0 readback_us=8685.0 state_shadow=1 rs_queries=23 rs_hits=23 rs_gets=14 rs_resyncs=0 sb_resyncs=0 scene_hook=0 scene_end_source=stretchrect scene_end_check=3 hook_signals=0 hook_outside_scene=0 hook_state=0 draws_after_hook=0 bloom_copy_seen=1 mip_bias=0 mip_bias_sets=0 mip_bias_restores=0 mip_bias_draws=0 mip_bias_stages=0000 mip_bias_reads=0 mip_bias_game_writes=0 mip_bias_game_writes_total=0 mip_bias_failures=0 mip_bias_biased_now=0000
camera_state device=1 frame=4 status=executable_mismatch reads=0 valid=0 read_failure=0 failure=0 projection=00000000 view=00000000 p00=0 p11=0 p20=0 p21=0 r00=0 r01=0 r02=0 r10=0 r11=0 r12=0 r20=0 r21=0 r22=0 t=0,0,0 background_valid=0 background_p00=0 background_p11=0 background_rotation_deg=0.0000 history_view_valid=0 history_view_frame=4 rotation_deg=0.0000 policy=1 reason=2 camera_cut=0 mode=0 cut_deg=20.00
hdr_frame device=1 frame=4 hdr=1 redirected=1 end=bloom_copy writebacks=2 flushes=1 writeback_source=shader unwind=0 unwind_reason=none unwind_draw=00000001 unwind_restore=00000001 unwind_stretch=00000001 unwind_bind=00000001 blocked=0 recheck=none suspended=0 resumed=0 dirty_at_present=0 refused_msaa=0 target_create=00000000 latch_bind=00000000 target=64x64 target_bytes=32768 caps=ok stretch_conversion=00000000 timing=cpu_qpc redirect_us=4.0 writeback_us=115.6 writeback_draw_us=114.0 writeback_stretch_us=0.0 bind_us=0.0 recheck_us=0.0 tonemap=identity tonemapped=0 look=none decode=gamma2.2 clamp=0 exposure=auto ev=0.00000 ev_adapted=0.00000 ev_target=0.00000 avg_log_l=0.00000 luma_mean=1 dt_ms=0.000 stepped=0 steps=0 meter=00000001 readback=00000001 tonemap_draw=00000001 fallback=0 meter_us=0.0 readback_us=0.0 k=0.00000 chain_bytes=0 sharpen=off sharpened=0 sharpen_fallback=0
frame_end device=1 frame=4 draws=5 capture=1 present=00000000 elapsed_ms=992 dt_ms=18 qpc=9701451898169
frame_begin device=1 frame=5
capture_event device=1 frame=5 seq=1 after_draw=0 op=clear result=00000000 qpc=9701451898690
clear flags=3 color=ff203040 z=1 stencil=0 rect_count=0 rect_ptr=00000000
surface role=clear_rt0 ptr=00118c60 identity=1 width=64 height=64 format=21 usage=1 msaa=0 container=0 container_type=0 container_result=80004002
surface role=clear_depth ptr=00118ca0 identity=2 width=64 height=64 format=77 usage=2 msaa=0 container=0 container_type=0 container_result=80004002
clear_viewport result=00000000 x=0 y=0 w=64 h=64 minz=0 maxz=1
capture_event device=1 frame=5 seq=2 after_draw=0 op=draw_begin result=00000000 qpc=9701451899587
draw device=1 frame=5 index=1 kind=primitive topology=4 primitives=1 vs=53a0a641107ed76c ps=98731d5594e36226
geometry source=buffers
stream slot=0 result=00000000 identity=3 offset=0 stride=24 frequency=1 frequency_result=00000000
vertex_buffer identity=3 bytes=72 usage=0 pool=1 fvf=0
buffer_content kind=vertex identity=3 result=80070057 status=00000001 requested=0 known=0 ambiguous=0 revision=0 pending=0 flags=00000000
stream slot=1 result=00000000 identity=0
stream slot=2 result=00000000 identity=0
stream slot=3 result=00000000 identity=0
stream slot=4 result=00000000 identity=0
stream slot=5 result=00000000 identity=0
stream slot=6 result=00000000 identity=0
stream slot=7 result=00000000 identity=0
stream slot=8 result=00000000 identity=0
stream slot=9 result=00000000 identity=0
stream slot=10 result=00000000 identity=0
stream slot=11 result=00000000 identity=0
stream slot=12 result=00000000 identity=0
stream slot=13 result=00000000 identity=0
stream slot=14 result=00000000 identity=0
stream slot=15 result=00000000 identity=0
indices result=00000000 identity=0
surface role=rt0 ptr=00118c60 identity=1 width=64 height=64 format=21 usage=1 msaa=0 container=0 container_type=0 container_result=80004002
surface role=depth ptr=00118ca0 identity=2 width=64 height=64 format=77 usage=2 msaa=0 container=0 container_type=0 container_result=80004002
state id=7 value=0
state id=14 value=0
state id=23 value=4
state id=15 value=1
state id=24 value=0
state id=25 value=8
state id=27 value=1
state id=19 value=2
state id=20 value=1
state id=171 value=1
state id=22 value=2
state id=168 value=7
state id=194 value=0
state id=206 value=0
state id=52 value=1
state id=56 value=8
state id=57 value=0
state id=58 value=4294967295
state id=59 value=4294967295
state id=53 value=1
state id=54 value=1
state id=55 value=1
state id=185 value=0
state id=189 value=8
state id=186 value=1
state id=187 value=1
state id=188 value=1
viewport x=0 y=0 w=64 h=64 minz=0 maxz=1
texture stage=0 ptr=0214d8d0 type=3 identity=9 levels=1
texture_desc stage=0 w=2 h=2 format=21
sampler stage=0 state=6 value=1
sampler stage=0 state=5 value=1
sampler stage=0 state=7 value=0
sampler stage=0 state=10 value=1
sampler stage=0 state=11 value=0
sampler stage=0 state=8 value=0 bias=0
sampler stage=0 state=9 value=0
texture stage=1 ptr=0214d950 type=3 identity=10 levels=1
texture_desc stage=1 w=2 h=2 format=21
sampler stage=1 state=6 value=1
sampler stage=1 state=5 value=1
sampler stage=1 state=7 value=0
sampler stage=1 state=10 value=1
sampler stage=1 state=11 value=0
sampler stage=1 state=8 value=0 bias=0
sampler stage=1 state=9 value=0
texture stage=2 ptr=0214d9d0 type=3 identity=11 levels=1
texture_desc stage=2 w=2 h=2 format=21
sampler stage=2 state=6 value=1
sampler stage=2 state=5 value=1
sampler stage=2 state=7 value=0
sampler stage=2 state=10 value=1
sampler stage=2 state=11 value=0
sampler stage=2 state=8 value=0 bias=0
sampler stage=2 state=9 value=0
texture stage=3 ptr=0214dd50 type=5 identity=12 levels=1
sampler stage=3 state=6 value=1
sampler stage=3 state=5 value=1
sampler stage=3 state=7 value=0
sampler stage=3 state=10 value=1
sampler stage=3 state=11 value=0
sampler stage=3 state=8 value=0 bias=0
sampler stage=3 state=9 value=0
sampler stage=4 state=6 value=1
sampler stage=4 state=5 value=1
sampler stage=4 state=7 value=0
sampler stage=4 state=10 value=1
sampler stage=4 state=11 value=0
sampler stage=4 state=8 value=0 bias=0
sampler stage=4 state=9 value=0
sampler stage=5 state=6 value=1
sampler stage=5 state=5 value=1
sampler stage=5 state=7 value=0
sampler stage=5 state=10 value=1
sampler stage=5 state=11 value=0
sampler stage=5 state=8 value=0 bias=0
sampler stage=5 state=9 value=0
sampler stage=6 state=6 value=1
sampler stage=6 state=5 value=1
sampler stage=6 state=7 value=0
sampler stage=6 state=10 value=1
sampler stage=6 state=11 value=0
sampler stage=6 state=8 value=0 bias=0
sampler stage=6 state=9 value=0
sampler stage=7 state=6 value=1
sampler stage=7 state=5 value=1
sampler stage=7 state=7 value=0
sampler stage=7 state=10 value=1
sampler stage=7 state=11 value=0
sampler stage=7 state=8 value=0 bias=0
sampler stage=7 state=9 value=0
sampler stage=8 state=6 value=1
sampler stage=8 state=5 value=1
sampler stage=8 state=7 value=0
sampler stage=8 state=10 value=1
sampler stage=8 state=11 value=0
sampler stage=8 state=8 value=0 bias=0
sampler stage=8 state=9 value=0
sampler stage=9 state=6 value=1
sampler stage=9 state=5 value=1
sampler stage=9 state=7 value=0
sampler stage=9 state=10 value=1
sampler stage=9 state=11 value=0
sampler stage=9 state=8 value=0 bias=0
sampler stage=9 state=9 value=0
sampler stage=10 state=6 value=1
sampler stage=10 state=5 value=1
sampler stage=10 state=7 value=0
sampler stage=10 state=10 value=1
sampler stage=10 state=11 value=0
sampler stage=10 state=8 value=0 bias=0
sampler stage=10 state=9 value=0
sampler stage=11 state=6 value=1
sampler stage=11 state=5 value=1
sampler stage=11 state=7 value=0
sampler stage=11 state=10 value=1
sampler stage=11 state=11 value=0
sampler stage=11 state=8 value=0 bias=0
sampler stage=11 state=9 value=0
sampler stage=12 state=6 value=1
sampler stage=12 state=5 value=1
sampler stage=12 state=7 value=0
sampler stage=12 state=10 value=1
sampler stage=12 state=11 value=0
sampler stage=12 state=8 value=0 bias=0
sampler stage=12 state=9 value=0
sampler stage=13 state=6 value=1
sampler stage=13 state=5 value=1
sampler stage=13 state=7 value=0
sampler stage=13 state=10 value=1
sampler stage=13 state=11 value=0
sampler stage=13 state=8 value=0 bias=0
sampler stage=13 state=9 value=0
sampler stage=14 state=6 value=1
sampler stage=14 state=5 value=1
sampler stage=14 state=7 value=0
sampler stage=14 state=10 value=1
sampler stage=14 state=11 value=0
sampler stage=14 state=8 value=0 bias=0
sampler stage=14 state=9 value=0
sampler stage=15 state=6 value=1
sampler stage=15 state=5 value=1
sampler stage=15 state=7 value=0
sampler stage=15 state=10 value=1
sampler stage=15 state=11 value=0
sampler stage=15 state=8 value=0 bias=0
sampler stage=15 state=9 value=0
vertex_element stream=0 offset=0 type=16 method=0 usage=0 index=0
vertex_element stream=0 offset=8 type=16 method=0 usage=5 index=0
vertex_element stream=0 offset=16 type=16 method=0 usage=3 index=0
vertex_element stream=255 offset=0 type=17 method=0 usage=0 index=0
transform state=256 row=0 values=1,0,0,0
transform state=256 row=1 values=0,1,0,0
transform state=256 row=2 values=0,0,1,0
transform state=256 row=3 values=0,0,0,1
transform state=2 row=0 values=1,0,0,0
transform state=2 row=1 values=0,1,0,0
transform state=2 row=2 values=0,0,1,0
transform state=2 row=3 values=0,0,0,1
transform state=3 row=0 values=1,0,0,0
transform state=3 row=1 values=0,1,0,0
transform state=3 row=2 values=0,0,1,0
transform state=3 row=3 values=0,0,0,1
constants kind=vs type=f count=256 result=00000000 encoding=sparse_zero
constant kind=vs type=f reg=0 bits=bf800000,3f800000,40400000,00000000
constant kind=vs type=f reg=1 bits=3d23d70a,3ccccccd,3c75c28f,00000000
constant kind=vs type=f reg=2 bits=3f800000,3d4ccccd,00000000,00000000
constant kind=vs type=f reg=3 bits=00000000,3f800000,40400000,00000000
constant kind=vs type=f reg=4 bits=3d23d70a,3ccccccd,3c75c28f,00000000
constant kind=vs type=f reg=5 bits=3f800000,3d4ccccd,00000000,00000000
constant kind=vs type=f reg=6 bits=3f800000,3f800000,40400000,00000000
constant kind=vs type=f reg=7 bits=3d23d70a,3ccccccd,3c75c28f,00000000
constant kind=vs type=f reg=8 bits=3f800000,3d4ccccd,00000000,00000000
constant kind=vs type=f reg=9 bits=bf800000,3f800000,40400000,00000000
constant kind=vs type=f reg=10 bits=3d23d70a,3ccccccd,3c75c28f,00000000
constant kind=vs type=f reg=11 bits=3f800000,3d4ccccd,00000000,00000000
constant kind=vs type=f reg=12 bits=00000000,3f800000,40400000,00000000
constant kind=vs type=f reg=13 bits=3d23d70a,3ccccccd,3c75c28f,00000000
constant kind=vs type=f reg=14 bits=3f800000,3d4ccccd,00000000,00000000
constant kind=vs type=f reg=15 bits=3f800000,3f800000,40400000,00000000
constant kind=vs type=f reg=16 bits=3d23d70a,3ccccccd,3c75c28f,00000000
constant kind=vs type=f reg=17 bits=3f800000,3d4ccccd,00000000,00000000
constant kind=vs type=f reg=18 bits=bf800000,3f800000,40400000,00000000
constant kind=vs type=f reg=19 bits=3d23d70a,3ccccccd,3c75c28f,00000000
constant kind=vs type=f reg=20 bits=3f800000,3d4ccccd,00000000,00000000
constant kind=vs type=f reg=21 bits=00000000,3f800000,40400000,00000000
constant kind=vs type=f reg=22 bits=3d23d70a,3ccccccd,3c75c28f,00000000
constant kind=vs type=f reg=23 bits=3f800000,3d4ccccd,00000000,00000000
constant kind=vs type=f reg=24 bits=3f800000,00000000,00000000,00000000
constant kind=vs type=f reg=25 bits=00000000,3f800000,00000000,00000000
constant kind=vs type=f reg=26 bits=00000000,00000000,3f800000,00000000
constant kind=vs type=f reg=27 bits=00000000,00000000,00000000,3f800000
constant kind=vs type=f reg=28 bits=3f800000,00000000,00000000,00000000
constant kind=vs type=f reg=29 bits=00000000,3f800000,00000000,00000000
constant kind=vs type=f reg=30 bits=00000000,00000000,3f800000,00000000
constant kind=vs type=f reg=31 bits=3f800000,00000000,00000000,00000000
constant kind=vs type=f reg=32 bits=00000000,3f800000,00000000,00000000
constant kind=vs type=f reg=33 bits=00000000,00000000,3f800000,00000000
constant kind=vs type=f reg=34 bits=3f800000,00000000,00000000,00000000
constant kind=vs type=f reg=35 bits=00000000,3f800000,00000000,00000000
constant kind=vs type=f reg=36 bits=00000000,00000000,3f800000,40800000
constant kind=vs type=f reg=37 bits=3f800000,00000000,00000000,00000000
constant kind=vs type=f reg=38 bits=00000000,3f800000,00000000,00000000
constant kind=vs type=f reg=39 bits=3f200000,00000000,00000000,00000000
constant kind=vs type=f reg=40 bits=3e4ccccd,3dcccccd,3d4ccccd,00000000
constant kind=vs type=f reg=41 bits=3f800000,00000000,00000000,00000000
constant kind=vs type=f reg=252 bits=42c80000,42ca0000,42cc0000,42ce0000
constant kind=vs type=f reg=253 bits=42d00000,42d20000,42d40000,42d60000
constant kind=vs type=f reg=254 bits=42d80000,42da0000,42dc0000,42de0000
constant kind=vs type=f reg=255 bits=42e00000,42e20000,42e40000,42e60000
constants kind=vs type=i count=16 result=00000000 encoding=full
constant kind=vs type=i reg=0 values=1,0,1,0
constant kind=vs type=i reg=1 values=0,0,0,0
constant kind=vs type=i reg=2 values=0,0,0,0
constant kind=vs type=i reg=3 values=0,0,0,0
constant kind=vs type=i reg=4 values=0,0,0,0
constant kind=vs type=i reg=5 values=0,0,0,0
constant kind=vs type=i reg=6 values=0,0,0,0
constant kind=vs type=i reg=7 values=0,0,0,0
constant kind=vs type=i reg=8 values=0,0,0,0
constant kind=vs type=i reg=9 values=0,0,0,0
constant kind=vs type=i reg=10 values=0,0,0,0
constant kind=vs type=i reg=11 values=0,0,0,0
constant kind=vs type=i reg=12 values=0,0,0,0
constant kind=vs type=i reg=13 values=0,0,0,0
constant kind=vs type=i reg=14 values=0,0,0,0
constant kind=vs type=i reg=15 values=0,0,0,0
constants kind=vs type=b count=16 result=00000000 encoding=full
constant kind=vs type=b reg=0 values=0
constant kind=vs type=b reg=1 values=0
constant kind=vs type=b reg=2 values=0
constant kind=vs type=b reg=3 values=0
constant kind=vs type=b reg=4 values=0
constant kind=vs type=b reg=5 values=0
constant kind=vs type=b reg=6 values=0
constant kind=vs type=b reg=7 values=0
constant kind=vs type=b reg=8 values=0
constant kind=vs type=b reg=9 values=0
constant kind=vs type=b reg=10 values=0
constant kind=vs type=b reg=11 values=0
constant kind=vs type=b reg=12 values=0
constant kind=vs type=b reg=13 values=0
constant kind=vs type=b reg=14 values=0
constant kind=vs type=b reg=15 values=0
constants kind=ps type=f count=224 result=00000000 encoding=sparse_zero
constant kind=ps type=f reg=0 bits=3f800000,00000000,00000000,00000000
constant kind=ps type=f reg=1 bits=00000000,3f800000,00000000,00000000
constant kind=ps type=f reg=2 bits=00000000,00000000,3f800000,00000000
constant kind=ps type=f reg=3 bits=3e800000,00000000,00000000,00000000
constant kind=ps type=f reg=4 bits=00000000,00000000,3f800000,00000000
constant kind=ps type=f reg=5 bits=3e99999a,3e4ccccd,3dcccccd,00000000
constant kind=ps type=f reg=6 bits=3f000000,00000000,3f000000,00000000
constant kind=ps type=f reg=7 bits=3dcccccd,3e19999a,3e4ccccd,00000000
constant kind=ps type=f reg=216 bits=43480000,43490000,434a0000,434b0000
constant kind=ps type=f reg=217 bits=434c0000,434d0000,434e0000,434f0000
constants kind=ps type=i count=16 result=00000000 encoding=full
constant kind=ps type=i reg=0 values=0,0,0,0
constant kind=ps type=i reg=1 values=0,0,0,0
constant kind=ps type=i reg=2 values=0,0,0,0
constant kind=ps type=i reg=3 values=0,0,0,0
constant kind=ps type=i reg=4 values=0,0,0,0
constant kind=ps type=i reg=5 values=0,0,0,0
constant kind=ps type=i reg=6 values=0,0,0,0
constant kind=ps type=i reg=7 values=0,0,0,0
constant kind=ps type=i reg=8 values=0,0,0,0
constant kind=ps type=i reg=9 values=0,0,0,0
constant kind=ps type=i reg=10 values=0,0,0,0
constant kind=ps type=i reg=11 values=0,0,0,0
constant kind=ps type=i reg=12 values=0,0,0,0
constant kind=ps type=i reg=13 values=0,0,0,0
constant kind=ps type=i reg=14 values=0,0,0,0
constant kind=ps type=i reg=15 values=0,0,0,0
constants kind=ps type=b count=16 result=00000000 encoding=full
constant kind=ps type=b reg=0 values=0
constant kind=ps type=b reg=1 values=0
constant kind=ps type=b reg=2 values=0
constant kind=ps type=b reg=3 values=0
constant kind=ps type=b reg=4 values=0
constant kind=ps type=b reg=5 values=0
constant kind=ps type=b reg=6 values=0
constant kind=ps type=b reg=7 values=0
constant kind=ps type=b reg=8 values=0
constant kind=ps type=b reg=9 values=0
constant kind=ps type=b reg=10 values=0
constant kind=ps type=b reg=11 values=0
constant kind=ps type=b reg=12 values=0
constant kind=ps type=b reg=13 values=0
constant kind=ps type=b reg=14 values=0
constant kind=ps type=b reg=15 values=0
draw_args start_vertex=0
motion_input device=1 frame=5 index=1 blockers=00000252 proofs=20 position_path=1 vs=53a0a641107ed76c ps=98731d5594e36226 declaration=0cdf6a8c884ad955 rows_hash=1b0c97ae01a7ec05 color=1 depth=2 width=64 height=64 cull=2 vb=3 vb_revision=0 ib=0 ib_revision=0 position_offset=0 position_type=16 lifetime_verified=0 vertex_finite_verified=0
motion_geometry device=1 frame=5 index=1 source_qualified=1 source_hash=53a0a641107ed76c source_words=526 finite_requested=0 finite_state=0 finite_reason=4 finite_status=00000001 finite_generation=0 finite_revision=0 index_required=0 index_requested=0 index_known=0 index_range_verified=0 index_exact=0 index_min=0 index_max=0 index_reason=1 index_status=00000001 index_generation=0 index_revision=0
draw_result device=1 frame=5 index=1 result=00000000
capture_event device=1 frame=5 seq=3 after_draw=1 op=clear result=00000000 qpc=9701451908962
clear flags=2 color=00000000 z=1 stencil=0 rect_count=0 rect_ptr=00000000
surface role=clear_rt0 ptr=00118c60 identity=1 width=64 height=64 format=21 usage=1 msaa=0 container=0 container_type=0 container_result=80004002
surface role=clear_depth ptr=00118ca0 identity=2 width=64 height=64 format=77 usage=2 msaa=0 container=0 container_type=0 container_result=80004002
clear_viewport result=00000000 x=0 y=0 w=64 h=64 minz=0 maxz=1
capture_event device=1 frame=5 seq=4 after_draw=1 op=draw_begin result=00000000 qpc=9701451909919
draw device=1 frame=5 index=2 kind=primitive topology=4 primitives=1 vs=53a0a641107ed76c ps=8759c7838bbc86c2
geometry source=buffers
stream slot=0 result=00000000 identity=3 offset=0 stride=24 frequency=1 frequency_result=00000000
vertex_buffer identity=3 bytes=72 usage=0 pool=1 fvf=0
buffer_content kind=vertex identity=3 result=80070057 status=00000001 requested=0 known=0 ambiguous=0 revision=0 pending=0 flags=00000000
stream slot=1 result=00000000 identity=0
stream slot=2 result=00000000 identity=0
stream slot=3 result=00000000 identity=0
stream slot=4 result=00000000 identity=0
stream slot=5 result=00000000 identity=0
stream slot=6 result=00000000 identity=0
stream slot=7 result=00000000 identity=0
stream slot=8 result=00000000 identity=0
stream slot=9 result=00000000 identity=0
stream slot=10 result=00000000 identity=0
stream slot=11 result=00000000 identity=0
stream slot=12 result=00000000 identity=0
stream slot=13 result=00000000 identity=0
stream slot=14 result=00000000 identity=0
stream slot=15 result=00000000 identity=0
indices result=00000000 identity=0
surface role=rt0 ptr=00118c60 identity=1 width=64 height=64 format=21 usage=1 msaa=0 container=0 container_type=0 container_result=80004002
surface role=depth ptr=00118ca0 identity=2 width=64 height=64 format=77 usage=2 msaa=0 container=0 container_type=0 container_result=80004002
state id=7 value=1
state id=14 value=1
state id=23 value=4
state id=15 value=0
state id=24 value=0
state id=25 value=8
state id=27 value=0
state id=19 value=2
state id=20 value=1
state id=171 value=1
state id=22 value=1
state id=168 value=15
state id=194 value=0
state id=206 value=0
state id=52 value=0
state id=56 value=8
state id=57 value=0
state id=58 value=4294967295
state id=59 value=4294967295
state id=53 value=1
state id=54 value=1
state id=55 value=1
state id=185 value=0
state id=189 value=8
state id=186 value=1
state id=187 value=1
state id=188 value=1
viewport x=0 y=0 w=64 h=64 minz=0 maxz=1
texture stage=0 ptr=0214d8d0 type=3 identity=9 levels=1
texture_desc stage=0 w=2 h=2 format=21
sampler stage=0 state=6 value=1
sampler stage=0 state=5 value=1
sampler stage=0 state=7 value=0
sampler stage=0 state=10 value=1
sampler stage=0 state=11 value=0
sampler stage=0 state=8 value=0 bias=0
sampler stage=0 state=9 value=0
texture stage=1 ptr=0214d950 type=3 identity=10 levels=1
texture_desc stage=1 w=2 h=2 format=21
sampler stage=1 state=6 value=1
sampler stage=1 state=5 value=1
sampler stage=1 state=7 value=0
sampler stage=1 state=10 value=1
sampler stage=1 state=11 value=0
sampler stage=1 state=8 value=0 bias=0
sampler stage=1 state=9 value=0
texture stage=2 ptr=0214d9d0 type=3 identity=11 levels=1
texture_desc stage=2 w=2 h=2 format=21
sampler stage=2 state=6 value=1
sampler stage=2 state=5 value=1
sampler stage=2 state=7 value=0
sampler stage=2 state=10 value=1
sampler stage=2 state=11 value=0
sampler stage=2 state=8 value=0 bias=0
sampler stage=2 state=9 value=0
texture stage=3 ptr=0214dd50 type=5 identity=12 levels=1
sampler stage=3 state=6 value=1
sampler stage=3 state=5 value=1
sampler stage=3 state=7 value=0
sampler stage=3 state=10 value=1
sampler stage=3 state=11 value=0
sampler stage=3 state=8 value=0 bias=0
sampler stage=3 state=9 value=0
sampler stage=4 state=6 value=1
sampler stage=4 state=5 value=1
sampler stage=4 state=7 value=0
sampler stage=4 state=10 value=1
sampler stage=4 state=11 value=0
sampler stage=4 state=8 value=0 bias=0
sampler stage=4 state=9 value=0
sampler stage=5 state=6 value=1
sampler stage=5 state=5 value=1
sampler stage=5 state=7 value=0
sampler stage=5 state=10 value=1
sampler stage=5 state=11 value=0
sampler stage=5 state=8 value=0 bias=0
sampler stage=5 state=9 value=0
sampler stage=6 state=6 value=1
sampler stage=6 state=5 value=1
sampler stage=6 state=7 value=0
sampler stage=6 state=10 value=1
sampler stage=6 state=11 value=0
sampler stage=6 state=8 value=0 bias=0
sampler stage=6 state=9 value=0
sampler stage=7 state=6 value=1
sampler stage=7 state=5 value=1
sampler stage=7 state=7 value=0
sampler stage=7 state=10 value=1
sampler stage=7 state=11 value=0
sampler stage=7 state=8 value=0 bias=0
sampler stage=7 state=9 value=0
sampler stage=8 state=6 value=1
sampler stage=8 state=5 value=1
sampler stage=8 state=7 value=0
sampler stage=8 state=10 value=1
sampler stage=8 state=11 value=0
sampler stage=8 state=8 value=0 bias=0
sampler stage=8 state=9 value=0
sampler stage=9 state=6 value=1
sampler stage=9 state=5 value=1
sampler stage=9 state=7 value=0
sampler stage=9 state=10 value=1
sampler stage=9 state=11 value=0
sampler stage=9 state=8 value=0 bias=0
sampler stage=9 state=9 value=0
sampler stage=10 state=6 value=1
sampler stage=10 state=5 value=1
sampler stage=10 state=7 value=0
sampler stage=10 state=10 value=1
sampler stage=10 state=11 value=0
sampler stage=10 state=8 value=0 bias=0
sampler stage=10 state=9 value=0
sampler stage=11 state=6 value=1
sampler stage=11 state=5 value=1
sampler stage=11 state=7 value=0
sampler stage=11 state=10 value=1
sampler stage=11 state=11 value=0
sampler stage=11 state=8 value=0 bias=0
sampler stage=11 state=9 value=0
sampler stage=12 state=6 value=1
sampler stage=12 state=5 value=1
sampler stage=12 state=7 value=0
sampler stage=12 state=10 value=1
sampler stage=12 state=11 value=0
sampler stage=12 state=8 value=0 bias=0
sampler stage=12 state=9 value=0
sampler stage=13 state=6 value=1
sampler stage=13 state=5 value=1
sampler stage=13 state=7 value=0
sampler stage=13 state=10 value=1
sampler stage=13 state=11 value=0
sampler stage=13 state=8 value=0 bias=0
sampler stage=13 state=9 value=0
sampler stage=14 state=6 value=1
sampler stage=14 state=5 value=1
sampler stage=14 state=7 value=0
sampler stage=14 state=10 value=1
sampler stage=14 state=11 value=0
sampler stage=14 state=8 value=0 bias=0
sampler stage=14 state=9 value=0
sampler stage=15 state=6 value=1
sampler stage=15 state=5 value=1
sampler stage=15 state=7 value=0
sampler stage=15 state=10 value=1
sampler stage=15 state=11 value=0
sampler stage=15 state=8 value=0 bias=0
sampler stage=15 state=9 value=0
vertex_element stream=0 offset=0 type=16 method=0 usage=0 index=0
vertex_element stream=0 offset=8 type=16 method=0 usage=5 index=0
vertex_element stream=0 offset=16 type=16 method=0 usage=3 index=0
vertex_element stream=255 offset=0 type=17 method=0 usage=0 index=0
transform state=256 row=0 values=1,0,0,0
transform state=256 row=1 values=0,1,0,0
transform state=256 row=2 values=0,0,1,0
transform state=256 row=3 values=0,0,0,1
transform state=2 row=0 values=1,0,0,0
transform state=2 row=1 values=0,1,0,0
transform state=2 row=2 values=0,0,1,0
transform state=2 row=3 values=0,0,0,1
transform state=3 row=0 values=1,0,0,0
transform state=3 row=1 values=0,1,0,0
transform state=3 row=2 values=0,0,1,0
transform state=3 row=3 values=0,0,0,1
constants kind=vs type=f count=256 result=00000000 encoding=sparse_zero
constant kind=vs type=f reg=0 bits=bf800000,3f800000,40400000,00000000
constant kind=vs type=f reg=1 bits=3d23d70a,3ccccccd,3c75c28f,00000000
constant kind=vs type=f reg=2 bits=3f800000,3d4ccccd,00000000,00000000
constant kind=vs type=f reg=3 bits=00000000,3f800000,40400000,00000000
constant kind=vs type=f reg=4 bits=3d23d70a,3ccccccd,3c75c28f,00000000
constant kind=vs type=f reg=5 bits=3f800000,3d4ccccd,00000000,00000000
constant kind=vs type=f reg=6 bits=3f800000,3f800000,40400000,00000000
constant kind=vs type=f reg=7 bits=3d23d70a,3ccccccd,3c75c28f,00000000
constant kind=vs type=f reg=8 bits=3f800000,3d4ccccd,00000000,00000000
constant kind=vs type=f reg=9 bits=bf800000,3f800000,40400000,00000000
constant kind=vs type=f reg=10 bits=3d23d70a,3ccccccd,3c75c28f,00000000
constant kind=vs type=f reg=11 bits=3f800000,3d4ccccd,00000000,00000000
constant kind=vs type=f reg=12 bits=00000000,3f800000,40400000,00000000
constant kind=vs type=f reg=13 bits=3d23d70a,3ccccccd,3c75c28f,00000000
constant kind=vs type=f reg=14 bits=3f800000,3d4ccccd,00000000,00000000
constant kind=vs type=f reg=15 bits=3f800000,3f800000,40400000,00000000
constant kind=vs type=f reg=16 bits=3d23d70a,3ccccccd,3c75c28f,00000000
constant kind=vs type=f reg=17 bits=3f800000,3d4ccccd,00000000,00000000
constant kind=vs type=f reg=18 bits=bf800000,3f800000,40400000,00000000
constant kind=vs type=f reg=19 bits=3d23d70a,3ccccccd,3c75c28f,00000000
constant kind=vs type=f reg=20 bits=3f800000,3d4ccccd,00000000,00000000
constant kind=vs type=f reg=21 bits=00000000,3f800000,40400000,00000000
constant kind=vs type=f reg=22 bits=3d23d70a,3ccccccd,3c75c28f,00000000
constant kind=vs type=f reg=23 bits=3f800000,3d4ccccd,00000000,00000000
constant kind=vs type=f reg=24 bits=3f800000,00000000,00000000,3f400000
constant kind=vs type=f reg=25 bits=00000000,3f800000,00000000,00000000
constant kind=vs type=f reg=26 bits=00000000,00000000,3f800000,00000000
constant kind=vs type=f reg=27 bits=00000000,00000000,00000000,3f800000
constant kind=vs type=f reg=28 bits=3f800000,00000000,00000000,00000000
constant kind=vs type=f reg=29 bits=00000000,3f800000,00000000,00000000
constant kind=vs type=f reg=30 bits=00000000,00000000,3f800000,00000000
constant kind=vs type=f reg=31 bits=3f800000,00000000,00000000,00000000
constant kind=vs type=f reg=32 bits=00000000,3f800000,00000000,00000000
constant kind=vs type=f reg=33 bits=00000000,00000000,3f800000,00000000
constant kind=vs type=f reg=34 bits=3f800000,00000000,00000000,00000000
constant kind=vs type=f reg=35 bits=00000000,3f800000,00000000,00000000
constant kind=vs type=f reg=36 bits=00000000,00000000,3f800000,40800000
constant kind=vs type=f reg=37 bits=3f800000,00000000,00000000,00000000
constant kind=vs type=f reg=38 bits=00000000,3f800000,00000000,00000000
constant kind=vs type=f reg=39 bits=3f200000,00000000,00000000,00000000
constant kind=vs type=f reg=40 bits=3e4ccccd,3dcccccd,3d4ccccd,00000000
constant kind=vs type=f reg=41 bits=3f800000,00000000,00000000,00000000
constant kind=vs type=f reg=252 bits=42c80000,42ca0000,42cc0000,42ce0000
constant kind=vs type=f reg=253 bits=42d00000,42d20000,42d40000,42d60000
constant kind=vs type=f reg=254 bits=42d80000,42da0000,42dc0000,42de0000
constant kind=vs type=f reg=255 bits=42e00000,42e20000,42e40000,42e60000
constants kind=vs type=i count=16 result=00000000 encoding=full
constant kind=vs type=i reg=0 values=1,0,1,0
constant kind=vs type=i reg=1 values=0,0,0,0
constant kind=vs type=i reg=2 values=0,0,0,0
constant kind=vs type=i reg=3 values=0,0,0,0
constant kind=vs type=i reg=4 values=0,0,0,0
constant kind=vs type=i reg=5 values=0,0,0,0
constant kind=vs type=i reg=6 values=0,0,0,0
constant kind=vs type=i reg=7 values=0,0,0,0
constant kind=vs type=i reg=8 values=0,0,0,0
constant kind=vs type=i reg=9 values=0,0,0,0
constant kind=vs type=i reg=10 values=0,0,0,0
constant kind=vs type=i reg=11 values=0,0,0,0
constant kind=vs type=i reg=12 values=0,0,0,0
constant kind=vs type=i reg=13 values=0,0,0,0
constant kind=vs type=i reg=14 values=0,0,0,0
constant kind=vs type=i reg=15 values=0,0,0,0
constants kind=vs type=b count=16 result=00000000 encoding=full
constant kind=vs type=b reg=0 values=0
constant kind=vs type=b reg=1 values=0
constant kind=vs type=b reg=2 values=0
constant kind=vs type=b reg=3 values=0
constant kind=vs type=b reg=4 values=0
constant kind=vs type=b reg=5 values=0
constant kind=vs type=b reg=6 values=0
constant kind=vs type=b reg=7 values=0
constant kind=vs type=b reg=8 values=0
constant kind=vs type=b reg=9 values=0
constant kind=vs type=b reg=10 values=0
constant kind=vs type=b reg=11 values=0
constant kind=vs type=b reg=12 values=0
constant kind=vs type=b reg=13 values=0
constant kind=vs type=b reg=14 values=0
constant kind=vs type=b reg=15 values=0
constants kind=ps type=f count=224 result=00000000 encoding=sparse_zero
constant kind=ps type=f reg=0 bits=3f800000,00000000,00000000,00000000
constant kind=ps type=f reg=1 bits=00000000,3f800000,00000000,00000000
constant kind=ps type=f reg=2 bits=00000000,00000000,3f800000,00000000
constant kind=ps type=f reg=3 bits=3e800000,00000000,00000000,00000000
constant kind=ps type=f reg=4 bits=00000000,00000000,3f800000,00000000
constant kind=ps type=f reg=5 bits=3e99999a,3e4ccccd,3dcccccd,00000000
constant kind=ps type=f reg=6 bits=3f000000,00000000,3f000000,00000000
constant kind=ps type=f reg=7 bits=3dcccccd,3e19999a,3e4ccccd,00000000
constant kind=ps type=f reg=216 bits=43480000,43490000,434a0000,434b0000
constant kind=ps type=f reg=217 bits=434c0000,434d0000,434e0000,434f0000
constants kind=ps type=i count=16 result=00000000 encoding=full
constant kind=ps type=i reg=0 values=0,0,0,0
constant kind=ps type=i reg=1 values=0,0,0,0
constant kind=ps type=i reg=2 values=0,0,0,0
constant kind=ps type=i reg=3 values=0,0,0,0
constant kind=ps type=i reg=4 values=0,0,0,0
constant kind=ps type=i reg=5 values=0,0,0,0
constant kind=ps type=i reg=6 values=0,0,0,0
constant kind=ps type=i reg=7 values=0,0,0,0
constant kind=ps type=i reg=8 values=0,0,0,0
constant kind=ps type=i reg=9 values=0,0,0,0
constant kind=ps type=i reg=10 values=0,0,0,0
constant kind=ps type=i reg=11 values=0,0,0,0
constant kind=ps type=i reg=12 values=0,0,0,0
constant kind=ps type=i reg=13 values=0,0,0,0
constant kind=ps type=i reg=14 values=0,0,0,0
constant kind=ps type=i reg=15 values=0,0,0,0
constants kind=ps type=b count=16 result=00000000 encoding=full
constant kind=ps type=b reg=0 values=0
constant kind=ps type=b reg=1 values=0
constant kind=ps type=b reg=2 values=0
constant kind=ps type=b reg=3 values=0
constant kind=ps type=b reg=4 values=0
constant kind=ps type=b reg=5 values=0
constant kind=ps type=b reg=6 values=0
constant kind=ps type=b reg=7 values=0
constant kind=ps type=b reg=8 values=0
constant kind=ps type=b reg=9 values=0
constant kind=ps type=b reg=10 values=0
constant kind=ps type=b reg=11 values=0
constant kind=ps type=b reg=12 values=0
constant kind=ps type=b reg=13 values=0
constant kind=ps type=b reg=14 values=0
constant kind=ps type=b reg=15 values=0
draw_args start_vertex=0
motion_route device=1 frame=5 index=2 gate=5 routed=1 matched=0 depth=1 jittered=1 vs=53a0a641107ed76c ps=8759c7838bbc86c2 node=00000000 camera=00000000 node_handle=0 camera_handle=0 node_serial=0 camera_serial=0 load_epoch=0 registry_epoch=0 model=00000000 lod=00000000 vb=3 ib=0 declaration=0cdf6a8c884ad955 offset=0 stride=24 position_offset=0 position_type=16 topology=4 first=0 primitives=1 base_vertex=0 min_vertex=0 vertex_count=0 indexed=0 pass=1 rows_hash=712d59ff944d11a8 result=00000000
motion_input device=1 frame=5 index=2 blockers=00000210 proofs=28 position_path=1 vs=53a0a641107ed76c ps=8759c7838bbc86c2 declaration=0cdf6a8c884ad955 rows_hash=712d59ff944d11a8 color=1 depth=2 width=64 height=64 cull=1 vb=3 vb_revision=0 ib=0 ib_revision=0 position_offset=0 position_type=16 lifetime_verified=0 vertex_finite_verified=0
motion_geometry device=1 frame=5 index=2 source_qualified=1 source_hash=53a0a641107ed76c source_words=526 finite_requested=0 finite_state=0 finite_reason=4 finite_status=00000001 finite_generation=0 finite_revision=0 index_required=0 index_requested=0 index_known=0 index_range_verified=0 index_exact=0 index_min=0 index_max=0 index_reason=1 index_status=00000001 index_generation=0 index_revision=0
draw_result device=1 frame=5 index=2 result=00000000
capture_event device=1 frame=5 seq=5 after_draw=2 op=draw_begin result=00000000 qpc=9701451921359
draw device=1 frame=5 index=3 kind=primitive topology=4 primitives=1 vs=53a0a641107ed76c ps=8759c7838bbc86c2
geometry source=buffers
stream slot=0 result=00000000 identity=3 offset=0 stride=24 frequency=1 frequency_result=00000000
vertex_buffer identity=3 bytes=72 usage=0 pool=1 fvf=0
buffer_content kind=vertex identity=3 result=80070057 status=00000001 requested=0 known=0 ambiguous=0 revision=0 pending=0 flags=00000000
stream slot=1 result=00000000 identity=0
stream slot=2 result=00000000 identity=0
stream slot=3 result=00000000 identity=0
stream slot=4 result=00000000 identity=0
stream slot=5 result=00000000 identity=0
stream slot=6 result=00000000 identity=0
stream slot=7 result=00000000 identity=0
stream slot=8 result=00000000 identity=0
stream slot=9 result=00000000 identity=0
stream slot=10 result=00000000 identity=0
stream slot=11 result=00000000 identity=0
stream slot=12 result=00000000 identity=0
stream slot=13 result=00000000 identity=0
stream slot=14 result=00000000 identity=0
stream slot=15 result=00000000 identity=0
indices result=00000000 identity=0
surface role=rt0 ptr=00118c60 identity=1 width=64 height=64 format=21 usage=1 msaa=0 container=0 container_type=0 container_result=80004002
surface role=depth ptr=00118ca0 identity=2 width=64 height=64 format=77 usage=2 msaa=0 container=0 container_type=0 container_result=80004002
state id=7 value=1
state id=14 value=1
state id=23 value=4
state id=15 value=0
state id=24 value=0
state id=25 value=8
state id=27 value=0
state id=19 value=2
state id=20 value=1
state id=171 value=1
state id=22 value=1
state id=168 value=15
state id=194 value=0
state id=206 value=0
state id=52 value=0
state id=56 value=8
state id=57 value=0
state id=58 value=4294967295
state id=59 value=4294967295
state id=53 value=1
state id=54 value=1
state id=55 value=1
state id=185 value=0
state id=189 value=8
state id=186 value=1
state id=187 value=1
state id=188 value=1
viewport x=0 y=0 w=64 h=64 minz=0 maxz=1
texture stage=0 ptr=0214d8d0 type=3 identity=9 levels=1
texture_desc stage=0 w=2 h=2 format=21
sampler stage=0 state=6 value=1
sampler stage=0 state=5 value=1
sampler stage=0 state=7 value=0
sampler stage=0 state=10 value=1
sampler stage=0 state=11 value=0
sampler stage=0 state=8 value=0 bias=0
sampler stage=0 state=9 value=0
texture stage=1 ptr=0214d950 type=3 identity=10 levels=1
texture_desc stage=1 w=2 h=2 format=21
sampler stage=1 state=6 value=1
sampler stage=1 state=5 value=1
sampler stage=1 state=7 value=0
sampler stage=1 state=10 value=1
sampler stage=1 state=11 value=0
sampler stage=1 state=8 value=0 bias=0
sampler stage=1 state=9 value=0
texture stage=2 ptr=0214d9d0 type=3 identity=11 levels=1
texture_desc stage=2 w=2 h=2 format=21
sampler stage=2 state=6 value=1
sampler stage=2 state=5 value=1
sampler stage=2 state=7 value=0
sampler stage=2 state=10 value=1
sampler stage=2 state=11 value=0
sampler stage=2 state=8 value=0 bias=0
sampler stage=2 state=9 value=0
texture stage=3 ptr=0214dd50 type=5 identity=12 levels=1
sampler stage=3 state=6 value=1
sampler stage=3 state=5 value=1
sampler stage=3 state=7 value=0
sampler stage=3 state=10 value=1
sampler stage=3 state=11 value=0
sampler stage=3 state=8 value=0 bias=0
sampler stage=3 state=9 value=0
sampler stage=4 state=6 value=1
sampler stage=4 state=5 value=1
sampler stage=4 state=7 value=0
sampler stage=4 state=10 value=1
sampler stage=4 state=11 value=0
sampler stage=4 state=8 value=0 bias=0
sampler stage=4 state=9 value=0
sampler stage=5 state=6 value=1
sampler stage=5 state=5 value=1
sampler stage=5 state=7 value=0
sampler stage=5 state=10 value=1
sampler stage=5 state=11 value=0
sampler stage=5 state=8 value=0 bias=0
sampler stage=5 state=9 value=0
sampler stage=6 state=6 value=1
sampler stage=6 state=5 value=1
sampler stage=6 state=7 value=0
sampler stage=6 state=10 value=1
sampler stage=6 state=11 value=0
sampler stage=6 state=8 value=0 bias=0
sampler stage=6 state=9 value=0
sampler stage=7 state=6 value=1
sampler stage=7 state=5 value=1
sampler stage=7 state=7 value=0
sampler stage=7 state=10 value=1
sampler stage=7 state=11 value=0
sampler stage=7 state=8 value=0 bias=0
sampler stage=7 state=9 value=0
sampler stage=8 state=6 value=1
sampler stage=8 state=5 value=1
sampler stage=8 state=7 value=0
sampler stage=8 state=10 value=1
sampler stage=8 state=11 value=0
sampler stage=8 state=8 value=0 bias=0
sampler stage=8 state=9 value=0
sampler stage=9 state=6 value=1
sampler stage=9 state=5 value=1
sampler stage=9 state=7 value=0
sampler stage=9 state=10 value=1
sampler stage=9 state=11 value=0
sampler stage=9 state=8 value=0 bias=0
sampler stage=9 state=9 value=0
sampler stage=10 state=6 value=1
sampler stage=10 state=5 value=1
sampler stage=10 state=7 value=0
sampler stage=10 state=10 value=1
sampler stage=10 state=11 value=0
sampler stage=10 state=8 value=0 bias=0
sampler stage=10 state=9 value=0
sampler stage=11 state=6 value=1
sampler stage=11 state=5 value=1
sampler stage=11 state=7 value=0
sampler stage=11 state=10 value=1
sampler stage=11 state=11 value=0
sampler stage=11 state=8 value=0 bias=0
sampler stage=11 state=9 value=0
sampler stage=12 state=6 value=1
sampler stage=12 state=5 value=1
sampler stage=12 state=7 value=0
sampler stage=12 state=10 value=1
sampler stage=12 state=11 value=0
sampler stage=12 state=8 value=0 bias=0
sampler stage=12 state=9 value=0
sampler stage=13 state=6 value=1
sampler stage=13 state=5 value=1
sampler stage=13 state=7 value=0
sampler stage=13 state=10 value=1
sampler stage=13 state=11 value=0
sampler stage=13 state=8 value=0 bias=0
sampler stage=13 state=9 value=0
sampler stage=14 state=6 value=1
sampler stage=14 state=5 value=1
sampler stage=14 state=7 value=0
sampler stage=14 state=10 value=1
sampler stage=14 state=11 value=0
sampler stage=14 state=8 value=0 bias=0
sampler stage=14 state=9 value=0
sampler stage=15 state=6 value=1
sampler stage=15 state=5 value=1
sampler stage=15 state=7 value=0
sampler stage=15 state=10 value=1
sampler stage=15 state=11 value=0
sampler stage=15 state=8 value=0 bias=0
sampler stage=15 state=9 value=0
vertex_element stream=0 offset=0 type=16 method=0 usage=0 index=0
vertex_element stream=0 offset=8 type=16 method=0 usage=5 index=0
vertex_element stream=0 offset=16 type=16 method=0 usage=3 index=0
vertex_element stream=255 offset=0 type=17 method=0 usage=0 index=0
transform state=256 row=0 values=1,0,0,0
transform state=256 row=1 values=0,1,0,0
transform state=256 row=2 values=0,0,1,0
transform state=256 row=3 values=0,0,0,1
transform state=2 row=0 values=1,0,0,0
transform state=2 row=1 values=0,1,0,0
transform state=2 row=2 values=0,0,1,0
transform state=2 row=3 values=0,0,0,1
transform state=3 row=0 values=1,0,0,0
transform state=3 row=1 values=0,1,0,0
transform state=3 row=2 values=0,0,1,0
transform state=3 row=3 values=0,0,0,1
constants kind=vs type=f count=256 result=00000000 encoding=sparse_zero
constant kind=vs type=f reg=0 bits=bf800000,3f800000,40400000,00000000
constant kind=vs type=f reg=1 bits=3d23d70a,3ccccccd,3c75c28f,00000000
constant kind=vs type=f reg=2 bits=3f800000,3d4ccccd,00000000,00000000
constant kind=vs type=f reg=3 bits=00000000,3f800000,40400000,00000000
constant kind=vs type=f reg=4 bits=3d23d70a,3ccccccd,3c75c28f,00000000
constant kind=vs type=f reg=5 bits=3f800000,3d4ccccd,00000000,00000000
constant kind=vs type=f reg=6 bits=3f800000,3f800000,40400000,00000000
constant kind=vs type=f reg=7 bits=3d23d70a,3ccccccd,3c75c28f,00000000
constant kind=vs type=f reg=8 bits=3f800000,3d4ccccd,00000000,00000000
constant kind=vs type=f reg=9 bits=bf800000,3f800000,40400000,00000000
constant kind=vs type=f reg=10 bits=3d23d70a,3ccccccd,3c75c28f,00000000
constant kind=vs type=f reg=11 bits=3f800000,3d4ccccd,00000000,00000000
constant kind=vs type=f reg=12 bits=00000000,3f800000,40400000,00000000
constant kind=vs type=f reg=13 bits=3d23d70a,3ccccccd,3c75c28f,00000000
constant kind=vs type=f reg=14 bits=3f800000,3d4ccccd,00000000,00000000
constant kind=vs type=f reg=15 bits=3f800000,3f800000,40400000,00000000
constant kind=vs type=f reg=16 bits=3d23d70a,3ccccccd,3c75c28f,00000000
constant kind=vs type=f reg=17 bits=3f800000,3d4ccccd,00000000,00000000
constant kind=vs type=f reg=18 bits=bf800000,3f800000,40400000,00000000
constant kind=vs type=f reg=19 bits=3d23d70a,3ccccccd,3c75c28f,00000000
constant kind=vs type=f reg=20 bits=3f800000,3d4ccccd,00000000,00000000
constant kind=vs type=f reg=21 bits=00000000,3f800000,40400000,00000000
constant kind=vs type=f reg=22 bits=3d23d70a,3ccccccd,3c75c28f,00000000
constant kind=vs type=f reg=23 bits=3f800000,3d4ccccd,00000000,00000000
constant kind=vs type=f reg=24 bits=3f800000,00000000,00000000,3f400000
constant kind=vs type=f reg=25 bits=00000000,3f800000,00000000,00000000
constant kind=vs type=f reg=26 bits=00000000,00000000,3f800000,00000000
constant kind=vs type=f reg=27 bits=00000000,00000000,00000000,3f800000
constant kind=vs type=f reg=28 bits=3f800000,00000000,00000000,00000000
constant kind=vs type=f reg=29 bits=00000000,3f800000,00000000,00000000
constant kind=vs type=f reg=30 bits=00000000,00000000,3f800000,00000000
constant kind=vs type=f reg=31 bits=3f800000,00000000,00000000,00000000
constant kind=vs type=f reg=32 bits=00000000,3f800000,00000000,00000000
constant kind=vs type=f reg=33 bits=00000000,00000000,3f800000,00000000
constant kind=vs type=f reg=34 bits=3f800000,00000000,00000000,00000000
constant kind=vs type=f reg=35 bits=00000000,3f800000,00000000,00000000
constant kind=vs type=f reg=36 bits=00000000,00000000,3f800000,40800000
constant kind=vs type=f reg=37 bits=3f800000,00000000,00000000,00000000
constant kind=vs type=f reg=38 bits=00000000,3f800000,00000000,00000000
constant kind=vs type=f reg=39 bits=3f200000,00000000,00000000,00000000
constant kind=vs type=f reg=40 bits=3e4ccccd,3dcccccd,3d4ccccd,00000000
constant kind=vs type=f reg=41 bits=3f800000,00000000,00000000,00000000
constant kind=vs type=f reg=252 bits=42c80000,42ca0000,42cc0000,42ce0000
constant kind=vs type=f reg=253 bits=42d00000,42d20000,42d40000,42d60000
constant kind=vs type=f reg=254 bits=42d80000,42da0000,42dc0000,42de0000
constant kind=vs type=f reg=255 bits=42e00000,42e20000,42e40000,42e60000
constants kind=vs type=i count=16 result=00000000 encoding=full
constant kind=vs type=i reg=0 values=1,0,1,0
constant kind=vs type=i reg=1 values=0,0,0,0
constant kind=vs type=i reg=2 values=0,0,0,0
constant kind=vs type=i reg=3 values=0,0,0,0
constant kind=vs type=i reg=4 values=0,0,0,0
constant kind=vs type=i reg=5 values=0,0,0,0
constant kind=vs type=i reg=6 values=0,0,0,0
constant kind=vs type=i reg=7 values=0,0,0,0
constant kind=vs type=i reg=8 values=0,0,0,0
constant kind=vs type=i reg=9 values=0,0,0,0
constant kind=vs type=i reg=10 values=0,0,0,0
constant kind=vs type=i reg=11 values=0,0,0,0
constant kind=vs type=i reg=12 values=0,0,0,0
constant kind=vs type=i reg=13 values=0,0,0,0
constant kind=vs type=i reg=14 values=0,0,0,0
constant kind=vs type=i reg=15 values=0,0,0,0
constants kind=vs type=b count=16 result=00000000 encoding=full
constant kind=vs type=b reg=0 values=0
constant kind=vs type=b reg=1 values=0
constant kind=vs type=b reg=2 values=0
constant kind=vs type=b reg=3 values=0
constant kind=vs type=b reg=4 values=0
constant kind=vs type=b reg=5 values=0
constant kind=vs type=b reg=6 values=0
constant kind=vs type=b reg=7 values=0
constant kind=vs type=b reg=8 values=0
constant kind=vs type=b reg=9 values=0
constant kind=vs type=b reg=10 values=0
constant kind=vs type=b reg=11 values=0
constant kind=vs type=b reg=12 values=0
constant kind=vs type=b reg=13 values=0
constant kind=vs type=b reg=14 values=0
constant kind=vs type=b reg=15 values=0
constants kind=ps type=f count=224 result=00000000 encoding=sparse_zero
constant kind=ps type=f reg=0 bits=3f800000,00000000,00000000,00000000
constant kind=ps type=f reg=1 bits=00000000,3f800000,00000000,00000000
constant kind=ps type=f reg=2 bits=00000000,00000000,3f800000,00000000
constant kind=ps type=f reg=3 bits=3e800000,00000000,00000000,00000000
constant kind=ps type=f reg=4 bits=00000000,00000000,3f800000,00000000
constant kind=ps type=f reg=5 bits=3e99999a,3e4ccccd,3dcccccd,00000000
constant kind=ps type=f reg=6 bits=3f000000,00000000,3f000000,00000000
constant kind=ps type=f reg=7 bits=3dcccccd,3e19999a,3e4ccccd,00000000
constant kind=ps type=f reg=216 bits=43480000,43490000,434a0000,434b0000
constant kind=ps type=f reg=217 bits=434c0000,434d0000,434e0000,434f0000
constants kind=ps type=i count=16 result=00000000 encoding=full
constant kind=ps type=i reg=0 values=0,0,0,0
constant kind=ps type=i reg=1 values=0,0,0,0
constant kind=ps type=i reg=2 values=0,0,0,0
constant kind=ps type=i reg=3 values=0,0,0,0
constant kind=ps type=i reg=4 values=0,0,0,0
constant kind=ps type=i reg=5 values=0,0,0,0
constant kind=ps type=i reg=6 values=0,0,0,0
constant kind=ps type=i reg=7 values=0,0,0,0
constant kind=ps type=i reg=8 values=0,0,0,0
constant kind=ps type=i reg=9 values=0,0,0,0
constant kind=ps type=i reg=10 values=0,0,0,0
constant kind=ps type=i reg=11 values=0,0,0,0
constant kind=ps type=i reg=12 values=0,0,0,0
constant kind=ps type=i reg=13 values=0,0,0,0
constant kind=ps type=i reg=14 values=0,0,0,0
constant kind=ps type=i reg=15 values=0,0,0,0
constants kind=ps type=b count=16 result=00000000 encoding=full
constant kind=ps type=b reg=0 values=0
constant kind=ps type=b reg=1 values=0
constant kind=ps type=b reg=2 values=0
constant kind=ps type=b reg=3 values=0
constant kind=ps type=b reg=4 values=0
constant kind=ps type=b reg=5 values=0
constant kind=ps type=b reg=6 values=0
constant kind=ps type=b reg=7 values=0
constant kind=ps type=b reg=8 values=0
constant kind=ps type=b reg=9 values=0
constant kind=ps type=b reg=10 values=0
constant kind=ps type=b reg=11 values=0
constant kind=ps type=b reg=12 values=0
constant kind=ps type=b reg=13 values=0
constant kind=ps type=b reg=14 values=0
constant kind=ps type=b reg=15 values=0
draw_args start_vertex=0
motion_route device=1 frame=5 index=3 gate=5 routed=1 matched=0 depth=1 jittered=1 vs=53a0a641107ed76c ps=8759c7838bbc86c2 node=00000000 camera=00000000 node_handle=0 camera_handle=0 node_serial=0 camera_serial=0 load_epoch=0 registry_epoch=0 model=00000000 lod=00000000 vb=3 ib=0 declaration=0cdf6a8c884ad955 offset=0 stride=24 position_offset=0 position_type=16 topology=4 first=0 primitives=1 base_vertex=0 min_vertex=0 vertex_count=0 indexed=0 pass=1 rows_hash=712d59ff944d11a8 result=00000000
motion_input device=1 frame=5 index=3 blockers=00000210 proofs=28 position_path=1 vs=53a0a641107ed76c ps=8759c7838bbc86c2 declaration=0cdf6a8c884ad955 rows_hash=712d59ff944d11a8 color=1 depth=2 width=64 height=64 cull=1 vb=3 vb_revision=0 ib=0 ib_revision=0 position_offset=0 position_type=16 lifetime_verified=0 vertex_finite_verified=0
motion_geometry device=1 frame=5 index=3 source_qualified=1 source_hash=53a0a641107ed76c source_words=526 finite_requested=0 finite_state=0 finite_reason=4 finite_status=00000001 finite_generation=0 finite_revision=0 index_required=0 index_requested=0 index_known=0 index_range_verified=0 index_exact=0 index_min=0 index_max=0 index_reason=1 index_status=00000001 index_generation=0 index_revision=0
draw_result device=1 frame=5 index=3 result=00000000
capture_event device=1 frame=5 seq=6 after_draw=3 op=draw_begin result=00000000 qpc=9701451931470
draw device=1 frame=5 index=4 kind=primitive topology=4 primitives=1 vs=53a0a641107ed76c ps=8759c7838bbc86c2
geometry source=buffers
stream slot=0 result=00000000 identity=6 offset=0 stride=24 frequency=1 frequency_result=00000000
vertex_buffer identity=6 bytes=72 usage=0 pool=1 fvf=0
buffer_content kind=vertex identity=6 result=80070057 status=00000001 requested=0 known=0 ambiguous=0 revision=0 pending=0 flags=00000000
stream slot=1 result=00000000 identity=0
stream slot=2 result=00000000 identity=0
stream slot=3 result=00000000 identity=0
stream slot=4 result=00000000 identity=0
stream slot=5 result=00000000 identity=0
stream slot=6 result=00000000 identity=0
stream slot=7 result=00000000 identity=0
stream slot=8 result=00000000 identity=0
stream slot=9 result=00000000 identity=0
stream slot=10 result=00000000 identity=0
stream slot=11 result=00000000 identity=0
stream slot=12 result=00000000 identity=0
stream slot=13 result=00000000 identity=0
stream slot=14 result=00000000 identity=0
stream slot=15 result=00000000 identity=0
indices result=00000000 identity=0
surface role=rt0 ptr=00118c60 identity=1 width=64 height=64 format=21 usage=1 msaa=0 container=0 container_type=0 container_result=80004002
surface role=depth ptr=00118ca0 identity=2 width=64 height=64 format=77 usage=2 msaa=0 container=0 container_type=0 container_result=80004002
state id=7 value=1
state id=14 value=1
state id=23 value=4
state id=15 value=0
state id=24 value=0
state id=25 value=8
state id=27 value=0
state id=19 value=2
state id=20 value=1
state id=171 value=1
state id=22 value=1
state id=168 value=15
state id=194 value=0
state id=206 value=0
state id=52 value=0
state id=56 value=8
state id=57 value=0
state id=58 value=4294967295
state id=59 value=4294967295
state id=53 value=1
state id=54 value=1
state id=55 value=1
state id=185 value=0
state id=189 value=8
state id=186 value=1
state id=187 value=1
state id=188 value=1
viewport x=0 y=0 w=64 h=64 minz=0 maxz=1
texture stage=0 ptr=0214d8d0 type=3 identity=9 levels=1
texture_desc stage=0 w=2 h=2 format=21
sampler stage=0 state=6 value=1
sampler stage=0 state=5 value=1
sampler stage=0 state=7 value=0
sampler stage=0 state=10 value=1
sampler stage=0 state=11 value=0
sampler stage=0 state=8 value=0 bias=0
sampler stage=0 state=9 value=0
texture stage=1 ptr=0214d950 type=3 identity=10 levels=1
texture_desc stage=1 w=2 h=2 format=21
sampler stage=1 state=6 value=1
sampler stage=1 state=5 value=1
sampler stage=1 state=7 value=0
sampler stage=1 state=10 value=1
sampler stage=1 state=11 value=0
sampler stage=1 state=8 value=0 bias=0
sampler stage=1 state=9 value=0
texture stage=2 ptr=0214d9d0 type=3 identity=11 levels=1
texture_desc stage=2 w=2 h=2 format=21
sampler stage=2 state=6 value=1
sampler stage=2 state=5 value=1
sampler stage=2 state=7 value=0
sampler stage=2 state=10 value=1
sampler stage=2 state=11 value=0
sampler stage=2 state=8 value=0 bias=0
sampler stage=2 state=9 value=0
texture stage=3 ptr=0214dd50 type=5 identity=12 levels=1
sampler stage=3 state=6 value=1
sampler stage=3 state=5 value=1
sampler stage=3 state=7 value=0
sampler stage=3 state=10 value=1
sampler stage=3 state=11 value=0
sampler stage=3 state=8 value=0 bias=0
sampler stage=3 state=9 value=0
sampler stage=4 state=6 value=1
sampler stage=4 state=5 value=1
sampler stage=4 state=7 value=0
sampler stage=4 state=10 value=1
sampler stage=4 state=11 value=0
sampler stage=4 state=8 value=0 bias=0
sampler stage=4 state=9 value=0
sampler stage=5 state=6 value=1
sampler stage=5 state=5 value=1
sampler stage=5 state=7 value=0
sampler stage=5 state=10 value=1
sampler stage=5 state=11 value=0
sampler stage=5 state=8 value=0 bias=0
sampler stage=5 state=9 value=0
sampler stage=6 state=6 value=1
sampler stage=6 state=5 value=1
sampler stage=6 state=7 value=0
sampler stage=6 state=10 value=1
sampler stage=6 state=11 value=0
sampler stage=6 state=8 value=0 bias=0
sampler stage=6 state=9 value=0
sampler stage=7 state=6 value=1
sampler stage=7 state=5 value=1
sampler stage=7 state=7 value=0
sampler stage=7 state=10 value=1
sampler stage=7 state=11 value=0
sampler stage=7 state=8 value=0 bias=0
sampler stage=7 state=9 value=0
sampler stage=8 state=6 value=1
sampler stage=8 state=5 value=1
sampler stage=8 state=7 value=0
sampler stage=8 state=10 value=1
sampler stage=8 state=11 value=0
sampler stage=8 state=8 value=0 bias=0
sampler stage=8 state=9 value=0
sampler stage=9 state=6 value=1
sampler stage=9 state=5 value=1
sampler stage=9 state=7 value=0
sampler stage=9 state=10 value=1
sampler stage=9 state=11 value=0
sampler stage=9 state=8 value=0 bias=0
sampler stage=9 state=9 value=0
sampler stage=10 state=6 value=1
sampler stage=10 state=5 value=1
sampler stage=10 state=7 value=0
sampler stage=10 state=10 value=1
sampler stage=10 state=11 value=0
sampler stage=10 state=8 value=0 bias=0
sampler stage=10 state=9 value=0
sampler stage=11 state=6 value=1
sampler stage=11 state=5 value=1
sampler stage=11 state=7 value=0
sampler stage=11 state=10 value=1
sampler stage=11 state=11 value=0
sampler stage=11 state=8 value=0 bias=0
sampler stage=11 state=9 value=0
sampler stage=12 state=6 value=1
sampler stage=12 state=5 value=1
sampler stage=12 state=7 value=0
sampler stage=12 state=10 value=1
sampler stage=12 state=11 value=0
sampler stage=12 state=8 value=0 bias=0
sampler stage=12 state=9 value=0
sampler stage=13 state=6 value=1
sampler stage=13 state=5 value=1
sampler stage=13 state=7 value=0
sampler stage=13 state=10 value=1
sampler stage=13 state=11 value=0
sampler stage=13 state=8 value=0 bias=0
sampler stage=13 state=9 value=0
sampler stage=14 state=6 value=1
sampler stage=14 state=5 value=1
sampler stage=14 state=7 value=0
sampler stage=14 state=10 value=1
sampler stage=14 state=11 value=0
sampler stage=14 state=8 value=0 bias=0
sampler stage=14 state=9 value=0
sampler stage=15 state=6 value=1
sampler stage=15 state=5 value=1
sampler stage=15 state=7 value=0
sampler stage=15 state=10 value=1
sampler stage=15 state=11 value=0
sampler stage=15 state=8 value=0 bias=0
sampler stage=15 state=9 value=0
vertex_element stream=0 offset=0 type=16 method=0 usage=0 index=0
vertex_element stream=0 offset=8 type=16 method=0 usage=5 index=0
vertex_element stream=0 offset=16 type=16 method=0 usage=3 index=0
vertex_element stream=255 offset=0 type=17 method=0 usage=0 index=0
transform state=256 row=0 values=1,0,0,0
transform state=256 row=1 values=0,1,0,0
transform state=256 row=2 values=0,0,1,0
transform state=256 row=3 values=0,0,0,1
transform state=2 row=0 values=1,0,0,0
transform state=2 row=1 values=0,1,0,0
transform state=2 row=2 values=0,0,1,0
transform state=2 row=3 values=0,0,0,1
transform state=3 row=0 values=1,0,0,0
transform state=3 row=1 values=0,1,0,0
transform state=3 row=2 values=0,0,1,0
transform state=3 row=3 values=0,0,0,1
constants kind=vs type=f count=256 result=00000000 encoding=sparse_zero
constant kind=vs type=f reg=0 bits=bf800000,3f800000,40400000,00000000
constant kind=vs type=f reg=1 bits=3d23d70a,3ccccccd,3c75c28f,00000000
constant kind=vs type=f reg=2 bits=3f800000,3d4ccccd,00000000,00000000
constant kind=vs type=f reg=3 bits=00000000,3f800000,40400000,00000000
constant kind=vs type=f reg=4 bits=3d23d70a,3ccccccd,3c75c28f,00000000
constant kind=vs type=f reg=5 bits=3f800000,3d4ccccd,00000000,00000000
constant kind=vs type=f reg=6 bits=3f800000,3f800000,40400000,00000000
constant kind=vs type=f reg=7 bits=3d23d70a,3ccccccd,3c75c28f,00000000
constant kind=vs type=f reg=8 bits=3f800000,3d4ccccd,00000000,00000000
constant kind=vs type=f reg=9 bits=bf800000,3f800000,40400000,00000000
constant kind=vs type=f reg=10 bits=3d23d70a,3ccccccd,3c75c28f,00000000
constant kind=vs type=f reg=11 bits=3f800000,3d4ccccd,00000000,00000000
constant kind=vs type=f reg=12 bits=00000000,3f800000,40400000,00000000
constant kind=vs type=f reg=13 bits=3d23d70a,3ccccccd,3c75c28f,00000000
constant kind=vs type=f reg=14 bits=3f800000,3d4ccccd,00000000,00000000
constant kind=vs type=f reg=15 bits=3f800000,3f800000,40400000,00000000
constant kind=vs type=f reg=16 bits=3d23d70a,3ccccccd,3c75c28f,00000000
constant kind=vs type=f reg=17 bits=3f800000,3d4ccccd,00000000,00000000
constant kind=vs type=f reg=18 bits=bf800000,3f800000,40400000,00000000
constant kind=vs type=f reg=19 bits=3d23d70a,3ccccccd,3c75c28f,00000000
constant kind=vs type=f reg=20 bits=3f800000,3d4ccccd,00000000,00000000
constant kind=vs type=f reg=21 bits=00000000,3f800000,40400000,00000000
constant kind=vs type=f reg=22 bits=3d23d70a,3ccccccd,3c75c28f,00000000
constant kind=vs type=f reg=23 bits=3f800000,3d4ccccd,00000000,00000000
constant kind=vs type=f reg=24 bits=3f800000,00000000,00000000,00000000
constant kind=vs type=f reg=25 bits=00000000,3f800000,00000000,00000000
constant kind=vs type=f reg=26 bits=00000000,00000000,3f800000,00000000
constant kind=vs type=f reg=27 bits=00000000,00000000,00000000,3f800000
constant kind=vs type=f reg=28 bits=3f800000,00000000,00000000,00000000
constant kind=vs type=f reg=29 bits=00000000,3f800000,00000000,00000000
constant kind=vs type=f reg=30 bits=00000000,00000000,3f800000,00000000
constant kind=vs type=f reg=31 bits=3f800000,00000000,00000000,00000000
constant kind=vs type=f reg=32 bits=00000000,3f800000,00000000,00000000
constant kind=vs type=f reg=33 bits=00000000,00000000,3f800000,00000000
constant kind=vs type=f reg=34 bits=3f800000,00000000,00000000,00000000
constant kind=vs type=f reg=35 bits=00000000,3f800000,00000000,00000000
constant kind=vs type=f reg=36 bits=00000000,00000000,3f800000,40800000
constant kind=vs type=f reg=37 bits=3f800000,00000000,00000000,00000000
constant kind=vs type=f reg=38 bits=00000000,3f800000,00000000,00000000
constant kind=vs type=f reg=39 bits=3f200000,00000000,00000000,00000000
constant kind=vs type=f reg=40 bits=3e4ccccd,3dcccccd,3d4ccccd,00000000
constant kind=vs type=f reg=41 bits=3f800000,00000000,00000000,00000000
constant kind=vs type=f reg=252 bits=42c80000,42ca0000,42cc0000,42ce0000
constant kind=vs type=f reg=253 bits=42d00000,42d20000,42d40000,42d60000
constant kind=vs type=f reg=254 bits=42d80000,42da0000,42dc0000,42de0000
constant kind=vs type=f reg=255 bits=42e00000,42e20000,42e40000,42e60000
constants kind=vs type=i count=16 result=00000000 encoding=full
constant kind=vs type=i reg=0 values=1,0,1,0
constant kind=vs type=i reg=1 values=0,0,0,0
constant kind=vs type=i reg=2 values=0,0,0,0
constant kind=vs type=i reg=3 values=0,0,0,0
constant kind=vs type=i reg=4 values=0,0,0,0
constant kind=vs type=i reg=5 values=0,0,0,0
constant kind=vs type=i reg=6 values=0,0,0,0
constant kind=vs type=i reg=7 values=0,0,0,0
constant kind=vs type=i reg=8 values=0,0,0,0
constant kind=vs type=i reg=9 values=0,0,0,0
constant kind=vs type=i reg=10 values=0,0,0,0
constant kind=vs type=i reg=11 values=0,0,0,0
constant kind=vs type=i reg=12 values=0,0,0,0
constant kind=vs type=i reg=13 values=0,0,0,0
constant kind=vs type=i reg=14 values=0,0,0,0
constant kind=vs type=i reg=15 values=0,0,0,0
constants kind=vs type=b count=16 result=00000000 encoding=full
constant kind=vs type=b reg=0 values=0
constant kind=vs type=b reg=1 values=0
constant kind=vs type=b reg=2 values=0
constant kind=vs type=b reg=3 values=0
constant kind=vs type=b reg=4 values=0
constant kind=vs type=b reg=5 values=0
constant kind=vs type=b reg=6 values=0
constant kind=vs type=b reg=7 values=0
constant kind=vs type=b reg=8 values=0
constant kind=vs type=b reg=9 values=0
constant kind=vs type=b reg=10 values=0
constant kind=vs type=b reg=11 values=0
constant kind=vs type=b reg=12 values=0
constant kind=vs type=b reg=13 values=0
constant kind=vs type=b reg=14 values=0
constant kind=vs type=b reg=15 values=0
constants kind=ps type=f count=224 result=00000000 encoding=sparse_zero
constant kind=ps type=f reg=0 bits=3f800000,00000000,00000000,00000000
constant kind=ps type=f reg=1 bits=00000000,3f800000,00000000,00000000
constant kind=ps type=f reg=2 bits=00000000,00000000,3f800000,00000000
constant kind=ps type=f reg=3 bits=3e800000,00000000,00000000,00000000
constant kind=ps type=f reg=4 bits=00000000,00000000,3f800000,00000000
constant kind=ps type=f reg=5 bits=3e99999a,3e4ccccd,3dcccccd,00000000
constant kind=ps type=f reg=6 bits=3f000000,00000000,3f000000,00000000
constant kind=ps type=f reg=7 bits=3dcccccd,3e19999a,3e4ccccd,00000000
constant kind=ps type=f reg=216 bits=43480000,43490000,434a0000,434b0000
constant kind=ps type=f reg=217 bits=434c0000,434d0000,434e0000,434f0000
constants kind=ps type=i count=16 result=00000000 encoding=full
constant kind=ps type=i reg=0 values=0,0,0,0
constant kind=ps type=i reg=1 values=0,0,0,0
constant kind=ps type=i reg=2 values=0,0,0,0
constant kind=ps type=i reg=3 values=0,0,0,0
constant kind=ps type=i reg=4 values=0,0,0,0
constant kind=ps type=i reg=5 values=0,0,0,0
constant kind=ps type=i reg=6 values=0,0,0,0
constant kind=ps type=i reg=7 values=0,0,0,0
constant kind=ps type=i reg=8 values=0,0,0,0
constant kind=ps type=i reg=9 values=0,0,0,0
constant kind=ps type=i reg=10 values=0,0,0,0
constant kind=ps type=i reg=11 values=0,0,0,0
constant kind=ps type=i reg=12 values=0,0,0,0
constant kind=ps type=i reg=13 values=0,0,0,0
constant kind=ps type=i reg=14 values=0,0,0,0
constant kind=ps type=i reg=15 values=0,0,0,0
constants kind=ps type=b count=16 result=00000000 encoding=full
constant kind=ps type=b reg=0 values=0
constant kind=ps type=b reg=1 values=0
constant kind=ps type=b reg=2 values=0
constant kind=ps type=b reg=3 values=0
constant kind=ps type=b reg=4 values=0
constant kind=ps type=b reg=5 values=0
constant kind=ps type=b reg=6 values=0
constant kind=ps type=b reg=7 values=0
constant kind=ps type=b reg=8 values=0
constant kind=ps type=b reg=9 values=0
constant kind=ps type=b reg=10 values=0
constant kind=ps type=b reg=11 values=0
constant kind=ps type=b reg=12 values=0
constant kind=ps type=b reg=13 values=0
constant kind=ps type=b reg=14 values=0
constant kind=ps type=b reg=15 values=0
draw_args start_vertex=0
motion_route device=1 frame=5 index=4 gate=5 routed=1 matched=0 depth=1 jittered=1 vs=53a0a641107ed76c ps=8759c7838bbc86c2 node=00000000 camera=00000000 node_handle=0 camera_handle=0 node_serial=0 camera_serial=0 load_epoch=0 registry_epoch=0 model=00000000 lod=00000000 vb=6 ib=0 declaration=0cdf6a8c884ad955 offset=0 stride=24 position_offset=0 position_type=16 topology=4 first=0 primitives=1 base_vertex=0 min_vertex=0 vertex_count=0 indexed=0 pass=1 rows_hash=1b0c97ae01a7ec05 result=00000000
motion_input device=1 frame=5 index=4 blockers=00000210 proofs=28 position_path=1 vs=53a0a641107ed76c ps=8759c7838bbc86c2 declaration=0cdf6a8c884ad955 rows_hash=1b0c97ae01a7ec05 color=1 depth=2 width=64 height=64 cull=1 vb=6 vb_revision=0 ib=0 ib_revision=0 position_offset=0 position_type=16 lifetime_verified=0 vertex_finite_verified=0
motion_geometry device=1 frame=5 index=4 source_qualified=1 source_hash=53a0a641107ed76c source_words=526 finite_requested=0 finite_state=0 finite_reason=4 finite_status=00000001 finite_generation=0 finite_revision=0 index_required=0 index_requested=0 index_known=0 index_range_verified=0 index_exact=0 index_min=0 index_max=0 index_reason=1 index_status=00000001 index_generation=0 index_revision=0
draw_result device=1 frame=5 index=4 result=00000000
motion_output_cut device=1 frame=5 samples=0 median_px=0.0000 keyed=0 missing=0 missing_fraction=0.0000 bound_px=2.400 bound_missing=0.250 cut=0
capture_event device=1 frame=5 seq=7 after_draw=4 op=set_depth result=00000000 qpc=9701451942015
set_depth ptr=00000000 result=00000000
surface role=depth_binding ptr=0 identity=0
hdr_readback device=1 frame=5 file=hdr_1_5.rgba16f width=64 height=64 format=rgba16f_row_major result=00000000 bytes=32768
motion_output_color_readback device=1 frame=5 file=color_1_5.bgra8 width=64 height=64 format=bgra8_row_major result=00000000 bytes=16384
motion_output_taa_readback device=1 frame=5 file=taa_1_5.rgba16f width=64 height=64 format=rgba16f_row_major result=00000000 bytes=32768
motion_output_present_readback device=1 frame=5 file=present_1_5.bgra8 width=64 height=64 format=bgra8_row_major result=00000000 bytes=16384
capture_event device=1 frame=5 seq=8 after_draw=4 op=stretch_rect result=00000000 qpc=9701451977319
stretch_rect source=00118c60 dest=0215aa58 filter=0 source_rect_null=1 dest_rect_null=1
surface role=stretch_source ptr=00118c60 identity=1 width=64 height=64 format=21 usage=1 msaa=0 container=0 container_type=0 container_result=80004002
surface role=stretch_dest ptr=0215aa58 identity=7 width=64 height=64 format=21 usage=1 msaa=0 container=8 container_type=3 container_result=00000000
capture_event device=1 frame=5 seq=9 after_draw=4 op=set_depth result=00000000 qpc=9701452003027
set_depth ptr=00118ca0 result=00000000
surface role=depth_binding ptr=00118ca0 identity=2 width=64 height=64 format=77 usage=2 msaa=0 container=0 container_type=0 container_result=80004002
motion_output_readback device=1 frame=5 file=motion_1_5.rgba32f width=64 height=64 format=rgba32f_row_major result=00000000 bytes=65536
motion_output_depth_readback device=1 frame=5 file=depth_1_5.r32f width=64 height=64 format=r32f_row_major result=00000000 bytes=16384
motion_output_frame device=1 frame=5 latched=1 filled=1 fill_result=00000000 fill_restore=00000000 draws=4 routed=3 matched=0 gate1=0 gate2=1 gate3=0 gate4=0 gate5=3 gate6=0 apply_failures=0 restore_failures=0 history_previous=0 history_current=0 committed=1 selector_state=9 present=00000000 depth=1 depth_routed=3 jitter=1 jitter_index=5 jitter_x=-0.125000 jitter_y=-0.277778 jitter_previous_x=0.125000 jitter_previous_y=0.277778 jittered=3 cut=0 cut_median_px=0.0000 cut_missing=0.0000 cut_samples=0 taa=1 taa_attempted=1 taa_resolved=1 taa_history=1 taa_skip=0 taa_result=00000000 taa_restore=00000000 taa_copy=00000001 taa_hdr=1 taa_k=0.00000 taa_sharpen=0 scene_open=0 active_queries=0 taa_references=6 camera_valid=0 camera_background_valid=0 camera_reads=0 camera_policy=1 camera_reason=2 camera_cut=0 camera_rotation_deg=0.0000 rt_mode=perdraw timing=cpu_qpc set_rt=12 lazy_flushes=0 jitter_writes=6 readbacks=6 gate_us=11.0 route_draw_us=23.1 set_rt_us=12.6 lazy_flush_us=0.0 jitter_us=1.6 fill_us=46.3 taa_run_us=159.5 taa_capture_us=6.7 taa_copy_color_us=0.2 taa_copy_depth_us=2.1 taa_draw_us=133.4 taa_apply_us=11.1 taa_copy_back_us=0.0 readback_us=4543.3 state_shadow=1 rs_queries=26 rs_hits=26 rs_gets=14 rs_resyncs=0 sb_resyncs=0 scene_hook=0 scene_end_source=stretchrect scene_end_check=3 hook_signals=0 hook_outside_scene=0 hook_state=0 draws_after_hook=0 bloom_copy_seen=1 mip_bias=0 mip_bias_sets=0 mip_bias_restores=0 mip_bias_draws=0 mip_bias_stages=0000 mip_bias_reads=0 mip_bias_game_writes=0 mip_bias_game_writes_total=0 mip_bias_failures=0 mip_bias_biased_now=0000
camera_state device=1 frame=5 status=executable_mismatch reads=0 valid=0 read_failure=0 failure=0 projection=00000000 view=00000000 p00=0 p11=0 p20=0 p21=0 r00=0 r01=0 r02=0 r10=0 r11=0 r12=0 r20=0 r21=0 r22=0 t=0,0,0 background_valid=0 background_p00=0 background_p11=0 background_rotation_deg=0.0000 history_view_valid=0 history_view_frame=5 rotation_deg=0.0000 policy=1 reason=2 camera_cut=0 mode=0 cut_deg=20.00
hdr_frame device=1 frame=5 hdr=1 redirected=1 end=bloom_copy writebacks=2 flushes=1 writeback_source=shader unwind=0 unwind_reason=none unwind_draw=00000001 unwind_restore=00000001 unwind_stretch=00000001 unwind_bind=00000001 blocked=0 recheck=none suspended=0 resumed=0 dirty_at_present=0 refused_msaa=0 target_create=00000000 latch_bind=00000000 target=64x64 target_bytes=32768 caps=ok stretch_conversion=00000000 timing=cpu_qpc redirect_us=3.1 writeback_us=185.9 writeback_draw_us=184.6 writeback_stretch_us=0.0 bind_us=0.0 recheck_us=0.0 tonemap=identity tonemapped=0 look=none decode=gamma2.2 clamp=0 exposure=auto ev=0.00000 ev_adapted=0.00000 ev_target=0.00000 avg_log_l=0.00000 luma_mean=1 dt_ms=0.000 stepped=0 steps=0 meter=00000001 readback=00000001 tonemap_draw=00000001 fallback=0 meter_us=0.0 readback_us=0.0 k=0.00000 chain_bytes=0 sharpen=off sharpened=0 sharpen_fallback=0
frame_end device=1 frame=5 draws=4 capture=1 present=00000000 elapsed_ms=1004 dt_ms=12 qpc=9701452021440
frame_begin device=1 frame=6
capture_event device=1 frame=6 seq=1 after_draw=0 op=clear result=00000000 qpc=9701452021955
clear flags=3 color=ff203040 z=1 stencil=0 rect_count=0 rect_ptr=00000000
surface role=clear_rt0 ptr=00118c60 identity=1 width=64 height=64 format=21 usage=1 msaa=0 container=0 container_type=0 container_result=80004002
surface role=clear_depth ptr=00118ca0 identity=2 width=64 height=64 format=77 usage=2 msaa=0 container=0 container_type=0 container_result=80004002
clear_viewport result=00000000 x=0 y=0 w=64 h=64 minz=0 maxz=1
capture_event device=1 frame=6 seq=2 after_draw=0 op=draw_begin result=00000000 qpc=9701452022911
draw device=1 frame=6 index=1 kind=primitive topology=4 primitives=1 vs=53a0a641107ed76c ps=98731d5594e36226
geometry source=buffers
stream slot=0 result=00000000 identity=3 offset=0 stride=24 frequency=1 frequency_result=00000000
vertex_buffer identity=3 bytes=72 usage=0 pool=1 fvf=0
buffer_content kind=vertex identity=3 result=80070057 status=00000001 requested=0 known=0 ambiguous=0 revision=0 pending=0 flags=00000000
stream slot=1 result=00000000 identity=0
stream slot=2 result=00000000 identity=0
stream slot=3 result=00000000 identity=0
stream slot=4 result=00000000 identity=0
stream slot=5 result=00000000 identity=0
stream slot=6 result=00000000 identity=0
stream slot=7 result=00000000 identity=0
stream slot=8 result=00000000 identity=0
stream slot=9 result=00000000 identity=0
stream slot=10 result=00000000 identity=0
stream slot=11 result=00000000 identity=0
stream slot=12 result=00000000 identity=0
stream slot=13 result=00000000 identity=0
stream slot=14 result=00000000 identity=0
stream slot=15 result=00000000 identity=0
indices result=00000000 identity=0
surface role=rt0 ptr=00118c60 identity=1 width=64 height=64 format=21 usage=1 msaa=0 container=0 container_type=0 container_result=80004002
surface role=depth ptr=00118ca0 identity=2 width=64 height=64 format=77 usage=2 msaa=0 container=0 container_type=0 container_result=80004002
state id=7 value=0
state id=14 value=0
state id=23 value=4
state id=15 value=1
state id=24 value=0
state id=25 value=8
state id=27 value=1
state id=19 value=2
state id=20 value=1
state id=171 value=1
state id=22 value=2
state id=168 value=7
state id=194 value=0
state id=206 value=0
state id=52 value=1
state id=56 value=8
state id=57 value=0
state id=58 value=4294967295
state id=59 value=4294967295
state id=53 value=1
state id=54 value=1
state id=55 value=1
state id=185 value=0
state id=189 value=8
state id=186 value=1
state id=187 value=1
state id=188 value=1
viewport x=0 y=0 w=64 h=64 minz=0 maxz=1
texture stage=0 ptr=0214d8d0 type=3 identity=9 levels=1
texture_desc stage=0 w=2 h=2 format=21
sampler stage=0 state=6 value=1
sampler stage=0 state=5 value=1
sampler stage=0 state=7 value=0
sampler stage=0 state=10 value=1
sampler stage=0 state=11 value=0
sampler stage=0 state=8 value=0 bias=0
sampler stage=0 state=9 value=0
texture stage=1 ptr=0214d950 type=3 identity=10 levels=1
texture_desc stage=1 w=2 h=2 format=21
sampler stage=1 state=6 value=1
sampler stage=1 state=5 value=1
sampler stage=1 state=7 value=0
sampler stage=1 state=10 value=1
sampler stage=1 state=11 value=0
sampler stage=1 state=8 value=0 bias=0
sampler stage=1 state=9 value=0
texture stage=2 ptr=0214d9d0 type=3 identity=11 levels=1
texture_desc stage=2 w=2 h=2 format=21
sampler stage=2 state=6 value=1
sampler stage=2 state=5 value=1
sampler stage=2 state=7 value=0
sampler stage=2 state=10 value=1
sampler stage=2 state=11 value=0
sampler stage=2 state=8 value=0 bias=0
sampler stage=2 state=9 value=0
texture stage=3 ptr=0214dd50 type=5 identity=12 levels=1
sampler stage=3 state=6 value=1
sampler stage=3 state=5 value=1
sampler stage=3 state=7 value=0
sampler stage=3 state=10 value=1
sampler stage=3 state=11 value=0
sampler stage=3 state=8 value=0 bias=0
sampler stage=3 state=9 value=0
sampler stage=4 state=6 value=1
sampler stage=4 state=5 value=1
sampler stage=4 state=7 value=0
sampler stage=4 state=10 value=1
sampler stage=4 state=11 value=0
sampler stage=4 state=8 value=0 bias=0
sampler stage=4 state=9 value=0
sampler stage=5 state=6 value=1
sampler stage=5 state=5 value=1
sampler stage=5 state=7 value=0
sampler stage=5 state=10 value=1
sampler stage=5 state=11 value=0
sampler stage=5 state=8 value=0 bias=0
sampler stage=5 state=9 value=0
sampler stage=6 state=6 value=1
sampler stage=6 state=5 value=1
sampler stage=6 state=7 value=0
sampler stage=6 state=10 value=1
sampler stage=6 state=11 value=0
sampler stage=6 state=8 value=0 bias=0
sampler stage=6 state=9 value=0
sampler stage=7 state=6 value=1
sampler stage=7 state=5 value=1
sampler stage=7 state=7 value=0
sampler stage=7 state=10 value=1
sampler stage=7 state=11 value=0
sampler stage=7 state=8 value=0 bias=0
sampler stage=7 state=9 value=0
sampler stage=8 state=6 value=1
sampler stage=8 state=5 value=1
sampler stage=8 state=7 value=0
sampler stage=8 state=10 value=1
sampler stage=8 state=11 value=0
sampler stage=8 state=8 value=0 bias=0
sampler stage=8 state=9 value=0
sampler stage=9 state=6 value=1
sampler stage=9 state=5 value=1
sampler stage=9 state=7 value=0
sampler stage=9 state=10 value=1
sampler stage=9 state=11 value=0
sampler stage=9 state=8 value=0 bias=0
sampler stage=9 state=9 value=0
sampler stage=10 state=6 value=1
sampler stage=10 state=5 value=1
sampler stage=10 state=7 value=0
sampler stage=10 state=10 value=1
sampler stage=10 state=11 value=0
sampler stage=10 state=8 value=0 bias=0
sampler stage=10 state=9 value=0
sampler stage=11 state=6 value=1
sampler stage=11 state=5 value=1
sampler stage=11 state=7 value=0
sampler stage=11 state=10 value=1
sampler stage=11 state=11 value=0
sampler stage=11 state=8 value=0 bias=0
sampler stage=11 state=9 value=0
sampler stage=12 state=6 value=1
sampler stage=12 state=5 value=1
sampler stage=12 state=7 value=0
sampler stage=12 state=10 value=1
sampler stage=12 state=11 value=0
sampler stage=12 state=8 value=0 bias=0
sampler stage=12 state=9 value=0
sampler stage=13 state=6 value=1
sampler stage=13 state=5 value=1
sampler stage=13 state=7 value=0
sampler stage=13 state=10 value=1
sampler stage=13 state=11 value=0
sampler stage=13 state=8 value=0 bias=0
sampler stage=13 state=9 value=0
sampler stage=14 state=6 value=1
sampler stage=14 state=5 value=1
sampler stage=14 state=7 value=0
sampler stage=14 state=10 value=1
sampler stage=14 state=11 value=0
sampler stage=14 state=8 value=0 bias=0
sampler stage=14 state=9 value=0
sampler stage=15 state=6 value=1
sampler stage=15 state=5 value=1
sampler stage=15 state=7 value=0
sampler stage=15 state=10 value=1
sampler stage=15 state=11 value=0
sampler stage=15 state=8 value=0 bias=0
sampler stage=15 state=9 value=0
vertex_element stream=0 offset=0 type=16 method=0 usage=0 index=0
vertex_element stream=0 offset=8 type=16 method=0 usage=5 index=0
vertex_element stream=0 offset=16 type=16 method=0 usage=3 index=0
vertex_element stream=255 offset=0 type=17 method=0 usage=0 index=0
transform state=256 row=0 values=1,0,0,0
transform state=256 row=1 values=0,1,0,0
transform state=256 row=2 values=0,0,1,0
transform state=256 row=3 values=0,0,0,1
transform state=2 row=0 values=1,0,0,0
transform state=2 row=1 values=0,1,0,0
transform state=2 row=2 values=0,0,1,0
transform state=2 row=3 values=0,0,0,1
transform state=3 row=0 values=1,0,0,0
transform state=3 row=1 values=0,1,0,0
transform state=3 row=2 values=0,0,1,0
transform state=3 row=3 values=0,0,0,1
constants kind=vs type=f count=256 result=00000000 encoding=sparse_zero
constant kind=vs type=f reg=0 bits=bf800000,3f800000,40400000,00000000
constant kind=vs type=f reg=1 bits=3d23d70a,3ccccccd,3c75c28f,00000000
constant kind=vs type=f reg=2 bits=3f800000,3d4ccccd,00000000,00000000
constant kind=vs type=f reg=3 bits=00000000,3f800000,40400000,00000000
constant kind=vs type=f reg=4 bits=3d23d70a,3ccccccd,3c75c28f,00000000
constant kind=vs type=f reg=5 bits=3f800000,3d4ccccd,00000000,00000000
constant kind=vs type=f reg=6 bits=3f800000,3f800000,40400000,00000000
constant kind=vs type=f reg=7 bits=3d23d70a,3ccccccd,3c75c28f,00000000
constant kind=vs type=f reg=8 bits=3f800000,3d4ccccd,00000000,00000000
constant kind=vs type=f reg=9 bits=bf800000,3f800000,40400000,00000000
constant kind=vs type=f reg=10 bits=3d23d70a,3ccccccd,3c75c28f,00000000
constant kind=vs type=f reg=11 bits=3f800000,3d4ccccd,00000000,00000000
constant kind=vs type=f reg=12 bits=00000000,3f800000,40400000,00000000
constant kind=vs type=f reg=13 bits=3d23d70a,3ccccccd,3c75c28f,00000000
constant kind=vs type=f reg=14 bits=3f800000,3d4ccccd,00000000,00000000
constant kind=vs type=f reg=15 bits=3f800000,3f800000,40400000,00000000
constant kind=vs type=f reg=16 bits=3d23d70a,3ccccccd,3c75c28f,00000000
constant kind=vs type=f reg=17 bits=3f800000,3d4ccccd,00000000,00000000
constant kind=vs type=f reg=18 bits=bf800000,3f800000,40400000,00000000
constant kind=vs type=f reg=19 bits=3d23d70a,3ccccccd,3c75c28f,00000000
constant kind=vs type=f reg=20 bits=3f800000,3d4ccccd,00000000,00000000
constant kind=vs type=f reg=21 bits=00000000,3f800000,40400000,00000000
constant kind=vs type=f reg=22 bits=3d23d70a,3ccccccd,3c75c28f,00000000
constant kind=vs type=f reg=23 bits=3f800000,3d4ccccd,00000000,00000000
constant kind=vs type=f reg=24 bits=3f800000,00000000,00000000,00000000
constant kind=vs type=f reg=25 bits=00000000,3f800000,00000000,00000000
constant kind=vs type=f reg=26 bits=00000000,00000000,3f800000,00000000
constant kind=vs type=f reg=27 bits=00000000,00000000,00000000,3f800000
constant kind=vs type=f reg=28 bits=3f800000,00000000,00000000,00000000
constant kind=vs type=f reg=29 bits=00000000,3f800000,00000000,00000000
constant kind=vs type=f reg=30 bits=00000000,00000000,3f800000,00000000
constant kind=vs type=f reg=31 bits=3f800000,00000000,00000000,00000000
constant kind=vs type=f reg=32 bits=00000000,3f800000,00000000,00000000
constant kind=vs type=f reg=33 bits=00000000,00000000,3f800000,00000000
constant kind=vs type=f reg=34 bits=3f800000,00000000,00000000,00000000
constant kind=vs type=f reg=35 bits=00000000,3f800000,00000000,00000000
constant kind=vs type=f reg=36 bits=00000000,00000000,3f800000,40800000
constant kind=vs type=f reg=37 bits=3f800000,00000000,00000000,00000000
constant kind=vs type=f reg=38 bits=00000000,3f800000,00000000,00000000
constant kind=vs type=f reg=39 bits=3f200000,00000000,00000000,00000000
constant kind=vs type=f reg=40 bits=3e4ccccd,3dcccccd,3d4ccccd,00000000
constant kind=vs type=f reg=41 bits=3f800000,00000000,00000000,00000000
constant kind=vs type=f reg=252 bits=42c80000,42ca0000,42cc0000,42ce0000
constant kind=vs type=f reg=253 bits=42d00000,42d20000,42d40000,42d60000
constant kind=vs type=f reg=254 bits=42d80000,42da0000,42dc0000,42de0000
constant kind=vs type=f reg=255 bits=42e00000,42e20000,42e40000,42e60000
constants kind=vs type=i count=16 result=00000000 encoding=full
constant kind=vs type=i reg=0 values=1,0,1,0
constant kind=vs type=i reg=1 values=0,0,0,0
constant kind=vs type=i reg=2 values=0,0,0,0
constant kind=vs type=i reg=3 values=0,0,0,0
constant kind=vs type=i reg=4 values=0,0,0,0
constant kind=vs type=i reg=5 values=0,0,0,0
constant kind=vs type=i reg=6 values=0,0,0,0
constant kind=vs type=i reg=7 values=0,0,0,0
constant kind=vs type=i reg=8 values=0,0,0,0
constant kind=vs type=i reg=9 values=0,0,0,0
constant kind=vs type=i reg=10 values=0,0,0,0
constant kind=vs type=i reg=11 values=0,0,0,0
constant kind=vs type=i reg=12 values=0,0,0,0
constant kind=vs type=i reg=13 values=0,0,0,0
constant kind=vs type=i reg=14 values=0,0,0,0
constant kind=vs type=i reg=15 values=0,0,0,0
constants kind=vs type=b count=16 result=00000000 encoding=full
constant kind=vs type=b reg=0 values=0
constant kind=vs type=b reg=1 values=0
constant kind=vs type=b reg=2 values=0
constant kind=vs type=b reg=3 values=0
constant kind=vs type=b reg=4 values=0
constant kind=vs type=b reg=5 values=0
constant kind=vs type=b reg=6 values=0
constant kind=vs type=b reg=7 values=0
constant kind=vs type=b reg=8 values=0
constant kind=vs type=b reg=9 values=0
constant kind=vs type=b reg=10 values=0
constant kind=vs type=b reg=11 values=0
constant kind=vs type=b reg=12 values=0
constant kind=vs type=b reg=13 values=0
constant kind=vs type=b reg=14 values=0
constant kind=vs type=b reg=15 values=0
constants kind=ps type=f count=224 result=00000000 encoding=sparse_zero
constant kind=ps type=f reg=0 bits=3f800000,00000000,00000000,00000000
constant kind=ps type=f reg=1 bits=00000000,3f800000,00000000,00000000
constant kind=ps type=f reg=2 bits=00000000,00000000,3f800000,00000000
constant kind=ps type=f reg=3 bits=3e800000,00000000,00000000,00000000
constant kind=ps type=f reg=4 bits=00000000,00000000,3f800000,00000000
constant kind=ps type=f reg=5 bits=3e99999a,3e4ccccd,3dcccccd,00000000
constant kind=ps type=f reg=6 bits=3f000000,00000000,3f000000,00000000
constant kind=ps type=f reg=7 bits=3dcccccd,3e19999a,3e4ccccd,00000000
constant kind=ps type=f reg=216 bits=43480000,43490000,434a0000,434b0000
constant kind=ps type=f reg=217 bits=434c0000,434d0000,434e0000,434f0000
constants kind=ps type=i count=16 result=00000000 encoding=full
constant kind=ps type=i reg=0 values=0,0,0,0
constant kind=ps type=i reg=1 values=0,0,0,0
constant kind=ps type=i reg=2 values=0,0,0,0
constant kind=ps type=i reg=3 values=0,0,0,0
constant kind=ps type=i reg=4 values=0,0,0,0
constant kind=ps type=i reg=5 values=0,0,0,0
constant kind=ps type=i reg=6 values=0,0,0,0
constant kind=ps type=i reg=7 values=0,0,0,0
constant kind=ps type=i reg=8 values=0,0,0,0
constant kind=ps type=i reg=9 values=0,0,0,0
constant kind=ps type=i reg=10 values=0,0,0,0
constant kind=ps type=i reg=11 values=0,0,0,0
constant kind=ps type=i reg=12 values=0,0,0,0
constant kind=ps type=i reg=13 values=0,0,0,0
constant kind=ps type=i reg=14 values=0,0,0,0
constant kind=ps type=i reg=15 values=0,0,0,0
constants kind=ps type=b count=16 result=00000000 encoding=full
constant kind=ps type=b reg=0 values=0
constant kind=ps type=b reg=1 values=0
constant kind=ps type=b reg=2 values=0
constant kind=ps type=b reg=3 values=0
constant kind=ps type=b reg=4 values=0
constant kind=ps type=b reg=5 values=0
constant kind=ps type=b reg=6 values=0
constant kind=ps type=b reg=7 values=0
constant kind=ps type=b reg=8 values=0
constant kind=ps type=b reg=9 values=0
constant kind=ps type=b reg=10 values=0
constant kind=ps type=b reg=11 values=0
constant kind=ps type=b reg=12 values=0
constant kind=ps type=b reg=13 values=0
constant kind=ps type=b reg=14 values=0
constant kind=ps type=b reg=15 values=0
draw_args start_vertex=0
motion_input device=1 frame=6 index=1 blockers=00000252 proofs=20 position_path=1 vs=53a0a641107ed76c ps=98731d5594e36226 declaration=0cdf6a8c884ad955 rows_hash=1b0c97ae01a7ec05 color=1 depth=2 width=64 height=64 cull=2 vb=3 vb_revision=0 ib=0 ib_revision=0 position_offset=0 position_type=16 lifetime_verified=0 vertex_finite_verified=0
motion_geometry device=1 frame=6 index=1 source_qualified=1 source_hash=53a0a641107ed76c source_words=526 finite_requested=0 finite_state=0 finite_reason=4 finite_status=00000001 finite_generation=0 finite_revision=0 index_required=0 index_requested=0 index_known=0 index_range_verified=0 index_exact=0 index_min=0 index_max=0 index_reason=1 index_status=00000001 index_generation=0 index_revision=0
draw_result device=1 frame=6 index=1 result=00000000
capture_event device=1 frame=6 seq=3 after_draw=1 op=clear result=00000000 qpc=9701452032683
clear flags=2 color=00000000 z=1 stencil=0 rect_count=0 rect_ptr=00000000
surface role=clear_rt0 ptr=00118c60 identity=1 width=64 height=64 format=21 usage=1 msaa=0 container=0 container_type=0 container_result=80004002
surface role=clear_depth ptr=00118ca0 identity=2 width=64 height=64 format=77 usage=2 msaa=0 container=0 container_type=0 container_result=80004002
clear_viewport result=00000000 x=0 y=0 w=64 h=64 minz=0 maxz=1
capture_event device=1 frame=6 seq=4 after_draw=1 op=draw_begin result=00000000 qpc=9701452033497
draw device=1 frame=6 index=2 kind=primitive topology=4 primitives=1 vs=53a0a641107ed76c ps=8759c7838bbc86c2
geometry source=buffers
stream slot=0 result=00000000 identity=3 offset=0 stride=24 frequency=1 frequency_result=00000000
vertex_buffer identity=3 bytes=72 usage=0 pool=1 fvf=0
buffer_content kind=vertex identity=3 result=80070057 status=00000001 requested=0 known=0 ambiguous=0 revision=0 pending=0 flags=00000000
stream slot=1 result=00000000 identity=0
stream slot=2 result=00000000 identity=0
stream slot=3 result=00000000 identity=0
stream slot=4 result=00000000 identity=0
stream slot=5 result=00000000 identity=0
stream slot=6 result=00000000 identity=0
stream slot=7 result=00000000 identity=0
stream slot=8 result=00000000 identity=0
stream slot=9 result=00000000 identity=0
stream slot=10 result=00000000 identity=0
stream slot=11 result=00000000 identity=0
stream slot=12 result=00000000 identity=0
stream slot=13 result=00000000 identity=0
stream slot=14 result=00000000 identity=0
stream slot=15 result=00000000 identity=0
indices result=00000000 identity=0
surface role=rt0 ptr=00118c60 identity=1 width=64 height=64 format=21 usage=1 msaa=0 container=0 container_type=0 container_result=80004002
surface role=depth ptr=00118ca0 identity=2 width=64 height=64 format=77 usage=2 msaa=0 container=0 container_type=0 container_result=80004002
state id=7 value=1
state id=14 value=1
state id=23 value=4
state id=15 value=0
state id=24 value=0
state id=25 value=8
state id=27 value=0
state id=19 value=2
state id=20 value=1
state id=171 value=1
state id=22 value=1
state id=168 value=15
state id=194 value=0
state id=206 value=0
state id=52 value=0
state id=56 value=8
state id=57 value=0
state id=58 value=4294967295
state id=59 value=4294967295
state id=53 value=1
state id=54 value=1
state id=55 value=1
state id=185 value=0
state id=189 value=8
state id=186 value=1
state id=187 value=1
state id=188 value=1
viewport x=0 y=0 w=64 h=64 minz=0 maxz=1
texture stage=0 ptr=0214d8d0 type=3 identity=9 levels=1
texture_desc stage=0 w=2 h=2 format=21
sampler stage=0 state=6 value=1
sampler stage=0 state=5 value=1
sampler stage=0 state=7 value=0
sampler stage=0 state=10 value=1
sampler stage=0 state=11 value=0
sampler stage=0 state=8 value=0 bias=0
sampler stage=0 state=9 value=0
texture stage=1 ptr=0214d950 type=3 identity=10 levels=1
texture_desc stage=1 w=2 h=2 format=21
sampler stage=1 state=6 value=1
sampler stage=1 state=5 value=1
sampler stage=1 state=7 value=0
sampler stage=1 state=10 value=1
sampler stage=1 state=11 value=0
sampler stage=1 state=8 value=0 bias=0
sampler stage=1 state=9 value=0
texture stage=2 ptr=0214d9d0 type=3 identity=11 levels=1
texture_desc stage=2 w=2 h=2 format=21
sampler stage=2 state=6 value=1
sampler stage=2 state=5 value=1
sampler stage=2 state=7 value=0
sampler stage=2 state=10 value=1
sampler stage=2 state=11 value=0
sampler stage=2 state=8 value=0 bias=0
sampler stage=2 state=9 value=0
texture stage=3 ptr=0214dd50 type=5 identity=12 levels=1
sampler stage=3 state=6 value=1
sampler stage=3 state=5 value=1
sampler stage=3 state=7 value=0
sampler stage=3 state=10 value=1
sampler stage=3 state=11 value=0
sampler stage=3 state=8 value=0 bias=0
sampler stage=3 state=9 value=0
sampler stage=4 state=6 value=1
sampler stage=4 state=5 value=1
sampler stage=4 state=7 value=0
sampler stage=4 state=10 value=1
sampler stage=4 state=11 value=0
sampler stage=4 state=8 value=0 bias=0
sampler stage=4 state=9 value=0
sampler stage=5 state=6 value=1
sampler stage=5 state=5 value=1
sampler stage=5 state=7 value=0
sampler stage=5 state=10 value=1
sampler stage=5 state=11 value=0
sampler stage=5 state=8 value=0 bias=0
sampler stage=5 state=9 value=0
sampler stage=6 state=6 value=1
sampler stage=6 state=5 value=1
sampler stage=6 state=7 value=0
sampler stage=6 state=10 value=1
sampler stage=6 state=11 value=0
sampler stage=6 state=8 value=0 bias=0
sampler stage=6 state=9 value=0
sampler stage=7 state=6 value=1
sampler stage=7 state=5 value=1
sampler stage=7 state=7 value=0
sampler stage=7 state=10 value=1
sampler stage=7 state=11 value=0
sampler stage=7 state=8 value=0 bias=0
sampler stage=7 state=9 value=0
sampler stage=8 state=6 value=1
sampler stage=8 state=5 value=1
sampler stage=8 state=7 value=0
sampler stage=8 state=10 value=1
sampler stage=8 state=11 value=0
sampler stage=8 state=8 value=0 bias=0
sampler stage=8 state=9 value=0
sampler stage=9 state=6 value=1
sampler stage=9 state=5 value=1
sampler stage=9 state=7 value=0
sampler stage=9 state=10 value=1
sampler stage=9 state=11 value=0
sampler stage=9 state=8 value=0 bias=0
sampler stage=9 state=9 value=0
sampler stage=10 state=6 value=1
sampler stage=10 state=5 value=1
sampler stage=10 state=7 value=0
sampler stage=10 state=10 value=1
sampler stage=10 state=11 value=0
sampler stage=10 state=8 value=0 bias=0
sampler stage=10 state=9 value=0
sampler stage=11 state=6 value=1
sampler stage=11 state=5 value=1
sampler stage=11 state=7 value=0
sampler stage=11 state=10 value=1
sampler stage=11 state=11 value=0
sampler stage=11 state=8 value=0 bias=0
sampler stage=11 state=9 value=0
sampler stage=12 state=6 value=1
sampler stage=12 state=5 value=1
sampler stage=12 state=7 value=0
sampler stage=12 state=10 value=1
sampler stage=12 state=11 value=0
sampler stage=12 state=8 value=0 bias=0
sampler stage=12 state=9 value=0
sampler stage=13 state=6 value=1
sampler stage=13 state=5 value=1
sampler stage=13 state=7 value=0
sampler stage=13 state=10 value=1
sampler stage=13 state=11 value=0
sampler stage=13 state=8 value=0 bias=0
sampler stage=13 state=9 value=0
sampler stage=14 state=6 value=1
sampler stage=14 state=5 value=1
sampler stage=14 state=7 value=0
sampler stage=14 state=10 value=1
sampler stage=14 state=11 value=0
sampler stage=14 state=8 value=0 bias=0
sampler stage=14 state=9 value=0
sampler stage=15 state=6 value=1
sampler stage=15 state=5 value=1
sampler stage=15 state=7 value=0
sampler stage=15 state=10 value=1
sampler stage=15 state=11 value=0
sampler stage=15 state=8 value=0 bias=0
sampler stage=15 state=9 value=0
vertex_element stream=0 offset=0 type=16 method=0 usage=0 index=0
vertex_element stream=0 offset=8 type=16 method=0 usage=5 index=0
vertex_element stream=0 offset=16 type=16 method=0 usage=3 index=0
vertex_element stream=255 offset=0 type=17 method=0 usage=0 index=0
transform state=256 row=0 values=1,0,0,0
transform state=256 row=1 values=0,1,0,0
transform state=256 row=2 values=0,0,1,0
transform state=256 row=3 values=0,0,0,1
transform state=2 row=0 values=1,0,0,0
transform state=2 row=1 values=0,1,0,0
transform state=2 row=2 values=0,0,1,0
transform state=2 row=3 values=0,0,0,1
transform state=3 row=0 values=1,0,0,0
transform state=3 row=1 values=0,1,0,0
transform state=3 row=2 values=0,0,1,0
transform state=3 row=3 values=0,0,0,1
constants kind=vs type=f count=256 result=00000000 encoding=sparse_zero
constant kind=vs type=f reg=0 bits=bf800000,3f800000,40400000,00000000
constant kind=vs type=f reg=1 bits=3d23d70a,3ccccccd,3c75c28f,00000000
constant kind=vs type=f reg=2 bits=3f800000,3d4ccccd,00000000,00000000
constant kind=vs type=f reg=3 bits=00000000,3f800000,40400000,00000000
constant kind=vs type=f reg=4 bits=3d23d70a,3ccccccd,3c75c28f,00000000
constant kind=vs type=f reg=5 bits=3f800000,3d4ccccd,00000000,00000000
constant kind=vs type=f reg=6 bits=3f800000,3f800000,40400000,00000000
constant kind=vs type=f reg=7 bits=3d23d70a,3ccccccd,3c75c28f,00000000
constant kind=vs type=f reg=8 bits=3f800000,3d4ccccd,00000000,00000000
constant kind=vs type=f reg=9 bits=bf800000,3f800000,40400000,00000000
constant kind=vs type=f reg=10 bits=3d23d70a,3ccccccd,3c75c28f,00000000
constant kind=vs type=f reg=11 bits=3f800000,3d4ccccd,00000000,00000000
constant kind=vs type=f reg=12 bits=00000000,3f800000,40400000,00000000
constant kind=vs type=f reg=13 bits=3d23d70a,3ccccccd,3c75c28f,00000000
constant kind=vs type=f reg=14 bits=3f800000,3d4ccccd,00000000,00000000
constant kind=vs type=f reg=15 bits=3f800000,3f800000,40400000,00000000
constant kind=vs type=f reg=16 bits=3d23d70a,3ccccccd,3c75c28f,00000000
constant kind=vs type=f reg=17 bits=3f800000,3d4ccccd,00000000,00000000
constant kind=vs type=f reg=18 bits=bf800000,3f800000,40400000,00000000
constant kind=vs type=f reg=19 bits=3d23d70a,3ccccccd,3c75c28f,00000000
constant kind=vs type=f reg=20 bits=3f800000,3d4ccccd,00000000,00000000
constant kind=vs type=f reg=21 bits=00000000,3f800000,40400000,00000000
constant kind=vs type=f reg=22 bits=3d23d70a,3ccccccd,3c75c28f,00000000
constant kind=vs type=f reg=23 bits=3f800000,3d4ccccd,00000000,00000000
constant kind=vs type=f reg=24 bits=3f800000,00000000,00000000,3f4ccccd
constant kind=vs type=f reg=25 bits=00000000,3f800000,00000000,00000000
constant kind=vs type=f reg=26 bits=00000000,00000000,3f800000,00000000
constant kind=vs type=f reg=27 bits=3e000000,00000000,00000000,3f800000
constant kind=vs type=f reg=28 bits=3f800000,00000000,00000000,00000000
constant kind=vs type=f reg=29 bits=00000000,3f800000,00000000,00000000
constant kind=vs type=f reg=30 bits=00000000,00000000,3f800000,00000000
constant kind=vs type=f reg=31 bits=3f800000,00000000,00000000,00000000
constant kind=vs type=f reg=32 bits=00000000,3f800000,00000000,00000000
constant kind=vs type=f reg=33 bits=00000000,00000000,3f800000,00000000
constant kind=vs type=f reg=34 bits=3f800000,00000000,00000000,00000000
constant kind=vs type=f reg=35 bits=00000000,3f800000,00000000,00000000
constant kind=vs type=f reg=36 bits=00000000,00000000,3f800000,40800000
constant kind=vs type=f reg=37 bits=3f800000,00000000,00000000,00000000
constant kind=vs type=f reg=38 bits=00000000,3f800000,00000000,00000000
constant kind=vs type=f reg=39 bits=3f200000,00000000,00000000,00000000
constant kind=vs type=f reg=40 bits=3e4ccccd,3dcccccd,3d4ccccd,00000000
constant kind=vs type=f reg=41 bits=3f800000,00000000,00000000,00000000
constant kind=vs type=f reg=252 bits=42c80000,42ca0000,42cc0000,42ce0000
constant kind=vs type=f reg=253 bits=42d00000,42d20000,42d40000,42d60000
constant kind=vs type=f reg=254 bits=42d80000,42da0000,42dc0000,42de0000
constant kind=vs type=f reg=255 bits=42e00000,42e20000,42e40000,42e60000
constants kind=vs type=i count=16 result=00000000 encoding=full
constant kind=vs type=i reg=0 values=1,0,1,0
constant kind=vs type=i reg=1 values=0,0,0,0
constant kind=vs type=i reg=2 values=0,0,0,0
constant kind=vs type=i reg=3 values=0,0,0,0
constant kind=vs type=i reg=4 values=0,0,0,0
constant kind=vs type=i reg=5 values=0,0,0,0
constant kind=vs type=i reg=6 values=0,0,0,0
constant kind=vs type=i reg=7 values=0,0,0,0
constant kind=vs type=i reg=8 values=0,0,0,0
constant kind=vs type=i reg=9 values=0,0,0,0
constant kind=vs type=i reg=10 values=0,0,0,0
constant kind=vs type=i reg=11 values=0,0,0,0
constant kind=vs type=i reg=12 values=0,0,0,0
constant kind=vs type=i reg=13 values=0,0,0,0
constant kind=vs type=i reg=14 values=0,0,0,0
constant kind=vs type=i reg=15 values=0,0,0,0
constants kind=vs type=b count=16 result=00000000 encoding=full
constant kind=vs type=b reg=0 values=0
constant kind=vs type=b reg=1 values=0
constant kind=vs type=b reg=2 values=0
constant kind=vs type=b reg=3 values=0
constant kind=vs type=b reg=4 values=0
constant kind=vs type=b reg=5 values=0
constant kind=vs type=b reg=6 values=0
constant kind=vs type=b reg=7 values=0
constant kind=vs type=b reg=8 values=0
constant kind=vs type=b reg=9 values=0
constant kind=vs type=b reg=10 values=0
constant kind=vs type=b reg=11 values=0
constant kind=vs type=b reg=12 values=0
constant kind=vs type=b reg=13 values=0
constant kind=vs type=b reg=14 values=0
constant kind=vs type=b reg=15 values=0
constants kind=ps type=f count=224 result=00000000 encoding=sparse_zero
constant kind=ps type=f reg=0 bits=3f800000,00000000,00000000,00000000
constant kind=ps type=f reg=1 bits=00000000,3f800000,00000000,00000000
constant kind=ps type=f reg=2 bits=00000000,00000000,3f800000,00000000
constant kind=ps type=f reg=3 bits=3e800000,00000000,00000000,00000000
constant kind=ps type=f reg=4 bits=00000000,00000000,3f800000,00000000
constant kind=ps type=f reg=5 bits=3e99999a,3e4ccccd,3dcccccd,00000000
constant kind=ps type=f reg=6 bits=3f000000,00000000,3f000000,00000000
constant kind=ps type=f reg=7 bits=3dcccccd,3e19999a,3e4ccccd,00000000
constant kind=ps type=f reg=216 bits=43480000,43490000,434a0000,434b0000
constant kind=ps type=f reg=217 bits=434c0000,434d0000,434e0000,434f0000
constants kind=ps type=i count=16 result=00000000 encoding=full
constant kind=ps type=i reg=0 values=0,0,0,0
constant kind=ps type=i reg=1 values=0,0,0,0
constant kind=ps type=i reg=2 values=0,0,0,0
constant kind=ps type=i reg=3 values=0,0,0,0
constant kind=ps type=i reg=4 values=0,0,0,0
constant kind=ps type=i reg=5 values=0,0,0,0
constant kind=ps type=i reg=6 values=0,0,0,0
constant kind=ps type=i reg=7 values=0,0,0,0
constant kind=ps type=i reg=8 values=0,0,0,0
constant kind=ps type=i reg=9 values=0,0,0,0
constant kind=ps type=i reg=10 values=0,0,0,0
constant kind=ps type=i reg=11 values=0,0,0,0
constant kind=ps type=i reg=12 values=0,0,0,0
constant kind=ps type=i reg=13 values=0,0,0,0
constant kind=ps type=i reg=14 values=0,0,0,0
constant kind=ps type=i reg=15 values=0,0,0,0
constants kind=ps type=b count=16 result=00000000 encoding=full
constant kind=ps type=b reg=0 values=0
constant kind=ps type=b reg=1 values=0
constant kind=ps type=b reg=2 values=0
constant kind=ps type=b reg=3 values=0
constant kind=ps type=b reg=4 values=0
constant kind=ps type=b reg=5 values=0
constant kind=ps type=b reg=6 values=0
constant kind=ps type=b reg=7 values=0
constant kind=ps type=b reg=8 values=0
constant kind=ps type=b reg=9 values=0
constant kind=ps type=b reg=10 values=0
constant kind=ps type=b reg=11 values=0
constant kind=ps type=b reg=12 values=0
constant kind=ps type=b reg=13 values=0
constant kind=ps type=b reg=14 values=0
constant kind=ps type=b reg=15 values=0
draw_args start_vertex=0
motion_route device=1 frame=6 index=2 gate=5 routed=1 matched=0 depth=1 jittered=1 vs=53a0a641107ed76c ps=8759c7838bbc86c2 node=00000000 camera=00000000 node_handle=0 camera_handle=0 node_serial=0 camera_serial=0 load_epoch=0 registry_epoch=0 model=00000000 lod=00000000 vb=3 ib=0 declaration=0cdf6a8c884ad955 offset=0 stride=24 position_offset=0 position_type=16 topology=4 first=0 primitives=1 base_vertex=0 min_vertex=0 vertex_count=0 indexed=0 pass=1 rows_hash=6e1905db0b783f53 result=00000000
motion_input device=1 frame=6 index=2 blockers=00000210 proofs=28 position_path=1 vs=53a0a641107ed76c ps=8759c7838bbc86c2 declaration=0cdf6a8c884ad955 rows_hash=6e1905db0b783f53 color=1 depth=2 width=64 height=64 cull=1 vb=3 vb_revision=0 ib=0 ib_revision=0 position_offset=0 position_type=16 lifetime_verified=0 vertex_finite_verified=0
motion_geometry device=1 frame=6 index=2 source_qualified=1 source_hash=53a0a641107ed76c source_words=526 finite_requested=0 finite_state=0 finite_reason=4 finite_status=00000001 finite_generation=0 finite_revision=0 index_required=0 index_requested=0 index_known=0 index_range_verified=0 index_exact=0 index_min=0 index_max=0 index_reason=1 index_status=00000001 index_generation=0 index_revision=0
draw_result device=1 frame=6 index=2 result=00000000
capture_event device=1 frame=6 seq=5 after_draw=2 op=draw_begin result=00000000 qpc=9701452044540
draw device=1 frame=6 index=3 kind=primitive topology=4 primitives=1 vs=53a0a641107ed76c ps=8759c7838bbc86c2
geometry source=buffers
stream slot=0 result=00000000 identity=6 offset=0 stride=24 frequency=1 frequency_result=00000000
vertex_buffer identity=6 bytes=72 usage=0 pool=1 fvf=0
buffer_content kind=vertex identity=6 result=80070057 status=00000001 requested=0 known=0 ambiguous=0 revision=0 pending=0 flags=00000000
stream slot=1 result=00000000 identity=0
stream slot=2 result=00000000 identity=0
stream slot=3 result=00000000 identity=0
stream slot=4 result=00000000 identity=0
stream slot=5 result=00000000 identity=0
stream slot=6 result=00000000 identity=0
stream slot=7 result=00000000 identity=0
stream slot=8 result=00000000 identity=0
stream slot=9 result=00000000 identity=0
stream slot=10 result=00000000 identity=0
stream slot=11 result=00000000 identity=0
stream slot=12 result=00000000 identity=0
stream slot=13 result=00000000 identity=0
stream slot=14 result=00000000 identity=0
stream slot=15 result=00000000 identity=0
indices result=00000000 identity=0
surface role=rt0 ptr=00118c60 identity=1 width=64 height=64 format=21 usage=1 msaa=0 container=0 container_type=0 container_result=80004002
surface role=depth ptr=00118ca0 identity=2 width=64 height=64 format=77 usage=2 msaa=0 container=0 container_type=0 container_result=80004002
state id=7 value=1
state id=14 value=1
state id=23 value=4
state id=15 value=0
state id=24 value=0
state id=25 value=8
state id=27 value=0
state id=19 value=2
state id=20 value=1
state id=171 value=1
state id=22 value=1
state id=168 value=15
state id=194 value=0
state id=206 value=0
state id=52 value=0
state id=56 value=8
state id=57 value=0
state id=58 value=4294967295
state id=59 value=4294967295
state id=53 value=1
state id=54 value=1
state id=55 value=1
state id=185 value=0
state id=189 value=8
state id=186 value=1
state id=187 value=1
state id=188 value=1
viewport x=0 y=0 w=64 h=64 minz=0 maxz=1
texture stage=0 ptr=0214d8d0 type=3 identity=9 levels=1
texture_desc stage=0 w=2 h=2 format=21
sampler stage=0 state=6 value=1
sampler stage=0 state=5 value=1
sampler stage=0 state=7 value=0
sampler stage=0 state=10 value=1
sampler stage=0 state=11 value=0
sampler stage=0 state=8 value=0 bias=0
sampler stage=0 state=9 value=0
texture stage=1 ptr=0214d950 type=3 identity=10 levels=1
texture_desc stage=1 w=2 h=2 format=21
sampler stage=1 state=6 value=1
sampler stage=1 state=5 value=1
sampler stage=1 state=7 value=0
sampler stage=1 state=10 value=1
sampler stage=1 state=11 value=0
sampler stage=1 state=8 value=0 bias=0
sampler stage=1 state=9 value=0
texture stage=2 ptr=0214d9d0 type=3 identity=11 levels=1
texture_desc stage=2 w=2 h=2 format=21
sampler stage=2 state=6 value=1
sampler stage=2 state=5 value=1
sampler stage=2 state=7 value=0
sampler stage=2 state=10 value=1
sampler stage=2 state=11 value=0
sampler stage=2 state=8 value=0 bias=0
sampler stage=2 state=9 value=0
texture stage=3 ptr=0214dd50 type=5 identity=12 levels=1
sampler stage=3 state=6 value=1
sampler stage=3 state=5 value=1
sampler stage=3 state=7 value=0
sampler stage=3 state=10 value=1
sampler stage=3 state=11 value=0
sampler stage=3 state=8 value=0 bias=0
sampler stage=3 state=9 value=0
sampler stage=4 state=6 value=1
sampler stage=4 state=5 value=1
sampler stage=4 state=7 value=0
sampler stage=4 state=10 value=1
sampler stage=4 state=11 value=0
sampler stage=4 state=8 value=0 bias=0
sampler stage=4 state=9 value=0
sampler stage=5 state=6 value=1
sampler stage=5 state=5 value=1
sampler stage=5 state=7 value=0
sampler stage=5 state=10 value=1
sampler stage=5 state=11 value=0
sampler stage=5 state=8 value=0 bias=0
sampler stage=5 state=9 value=0
sampler stage=6 state=6 value=1
sampler stage=6 state=5 value=1
sampler stage=6 state=7 value=0
sampler stage=6 state=10 value=1
sampler stage=6 state=11 value=0
sampler stage=6 state=8 value=0 bias=0
sampler stage=6 state=9 value=0
sampler stage=7 state=6 value=1
sampler stage=7 state=5 value=1
sampler stage=7 state=7 value=0
sampler stage=7 state=10 value=1
sampler stage=7 state=11 value=0
sampler stage=7 state=8 value=0 bias=0
sampler stage=7 state=9 value=0
sampler stage=8 state=6 value=1
sampler stage=8 state=5 value=1
sampler stage=8 state=7 value=0
sampler stage=8 state=10 value=1
sampler stage=8 state=11 value=0
sampler stage=8 state=8 value=0 bias=0
sampler stage=8 state=9 value=0
sampler stage=9 state=6 value=1
sampler stage=9 state=5 value=1
sampler stage=9 state=7 value=0
sampler stage=9 state=10 value=1
sampler stage=9 state=11 value=0
sampler stage=9 state=8 value=0 bias=0
sampler stage=9 state=9 value=0
sampler stage=10 state=6 value=1
sampler stage=10 state=5 value=1
sampler stage=10 state=7 value=0
sampler stage=10 state=10 value=1
sampler stage=10 state=11 value=0
sampler stage=10 state=8 value=0 bias=0
sampler stage=10 state=9 value=0
sampler stage=11 state=6 value=1
sampler stage=11 state=5 value=1
sampler stage=11 state=7 value=0
sampler stage=11 state=10 value=1
sampler stage=11 state=11 value=0
sampler stage=11 state=8 value=0 bias=0
sampler stage=11 state=9 value=0
sampler stage=12 state=6 value=1
sampler stage=12 state=5 value=1
sampler stage=12 state=7 value=0
sampler stage=12 state=10 value=1
sampler stage=12 state=11 value=0
sampler stage=12 state=8 value=0 bias=0
sampler stage=12 state=9 value=0
sampler stage=13 state=6 value=1
sampler stage=13 state=5 value=1
sampler stage=13 state=7 value=0
sampler stage=13 state=10 value=1
sampler stage=13 state=11 value=0
sampler stage=13 state=8 value=0 bias=0
sampler stage=13 state=9 value=0
sampler stage=14 state=6 value=1
sampler stage=14 state=5 value=1
sampler stage=14 state=7 value=0
sampler stage=14 state=10 value=1
sampler stage=14 state=11 value=0
sampler stage=14 state=8 value=0 bias=0
sampler stage=14 state=9 value=0
sampler stage=15 state=6 value=1
sampler stage=15 state=5 value=1
sampler stage=15 state=7 value=0
sampler stage=15 state=10 value=1
sampler stage=15 state=11 value=0
sampler stage=15 state=8 value=0 bias=0
sampler stage=15 state=9 value=0
vertex_element stream=0 offset=0 type=16 method=0 usage=0 index=0
vertex_element stream=0 offset=8 type=16 method=0 usage=5 index=0
vertex_element stream=0 offset=16 type=16 method=0 usage=3 index=0
vertex_element stream=255 offset=0 type=17 method=0 usage=0 index=0
transform state=256 row=0 values=1,0,0,0
transform state=256 row=1 values=0,1,0,0
transform state=256 row=2 values=0,0,1,0
transform state=256 row=3 values=0,0,0,1
transform state=2 row=0 values=1,0,0,0
transform state=2 row=1 values=0,1,0,0
transform state=2 row=2 values=0,0,1,0
transform state=2 row=3 values=0,0,0,1
transform state=3 row=0 values=1,0,0,0
transform state=3 row=1 values=0,1,0,0
transform state=3 row=2 values=0,0,1,0
transform state=3 row=3 values=0,0,0,1
constants kind=vs type=f count=256 result=00000000 encoding=sparse_zero
constant kind=vs type=f reg=0 bits=bf800000,3f800000,40400000,00000000
constant kind=vs type=f reg=1 bits=3d23d70a,3ccccccd,3c75c28f,00000000
constant kind=vs type=f reg=2 bits=3f800000,3d4ccccd,00000000,00000000
constant kind=vs type=f reg=3 bits=00000000,3f800000,40400000,00000000
constant kind=vs type=f reg=4 bits=3d23d70a,3ccccccd,3c75c28f,00000000
constant kind=vs type=f reg=5 bits=3f800000,3d4ccccd,00000000,00000000
constant kind=vs type=f reg=6 bits=3f800000,3f800000,40400000,00000000
constant kind=vs type=f reg=7 bits=3d23d70a,3ccccccd,3c75c28f,00000000
constant kind=vs type=f reg=8 bits=3f800000,3d4ccccd,00000000,00000000
constant kind=vs type=f reg=9 bits=bf800000,3f800000,40400000,00000000
constant kind=vs type=f reg=10 bits=3d23d70a,3ccccccd,3c75c28f,00000000
constant kind=vs type=f reg=11 bits=3f800000,3d4ccccd,00000000,00000000
constant kind=vs type=f reg=12 bits=00000000,3f800000,40400000,00000000
constant kind=vs type=f reg=13 bits=3d23d70a,3ccccccd,3c75c28f,00000000
constant kind=vs type=f reg=14 bits=3f800000,3d4ccccd,00000000,00000000
constant kind=vs type=f reg=15 bits=3f800000,3f800000,40400000,00000000
constant kind=vs type=f reg=16 bits=3d23d70a,3ccccccd,3c75c28f,00000000
constant kind=vs type=f reg=17 bits=3f800000,3d4ccccd,00000000,00000000
constant kind=vs type=f reg=18 bits=bf800000,3f800000,40400000,00000000
constant kind=vs type=f reg=19 bits=3d23d70a,3ccccccd,3c75c28f,00000000
constant kind=vs type=f reg=20 bits=3f800000,3d4ccccd,00000000,00000000
constant kind=vs type=f reg=21 bits=00000000,3f800000,40400000,00000000
constant kind=vs type=f reg=22 bits=3d23d70a,3ccccccd,3c75c28f,00000000
constant kind=vs type=f reg=23 bits=3f800000,3d4ccccd,00000000,00000000
constant kind=vs type=f reg=24 bits=3f800000,00000000,00000000,bd4ccccd
constant kind=vs type=f reg=25 bits=00000000,3f800000,00000000,00000000
constant kind=vs type=f reg=26 bits=00000000,00000000,3f800000,3dcccccd
constant kind=vs type=f reg=27 bits=00000000,00000000,00000000,3f800000
constant kind=vs type=f reg=28 bits=3f800000,00000000,00000000,00000000
constant kind=vs type=f reg=29 bits=00000000,3f800000,00000000,00000000
constant kind=vs type=f reg=30 bits=00000000,00000000,3f800000,00000000
constant kind=vs type=f reg=31 bits=3f800000,00000000,00000000,00000000
constant kind=vs type=f reg=32 bits=00000000,3f800000,00000000,00000000
constant kind=vs type=f reg=33 bits=00000000,00000000,3f800000,00000000
constant kind=vs type=f reg=34 bits=3f800000,00000000,00000000,00000000
constant kind=vs type=f reg=35 bits=00000000,3f800000,00000000,00000000
constant kind=vs type=f reg=36 bits=00000000,00000000,3f800000,40800000
constant kind=vs type=f reg=37 bits=3f800000,00000000,00000000,00000000
constant kind=vs type=f reg=38 bits=00000000,3f800000,00000000,00000000
constant kind=vs type=f reg=39 bits=3f200000,00000000,00000000,00000000
constant kind=vs type=f reg=40 bits=3e4ccccd,3dcccccd,3d4ccccd,00000000
constant kind=vs type=f reg=41 bits=3f800000,00000000,00000000,00000000
constant kind=vs type=f reg=252 bits=42c80000,42ca0000,42cc0000,42ce0000
constant kind=vs type=f reg=253 bits=42d00000,42d20000,42d40000,42d60000
constant kind=vs type=f reg=254 bits=42d80000,42da0000,42dc0000,42de0000
constant kind=vs type=f reg=255 bits=42e00000,42e20000,42e40000,42e60000
constants kind=vs type=i count=16 result=00000000 encoding=full
constant kind=vs type=i reg=0 values=1,0,1,0
constant kind=vs type=i reg=1 values=0,0,0,0
constant kind=vs type=i reg=2 values=0,0,0,0
constant kind=vs type=i reg=3 values=0,0,0,0
constant kind=vs type=i reg=4 values=0,0,0,0
constant kind=vs type=i reg=5 values=0,0,0,0
constant kind=vs type=i reg=6 values=0,0,0,0
constant kind=vs type=i reg=7 values=0,0,0,0
constant kind=vs type=i reg=8 values=0,0,0,0
constant kind=vs type=i reg=9 values=0,0,0,0
constant kind=vs type=i reg=10 values=0,0,0,0
constant kind=vs type=i reg=11 values=0,0,0,0
constant kind=vs type=i reg=12 values=0,0,0,0
constant kind=vs type=i reg=13 values=0,0,0,0
constant kind=vs type=i reg=14 values=0,0,0,0
constant kind=vs type=i reg=15 values=0,0,0,0
constants kind=vs type=b count=16 result=00000000 encoding=full
constant kind=vs type=b reg=0 values=0
constant kind=vs type=b reg=1 values=0
constant kind=vs type=b reg=2 values=0
constant kind=vs type=b reg=3 values=0
constant kind=vs type=b reg=4 values=0
constant kind=vs type=b reg=5 values=0
constant kind=vs type=b reg=6 values=0
constant kind=vs type=b reg=7 values=0
constant kind=vs type=b reg=8 values=0
constant kind=vs type=b reg=9 values=0
constant kind=vs type=b reg=10 values=0
constant kind=vs type=b reg=11 values=0
constant kind=vs type=b reg=12 values=0
constant kind=vs type=b reg=13 values=0
constant kind=vs type=b reg=14 values=0
constant kind=vs type=b reg=15 values=0
constants kind=ps type=f count=224 result=00000000 encoding=sparse_zero
constant kind=ps type=f reg=0 bits=3f800000,00000000,00000000,00000000
constant kind=ps type=f reg=1 bits=00000000,3f800000,00000000,00000000
constant kind=ps type=f reg=2 bits=00000000,00000000,3f800000,00000000
constant kind=ps type=f reg=3 bits=3e800000,00000000,00000000,00000000
constant kind=ps type=f reg=4 bits=00000000,00000000,3f800000,00000000
constant kind=ps type=f reg=5 bits=3e99999a,3e4ccccd,3dcccccd,00000000
constant kind=ps type=f reg=6 bits=3f000000,00000000,3f000000,00000000
constant kind=ps type=f reg=7 bits=3dcccccd,3e19999a,3e4ccccd,00000000
constant kind=ps type=f reg=216 bits=43480000,43490000,434a0000,434b0000
constant kind=ps type=f reg=217 bits=434c0000,434d0000,434e0000,434f0000
constants kind=ps type=i count=16 result=00000000 encoding=full
constant kind=ps type=i reg=0 values=0,0,0,0
constant kind=ps type=i reg=1 values=0,0,0,0
constant kind=ps type=i reg=2 values=0,0,0,0
constant kind=ps type=i reg=3 values=0,0,0,0
constant kind=ps type=i reg=4 values=0,0,0,0
constant kind=ps type=i reg=5 values=0,0,0,0
constant kind=ps type=i reg=6 values=0,0,0,0
constant kind=ps type=i reg=7 values=0,0,0,0
constant kind=ps type=i reg=8 values=0,0,0,0
constant kind=ps type=i reg=9 values=0,0,0,0
constant kind=ps type=i reg=10 values=0,0,0,0
constant kind=ps type=i reg=11 values=0,0,0,0
constant kind=ps type=i reg=12 values=0,0,0,0
constant kind=ps type=i reg=13 values=0,0,0,0
constant kind=ps type=i reg=14 values=0,0,0,0
constant kind=ps type=i reg=15 values=0,0,0,0
constants kind=ps type=b count=16 result=00000000 encoding=full
constant kind=ps type=b reg=0 values=0
constant kind=ps type=b reg=1 values=0
constant kind=ps type=b reg=2 values=0
constant kind=ps type=b reg=3 values=0
constant kind=ps type=b reg=4 values=0
constant kind=ps type=b reg=5 values=0
constant kind=ps type=b reg=6 values=0
constant kind=ps type=b reg=7 values=0
constant kind=ps type=b reg=8 values=0
constant kind=ps type=b reg=9 values=0
constant kind=ps type=b reg=10 values=0
constant kind=ps type=b reg=11 values=0
constant kind=ps type=b reg=12 values=0
constant kind=ps type=b reg=13 values=0
constant kind=ps type=b reg=14 values=0
constant kind=ps type=b reg=15 values=0
draw_args start_vertex=0
motion_route device=1 frame=6 index=3 gate=5 routed=1 matched=0 depth=1 jittered=1 vs=53a0a641107ed76c ps=8759c7838bbc86c2 node=00000000 camera=00000000 node_handle=0 camera_handle=0 node_serial=0 camera_serial=0 load_epoch=0 registry_epoch=0 model=00000000 lod=00000000 vb=6 ib=0 declaration=0cdf6a8c884ad955 offset=0 stride=24 position_offset=0 position_type=16 topology=4 first=0 primitives=1 base_vertex=0 min_vertex=0 vertex_count=0 indexed=0 pass=1 rows_hash=8804f37c47da2009 result=00000000
motion_input device=1 frame=6 index=3 blockers=00000210 proofs=28 position_path=1 vs=53a0a641107ed76c ps=8759c7838bbc86c2 declaration=0cdf6a8c884ad955 rows_hash=8804f37c47da2009 color=1 depth=2 width=64 height=64 cull=1 vb=6 vb_revision=0 ib=0 ib_revision=0 position_offset=0 position_type=16 lifetime_verified=0 vertex_finite_verified=0
motion_geometry device=1 frame=6 index=3 source_qualified=1 source_hash=53a0a641107ed76c source_words=526 finite_requested=0 finite_state=0 finite_reason=4 finite_status=00000001 finite_generation=0 finite_revision=0 index_required=0 index_requested=0 index_known=0 index_range_verified=0 index_exact=0 index_min=0 index_max=0 index_reason=1 index_status=00000001 index_generation=0 index_revision=0
draw_result device=1 frame=6 index=3 result=00000000
telemetry_summary device=0 frame=0 reason=interval qpc=9701452053722 since_start_us=1000787.500 interval_us=1000787.500 position_suppressed=0 cursor_changes_suppressed=0
telemetry_metric device=0 name=lock_wait count=608 failures=0 total_us=112.300 min_us=0.000 max_us=2.200 bytes=0 buckets=608,0,0,0,0,0
telemetry_metric device=0 name=create_device count=1 failures=0 total_us=7248.100 min_us=7248.100 max_us=7248.100 bytes=0 buckets=0,0,0,1,0,0
telemetry_metric device=0 name=shader_inspect count=49 failures=0 total_us=3578.600 min_us=1.400 max_us=957.000 bytes=0 buckets=29,13,7,0,0,0
telemetry_metric device=0 name=shader_getfunction count=49 failures=0 total_us=61.600 min_us=0.300 max_us=19.400 bytes=0 buckets=47,2,0,0,0,0
telemetry_metric device=0 name=shader_hash count=49 failures=0 total_us=225.200 min_us=0.200 max_us=9.300 bytes=122392 buckets=49,0,0,0,0,0
telemetry_metric device=0 name=shader_dump count=7 failures=0 total_us=3116.100 min_us=341.600 max_us=875.900 bytes=7340 buckets=0,0,7,0,0,0
motion_output_cut device=1 frame=6 samples=0 median_px=0.0000 keyed=0 missing=0 missing_fraction=0.0000 bound_px=2.400 bound_missing=0.250 cut=0
capture_event device=1 frame=6 seq=6 after_draw=3 op=set_depth result=00000000 qpc=9701452057097
set_depth ptr=00000000 result=00000000
surface role=depth_binding ptr=0 identity=0
hdr_readback device=1 frame=6 file=hdr_1_6.rgba16f width=64 height=64 format=rgba16f_row_major result=00000000 bytes=32768
motion_output_color_readback device=1 frame=6 file=color_1_6.bgra8 width=64 height=64 format=bgra8_row_major result=00000000 bytes=16384
motion_output_taa_readback device=1 frame=6 file=taa_1_6.rgba16f width=64 height=64 format=rgba16f_row_major result=00000000 bytes=32768
motion_output_present_readback device=1 frame=6 file=present_1_6.bgra8 width=64 height=64 format=bgra8_row_major result=00000000 bytes=16384
capture_event device=1 frame=6 seq=7 after_draw=3 op=stretch_rect result=00000000 qpc=9701452093261
stretch_rect source=00118c60 dest=0215aa58 filter=0 source_rect_null=1 dest_rect_null=1
surface role=stretch_source ptr=00118c60 identity=1 width=64 height=64 format=21 usage=1 msaa=0 container=0 container_type=0 container_result=80004002
surface role=stretch_dest ptr=0215aa58 identity=7 width=64 height=64 format=21 usage=1 msaa=0 container=8 container_type=3 container_result=00000000
capture_event device=1 frame=6 seq=8 after_draw=3 op=set_depth result=00000000 qpc=9701452111137
set_depth ptr=00118ca0 result=00000000
surface role=depth_binding ptr=00118ca0 identity=2 width=64 height=64 format=77 usage=2 msaa=0 container=0 container_type=0 container_result=80004002
motion_output_readback device=1 frame=6 file=motion_1_6.rgba32f width=64 height=64 format=rgba32f_row_major result=00000000 bytes=65536
motion_output_depth_readback device=1 frame=6 file=depth_1_6.r32f width=64 height=64 format=r32f_row_major result=00000000 bytes=16384
motion_output_frame device=1 frame=6 latched=1 filled=1 fill_result=00000000 fill_restore=00000000 draws=3 routed=2 matched=0 gate1=0 gate2=1 gate3=0 gate4=0 gate5=2 gate6=0 apply_failures=0 restore_failures=0 history_previous=0 history_current=0 committed=1 selector_state=9 present=00000000 depth=1 depth_routed=2 jitter=1 jitter_index=6 jitter_x=0.375000 jitter_y=0.055556 jitter_previous_x=-0.125000 jitter_previous_y=-0.277778 jittered=2 cut=0 cut_median_px=0.0000 cut_missing=0.0000 cut_samples=0 taa=1 taa_attempted=1 taa_resolved=1 taa_history=1 taa_skip=0 taa_result=00000000 taa_restore=00000000 taa_copy=00000001 taa_hdr=1 taa_k=0.00000 taa_sharpen=0 scene_open=0 active_queries=0 taa_references=6 camera_valid=0 camera_background_valid=0 camera_reads=0 camera_policy=1 camera_reason=2 camera_cut=0 camera_rotation_deg=0.0000 rt_mode=perdraw timing=cpu_qpc set_rt=8 lazy_flushes=0 jitter_writes=4 readbacks=6 gate_us=8.2 route_draw_us=13.4 set_rt_us=6.6 lazy_flush_us=0.0 jitter_us=0.9 fill_us=49.2 taa_run_us=201.4 taa_capture_us=6.8 taa_copy_color_us=0.3 taa_copy_depth_us=3.8 taa_draw_us=170.7 taa_apply_us=12.2 taa_copy_back_us=0.0 readback_us=3967.3 state_shadow=1 rs_queries=18 rs_hits=18 rs_gets=14 rs_resyncs=0 sb_resyncs=0 scene_hook=0 scene_end_source=stretchrect scene_end_check=3 hook_signals=0 hook_outside_scene=0 hook_state=0 draws_after_hook=0 bloom_copy_seen=1 mip_bias=0 mip_bias_sets=0 mip_bias_restores=0 mip_bias_draws=0 mip_bias_stages=0000 mip_bias_reads=0 mip_bias_game_writes=0 mip_bias_game_writes_total=0 mip_bias_failures=0 mip_bias_biased_now=0000
camera_state device=1 frame=6 status=executable_mismatch reads=0 valid=0 read_failure=0 failure=0 projection=00000000 view=00000000 p00=0 p11=0 p20=0 p21=0 r00=0 r01=0 r02=0 r10=0 r11=0 r12=0 r20=0 r21=0 r22=0 t=0,0,0 background_valid=0 background_p00=0 background_p11=0 background_rotation_deg=0.0000 history_view_valid=0 history_view_frame=6 rotation_deg=0.0000 policy=1 reason=2 camera_cut=0 mode=0 cut_deg=20.00
hdr_frame device=1 frame=6 hdr=1 redirected=1 end=bloom_copy writebacks=2 flushes=1 writeback_source=shader unwind=0 unwind_reason=none unwind_draw=00000001 unwind_restore=00000001 unwind_stretch=00000001 unwind_bind=00000001 blocked=0 recheck=none suspended=0 resumed=0 dirty_at_present=0 refused_msaa=0 target_create=00000000 latch_bind=00000000 target=64x64 target_bytes=32768 caps=ok stretch_conversion=00000000 timing=cpu_qpc redirect_us=4.3 writeback_us=122.2 writeback_draw_us=120.6 writeback_stretch_us=0.0 bind_us=0.0 recheck_us=0.0 tonemap=identity tonemapped=0 look=none decode=gamma2.2 clamp=0 exposure=auto ev=0.00000 ev_adapted=0.00000 ev_target=0.00000 avg_log_l=0.00000 luma_mean=1 dt_ms=0.000 stepped=0 steps=0 meter=00000001 readback=00000001 tonemap_draw=00000001 fallback=0 meter_us=0.0 readback_us=0.0 k=0.00000 chain_bytes=0 sharpen=off sharpened=0 sharpen_fallback=0
frame_end device=1 frame=6 draws=3 capture=1 present=00000000 elapsed_ms=1014 dt_ms=10 qpc=9701452122818
frame_begin device=1 frame=7
capture_event device=1 frame=7 seq=1 after_draw=0 op=clear result=00000000 qpc=9701452123361
clear flags=3 color=ff203040 z=1 stencil=0 rect_count=0 rect_ptr=00000000
surface role=clear_rt0 ptr=00118c60 identity=1 width=64 height=64 format=21 usage=1 msaa=0 container=0 container_type=0 container_result=80004002
surface role=clear_depth ptr=00118ca0 identity=2 width=64 height=64 format=77 usage=2 msaa=0 container=0 container_type=0 container_result=80004002
clear_viewport result=00000000 x=0 y=0 w=64 h=64 minz=0 maxz=1
capture_event device=1 frame=7 seq=2 after_draw=0 op=draw_begin result=00000000 qpc=9701452124290
draw device=1 frame=7 index=1 kind=primitive topology=4 primitives=1 vs=53a0a641107ed76c ps=98731d5594e36226
geometry source=buffers
stream slot=0 result=00000000 identity=3 offset=0 stride=24 frequency=1 frequency_result=00000000
vertex_buffer identity=3 bytes=72 usage=0 pool=1 fvf=0
buffer_content kind=vertex identity=3 result=80070057 status=00000001 requested=0 known=0 ambiguous=0 revision=0 pending=0 flags=00000000
stream slot=1 result=00000000 identity=0
stream slot=2 result=00000000 identity=0
stream slot=3 result=00000000 identity=0
stream slot=4 result=00000000 identity=0
stream slot=5 result=00000000 identity=0
stream slot=6 result=00000000 identity=0
stream slot=7 result=00000000 identity=0
stream slot=8 result=00000000 identity=0
stream slot=9 result=00000000 identity=0
stream slot=10 result=00000000 identity=0
stream slot=11 result=00000000 identity=0
stream slot=12 result=00000000 identity=0
stream slot=13 result=00000000 identity=0
stream slot=14 result=00000000 identity=0
stream slot=15 result=00000000 identity=0
indices result=00000000 identity=0
surface role=rt0 ptr=00118c60 identity=1 width=64 height=64 format=21 usage=1 msaa=0 container=0 container_type=0 container_result=80004002
surface role=depth ptr=00118ca0 identity=2 width=64 height=64 format=77 usage=2 msaa=0 container=0 container_type=0 container_result=80004002
state id=7 value=0
state id=14 value=0
state id=23 value=4
state id=15 value=1
state id=24 value=0
state id=25 value=8
state id=27 value=1
state id=19 value=2
state id=20 value=1
state id=171 value=1
state id=22 value=2
state id=168 value=7
state id=194 value=0
state id=206 value=0
state id=52 value=1
state id=56 value=8
state id=57 value=0
state id=58 value=4294967295
state id=59 value=4294967295
state id=53 value=1
state id=54 value=1
state id=55 value=1
state id=185 value=0
state id=189 value=8
state id=186 value=1
state id=187 value=1
state id=188 value=1
viewport x=0 y=0 w=64 h=64 minz=0 maxz=1
texture stage=0 ptr=0214d8d0 type=3 identity=9 levels=1
texture_desc stage=0 w=2 h=2 format=21
sampler stage=0 state=6 value=1
sampler stage=0 state=5 value=1
sampler stage=0 state=7 value=0
sampler stage=0 state=10 value=1
sampler stage=0 state=11 value=0
sampler stage=0 state=8 value=0 bias=0
sampler stage=0 state=9 value=0
texture stage=1 ptr=0214d950 type=3 identity=10 levels=1
texture_desc stage=1 w=2 h=2 format=21
sampler stage=1 state=6 value=1
sampler stage=1 state=5 value=1
sampler stage=1 state=7 value=0
sampler stage=1 state=10 value=1
sampler stage=1 state=11 value=0
sampler stage=1 state=8 value=0 bias=0
sampler stage=1 state=9 value=0
texture stage=2 ptr=0214d9d0 type=3 identity=11 levels=1
texture_desc stage=2 w=2 h=2 format=21
sampler stage=2 state=6 value=1
sampler stage=2 state=5 value=1
sampler stage=2 state=7 value=0
sampler stage=2 state=10 value=1
sampler stage=2 state=11 value=0
sampler stage=2 state=8 value=0 bias=0
sampler stage=2 state=9 value=0
texture stage=3 ptr=0214dd50 type=5 identity=12 levels=1
sampler stage=3 state=6 value=1
sampler stage=3 state=5 value=1
sampler stage=3 state=7 value=0
sampler stage=3 state=10 value=1
sampler stage=3 state=11 value=0
sampler stage=3 state=8 value=0 bias=0
sampler stage=3 state=9 value=0
sampler stage=4 state=6 value=1
sampler stage=4 state=5 value=1
sampler stage=4 state=7 value=0
sampler stage=4 state=10 value=1
sampler stage=4 state=11 value=0
sampler stage=4 state=8 value=0 bias=0
sampler stage=4 state=9 value=0
sampler stage=5 state=6 value=1
sampler stage=5 state=5 value=1
sampler stage=5 state=7 value=0
sampler stage=5 state=10 value=1
sampler stage=5 state=11 value=0
sampler stage=5 state=8 value=0 bias=0
sampler stage=5 state=9 value=0
sampler stage=6 state=6 value=1
sampler stage=6 state=5 value=1
sampler stage=6 state=7 value=0
sampler stage=6 state=10 value=1
sampler stage=6 state=11 value=0
sampler stage=6 state=8 value=0 bias=0
sampler stage=6 state=9 value=0
sampler stage=7 state=6 value=1
sampler stage=7 state=5 value=1
sampler stage=7 state=7 value=0
sampler stage=7 state=10 value=1
sampler stage=7 state=11 value=0
sampler stage=7 state=8 value=0 bias=0
sampler stage=7 state=9 value=0
sampler stage=8 state=6 value=1
sampler stage=8 state=5 value=1
sampler stage=8 state=7 value=0
sampler stage=8 state=10 value=1
sampler stage=8 state=11 value=0
sampler stage=8 state=8 value=0 bias=0
sampler stage=8 state=9 value=0
sampler stage=9 state=6 value=1
sampler stage=9 state=5 value=1
sampler stage=9 state=7 value=0
sampler stage=9 state=10 value=1
sampler stage=9 state=11 value=0
sampler stage=9 state=8 value=0 bias=0
sampler stage=9 state=9 value=0
sampler stage=10 state=6 value=1
sampler stage=10 state=5 value=1
sampler stage=10 state=7 value=0
sampler stage=10 state=10 value=1
sampler stage=10 state=11 value=0
sampler stage=10 state=8 value=0 bias=0
sampler stage=10 state=9 value=0
sampler stage=11 state=6 value=1
sampler stage=11 state=5 value=1
sampler stage=11 state=7 value=0
sampler stage=11 state=10 value=1
sampler stage=11 state=11 value=0
sampler stage=11 state=8 value=0 bias=0
sampler stage=11 state=9 value=0
sampler stage=12 state=6 value=1
sampler stage=12 state=5 value=1
sampler stage=12 state=7 value=0
sampler stage=12 state=10 value=1
sampler stage=12 state=11 value=0
sampler stage=12 state=8 value=0 bias=0
sampler stage=12 state=9 value=0
sampler stage=13 state=6 value=1
sampler stage=13 state=5 value=1
sampler stage=13 state=7 value=0
sampler stage=13 state=10 value=1
sampler stage=13 state=11 value=0
sampler stage=13 state=8 value=0 bias=0
sampler stage=13 state=9 value=0
sampler stage=14 state=6 value=1
sampler stage=14 state=5 value=1
sampler stage=14 state=7 value=0
sampler stage=14 state=10 value=1
sampler stage=14 state=11 value=0
sampler stage=14 state=8 value=0 bias=0
sampler stage=14 state=9 value=0
sampler stage=15 state=6 value=1
sampler stage=15 state=5 value=1
sampler stage=15 state=7 value=0
sampler stage=15 state=10 value=1
sampler stage=15 state=11 value=0
sampler stage=15 state=8 value=0 bias=0
sampler stage=15 state=9 value=0
vertex_element stream=0 offset=0 type=16 method=0 usage=0 index=0
vertex_element stream=0 offset=8 type=16 method=0 usage=5 index=0
vertex_element stream=0 offset=16 type=16 method=0 usage=3 index=0
vertex_element stream=255 offset=0 type=17 method=0 usage=0 index=0
transform state=256 row=0 values=1,0,0,0
transform state=256 row=1 values=0,1,0,0
transform state=256 row=2 values=0,0,1,0
transform state=256 row=3 values=0,0,0,1
transform state=2 row=0 values=1,0,0,0
transform state=2 row=1 values=0,1,0,0
transform state=2 row=2 values=0,0,1,0
transform state=2 row=3 values=0,0,0,1
transform state=3 row=0 values=1,0,0,0
transform state=3 row=1 values=0,1,0,0
transform state=3 row=2 values=0,0,1,0
transform state=3 row=3 values=0,0,0,1
constants kind=vs type=f count=256 result=00000000 encoding=sparse_zero
constant kind=vs type=f reg=0 bits=bf800000,3f800000,40400000,00000000
constant kind=vs type=f reg=1 bits=3d23d70a,3ccccccd,3c75c28f,00000000
constant kind=vs type=f reg=2 bits=3f800000,3d4ccccd,00000000,00000000
constant kind=vs type=f reg=3 bits=00000000,3f800000,40400000,00000000
constant kind=vs type=f reg=4 bits=3d23d70a,3ccccccd,3c75c28f,00000000
constant kind=vs type=f reg=5 bits=3f800000,3d4ccccd,00000000,00000000
constant kind=vs type=f reg=6 bits=3f800000,3f800000,40400000,00000000
constant kind=vs type=f reg=7 bits=3d23d70a,3ccccccd,3c75c28f,00000000
constant kind=vs type=f reg=8 bits=3f800000,3d4ccccd,00000000,00000000
constant kind=vs type=f reg=9 bits=bf800000,3f800000,40400000,00000000
constant kind=vs type=f reg=10 bits=3d23d70a,3ccccccd,3c75c28f,00000000
constant kind=vs type=f reg=11 bits=3f800000,3d4ccccd,00000000,00000000
constant kind=vs type=f reg=12 bits=00000000,3f800000,40400000,00000000
constant kind=vs type=f reg=13 bits=3d23d70a,3ccccccd,3c75c28f,00000000
constant kind=vs type=f reg=14 bits=3f800000,3d4ccccd,00000000,00000000
constant kind=vs type=f reg=15 bits=3f800000,3f800000,40400000,00000000
constant kind=vs type=f reg=16 bits=3d23d70a,3ccccccd,3c75c28f,00000000
constant kind=vs type=f reg=17 bits=3f800000,3d4ccccd,00000000,00000000
constant kind=vs type=f reg=18 bits=bf800000,3f800000,40400000,00000000
constant kind=vs type=f reg=19 bits=3d23d70a,3ccccccd,3c75c28f,00000000
constant kind=vs type=f reg=20 bits=3f800000,3d4ccccd,00000000,00000000
constant kind=vs type=f reg=21 bits=00000000,3f800000,40400000,00000000
constant kind=vs type=f reg=22 bits=3d23d70a,3ccccccd,3c75c28f,00000000
constant kind=vs type=f reg=23 bits=3f800000,3d4ccccd,00000000,00000000
constant kind=vs type=f reg=24 bits=3f800000,00000000,00000000,00000000
constant kind=vs type=f reg=25 bits=00000000,3f800000,00000000,00000000
constant kind=vs type=f reg=26 bits=00000000,00000000,3f800000,00000000
constant kind=vs type=f reg=27 bits=00000000,00000000,00000000,3f800000
constant kind=vs type=f reg=28 bits=3f800000,00000000,00000000,00000000
constant kind=vs type=f reg=29 bits=00000000,3f800000,00000000,00000000
constant kind=vs type=f reg=30 bits=00000000,00000000,3f800000,00000000
constant kind=vs type=f reg=31 bits=3f800000,00000000,00000000,00000000
constant kind=vs type=f reg=32 bits=00000000,3f800000,00000000,00000000
constant kind=vs type=f reg=33 bits=00000000,00000000,3f800000,00000000
constant kind=vs type=f reg=34 bits=3f800000,00000000,00000000,00000000
constant kind=vs type=f reg=35 bits=00000000,3f800000,00000000,00000000
constant kind=vs type=f reg=36 bits=00000000,00000000,3f800000,40800000
constant kind=vs type=f reg=37 bits=3f800000,00000000,00000000,00000000
constant kind=vs type=f reg=38 bits=00000000,3f800000,00000000,00000000
constant kind=vs type=f reg=39 bits=3f200000,00000000,00000000,00000000
constant kind=vs type=f reg=40 bits=3e4ccccd,3dcccccd,3d4ccccd,00000000
constant kind=vs type=f reg=41 bits=3f800000,00000000,00000000,00000000
constant kind=vs type=f reg=252 bits=42c80000,42ca0000,42cc0000,42ce0000
constant kind=vs type=f reg=253 bits=42d00000,42d20000,42d40000,42d60000
constant kind=vs type=f reg=254 bits=42d80000,42da0000,42dc0000,42de0000
constant kind=vs type=f reg=255 bits=42e00000,42e20000,42e40000,42e60000
constants kind=vs type=i count=16 result=00000000 encoding=full
constant kind=vs type=i reg=0 values=1,0,1,0
constant kind=vs type=i reg=1 values=0,0,0,0
constant kind=vs type=i reg=2 values=0,0,0,0
constant kind=vs type=i reg=3 values=0,0,0,0
constant kind=vs type=i reg=4 values=0,0,0,0
constant kind=vs type=i reg=5 values=0,0,0,0
constant kind=vs type=i reg=6 values=0,0,0,0
constant kind=vs type=i reg=7 values=0,0,0,0
constant kind=vs type=i reg=8 values=0,0,0,0
constant kind=vs type=i reg=9 values=0,0,0,0
constant kind=vs type=i reg=10 values=0,0,0,0
constant kind=vs type=i reg=11 values=0,0,0,0
constant kind=vs type=i reg=12 values=0,0,0,0
constant kind=vs type=i reg=13 values=0,0,0,0
constant kind=vs type=i reg=14 values=0,0,0,0
constant kind=vs type=i reg=15 values=0,0,0,0
constants kind=vs type=b count=16 result=00000000 encoding=full
constant kind=vs type=b reg=0 values=0
constant kind=vs type=b reg=1 values=0
constant kind=vs type=b reg=2 values=0
constant kind=vs type=b reg=3 values=0
constant kind=vs type=b reg=4 values=0
constant kind=vs type=b reg=5 values=0
constant kind=vs type=b reg=6 values=0
constant kind=vs type=b reg=7 values=0
constant kind=vs type=b reg=8 values=0
constant kind=vs type=b reg=9 values=0
constant kind=vs type=b reg=10 values=0
constant kind=vs type=b reg=11 values=0
constant kind=vs type=b reg=12 values=0
constant kind=vs type=b reg=13 values=0
constant kind=vs type=b reg=14 values=0
constant kind=vs type=b reg=15 values=0
constants kind=ps type=f count=224 result=00000000 encoding=sparse_zero
constant kind=ps type=f reg=0 bits=3f800000,00000000,00000000,00000000
constant kind=ps type=f reg=1 bits=00000000,3f800000,00000000,00000000
constant kind=ps type=f reg=2 bits=00000000,00000000,3f800000,00000000
constant kind=ps type=f reg=3 bits=3e800000,00000000,00000000,00000000
constant kind=ps type=f reg=4 bits=00000000,00000000,3f800000,00000000
constant kind=ps type=f reg=5 bits=3e99999a,3e4ccccd,3dcccccd,00000000
constant kind=ps type=f reg=6 bits=3f000000,00000000,3f000000,00000000
constant kind=ps type=f reg=7 bits=3dcccccd,3e19999a,3e4ccccd,00000000
constant kind=ps type=f reg=216 bits=43480000,43490000,434a0000,434b0000
constant kind=ps type=f reg=217 bits=434c0000,434d0000,434e0000,434f0000
constants kind=ps type=i count=16 result=00000000 encoding=full
constant kind=ps type=i reg=0 values=0,0,0,0
constant kind=ps type=i reg=1 values=0,0,0,0
constant kind=ps type=i reg=2 values=0,0,0,0
constant kind=ps type=i reg=3 values=0,0,0,0
constant kind=ps type=i reg=4 values=0,0,0,0
constant kind=ps type=i reg=5 values=0,0,0,0
constant kind=ps type=i reg=6 values=0,0,0,0
constant kind=ps type=i reg=7 values=0,0,0,0
constant kind=ps type=i reg=8 values=0,0,0,0
constant kind=ps type=i reg=9 values=0,0,0,0
constant kind=ps type=i reg=10 values=0,0,0,0
constant kind=ps type=i reg=11 values=0,0,0,0
constant kind=ps type=i reg=12 values=0,0,0,0
constant kind=ps type=i reg=13 values=0,0,0,0
constant kind=ps type=i reg=14 values=0,0,0,0
constant kind=ps type=i reg=15 values=0,0,0,0
constants kind=ps type=b count=16 result=00000000 encoding=full
constant kind=ps type=b reg=0 values=0
constant kind=ps type=b reg=1 values=0
constant kind=ps type=b reg=2 values=0
constant kind=ps type=b reg=3 values=0
constant kind=ps type=b reg=4 values=0
constant kind=ps type=b reg=5 values=0
constant kind=ps type=b reg=6 values=0
constant kind=ps type=b reg=7 values=0
constant kind=ps type=b reg=8 values=0
constant kind=ps type=b reg=9 values=0
constant kind=ps type=b reg=10 values=0
constant kind=ps type=b reg=11 values=0
constant kind=ps type=b reg=12 values=0
constant kind=ps type=b reg=13 values=0
constant kind=ps type=b reg=14 values=0
constant kind=ps type=b reg=15 values=0
draw_args start_vertex=0
motion_input device=1 frame=7 index=1 blockers=00000252 proofs=20 position_path=1 vs=53a0a641107ed76c ps=98731d5594e36226 declaration=0cdf6a8c884ad955 rows_hash=1b0c97ae01a7ec05 color=1 depth=2 width=64 height=64 cull=2 vb=3 vb_revision=0 ib=0 ib_revision=0 position_offset=0 position_type=16 lifetime_verified=0 vertex_finite_verified=0
motion_geometry device=1 frame=7 index=1 source_qualified=1 source_hash=53a0a641107ed76c source_words=526 finite_requested=0 finite_state=0 finite_reason=4 finite_status=00000001 finite_generation=0 finite_revision=0 index_required=0 index_requested=0 index_known=0 index_range_verified=0 index_exact=0 index_min=0 index_max=0 index_reason=1 index_status=00000001 index_generation=0 index_revision=0
draw_result device=1 frame=7 index=1 result=00000000
capture_event device=1 frame=7 seq=3 after_draw=1 op=clear result=00000000 qpc=9701452135082
clear flags=2 color=00000000 z=1 stencil=0 rect_count=0 rect_ptr=00000000
surface role=clear_rt0 ptr=00118c60 identity=1 width=64 height=64 format=21 usage=1 msaa=0 container=0 container_type=0 container_result=80004002
surface role=clear_depth ptr=00118ca0 identity=2 width=64 height=64 format=77 usage=2 msaa=0 container=0 container_type=0 container_result=80004002
clear_viewport result=00000000 x=0 y=0 w=64 h=64 minz=0 maxz=1
capture_event device=1 frame=7 seq=4 after_draw=1 op=draw_begin result=00000000 qpc=9701452141792
draw device=1 frame=7 index=2 kind=primitive topology=4 primitives=1 vs=53a0a641107ed76c ps=98731d5594e36226
geometry source=buffers
stream slot=0 result=00000000 identity=3 offset=0 stride=24 frequency=1 frequency_result=00000000
vertex_buffer identity=3 bytes=72 usage=0 pool=1 fvf=0
buffer_content kind=vertex identity=3 result=80070057 status=00000001 requested=0 known=0 ambiguous=0 revision=0 pending=0 flags=00000000
stream slot=1 result=00000000 identity=0
stream slot=2 result=00000000 identity=0
stream slot=3 result=00000000 identity=0
stream slot=4 result=00000000 identity=0
stream slot=5 result=00000000 identity=0
stream slot=6 result=00000000 identity=0
stream slot=7 result=00000000 identity=0
stream slot=8 result=00000000 identity=0
stream slot=9 result=00000000 identity=0
stream slot=10 result=00000000 identity=0
stream slot=11 result=00000000 identity=0
stream slot=12 result=00000000 identity=0
stream slot=13 result=00000000 identity=0
stream slot=14 result=00000000 identity=0
stream slot=15 result=00000000 identity=0
indices result=00000000 identity=0
surface role=rt0 ptr=00118c60 identity=1 width=64 height=64 format=21 usage=1 msaa=0 container=0 container_type=0 container_result=80004002
surface role=depth ptr=00118ca0 identity=2 width=64 height=64 format=77 usage=2 msaa=0 container=0 container_type=0 container_result=80004002
state id=7 value=1
state id=14 value=1
state id=23 value=4
state id=15 value=0
state id=24 value=0
state id=25 value=8
state id=27 value=0
state id=19 value=2
state id=20 value=1
state id=171 value=1
state id=22 value=1
state id=168 value=15
state id=194 value=0
state id=206 value=0
state id=52 value=0
state id=56 value=8
state id=57 value=0
state id=58 value=4294967295
state id=59 value=4294967295
state id=53 value=1
state id=54 value=1
state id=55 value=1
state id=185 value=0
state id=189 value=8
state id=186 value=1
state id=187 value=1
state id=188 value=1
viewport x=0 y=0 w=64 h=64 minz=0 maxz=1
texture stage=0 ptr=0214d8d0 type=3 identity=9 levels=1
texture_desc stage=0 w=2 h=2 format=21
sampler stage=0 state=6 value=1
sampler stage=0 state=5 value=1
sampler stage=0 state=7 value=0
sampler stage=0 state=10 value=1
sampler stage=0 state=11 value=0
sampler stage=0 state=8 value=0 bias=0
sampler stage=0 state=9 value=0
texture stage=1 ptr=0214d950 type=3 identity=10 levels=1
texture_desc stage=1 w=2 h=2 format=21
sampler stage=1 state=6 value=1
sampler stage=1 state=5 value=1
sampler stage=1 state=7 value=0
sampler stage=1 state=10 value=1
sampler stage=1 state=11 value=0
sampler stage=1 state=8 value=0 bias=0
sampler stage=1 state=9 value=0
texture stage=2 ptr=0214d9d0 type=3 identity=11 levels=1
texture_desc stage=2 w=2 h=2 format=21
sampler stage=2 state=6 value=1
sampler stage=2 state=5 value=1
sampler stage=2 state=7 value=0
sampler stage=2 state=10 value=1
sampler stage=2 state=11 value=0
sampler stage=2 state=8 value=0 bias=0
sampler stage=2 state=9 value=0
texture stage=3 ptr=0214dd50 type=5 identity=12 levels=1
sampler stage=3 state=6 value=1
sampler stage=3 state=5 value=1
sampler stage=3 state=7 value=0
sampler stage=3 state=10 value=1
sampler stage=3 state=11 value=0
sampler stage=3 state=8 value=0 bias=0
sampler stage=3 state=9 value=0
sampler stage=4 state=6 value=1
sampler stage=4 state=5 value=1
sampler stage=4 state=7 value=0
sampler stage=4 state=10 value=1
sampler stage=4 state=11 value=0
sampler stage=4 state=8 value=0 bias=0
sampler stage=4 state=9 value=0
sampler stage=5 state=6 value=1
sampler stage=5 state=5 value=1
sampler stage=5 state=7 value=0
sampler stage=5 state=10 value=1
sampler stage=5 state=11 value=0
sampler stage=5 state=8 value=0 bias=0
sampler stage=5 state=9 value=0
sampler stage=6 state=6 value=1
sampler stage=6 state=5 value=1
sampler stage=6 state=7 value=0
sampler stage=6 state=10 value=1
sampler stage=6 state=11 value=0
sampler stage=6 state=8 value=0 bias=0
sampler stage=6 state=9 value=0
sampler stage=7 state=6 value=1
sampler stage=7 state=5 value=1
sampler stage=7 state=7 value=0
sampler stage=7 state=10 value=1
sampler stage=7 state=11 value=0
sampler stage=7 state=8 value=0 bias=0
sampler stage=7 state=9 value=0
sampler stage=8 state=6 value=1
sampler stage=8 state=5 value=1
sampler stage=8 state=7 value=0
sampler stage=8 state=10 value=1
sampler stage=8 state=11 value=0
sampler stage=8 state=8 value=0 bias=0
sampler stage=8 state=9 value=0
sampler stage=9 state=6 value=1
sampler stage=9 state=5 value=1
sampler stage=9 state=7 value=0
sampler stage=9 state=10 value=1
sampler stage=9 state=11 value=0
sampler stage=9 state=8 value=0 bias=0
sampler stage=9 state=9 value=0
sampler stage=10 state=6 value=1
sampler stage=10 state=5 value=1
sampler stage=10 state=7 value=0
sampler stage=10 state=10 value=1
sampler stage=10 state=11 value=0
sampler stage=10 state=8 value=0 bias=0
sampler stage=10 state=9 value=0
sampler stage=11 state=6 value=1
sampler stage=11 state=5 value=1
sampler stage=11 state=7 value=0
sampler stage=11 state=10 value=1
sampler stage=11 state=11 value=0
sampler stage=11 state=8 value=0 bias=0
sampler stage=11 state=9 value=0
sampler stage=12 state=6 value=1
sampler stage=12 state=5 value=1
sampler stage=12 state=7 value=0
sampler stage=12 state=10 value=1
sampler stage=12 state=11 value=0
sampler stage=12 state=8 value=0 bias=0
sampler stage=12 state=9 value=0
sampler stage=13 state=6 value=1
sampler stage=13 state=5 value=1
sampler stage=13 state=7 value=0
sampler stage=13 state=10 value=1
sampler stage=13 state=11 value=0
sampler stage=13 state=8 value=0 bias=0
sampler stage=13 state=9 value=0
sampler stage=14 state=6 value=1
sampler stage=14 state=5 value=1
sampler stage=14 state=7 value=0
sampler stage=14 state=10 value=1
sampler stage=14 state=11 value=0
sampler stage=14 state=8 value=0 bias=0
sampler stage=14 state=9 value=0
sampler stage=15 state=6 value=1
sampler stage=15 state=5 value=1
sampler stage=15 state=7 value=0
sampler stage=15 state=10 value=1
sampler stage=15 state=11 value=0
sampler stage=15 state=8 value=0 bias=0
sampler stage=15 state=9 value=0
vertex_element stream=0 offset=0 type=16 method=0 usage=0 index=0
vertex_element stream=0 offset=8 type=16 method=0 usage=5 index=0
vertex_element stream=0 offset=16 type=16 method=0 usage=3 index=0
vertex_element stream=255 offset=0 type=17 method=0 usage=0 index=0
transform state=256 row=0 values=1,0,0,0
transform state=256 row=1 values=0,1,0,0
transform state=256 row=2 values=0,0,1,0
transform state=256 row=3 values=0,0,0,1
transform state=2 row=0 values=1,0,0,0
transform state=2 row=1 values=0,1,0,0
transform state=2 row=2 values=0,0,1,0
transform state=2 row=3 values=0,0,0,1
transform state=3 row=0 values=1,0,0,0
transform state=3 row=1 values=0,1,0,0
transform state=3 row=2 values=0,0,1,0
transform state=3 row=3 values=0,0,0,1
constants kind=vs type=f count=256 result=00000000 encoding=sparse_zero
constant kind=vs type=f reg=0 bits=bf800000,3f800000,40400000,00000000
constant kind=vs type=f reg=1 bits=3d23d70a,3ccccccd,3c75c28f,00000000
constant kind=vs type=f reg=2 bits=3f800000,3d4ccccd,00000000,00000000
constant kind=vs type=f reg=3 bits=00000000,3f800000,40400000,00000000
constant kind=vs type=f reg=4 bits=3d23d70a,3ccccccd,3c75c28f,00000000
constant kind=vs type=f reg=5 bits=3f800000,3d4ccccd,00000000,00000000
constant kind=vs type=f reg=6 bits=3f800000,3f800000,40400000,00000000
constant kind=vs type=f reg=7 bits=3d23d70a,3ccccccd,3c75c28f,00000000
constant kind=vs type=f reg=8 bits=3f800000,3d4ccccd,00000000,00000000
constant kind=vs type=f reg=9 bits=bf800000,3f800000,40400000,00000000
constant kind=vs type=f reg=10 bits=3d23d70a,3ccccccd,3c75c28f,00000000
constant kind=vs type=f reg=11 bits=3f800000,3d4ccccd,00000000,00000000
constant kind=vs type=f reg=12 bits=00000000,3f800000,40400000,00000000
constant kind=vs type=f reg=13 bits=3d23d70a,3ccccccd,3c75c28f,00000000
constant kind=vs type=f reg=14 bits=3f800000,3d4ccccd,00000000,00000000
constant kind=vs type=f reg=15 bits=3f800000,3f800000,40400000,00000000
constant kind=vs type=f reg=16 bits=3d23d70a,3ccccccd,3c75c28f,00000000
constant kind=vs type=f reg=17 bits=3f800000,3d4ccccd,00000000,00000000
constant kind=vs type=f reg=18 bits=bf800000,3f800000,40400000,00000000
constant kind=vs type=f reg=19 bits=3d23d70a,3ccccccd,3c75c28f,00000000
constant kind=vs type=f reg=20 bits=3f800000,3d4ccccd,00000000,00000000
constant kind=vs type=f reg=21 bits=00000000,3f800000,40400000,00000000
constant kind=vs type=f reg=22 bits=3d23d70a,3ccccccd,3c75c28f,00000000
constant kind=vs type=f reg=23 bits=3f800000,3d4ccccd,00000000,00000000
constant kind=vs type=f reg=24 bits=3f800000,00000000,00000000,3f400000
constant kind=vs type=f reg=25 bits=00000000,3f800000,00000000,00000000
constant kind=vs type=f reg=26 bits=00000000,00000000,3f800000,00000000
constant kind=vs type=f reg=27 bits=00000000,00000000,00000000,3f800000
constant kind=vs type=f reg=28 bits=3f800000,00000000,00000000,00000000
constant kind=vs type=f reg=29 bits=00000000,3f800000,00000000,00000000
constant kind=vs type=f reg=30 bits=00000000,00000000,3f800000,00000000
constant kind=vs type=f reg=31 bits=3f800000,00000000,00000000,00000000
constant kind=vs type=f reg=32 bits=00000000,3f800000,00000000,00000000
constant kind=vs type=f reg=33 bits=00000000,00000000,3f800000,00000000
constant kind=vs type=f reg=34 bits=3f800000,00000000,00000000,00000000
constant kind=vs type=f reg=35 bits=00000000,3f800000,00000000,00000000
constant kind=vs type=f reg=36 bits=00000000,00000000,3f800000,40800000
constant kind=vs type=f reg=37 bits=3f800000,00000000,00000000,00000000
constant kind=vs type=f reg=38 bits=00000000,3f800000,00000000,00000000
constant kind=vs type=f reg=39 bits=3f200000,00000000,00000000,00000000
constant kind=vs type=f reg=40 bits=3e4ccccd,3dcccccd,3d4ccccd,00000000
constant kind=vs type=f reg=41 bits=3f800000,00000000,00000000,00000000
constant kind=vs type=f reg=252 bits=42c80000,42ca0000,42cc0000,42ce0000
constant kind=vs type=f reg=253 bits=42d00000,42d20000,42d40000,42d60000
constant kind=vs type=f reg=254 bits=42d80000,42da0000,42dc0000,42de0000
constant kind=vs type=f reg=255 bits=42e00000,42e20000,42e40000,42e60000
constants kind=vs type=i count=16 result=00000000 encoding=full
constant kind=vs type=i reg=0 values=1,0,1,0
constant kind=vs type=i reg=1 values=0,0,0,0
constant kind=vs type=i reg=2 values=0,0,0,0
constant kind=vs type=i reg=3 values=0,0,0,0
constant kind=vs type=i reg=4 values=0,0,0,0
constant kind=vs type=i reg=5 values=0,0,0,0
constant kind=vs type=i reg=6 values=0,0,0,0
constant kind=vs type=i reg=7 values=0,0,0,0
constant kind=vs type=i reg=8 values=0,0,0,0
constant kind=vs type=i reg=9 values=0,0,0,0
constant kind=vs type=i reg=10 values=0,0,0,0
constant kind=vs type=i reg=11 values=0,0,0,0
constant kind=vs type=i reg=12 values=0,0,0,0
constant kind=vs type=i reg=13 values=0,0,0,0
constant kind=vs type=i reg=14 values=0,0,0,0
constant kind=vs type=i reg=15 values=0,0,0,0
constants kind=vs type=b count=16 result=00000000 encoding=full
constant kind=vs type=b reg=0 values=0
constant kind=vs type=b reg=1 values=0
constant kind=vs type=b reg=2 values=0
constant kind=vs type=b reg=3 values=0
constant kind=vs type=b reg=4 values=0
constant kind=vs type=b reg=5 values=0
constant kind=vs type=b reg=6 values=0
constant kind=vs type=b reg=7 values=0
constant kind=vs type=b reg=8 values=0
constant kind=vs type=b reg=9 values=0
constant kind=vs type=b reg=10 values=0
constant kind=vs type=b reg=11 values=0
constant kind=vs type=b reg=12 values=0
constant kind=vs type=b reg=13 values=0
constant kind=vs type=b reg=14 values=0
constant kind=vs type=b reg=15 values=0
constants kind=ps type=f count=224 result=00000000 encoding=sparse_zero
constant kind=ps type=f reg=0 bits=3f800000,00000000,00000000,00000000
constant kind=ps type=f reg=1 bits=00000000,3f800000,00000000,00000000
constant kind=ps type=f reg=2 bits=00000000,00000000,3f800000,00000000
constant kind=ps type=f reg=3 bits=3e800000,00000000,00000000,00000000
constant kind=ps type=f reg=4 bits=00000000,00000000,3f800000,00000000
constant kind=ps type=f reg=5 bits=3e99999a,3e4ccccd,3dcccccd,00000000
constant kind=ps type=f reg=6 bits=3f000000,00000000,3f000000,00000000
constant kind=ps type=f reg=7 bits=3dcccccd,3e19999a,3e4ccccd,00000000
constant kind=ps type=f reg=216 bits=43480000,43490000,434a0000,434b0000
constant kind=ps type=f reg=217 bits=434c0000,434d0000,434e0000,434f0000
constants kind=ps type=i count=16 result=00000000 encoding=full
constant kind=ps type=i reg=0 values=0,0,0,0
constant kind=ps type=i reg=1 values=0,0,0,0
constant kind=ps type=i reg=2 values=0,0,0,0
constant kind=ps type=i reg=3 values=0,0,0,0
constant kind=ps type=i reg=4 values=0,0,0,0
constant kind=ps type=i reg=5 values=0,0,0,0
constant kind=ps type=i reg=6 values=0,0,0,0
constant kind=ps type=i reg=7 values=0,0,0,0
constant kind=ps type=i reg=8 values=0,0,0,0
constant kind=ps type=i reg=9 values=0,0,0,0
constant kind=ps type=i reg=10 values=0,0,0,0
constant kind=ps type=i reg=11 values=0,0,0,0
constant kind=ps type=i reg=12 values=0,0,0,0
constant kind=ps type=i reg=13 values=0,0,0,0
constant kind=ps type=i reg=14 values=0,0,0,0
constant kind=ps type=i reg=15 values=0,0,0,0
constants kind=ps type=b count=16 result=00000000 encoding=full
constant kind=ps type=b reg=0 values=0
constant kind=ps type=b reg=1 values=0
constant kind=ps type=b reg=2 values=0
constant kind=ps type=b reg=3 values=0
constant kind=ps type=b reg=4 values=0
constant kind=ps type=b reg=5 values=0
constant kind=ps type=b reg=6 values=0
constant kind=ps type=b reg=7 values=0
constant kind=ps type=b reg=8 values=0
constant kind=ps type=b reg=9 values=0
constant kind=ps type=b reg=10 values=0
constant kind=ps type=b reg=11 values=0
constant kind=ps type=b reg=12 values=0
constant kind=ps type=b reg=13 values=0
constant kind=ps type=b reg=14 values=0
constant kind=ps type=b reg=15 values=0
draw_args start_vertex=0
motion_route device=1 frame=7 index=2 gate=3 routed=0 matched=0 depth=0 jittered=1 vs=53a0a641107ed76c ps=98731d5594e36226 node=00000000 camera=00000000 node_handle=0 camera_handle=0 node_serial=0 camera_serial=0 load_epoch=0 registry_epoch=0 model=00000000 lod=00000000 vb=0 ib=0 declaration=0000000000000000 offset=0 stride=0 position_offset=0 position_type=0 topology=0 first=0 primitives=0 base_vertex=0 min_vertex=0 vertex_count=0 indexed=0 pass=0 rows_hash=0000000000000000 result=00000000
motion_input device=1 frame=7 index=2 blockers=00000212 proofs=20 position_path=1 vs=53a0a641107ed76c ps=98731d5594e36226 declaration=0cdf6a8c884ad955 rows_hash=712d59ff944d11a8 color=1 depth=2 width=64 height=64 cull=1 vb=3 vb_revision=0 ib=0 ib_revision=0 position_offset=0 position_type=16 lifetime_verified=0 vertex_finite_verified=0
motion_geometry device=1 frame=7 index=2 source_qualified=1 source_hash=53a0a641107ed76c source_words=526 finite_requested=0 finite_state=0 finite_reason=4 finite_status=00000001 finite_generation=0 finite_revision=0 index_required=0 index_requested=0 index_known=0 index_range_verified=0 index_exact=0 index_min=0 index_max=0 index_reason=1 index_status=00000001 index_generation=0 index_revision=0
draw_result device=1 frame=7 index=2 result=00000000
capture_event device=1 frame=7 seq=5 after_draw=2 op=draw_begin result=00000000 qpc=9701452156102
draw device=1 frame=7 index=3 kind=primitive topology=4 primitives=1 vs=53a0a641107ed76c ps=8759c7838bbc86c2
geometry source=buffers
stream slot=0 result=00000000 identity=6 offset=0 stride=24 frequency=1 frequency_result=00000000
vertex_buffer identity=6 bytes=72 usage=0 pool=1 fvf=0
buffer_content kind=vertex identity=6 result=80070057 status=00000001 requested=0 known=0 ambiguous=0 revision=0 pending=0 flags=00000000
stream slot=1 result=00000000 identity=0
stream slot=2 result=00000000 identity=0
stream slot=3 result=00000000 identity=0
stream slot=4 result=00000000 identity=0
stream slot=5 result=00000000 identity=0
stream slot=6 result=00000000 identity=0
stream slot=7 result=00000000 identity=0
stream slot=8 result=00000000 identity=0
stream slot=9 result=00000000 identity=0
stream slot=10 result=00000000 identity=0
stream slot=11 result=00000000 identity=0
stream slot=12 result=00000000 identity=0
stream slot=13 result=00000000 identity=0
stream slot=14 result=00000000 identity=0
stream slot=15 result=00000000 identity=0
indices result=00000000 identity=0
surface role=rt0 ptr=00118c60 identity=1 width=64 height=64 format=21 usage=1 msaa=0 container=0 container_type=0 container_result=80004002
surface role=depth ptr=00118ca0 identity=2 width=64 height=64 format=77 usage=2 msaa=0 container=0 container_type=0 container_result=80004002
state id=7 value=1
state id=14 value=1
state id=23 value=4
state id=15 value=0
state id=24 value=0
state id=25 value=8
state id=27 value=0
state id=19 value=2
state id=20 value=1
state id=171 value=1
state id=22 value=1
state id=168 value=15
state id=194 value=0
state id=206 value=0
state id=52 value=0
state id=56 value=8
state id=57 value=0
state id=58 value=4294967295
state id=59 value=4294967295
state id=53 value=1
state id=54 value=1
state id=55 value=1
state id=185 value=0
state id=189 value=8
state id=186 value=1
state id=187 value=1
state id=188 value=1
viewport x=0 y=0 w=64 h=64 minz=0 maxz=1
texture stage=0 ptr=0214d8d0 type=3 identity=9 levels=1
texture_desc stage=0 w=2 h=2 format=21
sampler stage=0 state=6 value=1
sampler stage=0 state=5 value=1
sampler stage=0 state=7 value=0
sampler stage=0 state=10 value=1
sampler stage=0 state=11 value=0
sampler stage=0 state=8 value=0 bias=0
sampler stage=0 state=9 value=0
texture stage=1 ptr=0214d950 type=3 identity=10 levels=1
texture_desc stage=1 w=2 h=2 format=21
sampler stage=1 state=6 value=1
sampler stage=1 state=5 value=1
sampler stage=1 state=7 value=0
sampler stage=1 state=10 value=1
sampler stage=1 state=11 value=0
sampler stage=1 state=8 value=0 bias=0
sampler stage=1 state=9 value=0
texture stage=2 ptr=0214d9d0 type=3 identity=11 levels=1
texture_desc stage=2 w=2 h=2 format=21
sampler stage=2 state=6 value=1
sampler stage=2 state=5 value=1
sampler stage=2 state=7 value=0
sampler stage=2 state=10 value=1
sampler stage=2 state=11 value=0
sampler stage=2 state=8 value=0 bias=0
sampler stage=2 state=9 value=0
texture stage=3 ptr=0214dd50 type=5 identity=12 levels=1
sampler stage=3 state=6 value=1
sampler stage=3 state=5 value=1
sampler stage=3 state=7 value=0
sampler stage=3 state=10 value=1
sampler stage=3 state=11 value=0
sampler stage=3 state=8 value=0 bias=0
sampler stage=3 state=9 value=0
sampler stage=4 state=6 value=1
sampler stage=4 state=5 value=1
sampler stage=4 state=7 value=0
sampler stage=4 state=10 value=1
sampler stage=4 state=11 value=0
sampler stage=4 state=8 value=0 bias=0
sampler stage=4 state=9 value=0
sampler stage=5 state=6 value=1
sampler stage=5 state=5 value=1
sampler stage=5 state=7 value=0
sampler stage=5 state=10 value=1
sampler stage=5 state=11 value=0
sampler stage=5 state=8 value=0 bias=0
sampler stage=5 state=9 value=0
sampler stage=6 state=6 value=1
sampler stage=6 state=5 value=1
sampler stage=6 state=7 value=0
sampler stage=6 state=10 value=1
sampler stage=6 state=11 value=0
sampler stage=6 state=8 value=0 bias=0
sampler stage=6 state=9 value=0
sampler stage=7 state=6 value=1
sampler stage=7 state=5 value=1
sampler stage=7 state=7 value=0
sampler stage=7 state=10 value=1
sampler stage=7 state=11 value=0
sampler stage=7 state=8 value=0 bias=0
sampler stage=7 state=9 value=0
sampler stage=8 state=6 value=1
sampler stage=8 state=5 value=1
sampler stage=8 state=7 value=0
sampler stage=8 state=10 value=1
sampler stage=8 state=11 value=0
sampler stage=8 state=8 value=0 bias=0
sampler stage=8 state=9 value=0
sampler stage=9 state=6 value=1
sampler stage=9 state=5 value=1
sampler stage=9 state=7 value=0
sampler stage=9 state=10 value=1
sampler stage=9 state=11 value=0
sampler stage=9 state=8 value=0 bias=0
sampler stage=9 state=9 value=0
sampler stage=10 state=6 value=1
sampler stage=10 state=5 value=1
sampler stage=10 state=7 value=0
sampler stage=10 state=10 value=1
sampler stage=10 state=11 value=0
sampler stage=10 state=8 value=0 bias=0
sampler stage=10 state=9 value=0
sampler stage=11 state=6 value=1
sampler stage=11 state=5 value=1
sampler stage=11 state=7 value=0
sampler stage=11 state=10 value=1
sampler stage=11 state=11 value=0
sampler stage=11 state=8 value=0 bias=0
sampler stage=11 state=9 value=0
sampler stage=12 state=6 value=1
sampler stage=12 state=5 value=1
sampler stage=12 state=7 value=0
sampler stage=12 state=10 value=1
sampler stage=12 state=11 value=0
sampler stage=12 state=8 value=0 bias=0
sampler stage=12 state=9 value=0
sampler stage=13 state=6 value=1
sampler stage=13 state=5 value=1
sampler stage=13 state=7 value=0
sampler stage=13 state=10 value=1
sampler stage=13 state=11 value=0
sampler stage=13 state=8 value=0 bias=0
sampler stage=13 state=9 value=0
sampler stage=14 state=6 value=1
sampler stage=14 state=5 value=1
sampler stage=14 state=7 value=0
sampler stage=14 state=10 value=1
sampler stage=14 state=11 value=0
sampler stage=14 state=8 value=0 bias=0
sampler stage=14 state=9 value=0
sampler stage=15 state=6 value=1
sampler stage=15 state=5 value=1
sampler stage=15 state=7 value=0
sampler stage=15 state=10 value=1
sampler stage=15 state=11 value=0
sampler stage=15 state=8 value=0 bias=0
sampler stage=15 state=9 value=0
vertex_element stream=0 offset=0 type=16 method=0 usage=0 index=0
vertex_element stream=0 offset=8 type=16 method=0 usage=5 index=0
vertex_element stream=0 offset=16 type=16 method=0 usage=3 index=0
vertex_element stream=255 offset=0 type=17 method=0 usage=0 index=0
transform state=256 row=0 values=1,0,0,0
transform state=256 row=1 values=0,1,0,0
transform state=256 row=2 values=0,0,1,0
transform state=256 row=3 values=0,0,0,1
transform state=2 row=0 values=1,0,0,0
transform state=2 row=1 values=0,1,0,0
transform state=2 row=2 values=0,0,1,0
transform state=2 row=3 values=0,0,0,1
transform state=3 row=0 values=1,0,0,0
transform state=3 row=1 values=0,1,0,0
transform state=3 row=2 values=0,0,1,0
transform state=3 row=3 values=0,0,0,1
constants kind=vs type=f count=256 result=00000000 encoding=sparse_zero
constant kind=vs type=f reg=0 bits=bf800000,3f800000,40400000,00000000
constant kind=vs type=f reg=1 bits=3d23d70a,3ccccccd,3c75c28f,00000000
constant kind=vs type=f reg=2 bits=3f800000,3d4ccccd,00000000,00000000
constant kind=vs type=f reg=3 bits=00000000,3f800000,40400000,00000000
constant kind=vs type=f reg=4 bits=3d23d70a,3ccccccd,3c75c28f,00000000
constant kind=vs type=f reg=5 bits=3f800000,3d4ccccd,00000000,00000000
constant kind=vs type=f reg=6 bits=3f800000,3f800000,40400000,00000000
constant kind=vs type=f reg=7 bits=3d23d70a,3ccccccd,3c75c28f,00000000
constant kind=vs type=f reg=8 bits=3f800000,3d4ccccd,00000000,00000000
constant kind=vs type=f reg=9 bits=bf800000,3f800000,40400000,00000000
constant kind=vs type=f reg=10 bits=3d23d70a,3ccccccd,3c75c28f,00000000
constant kind=vs type=f reg=11 bits=3f800000,3d4ccccd,00000000,00000000
constant kind=vs type=f reg=12 bits=00000000,3f800000,40400000,00000000
constant kind=vs type=f reg=13 bits=3d23d70a,3ccccccd,3c75c28f,00000000
constant kind=vs type=f reg=14 bits=3f800000,3d4ccccd,00000000,00000000
constant kind=vs type=f reg=15 bits=3f800000,3f800000,40400000,00000000
constant kind=vs type=f reg=16 bits=3d23d70a,3ccccccd,3c75c28f,00000000
constant kind=vs type=f reg=17 bits=3f800000,3d4ccccd,00000000,00000000
constant kind=vs type=f reg=18 bits=bf800000,3f800000,40400000,00000000
constant kind=vs type=f reg=19 bits=3d23d70a,3ccccccd,3c75c28f,00000000
constant kind=vs type=f reg=20 bits=3f800000,3d4ccccd,00000000,00000000
constant kind=vs type=f reg=21 bits=00000000,3f800000,40400000,00000000
constant kind=vs type=f reg=22 bits=3d23d70a,3ccccccd,3c75c28f,00000000
constant kind=vs type=f reg=23 bits=3f800000,3d4ccccd,00000000,00000000
constant kind=vs type=f reg=24 bits=3f800000,00000000,00000000,00000000
constant kind=vs type=f reg=25 bits=00000000,3f800000,00000000,00000000
constant kind=vs type=f reg=26 bits=00000000,00000000,3f800000,00000000
constant kind=vs type=f reg=27 bits=00000000,00000000,00000000,3f800000
constant kind=vs type=f reg=28 bits=3f800000,00000000,00000000,00000000
constant kind=vs type=f reg=29 bits=00000000,3f800000,00000000,00000000
constant kind=vs type=f reg=30 bits=00000000,00000000,3f800000,00000000
constant kind=vs type=f reg=31 bits=3f800000,00000000,00000000,00000000
constant kind=vs type=f reg=32 bits=00000000,3f800000,00000000,00000000
constant kind=vs type=f reg=33 bits=00000000,00000000,3f800000,00000000
constant kind=vs type=f reg=34 bits=3f800000,00000000,00000000,00000000
constant kind=vs type=f reg=35 bits=00000000,3f800000,00000000,00000000
constant kind=vs type=f reg=36 bits=00000000,00000000,3f800000,40800000
constant kind=vs type=f reg=37 bits=3f800000,00000000,00000000,00000000
constant kind=vs type=f reg=38 bits=00000000,3f800000,00000000,00000000
constant kind=vs type=f reg=39 bits=3f200000,00000000,00000000,00000000
constant kind=vs type=f reg=40 bits=3e4ccccd,3dcccccd,3d4ccccd,00000000
constant kind=vs type=f reg=41 bits=3f800000,00000000,00000000,00000000
constant kind=vs type=f reg=252 bits=42c80000,42ca0000,42cc0000,42ce0000
constant kind=vs type=f reg=253 bits=42d00000,42d20000,42d40000,42d60000
constant kind=vs type=f reg=254 bits=42d80000,42da0000,42dc0000,42de0000
constant kind=vs type=f reg=255 bits=42e00000,42e20000,42e40000,42e60000
constants kind=vs type=i count=16 result=00000000 encoding=full
constant kind=vs type=i reg=0 values=1,0,1,0
constant kind=vs type=i reg=1 values=0,0,0,0
constant kind=vs type=i reg=2 values=0,0,0,0
constant kind=vs type=i reg=3 values=0,0,0,0
constant kind=vs type=i reg=4 values=0,0,0,0
constant kind=vs type=i reg=5 values=0,0,0,0
constant kind=vs type=i reg=6 values=0,0,0,0
constant kind=vs type=i reg=7 values=0,0,0,0
constant kind=vs type=i reg=8 values=0,0,0,0
constant kind=vs type=i reg=9 values=0,0,0,0
constant kind=vs type=i reg=10 values=0,0,0,0
constant kind=vs type=i reg=11 values=0,0,0,0
constant kind=vs type=i reg=12 values=0,0,0,0
constant kind=vs type=i reg=13 values=0,0,0,0
constant kind=vs type=i reg=14 values=0,0,0,0
constant kind=vs type=i reg=15 values=0,0,0,0
constants kind=vs type=b count=16 result=00000000 encoding=full
constant kind=vs type=b reg=0 values=0
constant kind=vs type=b reg=1 values=0
constant kind=vs type=b reg=2 values=0
constant kind=vs type=b reg=3 values=0
constant kind=vs type=b reg=4 values=0
constant kind=vs type=b reg=5 values=0
constant kind=vs type=b reg=6 values=0
constant kind=vs type=b reg=7 values=0
constant kind=vs type=b reg=8 values=0
constant kind=vs type=b reg=9 values=0
constant kind=vs type=b reg=10 values=0
constant kind=vs type=b reg=11 values=0
constant kind=vs type=b reg=12 values=0
constant kind=vs type=b reg=13 values=0
constant kind=vs type=b reg=14 values=0
constant kind=vs type=b reg=15 values=0
constants kind=ps type=f count=224 result=00000000 encoding=sparse_zero
constant kind=ps type=f reg=0 bits=3f800000,00000000,00000000,00000000
constant kind=ps type=f reg=1 bits=00000000,3f800000,00000000,00000000
constant kind=ps type=f reg=2 bits=00000000,00000000,3f800000,00000000
constant kind=ps type=f reg=3 bits=3e800000,00000000,00000000,00000000
constant kind=ps type=f reg=4 bits=00000000,00000000,3f800000,00000000
constant kind=ps type=f reg=5 bits=3e99999a,3e4ccccd,3dcccccd,00000000
constant kind=ps type=f reg=6 bits=3f000000,00000000,3f000000,00000000
constant kind=ps type=f reg=7 bits=3dcccccd,3e19999a,3e4ccccd,00000000
constant kind=ps type=f reg=216 bits=43480000,43490000,434a0000,434b0000
constant kind=ps type=f reg=217 bits=434c0000,434d0000,434e0000,434f0000
constants kind=ps type=i count=16 result=00000000 encoding=full
constant kind=ps type=i reg=0 values=0,0,0,0
constant kind=ps type=i reg=1 values=0,0,0,0
constant kind=ps type=i reg=2 values=0,0,0,0
constant kind=ps type=i reg=3 values=0,0,0,0
constant kind=ps type=i reg=4 values=0,0,0,0
constant kind=ps type=i reg=5 values=0,0,0,0
constant kind=ps type=i reg=6 values=0,0,0,0
constant kind=ps type=i reg=7 values=0,0,0,0
constant kind=ps type=i reg=8 values=0,0,0,0
constant kind=ps type=i reg=9 values=0,0,0,0
constant kind=ps type=i reg=10 values=0,0,0,0
constant kind=ps type=i reg=11 values=0,0,0,0
constant kind=ps type=i reg=12 values=0,0,0,0
constant kind=ps type=i reg=13 values=0,0,0,0
constant kind=ps type=i reg=14 values=0,0,0,0
constant kind=ps type=i reg=15 values=0,0,0,0
constants kind=ps type=b count=16 result=00000000 encoding=full
constant kind=ps type=b reg=0 values=0
constant kind=ps type=b reg=1 values=0
constant kind=ps type=b reg=2 values=0
constant kind=ps type=b reg=3 values=0
constant kind=ps type=b reg=4 values=0
constant kind=ps type=b reg=5 values=0
constant kind=ps type=b reg=6 values=0
constant kind=ps type=b reg=7 values=0
constant kind=ps type=b reg=8 values=0
constant kind=ps type=b reg=9 values=0
constant kind=ps type=b reg=10 values=0
constant kind=ps type=b reg=11 values=0
constant kind=ps type=b reg=12 values=0
constant kind=ps type=b reg=13 values=0
constant kind=ps type=b reg=14 values=0
constant kind=ps type=b reg=15 values=0
draw_args start_vertex=0
motion_route device=1 frame=7 index=3 gate=5 routed=1 matched=0 depth=1 jittered=1 vs=53a0a641107ed76c ps=8759c7838bbc86c2 node=00000000 camera=00000000 node_handle=0 camera_handle=0 node_serial=0 camera_serial=0 load_epoch=0 registry_epoch=0 model=00000000 lod=00000000 vb=6 ib=0 declaration=0cdf6a8c884ad955 offset=0 stride=24 position_offset=0 position_type=16 topology=4 first=0 primitives=1 base_vertex=0 min_vertex=0 vertex_count=0 indexed=0 pass=1 rows_hash=1b0c97ae01a7ec05 result=00000000
motion_input device=1 frame=7 index=3 blockers=00000210 proofs=28 position_path=1 vs=53a0a641107ed76c ps=8759c7838bbc86c2 declaration=0cdf6a8c884ad955 rows_hash=1b0c97ae01a7ec05 color=1 depth=2 width=64 height=64 cull=1 vb=6 vb_revision=0 ib=0 ib_revision=0 position_offset=0 position_type=16 lifetime_verified=0 vertex_finite_verified=0
motion_geometry device=1 frame=7 index=3 source_qualified=1 source_hash=53a0a641107ed76c source_words=526 finite_requested=0 finite_state=0 finite_reason=4 finite_status=00000001 finite_generation=0 finite_revision=0 index_required=0 index_requested=0 index_known=0 index_range_verified=0 index_exact=0 index_min=0 index_max=0 index_reason=1 index_status=00000001 index_generation=0 index_revision=0
draw_result device=1 frame=7 index=3 result=00000000
motion_output_cut device=1 frame=7 samples=0 median_px=0.0000 keyed=0 missing=0 missing_fraction=0.0000 bound_px=2.400 bound_missing=0.250 cut=0
capture_event device=1 frame=7 seq=6 after_draw=3 op=set_depth result=00000000 qpc=9701452167147
set_depth ptr=00000000 result=00000000
surface role=depth_binding ptr=0 identity=0
hdr_readback device=1 frame=7 file=hdr_1_7.rgba16f width=64 height=64 format=rgba16f_row_major result=00000000 bytes=32768
motion_output_color_readback device=1 frame=7 file=color_1_7.bgra8 width=64 height=64 format=bgra8_row_major result=00000000 bytes=16384
motion_output_taa_readback device=1 frame=7 file=taa_1_7.rgba16f width=64 height=64 format=rgba16f_row_major result=00000000 bytes=32768
motion_output_present_readback device=1 frame=7 file=present_1_7.bgra8 width=64 height=64 format=bgra8_row_major result=00000000 bytes=16384
capture_event device=1 frame=7 seq=7 after_draw=3 op=stretch_rect result=00000000 qpc=9701452201278
stretch_rect source=00118c60 dest=0215aa58 filter=0 source_rect_null=1 dest_rect_null=1
surface role=stretch_source ptr=00118c60 identity=1 width=64 height=64 format=21 usage=1 msaa=0 container=0 container_type=0 container_result=80004002
surface role=stretch_dest ptr=0215aa58 identity=7 width=64 height=64 format=21 usage=1 msaa=0 container=8 container_type=3 container_result=00000000
capture_event device=1 frame=7 seq=8 after_draw=3 op=set_depth result=00000000 qpc=9701452219643
set_depth ptr=00118ca0 result=00000000
surface role=depth_binding ptr=00118ca0 identity=2 width=64 height=64 format=77 usage=2 msaa=0 container=0 container_type=0 container_result=80004002
motion_output_readback device=1 frame=7 file=motion_1_7.rgba32f width=64 height=64 format=rgba32f_row_major result=00000000 bytes=65536
motion_output_depth_readback device=1 frame=7 file=depth_1_7.r32f width=64 height=64 format=r32f_row_major result=00000000 bytes=16384
motion_output_frame device=1 frame=7 latched=1 filled=1 fill_result=00000000 fill_restore=00000000 draws=3 routed=1 matched=0 gate1=0 gate2=1 gate3=1 gate4=0 gate5=1 gate6=0 apply_failures=0 restore_failures=0 history_previous=0 history_current=0 committed=1 selector_state=9 present=00000000 depth=1 depth_routed=1 jitter=1 jitter_index=7 jitter_x=-0.437500 jitter_y=0.388889 jitter_previous_x=0.375000 jitter_previous_y=0.055556 jittered=2 cut=0 cut_median_px=0.0000 cut_missing=0.0000 cut_samples=0 taa=1 taa_attempted=1 taa_resolved=1 taa_history=1 taa_skip=0 taa_result=00000000 taa_restore=00000000 taa_copy=00000001 taa_hdr=1 taa_k=0.00000 taa_sharpen=0 scene_open=0 active_queries=0 taa_references=6 camera_valid=0 camera_background_valid=0 camera_reads=0 camera_policy=1 camera_reason=2 camera_cut=0 camera_rotation_deg=0.0000 rt_mode=perdraw timing=cpu_qpc set_rt=4 lazy_flushes=0 jitter_writes=4 readbacks=6 gate_us=7.9 route_draw_us=9.0 set_rt_us=5.1 lazy_flush_us=0.0 jitter_us=1.0 fill_us=82.0 taa_run_us=168.4 taa_capture_us=5.5 taa_copy_color_us=0.1 taa_copy_depth_us=3.0 taa_draw_us=142.6 taa_apply_us=10.6 taa_copy_back_us=0.0 readback_us=3734.5 state_shadow=1 rs_queries=12 rs_hits=2 rs_gets=24 rs_resyncs=2 sb_resyncs=2 scene_hook=0 scene_end_source=stretchrect scene_end_check=3 hook_signals=0 hook_outside_scene=0 hook_state=0 draws_after_hook=0 bloom_copy_seen=1 mip_bias=0 mip_bias_sets=0 mip_bias_restores=0 mip_bias_draws=0 mip_bias_stages=0000 mip_bias_reads=0 mip_bias_game_writes=0 mip_bias_game_writes_total=0 mip_bias_failures=0 mip_bias_biased_now=0000
camera_state device=1 frame=7 status=executable_mismatch reads=0 valid=0 read_failure=0 failure=0 projection=00000000 view=00000000 p00=0 p11=0 p20=0 p21=0 r00=0 r01=0 r02=0 r10=0 r11=0 r12=0 r20=0 r21=0 r22=0 t=0,0,0 background_valid=0 background_p00=0 background_p11=0 background_rotation_deg=0.0000 history_view_valid=0 history_view_frame=7 rotation_deg=0.0000 policy=1 reason=2 camera_cut=0 mode=0 cut_deg=20.00
hdr_frame device=1 frame=7 hdr=1 redirected=1 end=bloom_copy writebacks=2 flushes=1 writeback_source=shader unwind=0 unwind_reason=none unwind_draw=00000001 unwind_restore=00000001 unwind_stretch=00000001 unwind_bind=00000001 blocked=0 recheck=none suspended=0 resumed=0 dirty_at_present=0 refused_msaa=0 target_create=00000000 latch_bind=00000000 target=64x64 target_bytes=32768 caps=ok stretch_conversion=00000000 timing=cpu_qpc redirect_us=4.4 writeback_us=108.7 writeback_draw_us=107.1 writeback_stretch_us=0.0 bind_us=0.0 recheck_us=0.0 tonemap=identity tonemapped=0 look=none decode=gamma2.2 clamp=0 exposure=auto ev=0.00000 ev_adapted=0.00000 ev_target=0.00000 avg_log_l=0.00000 luma_mean=1 dt_ms=0.000 stepped=0 steps=0 meter=00000001 readback=00000001 tonemap_draw=00000001 fallback=0 meter_us=0.0 readback_us=0.0 k=0.00000 chain_bytes=0 sharpen=off sharpened=0 sharpen_fallback=0
frame_end device=1 frame=7 draws=3 capture=1 present=00000000 elapsed_ms=1025 dt_ms=10 qpc=9701452230807
frame_begin device=1 frame=8
capture_event device=1 frame=8 seq=1 after_draw=0 op=clear result=00000000 qpc=9701452231281
clear flags=3 color=ff203040 z=1 stencil=0 rect_count=0 rect_ptr=00000000
surface role=clear_rt0 ptr=00118c60 identity=1 width=64 height=64 format=21 usage=1 msaa=0 container=0 container_type=0 container_result=80004002
surface role=clear_depth ptr=00118ca0 identity=2 width=64 height=64 format=77 usage=2 msaa=0 container=0 container_type=0 container_result=80004002
clear_viewport result=00000000 x=0 y=0 w=64 h=64 minz=0 maxz=1
capture_event device=1 frame=8 seq=2 after_draw=0 op=draw_begin result=00000000 qpc=9701452232166
draw device=1 frame=8 index=1 kind=primitive topology=4 primitives=1 vs=53a0a641107ed76c ps=98731d5594e36226
geometry source=buffers
stream slot=0 result=00000000 identity=3 offset=0 stride=24 frequency=1 frequency_result=00000000
vertex_buffer identity=3 bytes=72 usage=0 pool=1 fvf=0
buffer_content kind=vertex identity=3 result=80070057 status=00000001 requested=0 known=0 ambiguous=0 revision=0 pending=0 flags=00000000
stream slot=1 result=00000000 identity=0
stream slot=2 result=00000000 identity=0
stream slot=3 result=00000000 identity=0
stream slot=4 result=00000000 identity=0
stream slot=5 result=00000000 identity=0
stream slot=6 result=00000000 identity=0
stream slot=7 result=00000000 identity=0
stream slot=8 result=00000000 identity=0
stream slot=9 result=00000000 identity=0
stream slot=10 result=00000000 identity=0
stream slot=11 result=00000000 identity=0
stream slot=12 result=00000000 identity=0
stream slot=13 result=00000000 identity=0
stream slot=14 result=00000000 identity=0
stream slot=15 result=00000000 identity=0
indices result=00000000 identity=0
surface role=rt0 ptr=00118c60 identity=1 width=64 height=64 format=21 usage=1 msaa=0 container=0 container_type=0 container_result=80004002
surface role=depth ptr=00118ca0 identity=2 width=64 height=64 format=77 usage=2 msaa=0 container=0 container_type=0 container_result=80004002
state id=7 value=0
state id=14 value=0
state id=23 value=4
state id=15 value=1
state id=24 value=0
state id=25 value=8
state id=27 value=1
state id=19 value=2
state id=20 value=1
state id=171 value=1
state id=22 value=2
state id=168 value=7
state id=194 value=0
state id=206 value=0
state id=52 value=1
state id=56 value=8
state id=57 value=0
state id=58 value=4294967295
state id=59 value=4294967295
state id=53 value=1
state id=54 value=1
state id=55 value=1
state id=185 value=0
state id=189 value=8
state id=186 value=1
state id=187 value=1
state id=188 value=1
viewport x=0 y=0 w=64 h=64 minz=0 maxz=1
texture stage=0 ptr=0214d8d0 type=3 identity=9 levels=1
texture_desc stage=0 w=2 h=2 format=21
sampler stage=0 state=6 value=1
sampler stage=0 state=5 value=1
sampler stage=0 state=7 value=0
sampler stage=0 state=10 value=1
sampler stage=0 state=11 value=0
sampler stage=0 state=8 value=0 bias=0
sampler stage=0 state=9 value=0
texture stage=1 ptr=0214d950 type=3 identity=10 levels=1
texture_desc stage=1 w=2 h=2 format=21
sampler stage=1 state=6 value=1
sampler stage=1 state=5 value=1
sampler stage=1 state=7 value=0
sampler stage=1 state=10 value=1
sampler stage=1 state=11 value=0
sampler stage=1 state=8 value=0 bias=0
sampler stage=1 state=9 value=0
texture stage=2 ptr=0214d9d0 type=3 identity=11 levels=1
texture_desc stage=2 w=2 h=2 format=21
sampler stage=2 state=6 value=1
sampler stage=2 state=5 value=1
sampler stage=2 state=7 value=0
sampler stage=2 state=10 value=1
sampler stage=2 state=11 value=0
sampler stage=2 state=8 value=0 bias=0
sampler stage=2 state=9 value=0
texture stage=3 ptr=0214dd50 type=5 identity=12 levels=1
sampler stage=3 state=6 value=1
sampler stage=3 state=5 value=1
sampler stage=3 state=7 value=0
sampler stage=3 state=10 value=1
sampler stage=3 state=11 value=0
sampler stage=3 state=8 value=0 bias=0
sampler stage=3 state=9 value=0
sampler stage=4 state=6 value=1
sampler stage=4 state=5 value=1
sampler stage=4 state=7 value=0
sampler stage=4 state=10 value=1
sampler stage=4 state=11 value=0
sampler stage=4 state=8 value=0 bias=0
sampler stage=4 state=9 value=0
sampler stage=5 state=6 value=1
sampler stage=5 state=5 value=1
sampler stage=5 state=7 value=0
sampler stage=5 state=10 value=1
sampler stage=5 state=11 value=0
sampler stage=5 state=8 value=0 bias=0
sampler stage=5 state=9 value=0
sampler stage=6 state=6 value=1
sampler stage=6 state=5 value=1
sampler stage=6 state=7 value=0
sampler stage=6 state=10 value=1
sampler stage=6 state=11 value=0
sampler stage=6 state=8 value=0 bias=0
sampler stage=6 state=9 value=0
sampler stage=7 state=6 value=1
sampler stage=7 state=5 value=1
sampler stage=7 state=7 value=0
sampler stage=7 state=10 value=1
sampler stage=7 state=11 value=0
sampler stage=7 state=8 value=0 bias=0
sampler stage=7 state=9 value=0
sampler stage=8 state=6 value=1
sampler stage=8 state=5 value=1
sampler stage=8 state=7 value=0
sampler stage=8 state=10 value=1
sampler stage=8 state=11 value=0
sampler stage=8 state=8 value=0 bias=0
sampler stage=8 state=9 value=0
sampler stage=9 state=6 value=1
sampler stage=9 state=5 value=1
sampler stage=9 state=7 value=0
sampler stage=9 state=10 value=1
sampler stage=9 state=11 value=0
sampler stage=9 state=8 value=0 bias=0
sampler stage=9 state=9 value=0
sampler stage=10 state=6 value=1
sampler stage=10 state=5 value=1
sampler stage=10 state=7 value=0
sampler stage=10 state=10 value=1
sampler stage=10 state=11 value=0
sampler stage=10 state=8 value=0 bias=0
sampler stage=10 state=9 value=0
sampler stage=11 state=6 value=1
sampler stage=11 state=5 value=1
sampler stage=11 state=7 value=0
sampler stage=11 state=10 value=1
sampler stage=11 state=11 value=0
sampler stage=11 state=8 value=0 bias=0
sampler stage=11 state=9 value=0
sampler stage=12 state=6 value=1
sampler stage=12 state=5 value=1
sampler stage=12 state=7 value=0
sampler stage=12 state=10 value=1
sampler stage=12 state=11 value=0
sampler stage=12 state=8 value=0 bias=0
sampler stage=12 state=9 value=0
sampler stage=13 state=6 value=1
sampler stage=13 state=5 value=1
sampler stage=13 state=7 value=0
sampler stage=13 state=10 value=1
sampler stage=13 state=11 value=0
sampler stage=13 state=8 value=0 bias=0
sampler stage=13 state=9 value=0
sampler stage=14 state=6 value=1
sampler stage=14 state=5 value=1
sampler stage=14 state=7 value=0
sampler stage=14 state=10 value=1
sampler stage=14 state=11 value=0
sampler stage=14 state=8 value=0 bias=0
sampler stage=14 state=9 value=0
sampler stage=15 state=6 value=1
sampler stage=15 state=5 value=1
sampler stage=15 state=7 value=0
sampler stage=15 state=10 value=1
sampler stage=15 state=11 value=0
sampler stage=15 state=8 value=0 bias=0
sampler stage=15 state=9 value=0
vertex_element stream=0 offset=0 type=16 method=0 usage=0 index=0
vertex_element stream=0 offset=8 type=16 method=0 usage=5 index=0
vertex_element stream=0 offset=16 type=16 method=0 usage=3 index=0
vertex_element stream=255 offset=0 type=17 method=0 usage=0 index=0
transform state=256 row=0 values=1,0,0,0
transform state=256 row=1 values=0,1,0,0
transform state=256 row=2 values=0,0,1,0
transform state=256 row=3 values=0,0,0,1
transform state=2 row=0 values=1,0,0,0
transform state=2 row=1 values=0,1,0,0
transform state=2 row=2 values=0,0,1,0
transform state=2 row=3 values=0,0,0,1
transform state=3 row=0 values=1,0,0,0
transform state=3 row=1 values=0,1,0,0
transform state=3 row=2 values=0,0,1,0
transform state=3 row=3 values=0,0,0,1
constants kind=vs type=f count=256 result=00000000 encoding=sparse_zero
constant kind=vs type=f reg=0 bits=bf800000,3f800000,40400000,00000000
constant kind=vs type=f reg=1 bits=3d23d70a,3ccccccd,3c75c28f,00000000
constant kind=vs type=f reg=2 bits=3f800000,3d4ccccd,00000000,00000000
constant kind=vs type=f reg=3 bits=00000000,3f800000,40400000,00000000
constant kind=vs type=f reg=4 bits=3d23d70a,3ccccccd,3c75c28f,00000000
constant kind=vs type=f reg=5 bits=3f800000,3d4ccccd,00000000,00000000
constant kind=vs type=f reg=6 bits=3f800000,3f800000,40400000,00000000
constant kind=vs type=f reg=7 bits=3d23d70a,3ccccccd,3c75c28f,00000000
constant kind=vs type=f reg=8 bits=3f800000,3d4ccccd,00000000,00000000
constant kind=vs type=f reg=9 bits=bf800000,3f800000,40400000,00000000
constant kind=vs type=f reg=10 bits=3d23d70a,3ccccccd,3c75c28f,00000000
constant kind=vs type=f reg=11 bits=3f800000,3d4ccccd,00000000,00000000
constant kind=vs type=f reg=12 bits=00000000,3f800000,40400000,00000000
constant kind=vs type=f reg=13 bits=3d23d70a,3ccccccd,3c75c28f,00000000
constant kind=vs type=f reg=14 bits=3f800000,3d4ccccd,00000000,00000000
constant kind=vs type=f reg=15 bits=3f800000,3f800000,40400000,00000000
constant kind=vs type=f reg=16 bits=3d23d70a,3ccccccd,3c75c28f,00000000
constant kind=vs type=f reg=17 bits=3f800000,3d4ccccd,00000000,00000000
constant kind=vs type=f reg=18 bits=bf800000,3f800000,40400000,00000000
constant kind=vs type=f reg=19 bits=3d23d70a,3ccccccd,3c75c28f,00000000
constant kind=vs type=f reg=20 bits=3f800000,3d4ccccd,00000000,00000000
constant kind=vs type=f reg=21 bits=00000000,3f800000,40400000,00000000
constant kind=vs type=f reg=22 bits=3d23d70a,3ccccccd,3c75c28f,00000000
constant kind=vs type=f reg=23 bits=3f800000,3d4ccccd,00000000,00000000
constant kind=vs type=f reg=24 bits=3f800000,00000000,00000000,00000000
constant kind=vs type=f reg=25 bits=00000000,3f800000,00000000,00000000
constant kind=vs type=f reg=26 bits=00000000,00000000,3f800000,00000000
constant kind=vs type=f reg=27 bits=00000000,00000000,00000000,3f800000
constant kind=vs type=f reg=28 bits=3f800000,00000000,00000000,00000000
constant kind=vs type=f reg=29 bits=00000000,3f800000,00000000,00000000
constant kind=vs type=f reg=30 bits=00000000,00000000,3f800000,00000000
constant kind=vs type=f reg=31 bits=3f800000,00000000,00000000,00000000
constant kind=vs type=f reg=32 bits=00000000,3f800000,00000000,00000000
constant kind=vs type=f reg=33 bits=00000000,00000000,3f800000,00000000
constant kind=vs type=f reg=34 bits=3f800000,00000000,00000000,00000000
constant kind=vs type=f reg=35 bits=00000000,3f800000,00000000,00000000
constant kind=vs type=f reg=36 bits=00000000,00000000,3f800000,40800000
constant kind=vs type=f reg=37 bits=3f800000,00000000,00000000,00000000
constant kind=vs type=f reg=38 bits=00000000,3f800000,00000000,00000000
constant kind=vs type=f reg=39 bits=3f200000,00000000,00000000,00000000
constant kind=vs type=f reg=40 bits=3e4ccccd,3dcccccd,3d4ccccd,00000000
constant kind=vs type=f reg=41 bits=3f800000,00000000,00000000,00000000
constant kind=vs type=f reg=252 bits=42c80000,42ca0000,42cc0000,42ce0000
constant kind=vs type=f reg=253 bits=42d00000,42d20000,42d40000,42d60000
constant kind=vs type=f reg=254 bits=42d80000,42da0000,42dc0000,42de0000
constant kind=vs type=f reg=255 bits=42e00000,42e20000,42e40000,42e60000
constants kind=vs type=i count=16 result=00000000 encoding=full
constant kind=vs type=i reg=0 values=1,0,1,0
constant kind=vs type=i reg=1 values=0,0,0,0
constant kind=vs type=i reg=2 values=0,0,0,0
constant kind=vs type=i reg=3 values=0,0,0,0
constant kind=vs type=i reg=4 values=0,0,0,0
constant kind=vs type=i reg=5 values=0,0,0,0
constant kind=vs type=i reg=6 values=0,0,0,0
constant kind=vs type=i reg=7 values=0,0,0,0
constant kind=vs type=i reg=8 values=0,0,0,0
constant kind=vs type=i reg=9 values=0,0,0,0
constant kind=vs type=i reg=10 values=0,0,0,0
constant kind=vs type=i reg=11 values=0,0,0,0
constant kind=vs type=i reg=12 values=0,0,0,0
constant kind=vs type=i reg=13 values=0,0,0,0
constant kind=vs type=i reg=14 values=0,0,0,0
constant kind=vs type=i reg=15 values=0,0,0,0
constants kind=vs type=b count=16 result=00000000 encoding=full
constant kind=vs type=b reg=0 values=0
constant kind=vs type=b reg=1 values=0
constant kind=vs type=b reg=2 values=0
constant kind=vs type=b reg=3 values=0
constant kind=vs type=b reg=4 values=0
constant kind=vs type=b reg=5 values=0
constant kind=vs type=b reg=6 values=0
constant kind=vs type=b reg=7 values=0
constant kind=vs type=b reg=8 values=0
constant kind=vs type=b reg=9 values=0
constant kind=vs type=b reg=10 values=0
constant kind=vs type=b reg=11 values=0
constant kind=vs type=b reg=12 values=0
constant kind=vs type=b reg=13 values=0
constant kind=vs type=b reg=14 values=0
constant kind=vs type=b reg=15 values=0
constants kind=ps type=f count=224 result=00000000 encoding=sparse_zero
constant kind=ps type=f reg=0 bits=3f800000,00000000,00000000,00000000
constant kind=ps type=f reg=1 bits=00000000,3f800000,00000000,00000000
constant kind=ps type=f reg=2 bits=00000000,00000000,3f800000,00000000
constant kind=ps type=f reg=3 bits=3e800000,00000000,00000000,00000000
constant kind=ps type=f reg=4 bits=00000000,00000000,3f800000,00000000
constant kind=ps type=f reg=5 bits=3e99999a,3e4ccccd,3dcccccd,00000000
constant kind=ps type=f reg=6 bits=3f000000,00000000,3f000000,00000000
constant kind=ps type=f reg=7 bits=3dcccccd,3e19999a,3e4ccccd,00000000
constant kind=ps type=f reg=216 bits=43480000,43490000,434a0000,434b0000
constant kind=ps type=f reg=217 bits=434c0000,434d0000,434e0000,434f0000
constants kind=ps type=i count=16 result=00000000 encoding=full
constant kind=ps type=i reg=0 values=0,0,0,0
constant kind=ps type=i reg=1 values=0,0,0,0
constant kind=ps type=i reg=2 values=0,0,0,0
constant kind=ps type=i reg=3 values=0,0,0,0
constant kind=ps type=i reg=4 values=0,0,0,0
constant kind=ps type=i reg=5 values=0,0,0,0
constant kind=ps type=i reg=6 values=0,0,0,0
constant kind=ps type=i reg=7 values=0,0,0,0
constant kind=ps type=i reg=8 values=0,0,0,0
constant kind=ps type=i reg=9 values=0,0,0,0
constant kind=ps type=i reg=10 values=0,0,0,0
constant kind=ps type=i reg=11 values=0,0,0,0
constant kind=ps type=i reg=12 values=0,0,0,0
constant kind=ps type=i reg=13 values=0,0,0,0
constant kind=ps type=i reg=14 values=0,0,0,0
constant kind=ps type=i reg=15 values=0,0,0,0
constants kind=ps type=b count=16 result=00000000 encoding=full
constant kind=ps type=b reg=0 values=0
constant kind=ps type=b reg=1 values=0
constant kind=ps type=b reg=2 values=0
constant kind=ps type=b reg=3 values=0
constant kind=ps type=b reg=4 values=0
constant kind=ps type=b reg=5 values=0
constant kind=ps type=b reg=6 values=0
constant kind=ps type=b reg=7 values=0
constant kind=ps type=b reg=8 values=0
constant kind=ps type=b reg=9 values=0
constant kind=ps type=b reg=10 values=0
constant kind=ps type=b reg=11 values=0
constant kind=ps type=b reg=12 values=0
constant kind=ps type=b reg=13 values=0
constant kind=ps type=b reg=14 values=0
constant kind=ps type=b reg=15 values=0
draw_args start_vertex=0
motion_input device=1 frame=8 index=1 blockers=00000252 proofs=20 position_path=1 vs=53a0a641107ed76c ps=98731d5594e36226 declaration=0cdf6a8c884ad955 rows_hash=1b0c97ae01a7ec05 color=1 depth=2 width=64 height=64 cull=2 vb=3 vb_revision=0 ib=0 ib_revision=0 position_offset=0 position_type=16 lifetime_verified=0 vertex_finite_verified=0
motion_geometry device=1 frame=8 index=1 source_qualified=1 source_hash=53a0a641107ed76c source_words=526 finite_requested=0 finite_state=0 finite_reason=4 finite_status=00000001 finite_generation=0 finite_revision=0 index_required=0 index_requested=0 index_known=0 index_range_verified=0 index_exact=0 index_min=0 index_max=0 index_reason=1 index_status=00000001 index_generation=0 index_revision=0
draw_result device=1 frame=8 index=1 result=00000000
capture_event device=1 frame=8 seq=3 after_draw=1 op=clear result=00000000 qpc=9701452241489
clear flags=2 color=00000000 z=1 stencil=0 rect_count=0 rect_ptr=00000000
surface role=clear_rt0 ptr=00118c60 identity=1 width=64 height=64 format=21 usage=1 msaa=0 container=0 container_type=0 container_result=80004002
surface role=clear_depth ptr=00118ca0 identity=2 width=64 height=64 format=77 usage=2 msaa=0 container=0 container_type=0 container_result=80004002
clear_viewport result=00000000 x=0 y=0 w=64 h=64 minz=0 maxz=1
capture_event device=1 frame=8 seq=4 after_draw=1 op=draw_begin result=00000000 qpc=9701452246416
draw device=1 frame=8 index=2 kind=primitive topology=4 primitives=1 vs=53a0a641107ed76c ps=8759c7838bbc86c2
geometry source=buffers
stream slot=0 result=00000000 identity=3 offset=0 stride=24 frequency=1 frequency_result=00000000
vertex_buffer identity=3 bytes=72 usage=0 pool=1 fvf=0
buffer_content kind=vertex identity=3 result=80070057 status=00000001 requested=0 known=0 ambiguous=0 revision=0 pending=0 flags=00000000
stream slot=1 result=00000000 identity=0
stream slot=2 result=00000000 identity=0
stream slot=3 result=00000000 identity=0
stream slot=4 result=00000000 identity=0
stream slot=5 result=00000000 identity=0
stream slot=6 result=00000000 identity=0
stream slot=7 result=00000000 identity=0
stream slot=8 result=00000000 identity=0
stream slot=9 result=00000000 identity=0
stream slot=10 result=00000000 identity=0
stream slot=11 result=00000000 identity=0
stream slot=12 result=00000000 identity=0
stream slot=13 result=00000000 identity=0
stream slot=14 result=00000000 identity=0
stream slot=15 result=00000000 identity=0
indices result=00000000 identity=0
surface role=rt0 ptr=00118c60 identity=1 width=64 height=64 format=21 usage=1 msaa=0 container=0 container_type=0 container_result=80004002
surface role=depth ptr=00118ca0 identity=2 width=64 height=64 format=77 usage=2 msaa=0 container=0 container_type=0 container_result=80004002
state id=7 value=1
state id=14 value=1
state id=23 value=4
state id=15 value=0
state id=24 value=0
state id=25 value=8
state id=27 value=0
state id=19 value=2
state id=20 value=1
state id=171 value=1
state id=22 value=1
state id=168 value=15
state id=194 value=0
state id=206 value=0
state id=52 value=0
state id=56 value=8
state id=57 value=0
state id=58 value=4294967295
state id=59 value=4294967295
state id=53 value=1
state id=54 value=1
state id=55 value=1
state id=185 value=0
state id=189 value=8
state id=186 value=1
state id=187 value=1
state id=188 value=1
viewport x=0 y=0 w=64 h=64 minz=0 maxz=1
texture stage=0 ptr=0214d8d0 type=3 identity=9 levels=1
texture_desc stage=0 w=2 h=2 format=21
sampler stage=0 state=6 value=1
sampler stage=0 state=5 value=1
sampler stage=0 state=7 value=0
sampler stage=0 state=10 value=1
sampler stage=0 state=11 value=0
sampler stage=0 state=8 value=0 bias=0
sampler stage=0 state=9 value=0
texture stage=1 ptr=0214d950 type=3 identity=10 levels=1
texture_desc stage=1 w=2 h=2 format=21
sampler stage=1 state=6 value=1
sampler stage=1 state=5 value=1
sampler stage=1 state=7 value=0
sampler stage=1 state=10 value=1
sampler stage=1 state=11 value=0
sampler stage=1 state=8 value=0 bias=0
sampler stage=1 state=9 value=0
texture stage=2 ptr=0214d9d0 type=3 identity=11 levels=1
texture_desc stage=2 w=2 h=2 format=21
sampler stage=2 state=6 value=1
sampler stage=2 state=5 value=1
sampler stage=2 state=7 value=0
sampler stage=2 state=10 value=1
sampler stage=2 state=11 value=0
sampler stage=2 state=8 value=0 bias=0
sampler stage=2 state=9 value=0
texture stage=3 ptr=0214dd50 type=5 identity=12 levels=1
sampler stage=3 state=6 value=1
sampler stage=3 state=5 value=1
sampler stage=3 state=7 value=0
sampler stage=3 state=10 value=1
sampler stage=3 state=11 value=0
sampler stage=3 state=8 value=0 bias=0
sampler stage=3 state=9 value=0
sampler stage=4 state=6 value=1
sampler stage=4 state=5 value=1
sampler stage=4 state=7 value=0
sampler stage=4 state=10 value=1
sampler stage=4 state=11 value=0
sampler stage=4 state=8 value=0 bias=0
sampler stage=4 state=9 value=0
sampler stage=5 state=6 value=1
sampler stage=5 state=5 value=1
sampler stage=5 state=7 value=0
sampler stage=5 state=10 value=1
sampler stage=5 state=11 value=0
sampler stage=5 state=8 value=0 bias=0
sampler stage=5 state=9 value=0
sampler stage=6 state=6 value=1
sampler stage=6 state=5 value=1
sampler stage=6 state=7 value=0
sampler stage=6 state=10 value=1
sampler stage=6 state=11 value=0
sampler stage=6 state=8 value=0 bias=0
sampler stage=6 state=9 value=0
sampler stage=7 state=6 value=1
sampler stage=7 state=5 value=1
sampler stage=7 state=7 value=0
sampler stage=7 state=10 value=1
sampler stage=7 state=11 value=0
sampler stage=7 state=8 value=0 bias=0
sampler stage=7 state=9 value=0
sampler stage=8 state=6 value=1
sampler stage=8 state=5 value=1
sampler stage=8 state=7 value=0
sampler stage=8 state=10 value=1
sampler stage=8 state=11 value=0
sampler stage=8 state=8 value=0 bias=0
sampler stage=8 state=9 value=0
sampler stage=9 state=6 value=1
sampler stage=9 state=5 value=1
sampler stage=9 state=7 value=0
sampler stage=9 state=10 value=1
sampler stage=9 state=11 value=0
sampler stage=9 state=8 value=0 bias=0
sampler stage=9 state=9 value=0
sampler stage=10 state=6 value=1
sampler stage=10 state=5 value=1
sampler stage=10 state=7 value=0
sampler stage=10 state=10 value=1
sampler stage=10 state=11 value=0
sampler stage=10 state=8 value=0 bias=0
sampler stage=10 state=9 value=0
sampler stage=11 state=6 value=1
sampler stage=11 state=5 value=1
sampler stage=11 state=7 value=0
sampler stage=11 state=10 value=1
sampler stage=11 state=11 value=0
sampler stage=11 state=8 value=0 bias=0
sampler stage=11 state=9 value=0
sampler stage=12 state=6 value=1
sampler stage=12 state=5 value=1
sampler stage=12 state=7 value=0
sampler stage=12 state=10 value=1
sampler stage=12 state=11 value=0
sampler stage=12 state=8 value=0 bias=0
sampler stage=12 state=9 value=0
sampler stage=13 state=6 value=1
sampler stage=13 state=5 value=1
sampler stage=13 state=7 value=0
sampler stage=13 state=10 value=1
sampler stage=13 state=11 value=0
sampler stage=13 state=8 value=0 bias=0
sampler stage=13 state=9 value=0
sampler stage=14 state=6 value=1
sampler stage=14 state=5 value=1
sampler stage=14 state=7 value=0
sampler stage=14 state=10 value=1
sampler stage=14 state=11 value=0
sampler stage=14 state=8 value=0 bias=0
sampler stage=14 state=9 value=0
sampler stage=15 state=6 value=1
sampler stage=15 state=5 value=1
sampler stage=15 state=7 value=0
sampler stage=15 state=10 value=1
sampler stage=15 state=11 value=0
sampler stage=15 state=8 value=0 bias=0
sampler stage=15 state=9 value=0
vertex_element stream=0 offset=0 type=16 method=0 usage=0 index=0
vertex_element stream=0 offset=8 type=16 method=0 usage=5 index=0
vertex_element stream=0 offset=16 type=16 method=0 usage=3 index=0
vertex_element stream=255 offset=0 type=17 method=0 usage=0 index=0
transform state=256 row=0 values=1,0,0,0
transform state=256 row=1 values=0,1,0,0
transform state=256 row=2 values=0,0,1,0
transform state=256 row=3 values=0,0,0,1
transform state=2 row=0 values=1,0,0,0
transform state=2 row=1 values=0,1,0,0
transform state=2 row=2 values=0,0,1,0
transform state=2 row=3 values=0,0,0,1
transform state=3 row=0 values=1,0,0,0
transform state=3 row=1 values=0,1,0,0
transform state=3 row=2 values=0,0,1,0
transform state=3 row=3 values=0,0,0,1
constants kind=vs type=f count=256 result=00000000 encoding=sparse_zero
constant kind=vs type=f reg=0 bits=bf800000,3f800000,40400000,00000000
constant kind=vs type=f reg=1 bits=3d23d70a,3ccccccd,3c75c28f,00000000
constant kind=vs type=f reg=2 bits=3f800000,3d4ccccd,00000000,00000000
constant kind=vs type=f reg=3 bits=00000000,3f800000,40400000,00000000
constant kind=vs type=f reg=4 bits=3d23d70a,3ccccccd,3c75c28f,00000000
constant kind=vs type=f reg=5 bits=3f800000,3d4ccccd,00000000,00000000
constant kind=vs type=f reg=6 bits=3f800000,3f800000,40400000,00000000
constant kind=vs type=f reg=7 bits=3d23d70a,3ccccccd,3c75c28f,00000000
constant kind=vs type=f reg=8 bits=3f800000,3d4ccccd,00000000,00000000
constant kind=vs type=f reg=9 bits=bf800000,3f800000,40400000,00000000
constant kind=vs type=f reg=10 bits=3d23d70a,3ccccccd,3c75c28f,00000000
constant kind=vs type=f reg=11 bits=3f800000,3d4ccccd,00000000,00000000
constant kind=vs type=f reg=12 bits=00000000,3f800000,40400000,00000000
constant kind=vs type=f reg=13 bits=3d23d70a,3ccccccd,3c75c28f,00000000
constant kind=vs type=f reg=14 bits=3f800000,3d4ccccd,00000000,00000000
constant kind=vs type=f reg=15 bits=3f800000,3f800000,40400000,00000000
constant kind=vs type=f reg=16 bits=3d23d70a,3ccccccd,3c75c28f,00000000
constant kind=vs type=f reg=17 bits=3f800000,3d4ccccd,00000000,00000000
constant kind=vs type=f reg=18 bits=bf800000,3f800000,40400000,00000000
constant kind=vs type=f reg=19 bits=3d23d70a,3ccccccd,3c75c28f,00000000
constant kind=vs type=f reg=20 bits=3f800000,3d4ccccd,00000000,00000000
constant kind=vs type=f reg=21 bits=00000000,3f800000,40400000,00000000
constant kind=vs type=f reg=22 bits=3d23d70a,3ccccccd,3c75c28f,00000000
constant kind=vs type=f reg=23 bits=3f800000,3d4ccccd,00000000,00000000
constant kind=vs type=f reg=24 bits=3f800000,00000000,00000000,3f400000
constant kind=vs type=f reg=25 bits=00000000,3f800000,00000000,00000000
constant kind=vs type=f reg=26 bits=00000000,00000000,3f800000,00000000
constant kind=vs type=f reg=27 bits=00000000,00000000,00000000,3f800000
constant kind=vs type=f reg=28 bits=3f800000,00000000,00000000,00000000
constant kind=vs type=f reg=29 bits=00000000,3f800000,00000000,00000000
constant kind=vs type=f reg=30 bits=00000000,00000000,3f800000,00000000
constant kind=vs type=f reg=31 bits=3f800000,00000000,00000000,00000000
constant kind=vs type=f reg=32 bits=00000000,3f800000,00000000,00000000
constant kind=vs type=f reg=33 bits=00000000,00000000,3f800000,00000000
constant kind=vs type=f reg=34 bits=3f800000,00000000,00000000,00000000
constant kind=vs type=f reg=35 bits=00000000,3f800000,00000000,00000000
constant kind=vs type=f reg=36 bits=00000000,00000000,3f800000,40800000
constant kind=vs type=f reg=37 bits=3f800000,00000000,00000000,00000000
constant kind=vs type=f reg=38 bits=00000000,3f800000,00000000,00000000
constant kind=vs type=f reg=39 bits=3f200000,00000000,00000000,00000000
constant kind=vs type=f reg=40 bits=3e4ccccd,3dcccccd,3d4ccccd,00000000
constant kind=vs type=f reg=41 bits=3f800000,00000000,00000000,00000000
constant kind=vs type=f reg=252 bits=42c80000,42ca0000,42cc0000,42ce0000
constant kind=vs type=f reg=253 bits=42d00000,42d20000,42d40000,42d60000
constant kind=vs type=f reg=254 bits=42d80000,42da0000,42dc0000,42de0000
constant kind=vs type=f reg=255 bits=42e00000,42e20000,42e40000,42e60000
constants kind=vs type=i count=16 result=00000000 encoding=full
constant kind=vs type=i reg=0 values=1,0,1,0
constant kind=vs type=i reg=1 values=0,0,0,0
constant kind=vs type=i reg=2 values=0,0,0,0
constant kind=vs type=i reg=3 values=0,0,0,0
constant kind=vs type=i reg=4 values=0,0,0,0
constant kind=vs type=i reg=5 values=0,0,0,0
constant kind=vs type=i reg=6 values=0,0,0,0
constant kind=vs type=i reg=7 values=0,0,0,0
constant kind=vs type=i reg=8 values=0,0,0,0
constant kind=vs type=i reg=9 values=0,0,0,0
constant kind=vs type=i reg=10 values=0,0,0,0
constant kind=vs type=i reg=11 values=0,0,0,0
constant kind=vs type=i reg=12 values=0,0,0,0
constant kind=vs type=i reg=13 values=0,0,0,0
constant kind=vs type=i reg=14 values=0,0,0,0
constant kind=vs type=i reg=15 values=0,0,0,0
constants kind=vs type=b count=16 result=00000000 encoding=full
constant kind=vs type=b reg=0 values=0
constant kind=vs type=b reg=1 values=0
constant kind=vs type=b reg=2 values=0
constant kind=vs type=b reg=3 values=0
constant kind=vs type=b reg=4 values=0
constant kind=vs type=b reg=5 values=0
constant kind=vs type=b reg=6 values=0
constant kind=vs type=b reg=7 values=0
constant kind=vs type=b reg=8 values=0
constant kind=vs type=b reg=9 values=0
constant kind=vs type=b reg=10 values=0
constant kind=vs type=b reg=11 values=0
constant kind=vs type=b reg=12 values=0
constant kind=vs type=b reg=13 values=0
constant kind=vs type=b reg=14 values=0
constant kind=vs type=b reg=15 values=0
constants kind=ps type=f count=224 result=00000000 encoding=sparse_zero
constant kind=ps type=f reg=0 bits=3f800000,00000000,00000000,00000000
constant kind=ps type=f reg=1 bits=00000000,3f800000,00000000,00000000
constant kind=ps type=f reg=2 bits=00000000,00000000,3f800000,00000000
constant kind=ps type=f reg=3 bits=3e800000,00000000,00000000,00000000
constant kind=ps type=f reg=4 bits=00000000,00000000,3f800000,00000000
constant kind=ps type=f reg=5 bits=3e99999a,3e4ccccd,3dcccccd,00000000
constant kind=ps type=f reg=6 bits=3f000000,00000000,3f000000,00000000
constant kind=ps type=f reg=7 bits=3dcccccd,3e19999a,3e4ccccd,00000000
constant kind=ps type=f reg=216 bits=43480000,43490000,434a0000,434b0000
constant kind=ps type=f reg=217 bits=434c0000,434d0000,434e0000,434f0000
constants kind=ps type=i count=16 result=00000000 encoding=full
constant kind=ps type=i reg=0 values=0,0,0,0
constant kind=ps type=i reg=1 values=0,0,0,0
constant kind=ps type=i reg=2 values=0,0,0,0
constant kind=ps type=i reg=3 values=0,0,0,0
constant kind=ps type=i reg=4 values=0,0,0,0
constant kind=ps type=i reg=5 values=0,0,0,0
constant kind=ps type=i reg=6 values=0,0,0,0
constant kind=ps type=i reg=7 values=0,0,0,0
constant kind=ps type=i reg=8 values=0,0,0,0
constant kind=ps type=i reg=9 values=0,0,0,0
constant kind=ps type=i reg=10 values=0,0,0,0
constant kind=ps type=i reg=11 values=0,0,0,0
constant kind=ps type=i reg=12 values=0,0,0,0
constant kind=ps type=i reg=13 values=0,0,0,0
constant kind=ps type=i reg=14 values=0,0,0,0
constant kind=ps type=i reg=15 values=0,0,0,0
constants kind=ps type=b count=16 result=00000000 encoding=full
constant kind=ps type=b reg=0 values=0
constant kind=ps type=b reg=1 values=0
constant kind=ps type=b reg=2 values=0
constant kind=ps type=b reg=3 values=0
constant kind=ps type=b reg=4 values=0
constant kind=ps type=b reg=5 values=0
constant kind=ps type=b reg=6 values=0
constant kind=ps type=b reg=7 values=0
constant kind=ps type=b reg=8 values=0
constant kind=ps type=b reg=9 values=0
constant kind=ps type=b reg=10 values=0
constant kind=ps type=b reg=11 values=0
constant kind=ps type=b reg=12 values=0
constant kind=ps type=b reg=13 values=0
constant kind=ps type=b reg=14 values=0
constant kind=ps type=b reg=15 values=0
draw_args start_vertex=0
motion_route device=1 frame=8 index=2 gate=5 routed=1 matched=0 depth=1 jittered=1 vs=53a0a641107ed76c ps=8759c7838bbc86c2 node=00000000 camera=00000000 node_handle=0 camera_handle=0 node_serial=0 camera_serial=0 load_epoch=0 registry_epoch=0 model=00000000 lod=00000000 vb=3 ib=0 declaration=0cdf6a8c884ad955 offset=0 stride=24 position_offset=0 position_type=16 topology=4 first=0 primitives=1 base_vertex=0 min_vertex=0 vertex_count=0 indexed=0 pass=1 rows_hash=712d59ff944d11a8 result=00000000
motion_input device=1 frame=8 index=2 blockers=00000210 proofs=28 position_path=1 vs=53a0a641107ed76c ps=8759c7838bbc86c2 declaration=0cdf6a8c884ad955 rows_hash=712d59ff944d11a8 color=1 depth=2 width=64 height=64 cull=1 vb=3 vb_revision=0 ib=0 ib_revision=0 position_offset=0 position_type=16 lifetime_verified=0 vertex_finite_verified=0
motion_geometry device=1 frame=8 index=2 source_qualified=1 source_hash=53a0a641107ed76c source_words=526 finite_requested=0 finite_state=0 finite_reason=4 finite_status=00000001 finite_generation=0 finite_revision=0 index_required=0 index_requested=0 index_known=0 index_range_verified=0 index_exact=0 index_min=0 index_max=0 index_reason=1 index_status=00000001 index_generation=0 index_revision=0
draw_result device=1 frame=8 index=2 result=00000000
capture_event device=1 frame=8 seq=5 after_draw=2 op=draw_begin result=00000000 qpc=9701452256132
draw device=1 frame=8 index=3 kind=primitive topology=4 primitives=1 vs=53a0a641107ed76c ps=8759c7838bbc86c2
geometry source=buffers
stream slot=0 result=00000000 identity=6 offset=0 stride=24 frequency=1 frequency_result=00000000
vertex_buffer identity=6 bytes=72 usage=0 pool=1 fvf=0
buffer_content kind=vertex identity=6 result=80070057 status=00000001 requested=0 known=0 ambiguous=0 revision=0 pending=0 flags=00000000
stream slot=1 result=00000000 identity=0
stream slot=2 result=00000000 identity=0
stream slot=3 result=00000000 identity=0
stream slot=4 result=00000000 identity=0
stream slot=5 result=00000000 identity=0
stream slot=6 result=00000000 identity=0
stream slot=7 result=00000000 identity=0
stream slot=8 result=00000000 identity=0
stream slot=9 result=00000000 identity=0
stream slot=10 result=00000000 identity=0
stream slot=11 result=00000000 identity=0
stream slot=12 result=00000000 identity=0
stream slot=13 result=00000000 identity=0
stream slot=14 result=00000000 identity=0
stream slot=15 result=00000000 identity=0
indices result=00000000 identity=0
surface role=rt0 ptr=00118c60 identity=1 width=64 height=64 format=21 usage=1 msaa=0 container=0 container_type=0 container_result=80004002
surface role=depth ptr=00118ca0 identity=2 width=64 height=64 format=77 usage=2 msaa=0 container=0 container_type=0 container_result=80004002
state id=7 value=1
state id=14 value=1
state id=23 value=4
state id=15 value=0
state id=24 value=0
state id=25 value=8
state id=27 value=0
state id=19 value=2
state id=20 value=1
state id=171 value=1
state id=22 value=1
state id=168 value=15
state id=194 value=0
state id=206 value=0
state id=52 value=0
state id=56 value=8
state id=57 value=0
state id=58 value=4294967295
state id=59 value=4294967295
state id=53 value=1
state id=54 value=1
state id=55 value=1
state id=185 value=0
state id=189 value=8
state id=186 value=1
state id=187 value=1
state id=188 value=1
viewport x=0 y=0 w=64 h=64 minz=0 maxz=1
texture stage=0 ptr=0214d8d0 type=3 identity=9 levels=1
texture_desc stage=0 w=2 h=2 format=21
sampler stage=0 state=6 value=1
sampler stage=0 state=5 value=1
sampler stage=0 state=7 value=0
sampler stage=0 state=10 value=1
sampler stage=0 state=11 value=0
sampler stage=0 state=8 value=0 bias=0
sampler stage=0 state=9 value=0
texture stage=1 ptr=0214d950 type=3 identity=10 levels=1
texture_desc stage=1 w=2 h=2 format=21
sampler stage=1 state=6 value=1
sampler stage=1 state=5 value=1
sampler stage=1 state=7 value=0
sampler stage=1 state=10 value=1
sampler stage=1 state=11 value=0
sampler stage=1 state=8 value=0 bias=0
sampler stage=1 state=9 value=0
texture stage=2 ptr=0214d9d0 type=3 identity=11 levels=1
texture_desc stage=2 w=2 h=2 format=21
sampler stage=2 state=6 value=1
sampler stage=2 state=5 value=1
sampler stage=2 state=7 value=0
sampler stage=2 state=10 value=1
sampler stage=2 state=11 value=0
sampler stage=2 state=8 value=0 bias=0
sampler stage=2 state=9 value=0
texture stage=3 ptr=0214dd50 type=5 identity=12 levels=1
sampler stage=3 state=6 value=1
sampler stage=3 state=5 value=1
sampler stage=3 state=7 value=0
sampler stage=3 state=10 value=1
sampler stage=3 state=11 value=0
sampler stage=3 state=8 value=0 bias=0
sampler stage=3 state=9 value=0
sampler stage=4 state=6 value=1
sampler stage=4 state=5 value=1
sampler stage=4 state=7 value=0
sampler stage=4 state=10 value=1
sampler stage=4 state=11 value=0
sampler stage=4 state=8 value=0 bias=0
sampler stage=4 state=9 value=0
sampler stage=5 state=6 value=1
sampler stage=5 state=5 value=1
sampler stage=5 state=7 value=0
sampler stage=5 state=10 value=1
sampler stage=5 state=11 value=0
sampler stage=5 state=8 value=0 bias=0
sampler stage=5 state=9 value=0
sampler stage=6 state=6 value=1
sampler stage=6 state=5 value=1
sampler stage=6 state=7 value=0
sampler stage=6 state=10 value=1
sampler stage=6 state=11 value=0
sampler stage=6 state=8 value=0 bias=0
sampler stage=6 state=9 value=0
sampler stage=7 state=6 value=1
sampler stage=7 state=5 value=1
sampler stage=7 state=7 value=0
sampler stage=7 state=10 value=1
sampler stage=7 state=11 value=0
sampler stage=7 state=8 value=0 bias=0
sampler stage=7 state=9 value=0
sampler stage=8 state=6 value=1
sampler stage=8 state=5 value=1
sampler stage=8 state=7 value=0
sampler stage=8 state=10 value=1
sampler stage=8 state=11 value=0
sampler stage=8 state=8 value=0 bias=0
sampler stage=8 state=9 value=0
sampler stage=9 state=6 value=1
sampler stage=9 state=5 value=1
sampler stage=9 state=7 value=0
sampler stage=9 state=10 value=1
sampler stage=9 state=11 value=0
sampler stage=9 state=8 value=0 bias=0
sampler stage=9 state=9 value=0
sampler stage=10 state=6 value=1
sampler stage=10 state=5 value=1
sampler stage=10 state=7 value=0
sampler stage=10 state=10 value=1
sampler stage=10 state=11 value=0
sampler stage=10 state=8 value=0 bias=0
sampler stage=10 state=9 value=0
sampler stage=11 state=6 value=1
sampler stage=11 state=5 value=1
sampler stage=11 state=7 value=0
sampler stage=11 state=10 value=1
sampler stage=11 state=11 value=0
sampler stage=11 state=8 value=0 bias=0
sampler stage=11 state=9 value=0
sampler stage=12 state=6 value=1
sampler stage=12 state=5 value=1
sampler stage=12 state=7 value=0
sampler stage=12 state=10 value=1
sampler stage=12 state=11 value=0
sampler stage=12 state=8 value=0 bias=0
sampler stage=12 state=9 value=0
sampler stage=13 state=6 value=1
sampler stage=13 state=5 value=1
sampler stage=13 state=7 value=0
sampler stage=13 state=10 value=1
sampler stage=13 state=11 value=0
sampler stage=13 state=8 value=0 bias=0
sampler stage=13 state=9 value=0
sampler stage=14 state=6 value=1
sampler stage=14 state=5 value=1
sampler stage=14 state=7 value=0
sampler stage=14 state=10 value=1
sampler stage=14 state=11 value=0
sampler stage=14 state=8 value=0 bias=0
sampler stage=14 state=9 value=0
sampler stage=15 state=6 value=1
sampler stage=15 state=5 value=1
sampler stage=15 state=7 value=0
sampler stage=15 state=10 value=1
sampler stage=15 state=11 value=0
sampler stage=15 state=8 value=0 bias=0
sampler stage=15 state=9 value=0
vertex_element stream=0 offset=0 type=16 method=0 usage=0 index=0
vertex_element stream=0 offset=8 type=16 method=0 usage=5 index=0
vertex_element stream=0 offset=16 type=16 method=0 usage=3 index=0
vertex_element stream=255 offset=0 type=17 method=0 usage=0 index=0
transform state=256 row=0 values=1,0,0,0
transform state=256 row=1 values=0,1,0,0
transform state=256 row=2 values=0,0,1,0
transform state=256 row=3 values=0,0,0,1
transform state=2 row=0 values=1,0,0,0
transform state=2 row=1 values=0,1,0,0
transform state=2 row=2 values=0,0,1,0
transform state=2 row=3 values=0,0,0,1
transform state=3 row=0 values=1,0,0,0
transform state=3 row=1 values=0,1,0,0
transform state=3 row=2 values=0,0,1,0
transform state=3 row=3 values=0,0,0,1
constants kind=vs type=f count=256 result=00000000 encoding=sparse_zero
constant kind=vs type=f reg=0 bits=bf800000,3f800000,40400000,00000000
constant kind=vs type=f reg=1 bits=3d23d70a,3ccccccd,3c75c28f,00000000
constant kind=vs type=f reg=2 bits=3f800000,3d4ccccd,00000000,00000000
constant kind=vs type=f reg=3 bits=00000000,3f800000,40400000,00000000
constant kind=vs type=f reg=4 bits=3d23d70a,3ccccccd,3c75c28f,00000000
constant kind=vs type=f reg=5 bits=3f800000,3d4ccccd,00000000,00000000
constant kind=vs type=f reg=6 bits=3f800000,3f800000,40400000,00000000
constant kind=vs type=f reg=7 bits=3d23d70a,3ccccccd,3c75c28f,00000000
constant kind=vs type=f reg=8 bits=3f800000,3d4ccccd,00000000,00000000
constant kind=vs type=f reg=9 bits=bf800000,3f800000,40400000,00000000
constant kind=vs type=f reg=10 bits=3d23d70a,3ccccccd,3c75c28f,00000000
constant kind=vs type=f reg=11 bits=3f800000,3d4ccccd,00000000,00000000
constant kind=vs type=f reg=12 bits=00000000,3f800000,40400000,00000000
constant kind=vs type=f reg=13 bits=3d23d70a,3ccccccd,3c75c28f,00000000
constant kind=vs type=f reg=14 bits=3f800000,3d4ccccd,00000000,00000000
constant kind=vs type=f reg=15 bits=3f800000,3f800000,40400000,00000000
constant kind=vs type=f reg=16 bits=3d23d70a,3ccccccd,3c75c28f,00000000
constant kind=vs type=f reg=17 bits=3f800000,3d4ccccd,00000000,00000000
constant kind=vs type=f reg=18 bits=bf800000,3f800000,40400000,00000000
constant kind=vs type=f reg=19 bits=3d23d70a,3ccccccd,3c75c28f,00000000
constant kind=vs type=f reg=20 bits=3f800000,3d4ccccd,00000000,00000000
constant kind=vs type=f reg=21 bits=00000000,3f800000,40400000,00000000
constant kind=vs type=f reg=22 bits=3d23d70a,3ccccccd,3c75c28f,00000000
constant kind=vs type=f reg=23 bits=3f800000,3d4ccccd,00000000,00000000
constant kind=vs type=f reg=24 bits=3f800000,00000000,00000000,bd4ccccd
constant kind=vs type=f reg=25 bits=00000000,3f800000,00000000,00000000
constant kind=vs type=f reg=26 bits=00000000,00000000,3f800000,3dcccccd
constant kind=vs type=f reg=27 bits=00000000,00000000,00000000,3f800000
constant kind=vs type=f reg=28 bits=3f800000,00000000,00000000,00000000
constant kind=vs type=f reg=29 bits=00000000,3f800000,00000000,00000000
constant kind=vs type=f reg=30 bits=00000000,00000000,3f800000,00000000
constant kind=vs type=f reg=31 bits=3f800000,00000000,00000000,00000000
constant kind=vs type=f reg=32 bits=00000000,3f800000,00000000,00000000
constant kind=vs type=f reg=33 bits=00000000,00000000,3f800000,00000000
constant kind=vs type=f reg=34 bits=3f800000,00000000,00000000,00000000
constant kind=vs type=f reg=35 bits=00000000,3f800000,00000000,00000000
constant kind=vs type=f reg=36 bits=00000000,00000000,3f800000,40800000
constant kind=vs type=f reg=37 bits=3f800000,00000000,00000000,00000000
constant kind=vs type=f reg=38 bits=00000000,3f800000,00000000,00000000
constant kind=vs type=f reg=39 bits=3f200000,00000000,00000000,00000000
constant kind=vs type=f reg=40 bits=3e4ccccd,3dcccccd,3d4ccccd,00000000
constant kind=vs type=f reg=41 bits=3f800000,00000000,00000000,00000000
constant kind=vs type=f reg=252 bits=42c80000,42ca0000,42cc0000,42ce0000
constant kind=vs type=f reg=253 bits=42d00000,42d20000,42d40000,42d60000
constant kind=vs type=f reg=254 bits=42d80000,42da0000,42dc0000,42de0000
constant kind=vs type=f reg=255 bits=42e00000,42e20000,42e40000,42e60000
constants kind=vs type=i count=16 result=00000000 encoding=full
constant kind=vs type=i reg=0 values=1,0,1,0
constant kind=vs type=i reg=1 values=0,0,0,0
constant kind=vs type=i reg=2 values=0,0,0,0
constant kind=vs type=i reg=3 values=0,0,0,0
constant kind=vs type=i reg=4 values=0,0,0,0
constant kind=vs type=i reg=5 values=0,0,0,0
constant kind=vs type=i reg=6 values=0,0,0,0
constant kind=vs type=i reg=7 values=0,0,0,0
constant kind=vs type=i reg=8 values=0,0,0,0
constant kind=vs type=i reg=9 values=0,0,0,0
constant kind=vs type=i reg=10 values=0,0,0,0
constant kind=vs type=i reg=11 values=0,0,0,0
constant kind=vs type=i reg=12 values=0,0,0,0
constant kind=vs type=i reg=13 values=0,0,0,0
constant kind=vs type=i reg=14 values=0,0,0,0
constant kind=vs type=i reg=15 values=0,0,0,0
constants kind=vs type=b count=16 result=00000000 encoding=full
constant kind=vs type=b reg=0 values=0
constant kind=vs type=b reg=1 values=0
constant kind=vs type=b reg=2 values=0
constant kind=vs type=b reg=3 values=0
constant kind=vs type=b reg=4 values=0
constant kind=vs type=b reg=5 values=0
constant kind=vs type=b reg=6 values=0
constant kind=vs type=b reg=7 values=0
constant kind=vs type=b reg=8 values=0
constant kind=vs type=b reg=9 values=0
constant kind=vs type=b reg=10 values=0
constant kind=vs type=b reg=11 values=0
constant kind=vs type=b reg=12 values=0
constant kind=vs type=b reg=13 values=0
constant kind=vs type=b reg=14 values=0
constant kind=vs type=b reg=15 values=0
constants kind=ps type=f count=224 result=00000000 encoding=sparse_zero
constant kind=ps type=f reg=0 bits=3f800000,00000000,00000000,00000000
constant kind=ps type=f reg=1 bits=00000000,3f800000,00000000,00000000
constant kind=ps type=f reg=2 bits=00000000,00000000,3f800000,00000000
constant kind=ps type=f reg=3 bits=3e800000,00000000,00000000,00000000
constant kind=ps type=f reg=4 bits=00000000,00000000,3f800000,00000000
constant kind=ps type=f reg=5 bits=3e99999a,3e4ccccd,3dcccccd,00000000
constant kind=ps type=f reg=6 bits=3f000000,00000000,3f000000,00000000
constant kind=ps type=f reg=7 bits=3dcccccd,3e19999a,3e4ccccd,00000000
constant kind=ps type=f reg=216 bits=43480000,43490000,434a0000,434b0000
constant kind=ps type=f reg=217 bits=434c0000,434d0000,434e0000,434f0000
constants kind=ps type=i count=16 result=00000000 encoding=full
constant kind=ps type=i reg=0 values=0,0,0,0
constant kind=ps type=i reg=1 values=0,0,0,0
constant kind=ps type=i reg=2 values=0,0,0,0
constant kind=ps type=i reg=3 values=0,0,0,0
constant kind=ps type=i reg=4 values=0,0,0,0
constant kind=ps type=i reg=5 values=0,0,0,0
constant kind=ps type=i reg=6 values=0,0,0,0
constant kind=ps type=i reg=7 values=0,0,0,0
constant kind=ps type=i reg=8 values=0,0,0,0
constant kind=ps type=i reg=9 values=0,0,0,0
constant kind=ps type=i reg=10 values=0,0,0,0
constant kind=ps type=i reg=11 values=0,0,0,0
constant kind=ps type=i reg=12 values=0,0,0,0
constant kind=ps type=i reg=13 values=0,0,0,0
constant kind=ps type=i reg=14 values=0,0,0,0
constant kind=ps type=i reg=15 values=0,0,0,0
constants kind=ps type=b count=16 result=00000000 encoding=full
constant kind=ps type=b reg=0 values=0
constant kind=ps type=b reg=1 values=0
constant kind=ps type=b reg=2 values=0
constant kind=ps type=b reg=3 values=0
constant kind=ps type=b reg=4 values=0
constant kind=ps type=b reg=5 values=0
constant kind=ps type=b reg=6 values=0
constant kind=ps type=b reg=7 values=0
constant kind=ps type=b reg=8 values=0
constant kind=ps type=b reg=9 values=0
constant kind=ps type=b reg=10 values=0
constant kind=ps type=b reg=11 values=0
constant kind=ps type=b reg=12 values=0
constant kind=ps type=b reg=13 values=0
constant kind=ps type=b reg=14 values=0
constant kind=ps type=b reg=15 values=0
draw_args start_vertex=0
motion_route device=1 frame=8 index=3 gate=5 routed=1 matched=0 depth=1 jittered=1 vs=53a0a641107ed76c ps=8759c7838bbc86c2 node=00000000 camera=00000000 node_handle=0 camera_handle=0 node_serial=0 camera_serial=0 load_epoch=0 registry_epoch=0 model=00000000 lod=00000000 vb=6 ib=0 declaration=0cdf6a8c884ad955 offset=0 stride=24 position_offset=0 position_type=16 topology=4 first=0 primitives=1 base_vertex=0 min_vertex=0 vertex_count=0 indexed=0 pass=1 rows_hash=8804f37c47da2009 result=00000000
motion_input device=1 frame=8 index=3 blockers=00000210 proofs=28 position_path=1 vs=53a0a641107ed76c ps=8759c7838bbc86c2 declaration=0cdf6a8c884ad955 rows_hash=8804f37c47da2009 color=1 depth=2 width=64 height=64 cull=1 vb=6 vb_revision=0 ib=0 ib_revision=0 position_offset=0 position_type=16 lifetime_verified=0 vertex_finite_verified=0
motion_geometry device=1 frame=8 index=3 source_qualified=1 source_hash=53a0a641107ed76c source_words=526 finite_requested=0 finite_state=0 finite_reason=4 finite_status=00000001 finite_generation=0 finite_revision=0 index_required=0 index_requested=0 index_known=0 index_range_verified=0 index_exact=0 index_min=0 index_max=0 index_reason=1 index_status=00000001 index_generation=0 index_revision=0
draw_result device=1 frame=8 index=3 result=00000000
motion_output_cut device=1 frame=8 samples=0 median_px=0.0000 keyed=0 missing=0 missing_fraction=0.0000 bound_px=2.400 bound_missing=0.250 cut=0
capture_event device=1 frame=8 seq=6 after_draw=3 op=set_depth result=00000000 qpc=9701452266519
set_depth ptr=00000000 result=00000000
surface role=depth_binding ptr=0 identity=0
hdr_readback device=1 frame=8 file=hdr_1_8.rgba16f width=64 height=64 format=rgba16f_row_major result=00000000 bytes=32768
motion_output_color_readback device=1 frame=8 file=color_1_8.bgra8 width=64 height=64 format=bgra8_row_major result=00000000 bytes=16384
motion_output_taa_readback device=1 frame=8 file=taa_1_8.rgba16f width=64 height=64 format=rgba16f_row_major result=00000000 bytes=32768
motion_output_present_readback device=1 frame=8 file=present_1_8.bgra8 width=64 height=64 format=bgra8_row_major result=00000000 bytes=16384
capture_event device=1 frame=8 seq=7 after_draw=3 op=stretch_rect result=00000000 qpc=9701452301256
stretch_rect source=00118c60 dest=0215aa58 filter=0 source_rect_null=1 dest_rect_null=1
surface role=stretch_source ptr=00118c60 identity=1 width=64 height=64 format=21 usage=1 msaa=0 container=0 container_type=0 container_result=80004002
surface role=stretch_dest ptr=0215aa58 identity=7 width=64 height=64 format=21 usage=1 msaa=0 container=8 container_type=3 container_result=00000000
capture_event device=1 frame=8 seq=8 after_draw=3 op=set_depth result=00000000 qpc=9701452320317
set_depth ptr=00118ca0 result=00000000
surface role=depth_binding ptr=00118ca0 identity=2 width=64 height=64 format=77 usage=2 msaa=0 container=0 container_type=0 container_result=80004002
motion_output_readback device=1 frame=8 file=motion_1_8.rgba32f width=64 height=64 format=rgba32f_row_major result=00000000 bytes=65536
motion_output_depth_readback device=1 frame=8 file=depth_1_8.r32f width=64 height=64 format=r32f_row_major result=00000000 bytes=16384
motion_output_frame device=1 frame=8 latched=1 filled=1 fill_result=00000000 fill_restore=00000000 draws=3 routed=2 matched=0 gate1=0 gate2=1 gate3=0 gate4=0 gate5=2 gate6=0 apply_failures=0 restore_failures=0 history_previous=0 history_current=0 committed=1 selector_state=9 present=00000000 depth=1 depth_routed=2 jitter=1 jitter_index=0 jitter_x=0.000000 jitter_y=-0.166667 jitter_previous_x=-0.437500 jitter_previous_y=0.388889 jittered=2 cut=0 cut_median_px=0.0000 cut_missing=0.0000 cut_samples=0 taa=1 taa_attempted=1 taa_resolved=1 taa_history=1 taa_skip=0 taa_result=00000000 taa_restore=00000000 taa_copy=00000001 taa_hdr=1 taa_k=0.00000 taa_sharpen=0 scene_open=0 active_queries=0 taa_references=6 camera_valid=0 camera_background_valid=0 camera_reads=0 camera_policy=1 camera_reason=2 camera_cut=0 camera_rotation_deg=0.0000 rt_mode=perdraw timing=cpu_qpc set_rt=8 lazy_flushes=0 jitter_writes=4 readbacks=6 gate_us=7.5 route_draw_us=13.8 set_rt_us=5.7 lazy_flush_us=0.0 jitter_us=0.9 fill_us=53.8 taa_run_us=179.3 taa_capture_us=6.0 taa_copy_color_us=0.3 taa_copy_depth_us=3.3 taa_draw_us=151.1 taa_apply_us=12.4 taa_copy_back_us=0.0 readback_us=3808.3 state_shadow=1 rs_queries=18 rs_hits=10 rs_gets=22 rs_resyncs=1 sb_resyncs=1 scene_hook=0 scene_end_source=stretchrect scene_end_check=3 hook_signals=0 hook_outside_scene=0 hook_state=0 draws_after_hook=0 bloom_copy_seen=1 mip_bias=0 mip_bias_sets=0 mip_bias_restores=0 mip_bias_draws=0 mip_bias_stages=0000 mip_bias_reads=0 mip_bias_game_writes=0 mip_bias_game_writes_total=0 mip_bias_failures=0 mip_bias_biased_now=0000
camera_state device=1 frame=8 status=executable_mismatch reads=0 valid=0 read_failure=0 failure=0 projection=00000000 view=00000000 p00=0 p11=0 p20=0 p21=0 r00=0 r01=0 r02=0 r10=0 r11=0 r12=0 r20=0 r21=0 r22=0 t=0,0,0 background_valid=0 background_p00=0 background_p11=0 background_rotation_deg=0.0000 history_view_valid=0 history_view_frame=8 rotation_deg=0.0000 policy=1 reason=2 camera_cut=0 mode=0 cut_deg=20.00
hdr_frame device=1 frame=8 hdr=1 redirected=1 end=bloom_copy writebacks=2 flushes=1 writeback_source=shader unwind=0 unwind_reason=none unwind_draw=00000001 unwind_restore=00000001 unwind_stretch=00000001 unwind_bind=00000001 blocked=0 recheck=none suspended=0 resumed=0 dirty_at_present=0 refused_msaa=0 target_create=00000000 latch_bind=00000000 target=64x64 target_bytes=32768 caps=ok stretch_conversion=00000000 timing=cpu_qpc redirect_us=3.9 writeback_us=127.3 writeback_draw_us=126.0 writeback_stretch_us=0.0 bind_us=0.0 recheck_us=0.0 tonemap=identity tonemapped=0 look=none decode=gamma2.2 clamp=0 exposure=auto ev=0.00000 ev_adapted=0.00000 ev_target=0.00000 avg_log_l=0.00000 luma_mean=1 dt_ms=0.000 stepped=0 steps=0 meter=00000001 readback=00000001 tonemap_draw=00000001 fallback=0 meter_us=0.0 readback_us=0.0 k=0.00000 chain_bytes=0 sharpen=off sharpened=0 sharpen_fallback=0
frame_end device=1 frame=8 draws=3 capture=1 present=00000000 elapsed_ms=1035 dt_ms=10 qpc=9701452331364
telemetry_presentation phase=reset_before device=1 thread=1984 focus_window=00350060 device_window=00350060 width=64 height=64 format=21 count=1 msaa=0 quality=0 swap_effect=1 windowed=1 auto_depth=1 depth_format=77 flags=00000000 refresh=0 interval=2147483648
reset_begin ptr=00116658 device=1
telemetry_presentation phase=reset_after device=1 thread=1984 focus_window=00350060 device_window=00350060 width=64 height=64 format=21 count=1 msaa=0 quality=0 swap_effect=1 windowed=1 auto_depth=1 depth_format=77 flags=00000000 refresh=0 interval=2147483648
resource identity=13 ptr=0215aa18 type=1
resource identity=14 ptr=0215aa58 type=1
motion_output_reset device=1 result=00000000 generation=2 taa_references=1
telemetry_summary device=1 frame=9 reason=reset qpc=9701452386623 since_start_us=1034077.600 interval_us=169475.400 position_suppressed=0 cursor_changes_suppressed=0
telemetry_metric device=1 name=present_normal count=1 failures=0 total_us=785.800 min_us=785.800 max_us=785.800 bytes=0 buckets=0,0,1,0,0,0
telemetry_metric device=1 name=present_capture count=8 failures=0 total_us=830.200 min_us=87.000 max_us=187.800 bytes=0 buckets=0,7,1,0,0,0
telemetry_metric device=1 name=frame_capture count=8 failures=0 total_us=104639.700 min_us=10056.300 max_us=18154.100 bytes=0 buckets=0,0,0,0,8,0
telemetry_metric device=1 name=draw_backend count=30 failures=0 total_us=439.000 min_us=2.000 max_us=156.300 bytes=0 buckets=23,5,2,0,0,0
telemetry_metric device=1 name=capture_cpu count=67 failures=0 total_us=46359.600 min_us=16.900 max_us=3655.600 bytes=0 buckets=0,31,25,11,0,0
telemetry_metric device=1 name=snapshot count=27 failures=0 total_us=21732.100 min_us=703.900 max_us=1043.400 bytes=0 buckets=0,0,26,1,0,0
telemetry_metric device=1 name=shader_vs_backend count=1 failures=0 total_us=158.400 min_us=158.400 max_us=158.400 bytes=0 buckets=0,0,1,0,0,0
telemetry_metric device=1 name=shader_ps_backend count=6 failures=0 total_us=60.800 min_us=3.200 max_us=35.500 bytes=0 buckets=5,1,0,0,0,0
telemetry_metric device=1 name=texture count=5 failures=0 total_us=42.100 min_us=2.200 max_us=26.000 bytes=0 buckets=4,1,0,0,0,0
telemetry_metric device=1 name=cube_texture count=1 failures=0 total_us=80.500 min_us=80.500 max_us=80.500 bytes=0 buckets=0,1,0,0,0,0
telemetry_metric device=1 name=vertex_buffer count=2 failures=0 total_us=64.800 min_us=1.500 max_us=63.300 bytes=144 buckets=1,1,0,0,0,0
telemetry_metric device=1 name=reset count=1 failures=0 total_us=5164.700 min_us=5164.700 max_us=5164.700 bytes=0 buckets=0,0,0,1,0,0
telemetry_metric device=1 name=log_flush count=9 failures=0 total_us=24.300 min_us=0.100 max_us=21.700 bytes=0 buckets=8,1,0,0,0,0
telemetry_metric device=1 name=stretch_backend count=9 failures=0 total_us=25.000 min_us=2.000 max_us=4.000 bytes=0 buckets=9,0,0,0,0,0
telemetry_metric device=1 name=route_gate count=30 failures=0 total_us=430.100 min_us=1.200 max_us=280.400 bytes=0 buckets=28,1,1,0,0,0
telemetry_metric device=1 name=route_draw count=18 failures=0 total_us=227.600 min_us=4.700 max_us=106.400 bytes=0 buckets=17,0,1,0,0,0
telemetry_metric device=1 name=route_set_rt count=72 failures=0 total_us=62.200 min_us=0.100 max_us=5.000 bytes=0 buckets=72,0,0,0,0,0
telemetry_metric device=1 name=route_jitter count=42 failures=0 total_us=10.900 min_us=0.100 max_us=0.600 bytes=0 buckets=42,0,0,0,0,0
telemetry_metric device=1 name=route_fill count=9 failures=0 total_us=659.500 min_us=41.400 max_us=152.400 bytes=0 buckets=0,7,2,0,0,0
telemetry_metric device=1 name=route_readback count=48 failures=0 total_us=44654.800 min_us=339.300 max_us=6211.100 bytes=1441792 buckets=0,0,36,12,0,0
telemetry_metric device=1 name=taa_run count=9 failures=0 total_us=3087.900 min_us=159.500 max_us=1521.800 bytes=0 buckets=0,0,8,1,0,0
telemetry_metric device=1 name=taa_state_capture count=9 failures=0 total_us=105.300 min_us=5.400 max_us=54.700 bytes=0 buckets=8,1,0,0,0,0
telemetry_metric device=1 name=taa_copy_color count=9 failures=0 total_us=1.900 min_us=0.100 max_us=0.300 bytes=0 buckets=9,0,0,0,0,0
telemetry_metric device=1 name=taa_copy_depth count=9 failures=0 total_us=29.000 min_us=2.100 max_us=4.200 bytes=0 buckets=9,0,0,0,0,0
telemetry_metric device=1 name=taa_resolve_draw count=9 failures=0 total_us=1752.900 min_us=133.400 max_us=474.300 bytes=0 buckets=0,0,9,0,0,0
telemetry_metric device=1 name=taa_state_apply count=9 failures=0 total_us=443.100 min_us=10.100 max_us=347.100 bytes=0 buckets=0,8,1,0,0,0
telemetry_metric device=1 name=hdr_redirect count=9 failures=0 total_us=36.000 min_us=2.500 max_us=6.800 bytes=0 buckets=9,0,0,0,0,0
telemetry_metric device=1 name=hdr_writeback count=18 failures=0 total_us=26506.400 min_us=43.200 max_us=24737.600 bytes=0 buckets=0,15,2,0,1,0
telemetry_metric device=1 name=hdr_writeback_draw count=18 failures=0 total_us=26417.000 min_us=42.400 max_us=24735.800 bytes=0 buckets=0,15,2,0,1,0
reset_end device=1 result=00000000
hdr_target device=1 frame=9 width=64 height=64 format=A16B16G16R16F bytes=32768 create=00000000 chain_levels=0 chain_bytes=0 meter=0 meter_reason=off
resource identity=15 ptr=0215ab58 type=1
resource identity=16 ptr=0215ab18 type=3
motion_output_target device=1 width=64 height=64 create=00000000 level=00000000 depth=1 depth_create=00000000 depth_level=00000000
resource identity=17 ptr=0215aad8 type=1
resource identity=18 ptr=0215aa98 type=3
telemetry_first_present device=1 frame=9 qpc=9701452808626 since_start_us=1076277.900 capture=0 reset_count=1
motion_output_variant device=1 kind=vs original=53a0a641107ed76c transform=0 create=00000000 words=556 depth=1
motion_output_variant device=1 kind=ps original=8759c7838bbc86c2 transform=0 create=00000000 words=1402 depth=1
motion_output_release device=1 held=16 count=18 released=1
telemetry_summary device=1 frame=12 reason=device_destroy qpc=9701452985114 since_start_us=1093926.700 interval_us=59849.100 position_suppressed=0 cursor_changes_suppressed=0
telemetry_metric device=1 name=present_normal count=3 failures=0 total_us=29.900 min_us=5.500 max_us=14.100 bytes=0 buckets=1,2,0,0,0,0
telemetry_metric device=1 name=frame_normal count=2 failures=0 total_us=15693.900 min_us=3507.600 max_us=12186.300 bytes=0 buckets=0,0,0,1,1,0
telemetry_metric device=1 name=draw_backend count=9 failures=0 total_us=34.700 min_us=1.900 max_us=7.400 bytes=0 buckets=9,0,0,0,0,0
telemetry_metric device=1 name=shader_vs_backend count=1 failures=0 total_us=16.200 min_us=16.200 max_us=16.200 bytes=0 buckets=0,1,0,0,0,0
telemetry_metric device=1 name=shader_ps_backend count=1 failures=0 total_us=9.900 min_us=9.900 max_us=9.900 bytes=0 buckets=1,0,0,0,0,0
telemetry_metric device=1 name=texture count=1 failures=0 total_us=4.800 min_us=4.800 max_us=4.800 bytes=0 buckets=1,0,0,0,0,0
telemetry_metric device=1 name=log_flush count=4 failures=0 total_us=1.400 min_us=0.200 max_us=0.600 bytes=0 buckets=4,0,0,0,0,0
telemetry_metric device=1 name=stretch_backend count=3 failures=0 total_us=2.800 min_us=0.700 max_us=1.400 bytes=0 buckets=3,0,0,0,0,0
telemetry_metric device=1 name=route_gate count=9 failures=0 total_us=17.900 min_us=1.300 max_us=2.700 bytes=0 buckets=9,0,0,0,0,0
telemetry_metric device=1 name=route_draw count=6 failures=0 total_us=24.100 min_us=3.200 max_us=5.100 bytes=0 buckets=6,0,0,0,0,0
telemetry_metric device=1 name=route_set_rt count=24 failures=0 total_us=6.600 min_us=0.100 max_us=0.500 bytes=0 buckets=24,0,0,0,0,0
telemetry_metric device=1 name=route_jitter count=12 failures=0 total_us=2.500 min_us=0.100 max_us=0.400 bytes=0 buckets=12,0,0,0,0,0
telemetry_metric device=1 name=route_fill count=3 failures=0 total_us=508.700 min_us=29.300 max_us=447.100 bytes=0 buckets=0,2,1,0,0,0
telemetry_metric device=1 name=taa_run count=3 failures=0 total_us=634.000 min_us=187.000 max_us=256.200 bytes=0 buckets=0,0,3,0,0,0
telemetry_metric device=1 name=taa_state_capture count=3 failures=0 total_us=41.000 min_us=3.200 max_us=31.900 bytes=0 buckets=2,1,0,0,0,0
telemetry_metric device=1 name=taa_copy_color count=3 failures=0 total_us=0.500 min_us=0.100 max_us=0.200 bytes=0 buckets=3,0,0,0,0,0
telemetry_metric device=1 name=taa_copy_depth count=3 failures=0 total_us=8.200 min_us=1.400 max_us=3.900 bytes=0 buckets=3,0,0,0,0,0
telemetry_metric device=1 name=taa_resolve_draw count=3 failures=0 total_us=515.300 min_us=138.200 max_us=212.600 bytes=0 buckets=0,0,3,0,0,0
telemetry_metric device=1 name=taa_state_apply count=3 failures=0 total_us=33.000 min_us=10.000 max_us=11.600 bytes=0 buckets=1,2,0,0,0,0
telemetry_metric device=1 name=hdr_redirect count=3 failures=0 total_us=11.600 min_us=2.100 max_us=6.200 bytes=0 buckets=3,0,0,0,0,0
telemetry_metric device=1 name=hdr_writeback count=6 failures=0 total_us=33549.300 min_us=34.400 max_us=25400.300 bytes=0 buckets=0,2,1,2,1,0
telemetry_metric device=1 name=hdr_writeback_draw count=6 failures=0 total_us=33544.500 min_us=33.600 max_us=25399.000 bytes=0 buckets=0,2,1,2,1,0
telemetry_summary device=0 frame=12 reason=device_destroy qpc=9701452986673 since_start_us=1094082.600 interval_us=93295.100 position_suppressed=0 cursor_changes_suppressed=0
telemetry_metric device=0 name=lock_wait count=413 failures=0 total_us=79.200 min_us=0.000 max_us=2.600 bytes=0 buckets=413,0,0,0,0,0
telemetry_metric device=0 name=shader_inspect count=14 failures=0 total_us=96.500 min_us=1.800 max_us=14.000 bytes=0 buckets=10,4,0,0,0,0
telemetry_metric device=0 name=shader_getfunction count=14 failures=0 total_us=10.200 min_us=0.400 max_us=1.300 bytes=0 buckets=14,0,0,0,0,0
telemetry_metric device=0 name=shader_hash count=14 failures=0 total_us=68.600 min_us=0.200 max_us=11.400 bytes=35020 buckets=13,1,0,0,0,0
telemetry_metric device=0 name=log_flush count=1 failures=0 total_us=6.400 min_us=6.400 max_us=6.400 bytes=0 buckets=1,0,0,0,0,0
device_destroy ptr=00116658 device=1
application_admission_final phase=device active_roots=0 waiting_roots=0 admitted_roots=0 promotions=0 vetoes=0 first_veto=0 enabled=0
application_admission_final phase=factory active_roots=0 waiting_roots=0 admitted_roots=0 promotions=0 vetoes=0 first_veto=0 enabled=0
